year,host,team_code,team_name,team_rating,team_legends,squad_section,shirt_number,player_name,position,rating,legend,source_url
1950,Brazil,bra,Brazil,80,4,Goalkeepers,,Barbosa,Goalkeeper,89,true,https://7a0.com.br/en/copas/1950/bra
1950,Brazil,bra,Brazil,80,4,Goalkeepers,,Castilho,Goalkeeper,78,false,https://7a0.com.br/en/copas/1950/bra
1950,Brazil,bra,Brazil,80,4,Defence,,Augusto,Right-back,80,false,https://7a0.com.br/en/copas/1950/bra
1950,Brazil,bra,Brazil,80,4,Defence,,Nena,Centre-back,74,false,https://7a0.com.br/en/copas/1950/bra
1950,Brazil,bra,Brazil,80,4,Defence,,Juvenal,Left-back,78,false,https://7a0.com.br/en/copas/1950/bra
1950,Brazil,bra,Brazil,80,4,Defence,,Nílton Santos,Left-back,84,true,https://7a0.com.br/en/copas/1950/bra
1950,Brazil,bra,Brazil,80,4,Midfield,,Bauer,Defensive midfielder,80,false,https://7a0.com.br/en/copas/1950/bra
1950,Brazil,bra,Brazil,80,4,Midfield,,Ely,Defensive midfielder,74,false,https://7a0.com.br/en/copas/1950/bra
1950,Brazil,bra,Brazil,80,4,Midfield,,Noronha,Defensive midfielder,76,false,https://7a0.com.br/en/copas/1950/bra
1950,Brazil,bra,Brazil,80,4,Midfield,,Bigode,Right midfielder,78,false,https://7a0.com.br/en/copas/1950/bra
1950,Brazil,bra,Brazil,80,4,Midfield,,Danilo,Midfielder,86,false,https://7a0.com.br/en/copas/1950/bra
1950,Brazil,bra,Brazil,80,4,Midfield,,Rui,Midfielder,74,false,https://7a0.com.br/en/copas/1950/bra
1950,Brazil,bra,Brazil,80,4,Midfield,,Jair,Attacking midfielder,85,false,https://7a0.com.br/en/copas/1950/bra
1950,Brazil,bra,Brazil,80,4,Midfield,,Zizinho,Attacking midfielder,91,true,https://7a0.com.br/en/copas/1950/bra
1950,Brazil,bra,Brazil,80,4,Attack,,Friaça,Right winger,79,false,https://7a0.com.br/en/copas/1950/bra
1950,Brazil,bra,Brazil,80,4,Attack,,Maneca,Right winger,76,false,https://7a0.com.br/en/copas/1950/bra
1950,Brazil,bra,Brazil,80,4,Attack,,Ademir,Centre-forward,93,true,https://7a0.com.br/en/copas/1950/bra
1950,Brazil,bra,Brazil,80,4,Attack,,Adãozinho,Centre-forward,74,false,https://7a0.com.br/en/copas/1950/bra
1950,Brazil,bra,Brazil,80,4,Attack,,Alfredo,Centre-forward,73,false,https://7a0.com.br/en/copas/1950/bra
1950,Brazil,bra,Brazil,80,4,Attack,,Baltazar,Centre-forward,76,false,https://7a0.com.br/en/copas/1950/bra
1950,Brazil,bra,Brazil,80,4,Attack,,Rodrigues,Centre-forward,74,false,https://7a0.com.br/en/copas/1950/bra
1950,Brazil,bra,Brazil,80,4,Attack,,Chico,Left winger,80,false,https://7a0.com.br/en/copas/1950/bra
1950,Brazil,chi,Chile,75,3,Goalkeepers,,Livingstone,Goalkeeper,82,true,https://7a0.com.br/en/copas/1950/chi
1950,Brazil,chi,Chile,75,3,Goalkeepers,,Quitral,Goalkeeper,72,false,https://7a0.com.br/en/copas/1950/chi
1950,Brazil,chi,Chile,75,3,Defence,,Machuca,Right-back,74,false,https://7a0.com.br/en/copas/1950/chi
1950,Brazil,chi,Chile,75,3,Defence,,Farías,Centre-back,74,false,https://7a0.com.br/en/copas/1950/chi
1950,Brazil,chi,Chile,75,3,Defence,,Flores,Centre-back,73,false,https://7a0.com.br/en/copas/1950/chi
1950,Brazil,chi,Chile,75,3,Defence,,M. Álvarez,Centre-back,74,false,https://7a0.com.br/en/copas/1950/chi
1950,Brazil,chi,Chile,75,3,Defence,,Roldán,Left-back,73,false,https://7a0.com.br/en/copas/1950/chi
1950,Brazil,chi,Chile,75,3,Midfield,,Campos,Defensive midfielder,75,false,https://7a0.com.br/en/copas/1950/chi
1950,Brazil,chi,Chile,75,3,Midfield,,Urroz,Defensive midfielder,73,false,https://7a0.com.br/en/copas/1950/chi
1950,Brazil,chi,Chile,75,3,Midfield,,Busquets,Right midfielder,77,false,https://7a0.com.br/en/copas/1950/chi
1950,Brazil,chi,Chile,75,3,Midfield,,C. Rojas,Right midfielder,73,false,https://7a0.com.br/en/copas/1950/chi
1950,Brazil,chi,Chile,75,3,Midfield,,Carvallo,Midfielder,74,false,https://7a0.com.br/en/copas/1950/chi
1950,Brazil,chi,Chile,75,3,Midfield,,Sáez,Attacking midfielder,73,false,https://7a0.com.br/en/copas/1950/chi
1950,Brazil,chi,Chile,75,3,Attack,,Ibáñez,Right winger,74,false,https://7a0.com.br/en/copas/1950/chi
1950,Brazil,chi,Chile,75,3,Attack,,Prieto,Right winger,72,false,https://7a0.com.br/en/copas/1950/chi
1950,Brazil,chi,Chile,75,3,Attack,,Cremaschi,Centre-forward,80,false,https://7a0.com.br/en/copas/1950/chi
1950,Brazil,chi,Chile,75,3,Attack,,Infante,Centre-forward,75,false,https://7a0.com.br/en/copas/1950/chi
1950,Brazil,chi,Chile,75,3,Attack,,M. Muñoz,Centre-forward,77,false,https://7a0.com.br/en/copas/1950/chi
1950,Brazil,chi,Chile,75,3,Attack,,Riera,Centre-forward,79,true,https://7a0.com.br/en/copas/1950/chi
1950,Brazil,chi,Chile,75,3,Attack,,Robledo,Centre-forward,84,true,https://7a0.com.br/en/copas/1950/chi
1950,Brazil,chi,Chile,75,3,Attack,,G. Díaz,Left winger,71,false,https://7a0.com.br/en/copas/1950/chi
1950,Brazil,chi,Chile,75,3,Attack,,Mayanés,Left winger,74,false,https://7a0.com.br/en/copas/1950/chi
1950,Brazil,eng,England,81,4,Goalkeepers,,B. Williams,Goalkeeper,83,false,https://7a0.com.br/en/copas/1950/eng
1950,Brazil,eng,England,81,4,Goalkeepers,,Ditchburn,Goalkeeper,78,false,https://7a0.com.br/en/copas/1950/eng
1950,Brazil,eng,England,81,4,Defence,,Ramsey,Right-back,82,true,https://7a0.com.br/en/copas/1950/eng
1950,Brazil,eng,England,81,4,Defence,,Scott,Right-back,77,false,https://7a0.com.br/en/copas/1950/eng
1950,Brazil,eng,England,81,4,Defence,,Hughes,Centre-back,76,false,https://7a0.com.br/en/copas/1950/eng
1950,Brazil,eng,England,81,4,Defence,,Taylor,Centre-back,75,false,https://7a0.com.br/en/copas/1950/eng
1950,Brazil,eng,England,81,4,Defence,,Aston,Left-back,78,false,https://7a0.com.br/en/copas/1950/eng
1950,Brazil,eng,England,81,4,Defence,,Eckersley,Left-back,74,false,https://7a0.com.br/en/copas/1950/eng
1950,Brazil,eng,England,81,4,Midfield,,Cockburn,Defensive midfielder,79,false,https://7a0.com.br/en/copas/1950/eng
1950,Brazil,eng,England,81,4,Midfield,,Dickinson,Defensive midfielder,80,false,https://7a0.com.br/en/copas/1950/eng
1950,Brazil,eng,England,81,4,Midfield,,Nicholson,Defensive midfielder,76,false,https://7a0.com.br/en/copas/1950/eng
1950,Brazil,eng,England,81,4,Midfield,,Watson,Defensive midfielder,76,false,https://7a0.com.br/en/copas/1950/eng
1950,Brazil,eng,England,81,4,Midfield,,Wright,Defensive midfielder,88,true,https://7a0.com.br/en/copas/1950/eng
1950,Brazil,eng,England,81,4,Midfield,,Baily,Midfielder,76,false,https://7a0.com.br/en/copas/1950/eng
1950,Brazil,eng,England,81,4,Midfield,,Mannion,Midfielder,85,false,https://7a0.com.br/en/copas/1950/eng
1950,Brazil,eng,England,81,4,Attack,,Finney,Right winger,92,true,https://7a0.com.br/en/copas/1950/eng
1950,Brazil,eng,England,81,4,Attack,,Matthews,Right winger,94,true,https://7a0.com.br/en/copas/1950/eng
1950,Brazil,eng,England,81,4,Attack,,Bentley,Centre-forward,80,false,https://7a0.com.br/en/copas/1950/eng
1950,Brazil,eng,England,81,4,Attack,,Milburn,Centre-forward,84,false,https://7a0.com.br/en/copas/1950/eng
1950,Brazil,eng,England,81,4,Attack,,Mortensen,Centre-forward,85,false,https://7a0.com.br/en/copas/1950/eng
1950,Brazil,eng,England,81,4,Attack,,Mullen,Left winger,78,false,https://7a0.com.br/en/copas/1950/eng
1950,Brazil,ita,Italy,78,3,Goalkeepers,,Caprile,Goalkeeper,72,false,https://7a0.com.br/en/copas/1950/ita
1950,Brazil,ita,Italy,78,3,Goalkeepers,,Casari,Goalkeeper,74,false,https://7a0.com.br/en/copas/1950/ita
1950,Brazil,ita,Italy,78,3,Goalkeepers,,Moro,Goalkeeper,78,false,https://7a0.com.br/en/copas/1950/ita
1950,Brazil,ita,Italy,78,3,Goalkeepers,,Sentimenti IV,Goalkeeper,79,false,https://7a0.com.br/en/copas/1950/ita
1950,Brazil,ita,Italy,78,3,Defence,,Giovannini,Right-back,76,false,https://7a0.com.br/en/copas/1950/ita
1950,Brazil,ita,Italy,78,3,Defence,,Blason,Centre-back,77,false,https://7a0.com.br/en/copas/1950/ita
1950,Brazil,ita,Italy,78,3,Defence,,Parola,Centre-back,86,true,https://7a0.com.br/en/copas/1950/ita
1950,Brazil,ita,Italy,78,3,Defence,,Fattori,Left-back,74,false,https://7a0.com.br/en/copas/1950/ita
1950,Brazil,ita,Italy,78,3,Defence,,Furiassi,Left-back,73,false,https://7a0.com.br/en/copas/1950/ita
1950,Brazil,ita,Italy,78,3,Midfield,,Magli,Defensive midfielder,75,false,https://7a0.com.br/en/copas/1950/ita
1950,Brazil,ita,Italy,78,3,Midfield,,Remondini,Defensive midfielder,73,false,https://7a0.com.br/en/copas/1950/ita
1950,Brazil,ita,Italy,78,3,Midfield,,Tognon,Defensive midfielder,74,false,https://7a0.com.br/en/copas/1950/ita
1950,Brazil,ita,Italy,78,3,Midfield,,Annovazzi,Right midfielder,80,false,https://7a0.com.br/en/copas/1950/ita
1950,Brazil,ita,Italy,78,3,Midfield,,Campatelli,Right midfielder,77,false,https://7a0.com.br/en/copas/1950/ita
1950,Brazil,ita,Italy,78,3,Midfield,,Mari,Right midfielder,76,false,https://7a0.com.br/en/copas/1950/ita
1950,Brazil,ita,Italy,78,3,Midfield,,Pandolfini,Midfielder,80,false,https://7a0.com.br/en/copas/1950/ita
1950,Brazil,ita,Italy,78,3,Attack,,Cappello,Right winger,80,false,https://7a0.com.br/en/copas/1950/ita
1950,Brazil,ita,Italy,78,3,Attack,,Muccinelli,Right winger,76,false,https://7a0.com.br/en/copas/1950/ita
1950,Brazil,ita,Italy,78,3,Attack,,Amadei,Centre-forward,84,true,https://7a0.com.br/en/copas/1950/ita
1950,Brazil,ita,Italy,78,3,Attack,,Boniperti,Centre-forward,85,true,https://7a0.com.br/en/copas/1950/ita
1950,Brazil,ita,Italy,78,3,Attack,,Lorenzi,Centre-forward,81,false,https://7a0.com.br/en/copas/1950/ita
1950,Brazil,ita,Italy,78,3,Attack,,Carapellese,Left winger,82,false,https://7a0.com.br/en/copas/1950/ita
1950,Brazil,mex,Mexico,75,2,Goalkeepers,,Carbajal,Goalkeeper,82,true,https://7a0.com.br/en/copas/1950/mex
1950,Brazil,mex,Mexico,75,2,Goalkeepers,,Córdoba,Goalkeeper,77,false,https://7a0.com.br/en/copas/1950/mex
1950,Brazil,mex,Mexico,75,2,Defence,,G. Gómez,Right-back,75,false,https://7a0.com.br/en/copas/1950/mex
1950,Brazil,mex,Mexico,75,2,Defence,,Gutiérrez,Centre-back,76,false,https://7a0.com.br/en/copas/1950/mex
1950,Brazil,mex,Mexico,75,2,Defence,,Montemayor,Centre-back,75,false,https://7a0.com.br/en/copas/1950/mex
1950,Brazil,mex,Mexico,75,2,Defence,,Roca,Centre-back,74,false,https://7a0.com.br/en/copas/1950/mex
1950,Brazil,mex,Mexico,75,2,Defence,,Zetter,Centre-back,78,false,https://7a0.com.br/en/copas/1950/mex
1950,Brazil,mex,Mexico,75,2,Defence,,Ruiz,Left-back,73,false,https://7a0.com.br/en/copas/1950/mex
1950,Brazil,mex,Mexico,75,2,Midfield,,Ortiz,Defensive midfielder,74,false,https://7a0.com.br/en/copas/1950/mex
1950,Brazil,mex,Mexico,75,2,Midfield,,F. Hernández,Right midfielder,72,false,https://7a0.com.br/en/copas/1950/mex
1950,Brazil,mex,Mexico,75,2,Midfield,,Cuburu,Midfielder,72,false,https://7a0.com.br/en/copas/1950/mex
1950,Brazil,mex,Mexico,75,2,Midfield,,Flores,Midfielder,76,false,https://7a0.com.br/en/copas/1950/mex
1950,Brazil,mex,Mexico,75,2,Midfield,,Guevara,Midfielder,73,false,https://7a0.com.br/en/copas/1950/mex
1950,Brazil,mex,Mexico,75,2,Midfield,,M. Pérez,Midfielder,71,false,https://7a0.com.br/en/copas/1950/mex
1950,Brazil,mex,Mexico,75,2,Midfield,,Ochoa,Midfielder,75,false,https://7a0.com.br/en/copas/1950/mex
1950,Brazil,mex,Mexico,75,2,Attack,,Naranjo,Right winger,76,false,https://7a0.com.br/en/copas/1950/mex
1950,Brazil,mex,Mexico,75,2,Attack,,Navarro,Right winger,72,false,https://7a0.com.br/en/copas/1950/mex
1950,Brazil,mex,Mexico,75,2,Attack,,Borbolla,Centre-forward,73,false,https://7a0.com.br/en/copas/1950/mex
1950,Brazil,mex,Mexico,75,2,Attack,,Casarín,Centre-forward,82,true,https://7a0.com.br/en/copas/1950/mex
1950,Brazil,mex,Mexico,75,2,Attack,,Velázquez,Centre-forward,75,false,https://7a0.com.br/en/copas/1950/mex
1950,Brazil,mex,Mexico,75,2,Attack,,Prieto,Left winger,71,false,https://7a0.com.br/en/copas/1950/mex
1950,Brazil,mex,Mexico,75,2,Attack,,Septién,Left winger,74,false,https://7a0.com.br/en/copas/1950/mex
1950,Brazil,par,Paraguay,74,0,Goalkeepers,,Centurión,Goalkeeper,75,false,https://7a0.com.br/en/copas/1950/par
1950,Brazil,par,Paraguay,74,0,Goalkeepers,,Vargas,Goalkeeper,72,false,https://7a0.com.br/en/copas/1950/par
1950,Brazil,par,Paraguay,74,0,Defence,,A. González,Centre-back,73,false,https://7a0.com.br/en/copas/1950/par
1950,Brazil,par,Paraguay,74,0,Defence,,Cabrera,Centre-back,76,false,https://7a0.com.br/en/copas/1950/par
1950,Brazil,par,Paraguay,74,0,Defence,,Céspedes,Centre-back,74,false,https://7a0.com.br/en/copas/1950/par
1950,Brazil,par,Paraguay,74,0,Defence,,Gavilán,Centre-back,76,false,https://7a0.com.br/en/copas/1950/par
1950,Brazil,par,Paraguay,74,0,Defence,,Paredes,Left-back,72,false,https://7a0.com.br/en/copas/1950/par
1950,Brazil,par,Paraguay,74,0,Midfield,,Báez,Defensive midfielder,74,false,https://7a0.com.br/en/copas/1950/par
1950,Brazil,par,Paraguay,74,0,Midfield,,Cantero,Right midfielder,78,false,https://7a0.com.br/en/copas/1950/par
1950,Brazil,par,Paraguay,74,0,Midfield,,Leguizamón,Right midfielder,76,false,https://7a0.com.br/en/copas/1950/par
1950,Brazil,par,Paraguay,74,0,Midfield,,Ar. González,Midfielder,72,false,https://7a0.com.br/en/copas/1950/par
1950,Brazil,par,Paraguay,74,0,Midfield,,López Fretes,Attacking midfielder,78,false,https://7a0.com.br/en/copas/1950/par
1950,Brazil,par,Paraguay,74,0,Attack,,Calonga,Right winger,72,false,https://7a0.com.br/en/copas/1950/par
1950,Brazil,par,Paraguay,74,0,Attack,,E. Avalos,Right winger,73,false,https://7a0.com.br/en/copas/1950/par
1950,Brazil,par,Paraguay,74,0,Attack,,A. López,Centre-forward,80,false,https://7a0.com.br/en/copas/1950/par
1950,Brazil,par,Paraguay,74,0,Attack,,Berni,Centre-forward,70,false,https://7a0.com.br/en/copas/1950/par
1950,Brazil,par,Paraguay,74,0,Attack,,Cañete,Centre-forward,75,false,https://7a0.com.br/en/copas/1950/par
1950,Brazil,par,Paraguay,74,0,Attack,,Jara Saguier,Centre-forward,73,false,https://7a0.com.br/en/copas/1950/par
1950,Brazil,par,Paraguay,74,0,Attack,,Sosa,Centre-forward,74,false,https://7a0.com.br/en/copas/1950/par
1950,Brazil,par,Paraguay,74,0,Attack,,Unzaim,Centre-forward,71,false,https://7a0.com.br/en/copas/1950/par
1950,Brazil,par,Paraguay,74,0,Attack,,M. Avalos,Left winger,73,false,https://7a0.com.br/en/copas/1950/par
1950,Brazil,par,Paraguay,74,0,Attack,,Osorio,Left winger,70,false,https://7a0.com.br/en/copas/1950/par
1950,Brazil,esp,Spain,79,5,Goalkeepers,,Acuña,Goalkeeper,75,false,https://7a0.com.br/en/copas/1950/esp
1950,Brazil,esp,Spain,79,5,Goalkeepers,,Eizaguirre,Goalkeeper,82,false,https://7a0.com.br/en/copas/1950/esp
1950,Brazil,esp,Spain,79,5,Goalkeepers,,Ramallets,Goalkeeper,84,true,https://7a0.com.br/en/copas/1950/esp
1950,Brazil,esp,Spain,79,5,Defence,,Antúnez,Right-back,78,false,https://7a0.com.br/en/copas/1950/esp
1950,Brazil,esp,Spain,79,5,Defence,,Alonso,Centre-back,78,false,https://7a0.com.br/en/copas/1950/esp
1950,Brazil,esp,Spain,79,5,Defence,,Parra,Centre-back,74,false,https://7a0.com.br/en/copas/1950/esp
1950,Brazil,esp,Spain,79,5,Defence,,Lesmes,Left-back,74,false,https://7a0.com.br/en/copas/1950/esp
1950,Brazil,esp,Spain,79,5,Midfield,,Asensi,Defensive midfielder,77,false,https://7a0.com.br/en/copas/1950/esp
1950,Brazil,esp,Spain,79,5,Midfield,,J. Gonzalvo,Defensive midfielder,78,false,https://7a0.com.br/en/copas/1950/esp
1950,Brazil,esp,Spain,79,5,Midfield,,M. Gonzalvo,Defensive midfielder,82,false,https://7a0.com.br/en/copas/1950/esp
1950,Brazil,esp,Spain,79,5,Midfield,,Nando,Defensive midfielder,76,false,https://7a0.com.br/en/copas/1950/esp
1950,Brazil,esp,Spain,79,5,Midfield,,Puchades,Defensive midfielder,85,true,https://7a0.com.br/en/copas/1950/esp
1950,Brazil,esp,Spain,79,5,Midfield,,Molowny,Midfielder,79,false,https://7a0.com.br/en/copas/1950/esp
1950,Brazil,esp,Spain,79,5,Midfield,,Panizo,Midfielder,81,false,https://7a0.com.br/en/copas/1950/esp
1950,Brazil,esp,Spain,79,5,Midfield,,Silva,Midfielder,78,false,https://7a0.com.br/en/copas/1950/esp
1950,Brazil,esp,Spain,79,5,Attack,,Basora,Right winger,84,true,https://7a0.com.br/en/copas/1950/esp
1950,Brazil,esp,Spain,79,5,Attack,,Juncosa,Right winger,76,false,https://7a0.com.br/en/copas/1950/esp
1950,Brazil,esp,Spain,79,5,Attack,,César,Centre-forward,83,false,https://7a0.com.br/en/copas/1950/esp
1950,Brazil,esp,Spain,79,5,Attack,,Hernández,Centre-forward,73,false,https://7a0.com.br/en/copas/1950/esp
1950,Brazil,esp,Spain,79,5,Attack,,Igoa,Centre-forward,78,false,https://7a0.com.br/en/copas/1950/esp
1950,Brazil,esp,Spain,79,5,Attack,,Zarra,Centre-forward,88,true,https://7a0.com.br/en/copas/1950/esp
1950,Brazil,esp,Spain,79,5,Attack,,Gaínza,Left winger,84,true,https://7a0.com.br/en/copas/1950/esp
1950,Brazil,swe,Sweden,77,4,Goalkeepers,,K. Svensson,Goalkeeper,82,true,https://7a0.com.br/en/copas/1950/swe
1950,Brazil,swe,Sweden,77,4,Goalkeepers,,Lindberg,Goalkeeper,75,false,https://7a0.com.br/en/copas/1950/swe
1950,Brazil,swe,Sweden,77,4,Goalkeepers,,T. Svensson,Goalkeeper,70,false,https://7a0.com.br/en/copas/1950/swe
1950,Brazil,swe,Sweden,77,4,Defence,,G. Johansson,Centre-back,72,false,https://7a0.com.br/en/copas/1950/swe
1950,Brazil,swe,Sweden,77,4,Defence,,Månsson,Centre-back,73,false,https://7a0.com.br/en/copas/1950/swe
1950,Brazil,swe,Sweden,77,4,Defence,,Samuelsson,Centre-back,73,false,https://7a0.com.br/en/copas/1950/swe
1950,Brazil,swe,Sweden,77,4,Defence,,E. Nilsson,Left-back,83,true,https://7a0.com.br/en/copas/1950/swe
1950,Brazil,swe,Sweden,77,4,Midfield,,Gärd,Defensive midfielder,73,false,https://7a0.com.br/en/copas/1950/swe
1950,Brazil,swe,Sweden,77,4,Midfield,,K. Nordahl,Defensive midfielder,84,false,https://7a0.com.br/en/copas/1950/swe
1950,Brazil,swe,Sweden,77,4,Midfield,,Åhlund,Defensive midfielder,80,false,https://7a0.com.br/en/copas/1950/swe
1950,Brazil,swe,Sweden,77,4,Midfield,,S. Andersson,Right midfielder,84,false,https://7a0.com.br/en/copas/1950/swe
1950,Brazil,swe,Sweden,77,4,Attack,,E. Jönsson,Right winger,76,false,https://7a0.com.br/en/copas/1950/swe
1950,Brazil,swe,Sweden,77,4,Attack,,S. Nilsson,Right winger,79,false,https://7a0.com.br/en/copas/1950/swe
1950,Brazil,swe,Sweden,77,4,Attack,,Tapper,Right winger,74,false,https://7a0.com.br/en/copas/1950/swe
1950,Brazil,swe,Sweden,77,4,Attack,,Jeppson,Centre-forward,85,true,https://7a0.com.br/en/copas/1950/swe
1950,Brazil,swe,Sweden,77,4,Attack,,Ku. Svensson,Centre-forward,70,false,https://7a0.com.br/en/copas/1950/swe
1950,Brazil,swe,Sweden,77,4,Attack,,Mellberg,Centre-forward,72,false,https://7a0.com.br/en/copas/1950/swe
1950,Brazil,swe,Sweden,77,4,Attack,,Palmér,Centre-forward,84,false,https://7a0.com.br/en/copas/1950/swe
1950,Brazil,swe,Sweden,77,4,Attack,,Rydell,Centre-forward,74,false,https://7a0.com.br/en/copas/1950/swe
1950,Brazil,swe,Sweden,77,4,Attack,,Skoglund,Left winger,84,true,https://7a0.com.br/en/copas/1950/swe
1950,Brazil,swe,Sweden,77,4,Attack,,Sundqvist,Left winger,77,false,https://7a0.com.br/en/copas/1950/swe
1950,Brazil,sui,Switzerland,75,1,Goalkeepers,,Corrodi,Goalkeeper,73,false,https://7a0.com.br/en/copas/1950/sui
1950,Brazil,sui,Switzerland,75,1,Goalkeepers,,Hug,Goalkeeper,70,false,https://7a0.com.br/en/copas/1950/sui
1950,Brazil,sui,Switzerland,75,1,Goalkeepers,,Stuber,Goalkeeper,75,false,https://7a0.com.br/en/copas/1950/sui
1950,Brazil,sui,Switzerland,75,1,Defence,,Gyger,Right-back,77,false,https://7a0.com.br/en/copas/1950/sui
1950,Brazil,sui,Switzerland,75,1,Defence,,Bocquet,Centre-back,79,false,https://7a0.com.br/en/copas/1950/sui
1950,Brazil,sui,Switzerland,75,1,Defence,,Neury,Centre-back,75,false,https://7a0.com.br/en/copas/1950/sui
1950,Brazil,sui,Switzerland,75,1,Defence,,Rey,Centre-back,70,false,https://7a0.com.br/en/copas/1950/sui
1950,Brazil,sui,Switzerland,75,1,Defence,,Kernen,Left-back,73,false,https://7a0.com.br/en/copas/1950/sui
1950,Brazil,sui,Switzerland,75,1,Defence,,Steffen,Left-back,80,false,https://7a0.com.br/en/copas/1950/sui
1950,Brazil,sui,Switzerland,75,1,Midfield,,Eggimann,Defensive midfielder,78,false,https://7a0.com.br/en/copas/1950/sui
1950,Brazil,sui,Switzerland,75,1,Midfield,,Hasler,Midfielder,71,false,https://7a0.com.br/en/copas/1950/sui
1950,Brazil,sui,Switzerland,75,1,Midfield,,Quinche,Midfielder,74,false,https://7a0.com.br/en/copas/1950/sui
1950,Brazil,sui,Switzerland,75,1,Midfield,,Bickel,Attacking midfielder,84,true,https://7a0.com.br/en/copas/1950/sui
1950,Brazil,sui,Switzerland,75,1,Attack,,Antenen,Right winger,81,false,https://7a0.com.br/en/copas/1950/sui
1950,Brazil,sui,Switzerland,75,1,Attack,,Beerli,Right winger,70,false,https://7a0.com.br/en/copas/1950/sui
1950,Brazil,sui,Switzerland,75,1,Attack,,Bader,Centre-forward,76,false,https://7a0.com.br/en/copas/1950/sui
1950,Brazil,sui,Switzerland,75,1,Attack,,Lusenti,Centre-forward,73,false,https://7a0.com.br/en/copas/1950/sui
1950,Brazil,sui,Switzerland,75,1,Attack,,Schneiter,Centre-forward,72,false,https://7a0.com.br/en/copas/1950/sui
1950,Brazil,sui,Switzerland,75,1,Attack,,Siegenthaler,Centre-forward,70,false,https://7a0.com.br/en/copas/1950/sui
1950,Brazil,sui,Switzerland,75,1,Attack,,Tamini,Centre-forward,78,false,https://7a0.com.br/en/copas/1950/sui
1950,Brazil,sui,Switzerland,75,1,Attack,,Fatton,Left winger,83,false,https://7a0.com.br/en/copas/1950/sui
1950,Brazil,sui,Switzerland,75,1,Attack,,Friedländer,Left winger,75,false,https://7a0.com.br/en/copas/1950/sui
1950,Brazil,usa,United States,74,3,Goalkeepers,,Borghi,Goalkeeper,79,true,https://7a0.com.br/en/copas/1950/usa
1950,Brazil,usa,United States,74,3,Goalkeepers,,Gardassanich,Goalkeeper,70,false,https://7a0.com.br/en/copas/1950/usa
1950,Brazil,usa,United States,74,3,Defence,,Keough,Right-back,77,false,https://7a0.com.br/en/copas/1950/usa
1950,Brazil,usa,United States,74,3,Defence,,Annis,Centre-back,70,false,https://7a0.com.br/en/copas/1950/usa
1950,Brazil,usa,United States,74,3,Defence,,Maca,Left-back,75,false,https://7a0.com.br/en/copas/1950/usa
1950,Brazil,usa,United States,74,3,Midfield,,Bahr,Defensive midfielder,80,true,https://7a0.com.br/en/copas/1950/usa
1950,Brazil,usa,United States,74,3,Midfield,,Colombo,Defensive midfielder,76,false,https://7a0.com.br/en/copas/1950/usa
1950,Brazil,usa,United States,74,3,Midfield,,Coombes,Defensive midfielder,70,false,https://7a0.com.br/en/copas/1950/usa
1950,Brazil,usa,United States,74,3,Midfield,,McIlvenny,Defensive midfielder,75,false,https://7a0.com.br/en/copas/1950/usa
1950,Brazil,usa,United States,74,3,Midfield,,J. Souza,Midfielder,77,false,https://7a0.com.br/en/copas/1950/usa
1950,Brazil,usa,United States,74,3,Midfield,,McLaughlin,Attacking midfielder,71,false,https://7a0.com.br/en/copas/1950/usa
1950,Brazil,usa,United States,74,3,Attack,,Wallace,Right winger,72,false,https://7a0.com.br/en/copas/1950/usa
1950,Brazil,usa,United States,74,3,Attack,,Craddock,Centre-forward,70,false,https://7a0.com.br/en/copas/1950/usa
1950,Brazil,usa,United States,74,3,Attack,,DiOrio,Centre-forward,70,false,https://7a0.com.br/en/copas/1950/usa
1950,Brazil,usa,United States,74,3,Attack,,Gaetjens,Centre-forward,78,true,https://7a0.com.br/en/copas/1950/usa
1950,Brazil,usa,United States,74,3,Attack,,Pariani,Centre-forward,73,false,https://7a0.com.br/en/copas/1950/usa
1950,Brazil,usa,United States,74,3,Attack,,Wolanin,Centre-forward,70,false,https://7a0.com.br/en/copas/1950/usa
1950,Brazil,usa,United States,74,3,Attack,,E. Souza,Left winger,74,false,https://7a0.com.br/en/copas/1950/usa
1950,Brazil,uru,Uruguay,78,5,Goalkeepers,1,Máspoli,Goalkeeper,84,true,https://7a0.com.br/en/copas/1950/uru
1950,Brazil,uru,Uruguay,78,5,Goalkeepers,,Paz,Goalkeeper,75,false,https://7a0.com.br/en/copas/1950/uru
1950,Brazil,uru,Uruguay,78,5,Defence,2,M. González,Centre-back,80,false,https://7a0.com.br/en/copas/1950/uru
1950,Brazil,uru,Uruguay,78,5,Defence,4,Gambetta,Centre-back,78,false,https://7a0.com.br/en/copas/1950/uru
1950,Brazil,uru,Uruguay,78,5,Defence,,Vilches,Centre-back,73,false,https://7a0.com.br/en/copas/1950/uru
1950,Brazil,uru,Uruguay,78,5,Defence,,W. Martínez,Centre-back,74,false,https://7a0.com.br/en/copas/1950/uru
1950,Brazil,uru,Uruguay,78,5,Defence,3,Tejera,Left-back,80,false,https://7a0.com.br/en/copas/1950/uru
1950,Brazil,uru,Uruguay,78,5,Midfield,5,Varela,Defensive midfielder,88,true,https://7a0.com.br/en/copas/1950/uru
1950,Brazil,uru,Uruguay,78,5,Midfield,,J. C. González,Defensive midfielder,77,false,https://7a0.com.br/en/copas/1950/uru
1950,Brazil,uru,Uruguay,78,5,Midfield,6,Andrade,Right midfielder,84,true,https://7a0.com.br/en/copas/1950/uru
1950,Brazil,uru,Uruguay,78,5,Midfield,,Ortuño,Midfielder,71,false,https://7a0.com.br/en/copas/1950/uru
1950,Brazil,uru,Uruguay,78,5,Midfield,,Pini,Midfielder,73,false,https://7a0.com.br/en/copas/1950/uru
1950,Brazil,uru,Uruguay,78,5,Midfield,8,J. Pérez,Attacking midfielder,79,false,https://7a0.com.br/en/copas/1950/uru
1950,Brazil,uru,Uruguay,78,5,Midfield,10,Schiaffino,Attacking midfielder,90,true,https://7a0.com.br/en/copas/1950/uru
1950,Brazil,uru,Uruguay,78,5,Attack,7,Ghiggia,Right winger,86,true,https://7a0.com.br/en/copas/1950/uru
1950,Brazil,uru,Uruguay,78,5,Attack,11,Vidal,Right winger,78,false,https://7a0.com.br/en/copas/1950/uru
1950,Brazil,uru,Uruguay,78,5,Attack,9,Míguez,Centre-forward,83,false,https://7a0.com.br/en/copas/1950/uru
1950,Brazil,uru,Uruguay,78,5,Attack,,Burgueño,Centre-forward,73,false,https://7a0.com.br/en/copas/1950/uru
1950,Brazil,uru,Uruguay,78,5,Attack,,Rijo,Centre-forward,71,false,https://7a0.com.br/en/copas/1950/uru
1950,Brazil,uru,Uruguay,78,5,Attack,,Romero,Centre-forward,72,false,https://7a0.com.br/en/copas/1950/uru
1950,Brazil,uru,Uruguay,78,5,Attack,,Britos,Left winger,76,false,https://7a0.com.br/en/copas/1950/uru
1950,Brazil,uru,Uruguay,78,5,Attack,,Morán,Left winger,76,false,https://7a0.com.br/en/copas/1950/uru
1950,Brazil,yug,Yugoslavia,78,6,Goalkeepers,,Beara,Goalkeeper,88,true,https://7a0.com.br/en/copas/1950/yug
1950,Brazil,yug,Yugoslavia,78,6,Goalkeepers,,Mrkušić,Goalkeeper,76,false,https://7a0.com.br/en/copas/1950/yug
1950,Brazil,yug,Yugoslavia,78,6,Defence,,Zlatković,Right-back,71,false,https://7a0.com.br/en/copas/1950/yug
1950,Brazil,yug,Yugoslavia,78,6,Defence,,Broketa,Centre-back,74,false,https://7a0.com.br/en/copas/1950/yug
1950,Brazil,yug,Yugoslavia,78,6,Defence,,Horvat,Centre-back,80,false,https://7a0.com.br/en/copas/1950/yug
1950,Brazil,yug,Yugoslavia,78,6,Defence,,Jovanović,Centre-back,78,false,https://7a0.com.br/en/copas/1950/yug
1950,Brazil,yug,Yugoslavia,78,6,Defence,,Stanković,Centre-back,83,true,https://7a0.com.br/en/copas/1950/yug
1950,Brazil,yug,Yugoslavia,78,6,Defence,,Čolić,Centre-back,76,false,https://7a0.com.br/en/copas/1950/yug
1950,Brazil,yug,Yugoslavia,78,6,Midfield,,Katnić,Defensive midfielder,71,false,https://7a0.com.br/en/copas/1950/yug
1950,Brazil,yug,Yugoslavia,78,6,Midfield,,Radovniković,Defensive midfielder,70,false,https://7a0.com.br/en/copas/1950/yug
1950,Brazil,yug,Yugoslavia,78,6,Midfield,,Atanacković,Right midfielder,79,false,https://7a0.com.br/en/copas/1950/yug
1950,Brazil,yug,Yugoslavia,78,6,Midfield,,Z. Čajkovski,Right midfielder,86,true,https://7a0.com.br/en/copas/1950/yug
1950,Brazil,yug,Yugoslavia,78,6,Midfield,,Đajić,Right midfielder,74,false,https://7a0.com.br/en/copas/1950/yug
1950,Brazil,yug,Yugoslavia,78,6,Midfield,,Palfi,Midfielder,70,false,https://7a0.com.br/en/copas/1950/yug
1950,Brazil,yug,Yugoslavia,78,6,Midfield,,Bobek,Attacking midfielder,89,true,https://7a0.com.br/en/copas/1950/yug
1950,Brazil,yug,Yugoslavia,78,6,Midfield,,Mitić,Attacking midfielder,86,true,https://7a0.com.br/en/copas/1950/yug
1950,Brazil,yug,Yugoslavia,78,6,Midfield,,Vukas,Attacking midfielder,85,true,https://7a0.com.br/en/copas/1950/yug
1950,Brazil,yug,Yugoslavia,78,6,Attack,,Mihajlović,Right winger,75,false,https://7a0.com.br/en/copas/1950/yug
1950,Brazil,yug,Yugoslavia,78,6,Attack,,Ognjanov,Right winger,75,false,https://7a0.com.br/en/copas/1950/yug
1950,Brazil,yug,Yugoslavia,78,6,Attack,,Firm,Centre-forward,72,false,https://7a0.com.br/en/copas/1950/yug
1950,Brazil,yug,Yugoslavia,78,6,Attack,,Tomašević,Centre-forward,78,false,https://7a0.com.br/en/copas/1950/yug
1950,Brazil,yug,Yugoslavia,78,6,Attack,,Ž. Čajkovski,Left winger,80,false,https://7a0.com.br/en/copas/1950/yug
1954,Switzerland,aut,Austria,78,4,Goalkeepers,1,Schmied,Goalkeeper,77,false,https://7a0.com.br/en/copas/1954/aut
1954,Switzerland,aut,Austria,78,4,Goalkeepers,15,Pelikan,Goalkeeper,72,false,https://7a0.com.br/en/copas/1954/aut
1954,Switzerland,aut,Austria,78,4,Goalkeepers,16,Zeman,Goalkeeper,84,true,https://7a0.com.br/en/copas/1954/aut
1954,Switzerland,aut,Austria,78,4,Defence,2,Hanappi,Centre-back,89,true,https://7a0.com.br/en/copas/1954/aut
1954,Switzerland,aut,Austria,78,4,Defence,3,Happel,Centre-back,85,true,https://7a0.com.br/en/copas/1954/aut
1954,Switzerland,aut,Austria,78,4,Defence,4,Barschandt,Centre-back,76,false,https://7a0.com.br/en/copas/1954/aut
1954,Switzerland,aut,Austria,78,4,Defence,20,Halla,Centre-back,73,false,https://7a0.com.br/en/copas/1954/aut
1954,Switzerland,aut,Austria,78,4,Defence,12,Stotz,Left-back,75,false,https://7a0.com.br/en/copas/1954/aut
1954,Switzerland,aut,Austria,78,4,Midfield,5,Ocwirk,Defensive midfielder,90,true,https://7a0.com.br/en/copas/1954/aut
1954,Switzerland,aut,Austria,78,4,Midfield,14,Giesser,Defensive midfielder,71,false,https://7a0.com.br/en/copas/1954/aut
1954,Switzerland,aut,Austria,78,4,Midfield,18,Riegler,Defensive midfielder,70,false,https://7a0.com.br/en/copas/1954/aut
1954,Switzerland,aut,Austria,78,4,Midfield,6,Koller,Right midfielder,79,false,https://7a0.com.br/en/copas/1954/aut
1954,Switzerland,aut,Austria,78,4,Midfield,13,Kollmann,Right midfielder,73,false,https://7a0.com.br/en/copas/1954/aut
1954,Switzerland,aut,Austria,78,4,Midfield,17,Teinitzer,Midfielder,70,false,https://7a0.com.br/en/copas/1954/aut
1954,Switzerland,aut,Austria,78,4,Midfield,21,Stojaspal,Attacking midfielder,81,false,https://7a0.com.br/en/copas/1954/aut
1954,Switzerland,aut,Austria,78,4,Attack,7,R. Körner,Right winger,82,false,https://7a0.com.br/en/copas/1954/aut
1954,Switzerland,aut,Austria,78,4,Attack,8,Schleger,Right winger,75,false,https://7a0.com.br/en/copas/1954/aut
1954,Switzerland,aut,Austria,78,4,Attack,9,Wagner,Centre-forward,84,false,https://7a0.com.br/en/copas/1954/aut
1954,Switzerland,aut,Austria,78,4,Attack,10,Probst,Centre-forward,82,false,https://7a0.com.br/en/copas/1954/aut
1954,Switzerland,aut,Austria,78,4,Attack,19,Dienst,Centre-forward,76,false,https://7a0.com.br/en/copas/1954/aut
1954,Switzerland,aut,Austria,78,4,Attack,11,A. Körner,Left winger,82,false,https://7a0.com.br/en/copas/1954/aut
1954,Switzerland,aut,Austria,78,4,Attack,22,Haummer,Left winger,70,false,https://7a0.com.br/en/copas/1954/aut
1954,Switzerland,bra,Brazil,78,5,Goalkeepers,1,Castilho,Goalkeeper,80,false,https://7a0.com.br/en/copas/1954/bra
1954,Switzerland,bra,Brazil,78,5,Goalkeepers,21,Veludo,Goalkeeper,72,false,https://7a0.com.br/en/copas/1954/bra
1954,Switzerland,bra,Brazil,78,5,Goalkeepers,22,Cabeção,Goalkeeper,72,false,https://7a0.com.br/en/copas/1954/bra
1954,Switzerland,bra,Brazil,78,5,Defence,2,Djalma Santos,Right-back,88,true,https://7a0.com.br/en/copas/1954/bra
1954,Switzerland,bra,Brazil,78,5,Defence,5,Pinheiro,Centre-back,80,false,https://7a0.com.br/en/copas/1954/bra
1954,Switzerland,bra,Brazil,78,5,Defence,12,Paulinho,Centre-back,73,false,https://7a0.com.br/en/copas/1954/bra
1954,Switzerland,bra,Brazil,78,5,Defence,13,Alfredo,Centre-back,73,false,https://7a0.com.br/en/copas/1954/bra
1954,Switzerland,bra,Brazil,78,5,Defence,15,Mauro,Centre-back,80,true,https://7a0.com.br/en/copas/1954/bra
1954,Switzerland,bra,Brazil,78,5,Defence,3,Nílton Santos,Left-back,88,true,https://7a0.com.br/en/copas/1954/bra
1954,Switzerland,bra,Brazil,78,5,Midfield,4,Brandãozinho,Defensive midfielder,78,false,https://7a0.com.br/en/copas/1954/bra
1954,Switzerland,bra,Brazil,78,5,Midfield,6,Bauer,Defensive midfielder,80,false,https://7a0.com.br/en/copas/1954/bra
1954,Switzerland,bra,Brazil,78,5,Midfield,14,Ely,Defensive midfielder,74,false,https://7a0.com.br/en/copas/1954/bra
1954,Switzerland,bra,Brazil,78,5,Midfield,8,Didi,Midfielder,87,true,https://7a0.com.br/en/copas/1954/bra
1954,Switzerland,bra,Brazil,78,5,Midfield,16,Dequinha,Midfielder,73,false,https://7a0.com.br/en/copas/1954/bra
1954,Switzerland,bra,Brazil,78,5,Attack,7,Julinho,Right winger,86,true,https://7a0.com.br/en/copas/1954/bra
1954,Switzerland,bra,Brazil,78,5,Attack,17,Maurinho,Right winger,73,false,https://7a0.com.br/en/copas/1954/bra
1954,Switzerland,bra,Brazil,78,5,Attack,9,Baltazar,Centre-forward,79,false,https://7a0.com.br/en/copas/1954/bra
1954,Switzerland,bra,Brazil,78,5,Attack,18,Humberto,Centre-forward,73,false,https://7a0.com.br/en/copas/1954/bra
1954,Switzerland,bra,Brazil,78,5,Attack,19,Índio,Centre-forward,72,false,https://7a0.com.br/en/copas/1954/bra
1954,Switzerland,bra,Brazil,78,5,Attack,20,Rubens,Centre-forward,72,false,https://7a0.com.br/en/copas/1954/bra
1954,Switzerland,bra,Brazil,78,5,Attack,10,Pinga,Left winger,78,false,https://7a0.com.br/en/copas/1954/bra
1954,Switzerland,bra,Brazil,78,5,Attack,11,Rodrigues,Left winger,76,false,https://7a0.com.br/en/copas/1954/bra
1954,Switzerland,tch,Czechoslovakia,74,3,Goalkeepers,1,Reimann,Goalkeeper,73,false,https://7a0.com.br/en/copas/1954/tch
1954,Switzerland,tch,Czechoslovakia,74,3,Goalkeepers,21,Stacho,Goalkeeper,73,false,https://7a0.com.br/en/copas/1954/tch
1954,Switzerland,tch,Czechoslovakia,74,3,Goalkeepers,22,Schrojf,Goalkeeper,78,true,https://7a0.com.br/en/copas/1954/tch
1954,Switzerland,tch,Czechoslovakia,74,3,Defence,2,Šafránek,Right-back,74,false,https://7a0.com.br/en/copas/1954/tch
1954,Switzerland,tch,Czechoslovakia,74,3,Defence,5,Trnka,Centre-back,77,false,https://7a0.com.br/en/copas/1954/tch
1954,Switzerland,tch,Czechoslovakia,74,3,Defence,12,Krásnohorský,Centre-back,72,false,https://7a0.com.br/en/copas/1954/tch
1954,Switzerland,tch,Czechoslovakia,74,3,Defence,4,Novák,Left-back,81,true,https://7a0.com.br/en/copas/1954/tch
1954,Switzerland,tch,Czechoslovakia,74,3,Midfield,3,Pluskal,Defensive midfielder,80,true,https://7a0.com.br/en/copas/1954/tch
1954,Switzerland,tch,Czechoslovakia,74,3,Midfield,6,Benedikovič,Defensive midfielder,73,false,https://7a0.com.br/en/copas/1954/tch
1954,Switzerland,tch,Czechoslovakia,74,3,Midfield,13,Hledík,Defensive midfielder,72,false,https://7a0.com.br/en/copas/1954/tch
1954,Switzerland,tch,Czechoslovakia,74,3,Midfield,16,Procházka,Defensive midfielder,70,false,https://7a0.com.br/en/copas/1954/tch
1954,Switzerland,tch,Czechoslovakia,74,3,Midfield,8,Hemele,Attacking midfielder,74,false,https://7a0.com.br/en/copas/1954/tch
1954,Switzerland,tch,Czechoslovakia,74,3,Midfield,14,Hertl,Attacking midfielder,72,false,https://7a0.com.br/en/copas/1954/tch
1954,Switzerland,tch,Czechoslovakia,74,3,Midfield,15,Kačáni,Attacking midfielder,73,false,https://7a0.com.br/en/copas/1954/tch
1954,Switzerland,tch,Czechoslovakia,74,3,Attack,7,Hlaváček,Right winger,75,false,https://7a0.com.br/en/copas/1954/tch
1954,Switzerland,tch,Czechoslovakia,74,3,Attack,18,Majer,Right winger,70,false,https://7a0.com.br/en/copas/1954/tch
1954,Switzerland,tch,Czechoslovakia,74,3,Attack,9,Malatinský,Centre-forward,74,false,https://7a0.com.br/en/copas/1954/tch
1954,Switzerland,tch,Czechoslovakia,74,3,Attack,10,Pažický,Centre-forward,76,false,https://7a0.com.br/en/copas/1954/tch
1954,Switzerland,tch,Czechoslovakia,74,3,Attack,17,Kraus,Centre-forward,74,false,https://7a0.com.br/en/copas/1954/tch
1954,Switzerland,tch,Czechoslovakia,74,3,Attack,20,Gajdoš,Centre-forward,69,false,https://7a0.com.br/en/copas/1954/tch
1954,Switzerland,tch,Czechoslovakia,74,3,Attack,11,Pešek,Left winger,76,false,https://7a0.com.br/en/copas/1954/tch
1954,Switzerland,tch,Czechoslovakia,74,3,Attack,19,Košnar,Left winger,70,false,https://7a0.com.br/en/copas/1954/tch
1954,Switzerland,eng,England,77,7,Goalkeepers,1,Merrick,Goalkeeper,75,false,https://7a0.com.br/en/copas/1954/eng
1954,Switzerland,eng,England,77,7,Goalkeepers,12,Burgin,Goalkeeper,70,false,https://7a0.com.br/en/copas/1954/eng
1954,Switzerland,eng,England,77,7,Defence,2,Staniforth,Right-back,74,false,https://7a0.com.br/en/copas/1954/eng
1954,Switzerland,eng,England,77,7,Defence,13,Green,Right-back,70,false,https://7a0.com.br/en/copas/1954/eng
1954,Switzerland,eng,England,77,7,Defence,18,Chilton,Centre-back,72,false,https://7a0.com.br/en/copas/1954/eng
1954,Switzerland,eng,England,77,7,Defence,3,Byrne,Left-back,80,true,https://7a0.com.br/en/copas/1954/eng
1954,Switzerland,eng,England,77,7,Midfield,4,Wright,Defensive midfielder,88,true,https://7a0.com.br/en/copas/1954/eng
1954,Switzerland,eng,England,77,7,Midfield,5,Owen,Defensive midfielder,73,false,https://7a0.com.br/en/copas/1954/eng
1954,Switzerland,eng,England,77,7,Midfield,6,Dickinson,Defensive midfielder,80,false,https://7a0.com.br/en/copas/1954/eng
1954,Switzerland,eng,England,77,7,Midfield,14,McGarry,Defensive midfielder,73,false,https://7a0.com.br/en/copas/1954/eng
1954,Switzerland,eng,England,77,7,Midfield,19,Armstrong,Right midfielder,70,false,https://7a0.com.br/en/copas/1954/eng
1954,Switzerland,eng,England,77,7,Midfield,8,Broadis,Midfielder,78,false,https://7a0.com.br/en/copas/1954/eng
1954,Switzerland,eng,England,77,7,Midfield,16,Quixall,Midfielder,73,false,https://7a0.com.br/en/copas/1954/eng
1954,Switzerland,eng,England,77,7,Midfield,21,Haynes,Midfielder,80,true,https://7a0.com.br/en/copas/1954/eng
1954,Switzerland,eng,England,77,7,Attack,7,Matthews,Right winger,92,true,https://7a0.com.br/en/copas/1954/eng
1954,Switzerland,eng,England,77,7,Attack,22,Hooper,Right winger,70,false,https://7a0.com.br/en/copas/1954/eng
1954,Switzerland,eng,England,77,7,Attack,9,Lofthouse,Centre-forward,85,true,https://7a0.com.br/en/copas/1954/eng
1954,Switzerland,eng,England,77,7,Attack,10,Taylor,Centre-forward,82,true,https://7a0.com.br/en/copas/1954/eng
1954,Switzerland,eng,England,77,7,Attack,15,Wilshaw,Centre-forward,75,false,https://7a0.com.br/en/copas/1954/eng
1954,Switzerland,eng,England,77,7,Attack,20,Jezzard,Centre-forward,71,false,https://7a0.com.br/en/copas/1954/eng
1954,Switzerland,eng,England,77,7,Attack,11,Finney,Left winger,91,true,https://7a0.com.br/en/copas/1954/eng
1954,Switzerland,eng,England,77,7,Attack,17,Mullen,Left winger,76,false,https://7a0.com.br/en/copas/1954/eng
1954,Switzerland,fra,France,77,4,Goalkeepers,1,Remetter,Goalkeeper,78,false,https://7a0.com.br/en/copas/1954/fra
1954,Switzerland,fra,France,77,4,Goalkeepers,2,Ruminski,Goalkeeper,74,false,https://7a0.com.br/en/copas/1954/fra
1954,Switzerland,fra,France,77,4,Goalkeepers,3,Abbès,Goalkeeper,73,false,https://7a0.com.br/en/copas/1954/fra
1954,Switzerland,fra,France,77,4,Defence,4,Gianessi,Centre-back,77,false,https://7a0.com.br/en/copas/1954/fra
1954,Switzerland,fra,France,77,4,Defence,5,Grimonpon,Centre-back,73,false,https://7a0.com.br/en/copas/1954/fra
1954,Switzerland,fra,France,77,4,Defence,6,Kaelbel,Centre-back,79,false,https://7a0.com.br/en/copas/1954/fra
1954,Switzerland,fra,France,77,4,Defence,10,Jonquet,Centre-back,84,true,https://7a0.com.br/en/copas/1954/fra
1954,Switzerland,fra,France,77,4,Defence,7,Marche,Left-back,83,true,https://7a0.com.br/en/copas/1954/fra
1954,Switzerland,fra,France,77,4,Midfield,8,Bieganski,Defensive midfielder,73,false,https://7a0.com.br/en/copas/1954/fra
1954,Switzerland,fra,France,77,4,Midfield,13,Mahjoub,Defensive midfielder,73,false,https://7a0.com.br/en/copas/1954/fra
1954,Switzerland,fra,France,77,4,Midfield,15,Ben Tifour,Defensive midfielder,73,false,https://7a0.com.br/en/copas/1954/fra
1954,Switzerland,fra,France,77,4,Midfield,16,Dereuddre,Defensive midfielder,72,false,https://7a0.com.br/en/copas/1954/fra
1954,Switzerland,fra,France,77,4,Midfield,19,Leblond,Defensive midfielder,73,false,https://7a0.com.br/en/copas/1954/fra
1954,Switzerland,fra,France,77,4,Midfield,9,Cuissard,Right midfielder,78,false,https://7a0.com.br/en/copas/1954/fra
1954,Switzerland,fra,France,77,4,Midfield,11,Xercès Louis,Right midfielder,73,false,https://7a0.com.br/en/copas/1954/fra
1954,Switzerland,fra,France,77,4,Midfield,12,Marcel,Right midfielder,80,false,https://7a0.com.br/en/copas/1954/fra
1954,Switzerland,fra,France,77,4,Midfield,14,Penverne,Right midfielder,81,false,https://7a0.com.br/en/copas/1954/fra
1954,Switzerland,fra,France,77,4,Midfield,18,Kopa,Attacking midfielder,88,true,https://7a0.com.br/en/copas/1954/fra
1954,Switzerland,fra,France,77,4,Attack,17,Glovacki,Centre-forward,75,false,https://7a0.com.br/en/copas/1954/fra
1954,Switzerland,fra,France,77,4,Attack,20,Schultz,Centre-forward,72,false,https://7a0.com.br/en/copas/1954/fra
1954,Switzerland,fra,France,77,4,Attack,21,Strappe,Left winger,79,false,https://7a0.com.br/en/copas/1954/fra
1954,Switzerland,fra,France,77,4,Attack,22,Vincent,Left winger,84,true,https://7a0.com.br/en/copas/1954/fra
1954,Switzerland,ger,Germany,78,7,Goalkeepers,1,Turek,Goalkeeper,86,true,https://7a0.com.br/en/copas/1954/ger
1954,Switzerland,ger,Germany,78,7,Goalkeepers,21,Kubsch,Goalkeeper,73,false,https://7a0.com.br/en/copas/1954/ger
1954,Switzerland,ger,Germany,78,7,Goalkeepers,22,Kwiatkowski,Goalkeeper,72,false,https://7a0.com.br/en/copas/1954/ger
1954,Switzerland,ger,Germany,78,7,Defence,2,Laband,Centre-back,74,false,https://7a0.com.br/en/copas/1954/ger
1954,Switzerland,ger,Germany,78,7,Defence,5,Erhardt,Centre-back,75,false,https://7a0.com.br/en/copas/1954/ger
1954,Switzerland,ger,Germany,78,7,Defence,7,Posipal,Centre-back,82,false,https://7a0.com.br/en/copas/1954/ger
1954,Switzerland,ger,Germany,78,7,Defence,10,Liebrich,Centre-back,84,true,https://7a0.com.br/en/copas/1954/ger
1954,Switzerland,ger,Germany,78,7,Defence,3,Kohlmeyer,Left-back,80,false,https://7a0.com.br/en/copas/1954/ger
1954,Switzerland,ger,Germany,78,7,Defence,4,Bauer,Left-back,74,false,https://7a0.com.br/en/copas/1954/ger
1954,Switzerland,ger,Germany,78,7,Midfield,9,Mebus,Defensive midfielder,72,false,https://7a0.com.br/en/copas/1954/ger
1954,Switzerland,ger,Germany,78,7,Midfield,11,Metzner,Defensive midfielder,72,false,https://7a0.com.br/en/copas/1954/ger
1954,Switzerland,ger,Germany,78,7,Midfield,6,Eckel,Right midfielder,82,true,https://7a0.com.br/en/copas/1954/ger
1954,Switzerland,ger,Germany,78,7,Midfield,8,Mai,Right midfielder,76,false,https://7a0.com.br/en/copas/1954/ger
1954,Switzerland,ger,Germany,78,7,Midfield,16,F. Walter,Midfielder,91,true,https://7a0.com.br/en/copas/1954/ger
1954,Switzerland,ger,Germany,78,7,Midfield,19,Pfaff,Midfielder,76,false,https://7a0.com.br/en/copas/1954/ger
1954,Switzerland,ger,Germany,78,7,Midfield,13,Morlock,Attacking midfielder,84,true,https://7a0.com.br/en/copas/1954/ger
1954,Switzerland,ger,Germany,78,7,Attack,12,Rahn,Right winger,86,true,https://7a0.com.br/en/copas/1954/ger
1954,Switzerland,ger,Germany,78,7,Attack,14,Klodt,Right winger,74,false,https://7a0.com.br/en/copas/1954/ger
1954,Switzerland,ger,Germany,78,7,Attack,15,O. Walter,Centre-forward,80,false,https://7a0.com.br/en/copas/1954/ger
1954,Switzerland,ger,Germany,78,7,Attack,18,Biesinger,Centre-forward,71,false,https://7a0.com.br/en/copas/1954/ger
1954,Switzerland,ger,Germany,78,7,Attack,17,Herrmann,Left winger,73,false,https://7a0.com.br/en/copas/1954/ger
1954,Switzerland,ger,Germany,78,7,Attack,20,Schäfer,Left winger,83,true,https://7a0.com.br/en/copas/1954/ger
1954,Switzerland,hun,Hungary,80,9,Goalkeepers,1,Grosics,Goalkeeper,90,true,https://7a0.com.br/en/copas/1954/hun
1954,Switzerland,hun,Hungary,80,9,Goalkeepers,21,Gellér,Goalkeeper,74,false,https://7a0.com.br/en/copas/1954/hun
1954,Switzerland,hun,Hungary,80,9,Goalkeepers,22,Gulyás,Goalkeeper,70,false,https://7a0.com.br/en/copas/1954/hun
1954,Switzerland,hun,Hungary,80,9,Defence,2,Buzánszky,Right-back,82,true,https://7a0.com.br/en/copas/1954/hun
1954,Switzerland,hun,Hungary,80,9,Defence,3,Lóránt,Centre-back,84,true,https://7a0.com.br/en/copas/1954/hun
1954,Switzerland,hun,Hungary,80,9,Defence,12,Kárpáti,Centre-back,72,false,https://7a0.com.br/en/copas/1954/hun
1954,Switzerland,hun,Hungary,80,9,Defence,13,Várhidi,Centre-back,73,false,https://7a0.com.br/en/copas/1954/hun
1954,Switzerland,hun,Hungary,80,9,Defence,4,Lantos,Left-back,82,true,https://7a0.com.br/en/copas/1954/hun
1954,Switzerland,hun,Hungary,80,9,Midfield,5,Bozsik,Defensive midfielder,90,true,https://7a0.com.br/en/copas/1954/hun
1954,Switzerland,hun,Hungary,80,9,Midfield,15,Szojka,Defensive midfielder,72,false,https://7a0.com.br/en/copas/1954/hun
1954,Switzerland,hun,Hungary,80,9,Midfield,6,Zakariás,Right midfielder,80,false,https://7a0.com.br/en/copas/1954/hun
1954,Switzerland,hun,Hungary,80,9,Midfield,14,I. Kovács,Right midfielder,71,false,https://7a0.com.br/en/copas/1954/hun
1954,Switzerland,hun,Hungary,80,9,Midfield,9,Hidegkuti,Attacking midfielder,89,true,https://7a0.com.br/en/copas/1954/hun
1954,Switzerland,hun,Hungary,80,9,Midfield,19,Palotás,Attacking midfielder,76,false,https://7a0.com.br/en/copas/1954/hun
1954,Switzerland,hun,Hungary,80,9,Attack,16,Budai,Right winger,80,false,https://7a0.com.br/en/copas/1954/hun
1954,Switzerland,hun,Hungary,80,9,Attack,8,Kocsis,Centre-forward,92,true,https://7a0.com.br/en/copas/1954/hun
1954,Switzerland,hun,Hungary,80,9,Attack,17,Machos,Centre-forward,74,false,https://7a0.com.br/en/copas/1954/hun
1954,Switzerland,hun,Hungary,80,9,Attack,18,Csordás,Centre-forward,72,false,https://7a0.com.br/en/copas/1954/hun
1954,Switzerland,hun,Hungary,80,9,Attack,7,J. Tóth,Left winger,76,false,https://7a0.com.br/en/copas/1954/hun
1954,Switzerland,hun,Hungary,80,9,Attack,10,Puskás,Left winger,96,true,https://7a0.com.br/en/copas/1954/hun
1954,Switzerland,hun,Hungary,80,9,Attack,11,Czibor,Left winger,85,true,https://7a0.com.br/en/copas/1954/hun
1954,Switzerland,hun,Hungary,80,9,Attack,20,M. Tóth,Left winger,71,false,https://7a0.com.br/en/copas/1954/hun
1954,Switzerland,ita,Italy,77,1,Goalkeepers,1,Ghezzi,Goalkeeper,84,false,https://7a0.com.br/en/copas/1954/ita
1954,Switzerland,ita,Italy,77,1,Goalkeepers,12,Viola,Goalkeeper,73,false,https://7a0.com.br/en/copas/1954/ita
1954,Switzerland,ita,Italy,77,1,Goalkeepers,22,Costagliola,Goalkeeper,74,false,https://7a0.com.br/en/copas/1954/ita
1954,Switzerland,ita,Italy,77,1,Defence,3,Giacomazzi,Right-back,74,false,https://7a0.com.br/en/copas/1954/ita
1954,Switzerland,ita,Italy,77,1,Defence,13,Magnini,Right-back,77,false,https://7a0.com.br/en/copas/1954/ita
1954,Switzerland,ita,Italy,77,1,Defence,2,Vincenzi,Left-back,75,false,https://7a0.com.br/en/copas/1954/ita
1954,Switzerland,ita,Italy,77,1,Defence,14,Cervato,Left-back,80,false,https://7a0.com.br/en/copas/1954/ita
1954,Switzerland,ita,Italy,77,1,Midfield,4,Neri,Defensive midfielder,78,false,https://7a0.com.br/en/copas/1954/ita
1954,Switzerland,ita,Italy,77,1,Midfield,16,Ferrario,Defensive midfielder,78,false,https://7a0.com.br/en/copas/1954/ita
1954,Switzerland,ita,Italy,77,1,Midfield,20,Gratton,Defensive midfielder,72,false,https://7a0.com.br/en/copas/1954/ita
1954,Switzerland,ita,Italy,77,1,Midfield,5,Tognon,Right midfielder,77,false,https://7a0.com.br/en/copas/1954/ita
1954,Switzerland,ita,Italy,77,1,Midfield,15,Mari,Right midfielder,76,false,https://7a0.com.br/en/copas/1954/ita
1954,Switzerland,ita,Italy,77,1,Midfield,6,Nesti,Attacking midfielder,74,false,https://7a0.com.br/en/copas/1954/ita
1954,Switzerland,ita,Italy,77,1,Midfield,8,Pandolfini,Attacking midfielder,80,false,https://7a0.com.br/en/copas/1954/ita
1954,Switzerland,ita,Italy,77,1,Midfield,17,Segato,Attacking midfielder,76,false,https://7a0.com.br/en/copas/1954/ita
1954,Switzerland,ita,Italy,77,1,Attack,7,Muccinelli,Right winger,76,false,https://7a0.com.br/en/copas/1954/ita
1954,Switzerland,ita,Italy,77,1,Attack,10,Cappello,Right winger,79,false,https://7a0.com.br/en/copas/1954/ita
1954,Switzerland,ita,Italy,77,1,Attack,9,Galli,Centre-forward,75,false,https://7a0.com.br/en/copas/1954/ita
1954,Switzerland,ita,Italy,77,1,Attack,11,Lorenzi,Centre-forward,81,false,https://7a0.com.br/en/copas/1954/ita
1954,Switzerland,ita,Italy,77,1,Attack,18,Pivatelli,Centre-forward,77,false,https://7a0.com.br/en/copas/1954/ita
1954,Switzerland,ita,Italy,77,1,Attack,19,Boniperti,Centre-forward,84,true,https://7a0.com.br/en/copas/1954/ita
1954,Switzerland,ita,Italy,77,1,Attack,21,Frignani,Left winger,73,false,https://7a0.com.br/en/copas/1954/ita
1954,Switzerland,sco,Scotland,74,2,Goalkeepers,1,Martin,Goalkeeper,73,false,https://7a0.com.br/en/copas/1954/sco
1954,Switzerland,sco,Scotland,74,2,Goalkeepers,14,Anderson,Goalkeeper,70,false,https://7a0.com.br/en/copas/1954/sco
1954,Switzerland,sco,Scotland,74,2,Defence,2,Cunningham,Right-back,74,false,https://7a0.com.br/en/copas/1954/sco
1954,Switzerland,sco,Scotland,74,2,Defence,18,Wilson,Right-back,70,false,https://7a0.com.br/en/copas/1954/sco
1954,Switzerland,sco,Scotland,74,2,Defence,4,Evans,Centre-back,84,true,https://7a0.com.br/en/copas/1954/sco
1954,Switzerland,sco,Scotland,74,2,Defence,3,Aird,Left-back,72,false,https://7a0.com.br/en/copas/1954/sco
1954,Switzerland,sco,Scotland,74,2,Midfield,5,Docherty,Defensive midfielder,80,true,https://7a0.com.br/en/copas/1954/sco
1954,Switzerland,sco,Scotland,74,2,Midfield,6,Davidson,Defensive midfielder,72,false,https://7a0.com.br/en/copas/1954/sco
1954,Switzerland,sco,Scotland,74,2,Midfield,7,Cowie,Defensive midfielder,76,false,https://7a0.com.br/en/copas/1954/sco
1954,Switzerland,sco,Scotland,74,2,Midfield,17,Mathers,Defensive midfielder,70,false,https://7a0.com.br/en/copas/1954/sco
1954,Switzerland,sco,Scotland,74,2,Midfield,10,Brown,Midfielder,77,false,https://7a0.com.br/en/copas/1954/sco
1954,Switzerland,sco,Scotland,74,2,Midfield,12,Fernie,Midfielder,78,false,https://7a0.com.br/en/copas/1954/sco
1954,Switzerland,sco,Scotland,74,2,Midfield,15,Johnstone,Midfielder,80,false,https://7a0.com.br/en/copas/1954/sco
1954,Switzerland,sco,Scotland,74,2,Midfield,20,Combe,Midfielder,70,false,https://7a0.com.br/en/copas/1954/sco
1954,Switzerland,sco,Scotland,74,2,Midfield,22,McMillan,Midfielder,71,false,https://7a0.com.br/en/copas/1954/sco
1954,Switzerland,sco,Scotland,74,2,Attack,8,Mackenzie,Right winger,74,false,https://7a0.com.br/en/copas/1954/sco
1954,Switzerland,sco,Scotland,74,2,Attack,9,Hamilton,Centre-forward,74,false,https://7a0.com.br/en/copas/1954/sco
1954,Switzerland,sco,Scotland,74,2,Attack,16,Henderson,Centre-forward,73,false,https://7a0.com.br/en/copas/1954/sco
1954,Switzerland,sco,Scotland,74,2,Attack,19,Binning,Centre-forward,69,false,https://7a0.com.br/en/copas/1954/sco
1954,Switzerland,sco,Scotland,74,2,Attack,11,Mochan,Left winger,74,false,https://7a0.com.br/en/copas/1954/sco
1954,Switzerland,sco,Scotland,74,2,Attack,13,Ormond,Left winger,75,false,https://7a0.com.br/en/copas/1954/sco
1954,Switzerland,sco,Scotland,74,2,Attack,21,Copland,Left winger,68,false,https://7a0.com.br/en/copas/1954/sco
1954,Switzerland,sui,Switzerland,76,1,Goalkeepers,1,Eich,Goalkeeper,74,false,https://7a0.com.br/en/copas/1954/sui
1954,Switzerland,sui,Switzerland,76,1,Goalkeepers,2,Parlier,Goalkeeper,79,false,https://7a0.com.br/en/copas/1954/sui
1954,Switzerland,sui,Switzerland,76,1,Goalkeepers,3,Stuber,Goalkeeper,72,false,https://7a0.com.br/en/copas/1954/sui
1954,Switzerland,sui,Switzerland,76,1,Defence,7,Neury,Right-back,77,false,https://7a0.com.br/en/copas/1954/sui
1954,Switzerland,sui,Switzerland,76,1,Defence,4,Bocquet,Centre-back,80,false,https://7a0.com.br/en/copas/1954/sui
1954,Switzerland,sui,Switzerland,76,1,Defence,5,Flückiger,Centre-back,74,false,https://7a0.com.br/en/copas/1954/sui
1954,Switzerland,sui,Switzerland,76,1,Defence,6,Mathis,Centre-back,72,false,https://7a0.com.br/en/copas/1954/sui
1954,Switzerland,sui,Switzerland,76,1,Defence,14,Kernen,Left-back,77,false,https://7a0.com.br/en/copas/1954/sui
1954,Switzerland,sui,Switzerland,76,1,Midfield,8,Bigler,Defensive midfielder,76,false,https://7a0.com.br/en/copas/1954/sui
1954,Switzerland,sui,Switzerland,76,1,Midfield,10,Eggimann,Defensive midfielder,79,false,https://7a0.com.br/en/copas/1954/sui
1954,Switzerland,sui,Switzerland,76,1,Midfield,12,Fesselet,Right midfielder,71,false,https://7a0.com.br/en/copas/1954/sui
1954,Switzerland,sui,Switzerland,76,1,Midfield,9,Casali,Midfielder,73,false,https://7a0.com.br/en/copas/1954/sui
1954,Switzerland,sui,Switzerland,76,1,Midfield,11,Eschmann,Midfielder,73,false,https://7a0.com.br/en/copas/1954/sui
1954,Switzerland,sui,Switzerland,76,1,Midfield,13,Frosio,Midfielder,70,false,https://7a0.com.br/en/copas/1954/sui
1954,Switzerland,sui,Switzerland,76,1,Attack,15,Antenen,Right winger,82,false,https://7a0.com.br/en/copas/1954/sui
1954,Switzerland,sui,Switzerland,76,1,Attack,20,Meier,Right winger,72,false,https://7a0.com.br/en/copas/1954/sui
1954,Switzerland,sui,Switzerland,76,1,Attack,22,Vonlanthen,Right winger,78,false,https://7a0.com.br/en/copas/1954/sui
1954,Switzerland,sui,Switzerland,76,1,Attack,16,Ballaman,Centre-forward,80,false,https://7a0.com.br/en/copas/1954/sui
1954,Switzerland,sui,Switzerland,76,1,Attack,18,Hügi,Centre-forward,84,true,https://7a0.com.br/en/copas/1954/sui
1954,Switzerland,sui,Switzerland,76,1,Attack,19,Mauron,Centre-forward,73,false,https://7a0.com.br/en/copas/1954/sui
1954,Switzerland,sui,Switzerland,76,1,Attack,21,Riva,Centre-forward,71,false,https://7a0.com.br/en/copas/1954/sui
1954,Switzerland,sui,Switzerland,76,1,Attack,17,Fatton,Left winger,82,false,https://7a0.com.br/en/copas/1954/sui
1954,Switzerland,tur,Turkey,74,3,Goalkeepers,1,Turgay,Goalkeeper,80,true,https://7a0.com.br/en/copas/1954/tur
1954,Switzerland,tur,Turkey,74,3,Goalkeepers,12,Şükrü,Goalkeeper,72,false,https://7a0.com.br/en/copas/1954/tur
1954,Switzerland,tur,Turkey,74,3,Defence,9,Suat,Right-back,68,false,https://7a0.com.br/en/copas/1954/tur
1954,Switzerland,tur,Turkey,74,3,Defence,2,Rıdvan,Centre-back,70,false,https://7a0.com.br/en/copas/1954/tur
1954,Switzerland,tur,Turkey,74,3,Defence,4,Ertan,Centre-back,74,false,https://7a0.com.br/en/copas/1954/tur
1954,Switzerland,tur,Turkey,74,3,Defence,5,Bülent,Centre-back,82,false,https://7a0.com.br/en/copas/1954/tur
1954,Switzerland,tur,Turkey,74,3,Defence,15,Nedim,Centre-back,69,false,https://7a0.com.br/en/copas/1954/tur
1954,Switzerland,tur,Turkey,74,3,Defence,16,Naci,Centre-back,71,false,https://7a0.com.br/en/copas/1954/tur
1954,Switzerland,tur,Turkey,74,3,Defence,20,Kadri,Centre-back,74,false,https://7a0.com.br/en/copas/1954/tur
1954,Switzerland,tur,Turkey,74,3,Defence,3,Basri,Left-back,80,false,https://7a0.com.br/en/copas/1954/tur
1954,Switzerland,tur,Turkey,74,3,Defence,7,Rober,Left-back,73,false,https://7a0.com.br/en/copas/1954/tur
1954,Switzerland,tur,Turkey,74,3,Defence,18,Ahmet,Left-back,68,false,https://7a0.com.br/en/copas/1954/tur
1954,Switzerland,tur,Turkey,74,3,Midfield,6,Çetin,Midfielder,72,false,https://7a0.com.br/en/copas/1954/tur
1954,Switzerland,tur,Turkey,74,3,Midfield,14,Ali,Midfielder,69,false,https://7a0.com.br/en/copas/1954/tur
1954,Switzerland,tur,Turkey,74,3,Midfield,17,Akgün,Midfielder,70,false,https://7a0.com.br/en/copas/1954/tur
1954,Switzerland,tur,Turkey,74,3,Attack,21,Coşkun,Right winger,77,false,https://7a0.com.br/en/copas/1954/tur
1954,Switzerland,tur,Turkey,74,3,Attack,10,Feridun,Centre-forward,65,false,https://7a0.com.br/en/copas/1954/tur
1954,Switzerland,tur,Turkey,74,3,Attack,11,Burhan,Centre-forward,78,false,https://7a0.com.br/en/copas/1954/tur
1954,Switzerland,tur,Turkey,74,3,Attack,19,Necmi,Centre-forward,68,false,https://7a0.com.br/en/copas/1954/tur
1954,Switzerland,tur,Turkey,74,3,Attack,22,Metin Oktay,Centre-forward,88,true,https://7a0.com.br/en/copas/1954/tur
1954,Switzerland,tur,Turkey,74,3,Attack,8,Erol,Left winger,70,false,https://7a0.com.br/en/copas/1954/tur
1954,Switzerland,tur,Turkey,74,3,Attack,13,Lefter,Left winger,88,true,https://7a0.com.br/en/copas/1954/tur
1954,Switzerland,uru,Uruguay,78,5,Goalkeepers,1,Máspoli,Goalkeeper,84,true,https://7a0.com.br/en/copas/1954/uru
1954,Switzerland,uru,Uruguay,78,5,Goalkeepers,12,Maceiras,Goalkeeper,72,false,https://7a0.com.br/en/copas/1954/uru
1954,Switzerland,uru,Uruguay,78,5,Defence,3,W. Martínez,Right-back,76,false,https://7a0.com.br/en/copas/1954/uru
1954,Switzerland,uru,Uruguay,78,5,Defence,2,Santamaría,Centre-back,82,true,https://7a0.com.br/en/copas/1954/uru
1954,Switzerland,uru,Uruguay,78,5,Defence,13,Davoine,Centre-back,73,false,https://7a0.com.br/en/copas/1954/uru
1954,Switzerland,uru,Uruguay,78,5,Defence,14,Tejera,Left-back,79,false,https://7a0.com.br/en/copas/1954/uru
1954,Switzerland,uru,Uruguay,78,5,Midfield,5,Varela,Defensive midfielder,85,true,https://7a0.com.br/en/copas/1954/uru
1954,Switzerland,uru,Uruguay,78,5,Midfield,6,Leopardi,Defensive midfielder,74,false,https://7a0.com.br/en/copas/1954/uru
1954,Switzerland,uru,Uruguay,78,5,Midfield,16,Carballo,Defensive midfielder,74,false,https://7a0.com.br/en/copas/1954/uru
1954,Switzerland,uru,Uruguay,78,5,Midfield,4,Andrade,Right midfielder,84,true,https://7a0.com.br/en/copas/1954/uru
1954,Switzerland,uru,Uruguay,78,5,Midfield,15,Rivera,Right midfielder,73,false,https://7a0.com.br/en/copas/1954/uru
1954,Switzerland,uru,Uruguay,78,5,Midfield,17,L. Cruz,Midfielder,73,false,https://7a0.com.br/en/copas/1954/uru
1954,Switzerland,uru,Uruguay,78,5,Midfield,10,Schiaffino,Attacking midfielder,91,true,https://7a0.com.br/en/copas/1954/uru
1954,Switzerland,uru,Uruguay,78,5,Midfield,21,J. Pérez,Attacking midfielder,78,false,https://7a0.com.br/en/copas/1954/uru
1954,Switzerland,uru,Uruguay,78,5,Attack,7,Abbadie,Right winger,84,false,https://7a0.com.br/en/copas/1954/uru
1954,Switzerland,uru,Uruguay,78,5,Attack,22,L. Castro,Right winger,74,false,https://7a0.com.br/en/copas/1954/uru
1954,Switzerland,uru,Uruguay,78,5,Attack,8,Hohberg,Centre-forward,80,false,https://7a0.com.br/en/copas/1954/uru
1954,Switzerland,uru,Uruguay,78,5,Attack,9,Míguez,Centre-forward,83,false,https://7a0.com.br/en/copas/1954/uru
1954,Switzerland,uru,Uruguay,78,5,Attack,18,Souto,Centre-forward,73,false,https://7a0.com.br/en/copas/1954/uru
1954,Switzerland,uru,Uruguay,78,5,Attack,19,Ambrois,Centre-forward,78,false,https://7a0.com.br/en/copas/1954/uru
1954,Switzerland,uru,Uruguay,78,5,Attack,11,Borges,Left winger,80,false,https://7a0.com.br/en/copas/1954/uru
1954,Switzerland,uru,Uruguay,78,5,Attack,20,O. Méndez,Left winger,73,false,https://7a0.com.br/en/copas/1954/uru
1954,Switzerland,yug,Yugoslavia,78,7,Goalkeepers,1,Beara,Goalkeeper,88,true,https://7a0.com.br/en/copas/1954/yug
1954,Switzerland,yug,Yugoslavia,78,7,Goalkeepers,12,Kralj,Goalkeeper,72,false,https://7a0.com.br/en/copas/1954/yug
1954,Switzerland,yug,Yugoslavia,78,7,Defence,2,Stanković,Right-back,82,false,https://7a0.com.br/en/copas/1954/yug
1954,Switzerland,yug,Yugoslavia,78,7,Defence,5,Horvat,Centre-back,80,false,https://7a0.com.br/en/copas/1954/yug
1954,Switzerland,yug,Yugoslavia,78,7,Defence,13,Zeković,Centre-back,73,false,https://7a0.com.br/en/copas/1954/yug
1954,Switzerland,yug,Yugoslavia,78,7,Defence,16,Milovanov,Centre-back,72,false,https://7a0.com.br/en/copas/1954/yug
1954,Switzerland,yug,Yugoslavia,78,7,Defence,17,Belin,Centre-back,72,false,https://7a0.com.br/en/copas/1954/yug
1954,Switzerland,yug,Yugoslavia,78,7,Defence,3,Crnković,Left-back,79,false,https://7a0.com.br/en/copas/1954/yug
1954,Switzerland,yug,Yugoslavia,78,7,Midfield,15,Spajić,Defensive midfielder,74,false,https://7a0.com.br/en/copas/1954/yug
1954,Switzerland,yug,Yugoslavia,78,7,Midfield,4,Z. Čajkovski,Right midfielder,84,true,https://7a0.com.br/en/copas/1954/yug
1954,Switzerland,yug,Yugoslavia,78,7,Midfield,6,Boškov,Right midfielder,80,true,https://7a0.com.br/en/copas/1954/yug
1954,Switzerland,yug,Yugoslavia,78,7,Midfield,14,Mantula,Right midfielder,72,false,https://7a0.com.br/en/copas/1954/yug
1954,Switzerland,yug,Yugoslavia,78,7,Midfield,8,Mitić,Attacking midfielder,85,true,https://7a0.com.br/en/copas/1954/yug
1954,Switzerland,yug,Yugoslavia,78,7,Midfield,9,Vukas,Attacking midfielder,87,true,https://7a0.com.br/en/copas/1954/yug
1954,Switzerland,yug,Yugoslavia,78,7,Midfield,10,Bobek,Attacking midfielder,88,true,https://7a0.com.br/en/copas/1954/yug
1954,Switzerland,yug,Yugoslavia,78,7,Midfield,19,Papec,Attacking midfielder,71,false,https://7a0.com.br/en/copas/1954/yug
1954,Switzerland,yug,Yugoslavia,78,7,Attack,7,Ognjanov,Right winger,76,false,https://7a0.com.br/en/copas/1954/yug
1954,Switzerland,yug,Yugoslavia,78,7,Attack,18,M. Milutinović,Centre-forward,79,false,https://7a0.com.br/en/copas/1954/yug
1954,Switzerland,yug,Yugoslavia,78,7,Attack,21,Veselinović,Centre-forward,76,false,https://7a0.com.br/en/copas/1954/yug
1954,Switzerland,yug,Yugoslavia,78,7,Attack,22,Petaković,Centre-forward,70,false,https://7a0.com.br/en/copas/1954/yug
1954,Switzerland,yug,Yugoslavia,78,7,Attack,11,Zebec,Left winger,83,true,https://7a0.com.br/en/copas/1954/yug
1954,Switzerland,yug,Yugoslavia,78,7,Attack,20,Dvornić,Left winger,71,false,https://7a0.com.br/en/copas/1954/yug
1958,Sweden,arg,Argentina,76,4,Goalkeepers,1,Carrizo,Goalkeeper,84,true,https://7a0.com.br/en/copas/1958/arg
1958,Sweden,arg,Argentina,76,4,Goalkeepers,12,Musimessi,Goalkeeper,75,false,https://7a0.com.br/en/copas/1958/arg
1958,Sweden,arg,Argentina,76,4,Defence,4,Lombardo,Right-back,76,false,https://7a0.com.br/en/copas/1958/arg
1958,Sweden,arg,Argentina,76,4,Defence,2,Dellacha,Centre-back,78,false,https://7a0.com.br/en/copas/1958/arg
1958,Sweden,arg,Argentina,76,4,Defence,3,Vairo,Centre-back,77,false,https://7a0.com.br/en/copas/1958/arg
1958,Sweden,arg,Argentina,76,4,Defence,13,Pérez,Centre-back,72,false,https://7a0.com.br/en/copas/1958/arg
1958,Sweden,arg,Argentina,76,4,Defence,14,Edwards,Centre-back,72,false,https://7a0.com.br/en/copas/1958/arg
1958,Sweden,arg,Argentina,76,4,Defence,17,Ramos Delgado,Centre-back,79,false,https://7a0.com.br/en/copas/1958/arg
1958,Sweden,arg,Argentina,76,4,Defence,15,Acevedo,Left-back,71,false,https://7a0.com.br/en/copas/1958/arg
1958,Sweden,arg,Argentina,76,4,Midfield,5,Rossi,Defensive midfielder,81,false,https://7a0.com.br/en/copas/1958/arg
1958,Sweden,arg,Argentina,76,4,Midfield,6,Varacka,Right midfielder,76,false,https://7a0.com.br/en/copas/1958/arg
1958,Sweden,arg,Argentina,76,4,Midfield,16,Mouriño,Right midfielder,76,false,https://7a0.com.br/en/copas/1958/arg
1958,Sweden,arg,Argentina,76,4,Attack,7,Corbatta,Right winger,84,true,https://7a0.com.br/en/copas/1958/arg
1958,Sweden,arg,Argentina,76,4,Attack,8,Prado,Centre-forward,76,false,https://7a0.com.br/en/copas/1958/arg
1958,Sweden,arg,Argentina,76,4,Attack,9,Menéndez,Centre-forward,78,false,https://7a0.com.br/en/copas/1958/arg
1958,Sweden,arg,Argentina,76,4,Attack,10,Rojas,Centre-forward,73,false,https://7a0.com.br/en/copas/1958/arg
1958,Sweden,arg,Argentina,76,4,Attack,11,Labruna,Centre-forward,85,true,https://7a0.com.br/en/copas/1958/arg
1958,Sweden,arg,Argentina,76,4,Attack,18,Boggio,Centre-forward,70,false,https://7a0.com.br/en/copas/1958/arg
1958,Sweden,arg,Argentina,76,4,Attack,19,Avio,Centre-forward,71,false,https://7a0.com.br/en/copas/1958/arg
1958,Sweden,arg,Argentina,76,4,Attack,20,Infante,Centre-forward,74,false,https://7a0.com.br/en/copas/1958/arg
1958,Sweden,arg,Argentina,76,4,Attack,21,Sanfilippo,Centre-forward,82,true,https://7a0.com.br/en/copas/1958/arg
1958,Sweden,arg,Argentina,76,4,Attack,22,Cruz,Left winger,72,false,https://7a0.com.br/en/copas/1958/arg
1958,Sweden,bra,Brazil,83,10,Goalkeepers,1,Castilho,Goalkeeper,79,false,https://7a0.com.br/en/copas/1958/bra
1958,Sweden,bra,Brazil,83,10,Goalkeepers,3,Gilmar,Goalkeeper,88,true,https://7a0.com.br/en/copas/1958/bra
1958,Sweden,bra,Brazil,83,10,Defence,4,Djalma Santos,Right-back,89,true,https://7a0.com.br/en/copas/1958/bra
1958,Sweden,bra,Brazil,83,10,Defence,14,De Sordi,Right-back,81,false,https://7a0.com.br/en/copas/1958/bra
1958,Sweden,bra,Brazil,83,10,Defence,2,Bellini,Centre-back,84,true,https://7a0.com.br/en/copas/1958/bra
1958,Sweden,bra,Brazil,83,10,Defence,9,Zózimo,Centre-back,77,false,https://7a0.com.br/en/copas/1958/bra
1958,Sweden,bra,Brazil,83,10,Defence,15,Orlando,Centre-back,83,false,https://7a0.com.br/en/copas/1958/bra
1958,Sweden,bra,Brazil,83,10,Defence,16,Mauro,Centre-back,81,true,https://7a0.com.br/en/copas/1958/bra
1958,Sweden,bra,Brazil,83,10,Defence,8,Oreco,Left-back,75,false,https://7a0.com.br/en/copas/1958/bra
1958,Sweden,bra,Brazil,83,10,Defence,12,Nílton Santos,Left-back,89,true,https://7a0.com.br/en/copas/1958/bra
1958,Sweden,bra,Brazil,83,10,Midfield,19,Zito,Defensive midfielder,83,false,https://7a0.com.br/en/copas/1958/bra
1958,Sweden,bra,Brazil,83,10,Midfield,5,Dino Sani,Midfielder,78,false,https://7a0.com.br/en/copas/1958/bra
1958,Sweden,bra,Brazil,83,10,Midfield,6,Didi,Midfielder,93,true,https://7a0.com.br/en/copas/1958/bra
1958,Sweden,bra,Brazil,83,10,Midfield,13,Moacir,Midfielder,75,false,https://7a0.com.br/en/copas/1958/bra
1958,Sweden,bra,Brazil,83,10,Attack,11,Garrincha,Right winger,91,true,https://7a0.com.br/en/copas/1958/bra
1958,Sweden,bra,Brazil,83,10,Attack,17,Joel,Right winger,76,false,https://7a0.com.br/en/copas/1958/bra
1958,Sweden,bra,Brazil,83,10,Attack,10,Pelé,Centre-forward,93,true,https://7a0.com.br/en/copas/1958/bra
1958,Sweden,bra,Brazil,83,10,Attack,18,Altafini,Centre-forward,82,false,https://7a0.com.br/en/copas/1958/bra
1958,Sweden,bra,Brazil,83,10,Attack,20,Vavá,Centre-forward,85,true,https://7a0.com.br/en/copas/1958/bra
1958,Sweden,bra,Brazil,83,10,Attack,21,Dida,Centre-forward,75,false,https://7a0.com.br/en/copas/1958/bra
1958,Sweden,bra,Brazil,83,10,Attack,7,Zagallo,Left winger,84,true,https://7a0.com.br/en/copas/1958/bra
1958,Sweden,bra,Brazil,83,10,Attack,22,Pepe,Left winger,82,false,https://7a0.com.br/en/copas/1958/bra
1958,Sweden,eng,England,78,5,Goalkeepers,1,McDonald,Goalkeeper,78,false,https://7a0.com.br/en/copas/1958/eng
1958,Sweden,eng,England,78,5,Goalkeepers,12,Hopkinson,Goalkeeper,75,false,https://7a0.com.br/en/copas/1958/eng
1958,Sweden,eng,England,78,5,Goalkeepers,13,Hodgkinson,Goalkeeper,73,false,https://7a0.com.br/en/copas/1958/eng
1958,Sweden,eng,England,78,5,Defence,2,Howe,Right-back,78,false,https://7a0.com.br/en/copas/1958/eng
1958,Sweden,eng,England,78,5,Defence,14,Sillett,Right-back,74,false,https://7a0.com.br/en/copas/1958/eng
1958,Sweden,eng,England,78,5,Defence,5,Wright,Centre-back,88,true,https://7a0.com.br/en/copas/1958/eng
1958,Sweden,eng,England,78,5,Defence,16,Norman,Centre-back,76,false,https://7a0.com.br/en/copas/1958/eng
1958,Sweden,eng,England,78,5,Defence,3,Banks,Left-back,76,false,https://7a0.com.br/en/copas/1958/eng
1958,Sweden,eng,England,78,5,Midfield,4,Clamp,Defensive midfielder,76,false,https://7a0.com.br/en/copas/1958/eng
1958,Sweden,eng,England,78,5,Midfield,6,Slater,Defensive midfielder,78,false,https://7a0.com.br/en/copas/1958/eng
1958,Sweden,eng,England,78,5,Midfield,15,Clayton,Defensive midfielder,76,false,https://7a0.com.br/en/copas/1958/eng
1958,Sweden,eng,England,78,5,Midfield,22,Setters,Defensive midfielder,72,false,https://7a0.com.br/en/copas/1958/eng
1958,Sweden,eng,England,78,5,Midfield,10,Haynes,Midfielder,86,true,https://7a0.com.br/en/copas/1958/eng
1958,Sweden,eng,England,78,5,Midfield,18,Broadbent,Midfielder,76,false,https://7a0.com.br/en/copas/1958/eng
1958,Sweden,eng,England,78,5,Midfield,8,Robson,Attacking midfielder,79,true,https://7a0.com.br/en/copas/1958/eng
1958,Sweden,eng,England,78,5,Midfield,20,B. Charlton,Attacking midfielder,82,true,https://7a0.com.br/en/copas/1958/eng
1958,Sweden,eng,England,78,5,Attack,7,Douglas,Right winger,80,false,https://7a0.com.br/en/copas/1958/eng
1958,Sweden,eng,England,78,5,Attack,17,Brabrook,Right winger,74,false,https://7a0.com.br/en/copas/1958/eng
1958,Sweden,eng,England,78,5,Attack,9,Kevan,Centre-forward,78,false,https://7a0.com.br/en/copas/1958/eng
1958,Sweden,eng,England,78,5,Attack,19,Smith,Centre-forward,77,false,https://7a0.com.br/en/copas/1958/eng
1958,Sweden,eng,England,78,5,Attack,11,Finney,Left winger,90,true,https://7a0.com.br/en/copas/1958/eng
1958,Sweden,eng,England,78,5,Attack,21,A'Court,Left winger,74,false,https://7a0.com.br/en/copas/1958/eng
1958,Sweden,fra,France,78,5,Goalkeepers,1,Abbès,Goalkeeper,76,false,https://7a0.com.br/en/copas/1958/fra
1958,Sweden,fra,France,78,5,Goalkeepers,2,Colonna,Goalkeeper,76,false,https://7a0.com.br/en/copas/1958/fra
1958,Sweden,fra,France,78,5,Goalkeepers,3,Remetter,Goalkeeper,78,false,https://7a0.com.br/en/copas/1958/fra
1958,Sweden,fra,France,78,5,Defence,4,Kaelbel,Centre-back,80,false,https://7a0.com.br/en/copas/1958/fra
1958,Sweden,fra,France,78,5,Defence,5,Lerond,Centre-back,78,false,https://7a0.com.br/en/copas/1958/fra
1958,Sweden,fra,France,78,5,Defence,7,Mouynet,Centre-back,70,false,https://7a0.com.br/en/copas/1958/fra
1958,Sweden,fra,France,78,5,Defence,6,Marche,Left-back,82,true,https://7a0.com.br/en/copas/1958/fra
1958,Sweden,fra,France,78,5,Midfield,9,Hnatow,Defensive midfielder,70,false,https://7a0.com.br/en/copas/1958/fra
1958,Sweden,fra,France,78,5,Midfield,10,Jonquet,Defensive midfielder,85,true,https://7a0.com.br/en/copas/1958/fra
1958,Sweden,fra,France,78,5,Midfield,11,Lafont,Defensive midfielder,71,false,https://7a0.com.br/en/copas/1958/fra
1958,Sweden,fra,France,78,5,Midfield,13,Penverne,Defensive midfielder,81,false,https://7a0.com.br/en/copas/1958/fra
1958,Sweden,fra,France,78,5,Midfield,8,Chiarelli,Right midfielder,71,false,https://7a0.com.br/en/copas/1958/fra
1958,Sweden,fra,France,78,5,Midfield,12,Marcel,Right midfielder,81,false,https://7a0.com.br/en/copas/1958/fra
1958,Sweden,fra,France,78,5,Midfield,14,Bellot,Right midfielder,70,false,https://7a0.com.br/en/copas/1958/fra
1958,Sweden,fra,France,78,5,Midfield,20,Piantoni,Left midfielder,85,true,https://7a0.com.br/en/copas/1958/fra
1958,Sweden,fra,France,78,5,Midfield,21,Vincent,Left midfielder,81,false,https://7a0.com.br/en/copas/1958/fra
1958,Sweden,fra,France,78,5,Midfield,18,Kopa,Attacking midfielder,92,true,https://7a0.com.br/en/copas/1958/fra
1958,Sweden,fra,France,78,5,Midfield,19,Oliver,Attacking midfielder,73,false,https://7a0.com.br/en/copas/1958/fra
1958,Sweden,fra,France,78,5,Attack,22,Wisnieski,Right winger,77,false,https://7a0.com.br/en/copas/1958/fra
1958,Sweden,fra,France,78,5,Attack,15,Bruey,Centre-forward,73,false,https://7a0.com.br/en/copas/1958/fra
1958,Sweden,fra,France,78,5,Attack,16,Douis,Centre-forward,78,false,https://7a0.com.br/en/copas/1958/fra
1958,Sweden,fra,France,78,5,Attack,17,Fontaine,Centre-forward,96,true,https://7a0.com.br/en/copas/1958/fra
1958,Sweden,ger,Germany,79,6,Goalkeepers,1,Herkenrath,Goalkeeper,79,false,https://7a0.com.br/en/copas/1958/ger
1958,Sweden,ger,Germany,79,6,Goalkeepers,22,Kwiatkowski,Goalkeeper,73,false,https://7a0.com.br/en/copas/1958/ger
1958,Sweden,ger,Germany,79,6,Defence,7,Stollenwerk,Right-back,77,false,https://7a0.com.br/en/copas/1958/ger
1958,Sweden,ger,Germany,79,6,Defence,2,Erhardt,Centre-back,79,false,https://7a0.com.br/en/copas/1958/ger
1958,Sweden,ger,Germany,79,6,Defence,5,Wewers,Centre-back,76,false,https://7a0.com.br/en/copas/1958/ger
1958,Sweden,ger,Germany,79,6,Defence,3,Juskowiak,Left-back,78,false,https://7a0.com.br/en/copas/1958/ger
1958,Sweden,ger,Germany,79,6,Defence,17,Schnellinger,Left-back,78,true,https://7a0.com.br/en/copas/1958/ger
1958,Sweden,ger,Germany,79,6,Midfield,6,Szymaniak,Defensive midfielder,81,false,https://7a0.com.br/en/copas/1958/ger
1958,Sweden,ger,Germany,79,6,Midfield,10,Schmidt,Defensive midfielder,75,false,https://7a0.com.br/en/copas/1958/ger
1958,Sweden,ger,Germany,79,6,Midfield,4,Eckel,Right midfielder,81,true,https://7a0.com.br/en/copas/1958/ger
1958,Sweden,ger,Germany,79,6,Midfield,9,F. Walter,Midfielder,88,true,https://7a0.com.br/en/copas/1958/ger
1958,Sweden,ger,Germany,79,6,Midfield,11,Schäfer,Left midfielder,84,true,https://7a0.com.br/en/copas/1958/ger
1958,Sweden,ger,Germany,79,6,Attack,8,Rahn,Right winger,87,true,https://7a0.com.br/en/copas/1958/ger
1958,Sweden,ger,Germany,79,6,Attack,13,Klodt,Right winger,76,false,https://7a0.com.br/en/copas/1958/ger
1958,Sweden,ger,Germany,79,6,Attack,16,Sturm,Right winger,72,false,https://7a0.com.br/en/copas/1958/ger
1958,Sweden,ger,Germany,79,6,Attack,12,Seeler,Centre-forward,82,true,https://7a0.com.br/en/copas/1958/ger
1958,Sweden,ger,Germany,79,6,Attack,14,Cieslarczyk,Centre-forward,73,false,https://7a0.com.br/en/copas/1958/ger
1958,Sweden,ger,Germany,79,6,Attack,15,Kelbassa,Centre-forward,74,false,https://7a0.com.br/en/copas/1958/ger
1958,Sweden,hun,Hungary,76,4,Goalkeepers,1,Grosics,Goalkeeper,88,true,https://7a0.com.br/en/copas/1958/hun
1958,Sweden,hun,Hungary,76,4,Goalkeepers,22,Ilku,Goalkeeper,70,false,https://7a0.com.br/en/copas/1958/hun
1958,Sweden,hun,Hungary,76,4,Defence,2,Mátrai,Centre-back,79,false,https://7a0.com.br/en/copas/1958/hun
1958,Sweden,hun,Hungary,76,4,Defence,4,L. Sárosi,Centre-back,74,false,https://7a0.com.br/en/copas/1958/hun
1958,Sweden,hun,Hungary,76,4,Defence,12,Kárpáti,Centre-back,73,false,https://7a0.com.br/en/copas/1958/hun
1958,Sweden,hun,Hungary,76,4,Defence,13,Szigeti,Centre-back,70,false,https://7a0.com.br/en/copas/1958/hun
1958,Sweden,hun,Hungary,76,4,Midfield,3,Sipos,Defensive midfielder,78,false,https://7a0.com.br/en/copas/1958/hun
1958,Sweden,hun,Hungary,76,4,Midfield,5,Bozsik,Defensive midfielder,87,true,https://7a0.com.br/en/copas/1958/hun
1958,Sweden,hun,Hungary,76,4,Midfield,6,Berendy,Right midfielder,73,false,https://7a0.com.br/en/copas/1958/hun
1958,Sweden,hun,Hungary,76,4,Midfield,15,Kotász,Right midfielder,72,false,https://7a0.com.br/en/copas/1958/hun
1958,Sweden,hun,Hungary,76,4,Midfield,9,Hidegkuti,Attacking midfielder,85,true,https://7a0.com.br/en/copas/1958/hun
1958,Sweden,hun,Hungary,76,4,Midfield,14,Szojka,Attacking midfielder,73,false,https://7a0.com.br/en/copas/1958/hun
1958,Sweden,hun,Hungary,76,4,Attack,7,Budai,Right winger,80,false,https://7a0.com.br/en/copas/1958/hun
1958,Sweden,hun,Hungary,76,4,Attack,11,K. Sándor,Right winger,80,false,https://7a0.com.br/en/copas/1958/hun
1958,Sweden,hun,Hungary,76,4,Attack,19,Friedmanszky,Right winger,69,false,https://7a0.com.br/en/copas/1958/hun
1958,Sweden,hun,Hungary,76,4,Attack,8,Tichy,Centre-forward,84,true,https://7a0.com.br/en/copas/1958/hun
1958,Sweden,hun,Hungary,76,4,Attack,10,Bundzsák,Centre-forward,73,false,https://7a0.com.br/en/copas/1958/hun
1958,Sweden,hun,Hungary,76,4,Attack,16,Lachos,Centre-forward,69,false,https://7a0.com.br/en/copas/1958/hun
1958,Sweden,hun,Hungary,76,4,Attack,17,Vasas,Centre-forward,69,false,https://7a0.com.br/en/copas/1958/hun
1958,Sweden,hun,Hungary,76,4,Attack,18,Monostori,Centre-forward,70,false,https://7a0.com.br/en/copas/1958/hun
1958,Sweden,hun,Hungary,76,4,Attack,20,Bencsics,Centre-forward,69,false,https://7a0.com.br/en/copas/1958/hun
1958,Sweden,hun,Hungary,76,4,Attack,21,Fenyvesi,Left winger,76,false,https://7a0.com.br/en/copas/1958/hun
1958,Sweden,nir,Northern Ireland,76,5,Goalkeepers,1,Gregg,Goalkeeper,85,true,https://7a0.com.br/en/copas/1958/nir
1958,Sweden,nir,Northern Ireland,76,5,Goalkeepers,12,Uprichard,Goalkeeper,73,false,https://7a0.com.br/en/copas/1958/nir
1958,Sweden,nir,Northern Ireland,76,5,Goalkeepers,18,Rea,Goalkeeper,67,false,https://7a0.com.br/en/copas/1958/nir
1958,Sweden,nir,Northern Ireland,76,5,Defence,2,Cunningham,Right-back,78,false,https://7a0.com.br/en/copas/1958/nir
1958,Sweden,nir,Northern Ireland,76,5,Defence,5,Keith,Right-back,76,false,https://7a0.com.br/en/copas/1958/nir
1958,Sweden,nir,Northern Ireland,76,5,Defence,21,Hamill,Centre-back,67,false,https://7a0.com.br/en/copas/1958/nir
1958,Sweden,nir,Northern Ireland,76,5,Defence,3,McMichael,Left-back,80,false,https://7a0.com.br/en/copas/1958/nir
1958,Sweden,nir,Northern Ireland,76,5,Defence,19,Graham,Left-back,72,false,https://7a0.com.br/en/copas/1958/nir
1958,Sweden,nir,Northern Ireland,76,5,Midfield,6,Peacock,Defensive midfielder,80,false,https://7a0.com.br/en/copas/1958/nir
1958,Sweden,nir,Northern Ireland,76,5,Midfield,13,Casey,Defensive midfielder,74,false,https://7a0.com.br/en/copas/1958/nir
1958,Sweden,nir,Northern Ireland,76,5,Midfield,20,Chapman,Defensive midfielder,67,false,https://7a0.com.br/en/copas/1958/nir
1958,Sweden,nir,Northern Ireland,76,5,Midfield,4,Blanchflower,Midfielder,89,true,https://7a0.com.br/en/copas/1958/nir
1958,Sweden,nir,Northern Ireland,76,5,Midfield,8,Cush,Midfielder,79,false,https://7a0.com.br/en/copas/1958/nir
1958,Sweden,nir,Northern Ireland,76,5,Midfield,10,McIlroy,Midfielder,86,true,https://7a0.com.br/en/copas/1958/nir
1958,Sweden,nir,Northern Ireland,76,5,Attack,7,Bingham,Right winger,81,true,https://7a0.com.br/en/copas/1958/nir
1958,Sweden,nir,Northern Ireland,76,5,Attack,14,Scott,Right winger,71,false,https://7a0.com.br/en/copas/1958/nir
1958,Sweden,nir,Northern Ireland,76,5,Attack,22,Trainor,Right winger,67,false,https://7a0.com.br/en/copas/1958/nir
1958,Sweden,nir,Northern Ireland,76,5,Attack,9,Simpson,Centre-forward,76,false,https://7a0.com.br/en/copas/1958/nir
1958,Sweden,nir,Northern Ireland,76,5,Attack,15,McCrory,Centre-forward,70,false,https://7a0.com.br/en/copas/1958/nir
1958,Sweden,nir,Northern Ireland,76,5,Attack,16,Dougan,Centre-forward,75,false,https://7a0.com.br/en/copas/1958/nir
1958,Sweden,nir,Northern Ireland,76,5,Attack,17,Coyle,Centre-forward,70,false,https://7a0.com.br/en/copas/1958/nir
1958,Sweden,nir,Northern Ireland,76,5,Attack,11,McParland,Left winger,83,true,https://7a0.com.br/en/copas/1958/nir
1958,Sweden,par,Paraguay,76,1,Goalkeepers,1,Mayeregger,Goalkeeper,77,false,https://7a0.com.br/en/copas/1958/par
1958,Sweden,par,Paraguay,76,1,Goalkeepers,12,Aguilar,Goalkeeper,73,false,https://7a0.com.br/en/copas/1958/par
1958,Sweden,par,Paraguay,76,1,Defence,2,Arévalo,Centre-back,78,false,https://7a0.com.br/en/copas/1958/par
1958,Sweden,par,Paraguay,76,1,Defence,4,Achúcarro,Centre-back,78,false,https://7a0.com.br/en/copas/1958/par
1958,Sweden,par,Paraguay,76,1,Defence,6,Echagüe,Centre-back,76,false,https://7a0.com.br/en/copas/1958/par
1958,Sweden,par,Paraguay,76,1,Defence,13,Gini,Centre-back,74,false,https://7a0.com.br/en/copas/1958/par
1958,Sweden,par,Paraguay,76,1,Defence,14,Segovia,Centre-back,74,false,https://7a0.com.br/en/copas/1958/par
1958,Sweden,par,Paraguay,76,1,Defence,17,Miranda,Centre-back,73,false,https://7a0.com.br/en/copas/1958/par
1958,Sweden,par,Paraguay,76,1,Midfield,3,J. Lezcano,Right midfielder,76,false,https://7a0.com.br/en/copas/1958/par
1958,Sweden,par,Paraguay,76,1,Midfield,5,Villalba,Right midfielder,77,false,https://7a0.com.br/en/copas/1958/par
1958,Sweden,par,Paraguay,76,1,Midfield,15,Santos Silva,Right midfielder,72,false,https://7a0.com.br/en/copas/1958/par
1958,Sweden,par,Paraguay,76,1,Midfield,10,Aguilera,Attacking midfielder,78,false,https://7a0.com.br/en/copas/1958/par
1958,Sweden,par,Paraguay,76,1,Attack,19,E. Insfrán,Right winger,72,false,https://7a0.com.br/en/copas/1958/par
1958,Sweden,par,Paraguay,76,1,Attack,7,Agüero,Centre-forward,83,false,https://7a0.com.br/en/copas/1958/par
1958,Sweden,par,Paraguay,76,1,Attack,8,Parodi,Centre-forward,78,false,https://7a0.com.br/en/copas/1958/par
1958,Sweden,par,Paraguay,76,1,Attack,9,Romero,Centre-forward,80,false,https://7a0.com.br/en/copas/1958/par
1958,Sweden,par,Paraguay,76,1,Attack,16,C. Lezcano,Centre-forward,72,false,https://7a0.com.br/en/copas/1958/par
1958,Sweden,par,Paraguay,76,1,Attack,18,Penayo,Centre-forward,73,false,https://7a0.com.br/en/copas/1958/par
1958,Sweden,par,Paraguay,76,1,Attack,20,Aveiro,Centre-forward,73,false,https://7a0.com.br/en/copas/1958/par
1958,Sweden,par,Paraguay,76,1,Attack,21,Ré,Centre-forward,82,true,https://7a0.com.br/en/copas/1958/par
1958,Sweden,par,Paraguay,76,1,Attack,11,Amarilla,Left winger,81,false,https://7a0.com.br/en/copas/1958/par
1958,Sweden,par,Paraguay,76,1,Attack,22,El. Insfrán,Left winger,71,false,https://7a0.com.br/en/copas/1958/par
1958,Sweden,urs,Soviet Union,78,5,Goalkeepers,1,Yashin,Goalkeeper,99,true,https://7a0.com.br/en/copas/1958/urs
1958,Sweden,urs,Soviet Union,78,5,Goalkeepers,12,Maslachenko,Goalkeeper,75,false,https://7a0.com.br/en/copas/1958/urs
1958,Sweden,urs,Soviet Union,78,5,Goalkeepers,13,Belyayev,Goalkeeper,72,false,https://7a0.com.br/en/copas/1958/urs
1958,Sweden,urs,Soviet Union,78,5,Defence,2,Kesarev,Right-back,78,false,https://7a0.com.br/en/copas/1958/urs
1958,Sweden,urs,Soviet Union,78,5,Defence,22,Yerokhin,Centre-back,71,false,https://7a0.com.br/en/copas/1958/urs
1958,Sweden,urs,Soviet Union,78,5,Defence,4,Kuznetsov,Left-back,79,false,https://7a0.com.br/en/copas/1958/urs
1958,Sweden,urs,Soviet Union,78,5,Defence,14,Ostrovskiy,Left-back,73,false,https://7a0.com.br/en/copas/1958/urs
1958,Sweden,urs,Soviet Union,78,5,Midfield,3,Krizhevsky,Defensive midfielder,78,false,https://7a0.com.br/en/copas/1958/urs
1958,Sweden,urs,Soviet Union,78,5,Midfield,6,Netto,Defensive midfielder,88,true,https://7a0.com.br/en/copas/1958/urs
1958,Sweden,urs,Soviet Union,78,5,Midfield,15,Maslyonkin,Defensive midfielder,77,false,https://7a0.com.br/en/copas/1958/urs
1958,Sweden,urs,Soviet Union,78,5,Midfield,5,Voinov,Right midfielder,84,true,https://7a0.com.br/en/copas/1958/urs
1958,Sweden,urs,Soviet Union,78,5,Midfield,16,Tsarev,Right midfielder,74,false,https://7a0.com.br/en/copas/1958/urs
1958,Sweden,urs,Soviet Union,78,5,Midfield,8,V. Ivanov,Attacking midfielder,86,true,https://7a0.com.br/en/copas/1958/urs
1958,Sweden,urs,Soviet Union,78,5,Midfield,10,Salnikov,Attacking midfielder,80,false,https://7a0.com.br/en/copas/1958/urs
1958,Sweden,urs,Soviet Union,78,5,Midfield,18,Bubukin,Attacking midfielder,75,false,https://7a0.com.br/en/copas/1958/urs
1958,Sweden,urs,Soviet Union,78,5,Midfield,20,Falin,Attacking midfielder,72,false,https://7a0.com.br/en/copas/1958/urs
1958,Sweden,urs,Soviet Union,78,5,Midfield,21,Fedosov,Attacking midfielder,73,false,https://7a0.com.br/en/copas/1958/urs
1958,Sweden,urs,Soviet Union,78,5,Attack,7,Apukhtin,Right winger,72,false,https://7a0.com.br/en/copas/1958/urs
1958,Sweden,urs,Soviet Union,78,5,Attack,9,Simonyan,Centre-forward,85,true,https://7a0.com.br/en/copas/1958/urs
1958,Sweden,urs,Soviet Union,78,5,Attack,17,A. Ivanov,Centre-forward,72,false,https://7a0.com.br/en/copas/1958/urs
1958,Sweden,urs,Soviet Union,78,5,Attack,19,Gusarov,Centre-forward,73,false,https://7a0.com.br/en/copas/1958/urs
1958,Sweden,urs,Soviet Union,78,5,Attack,11,Ilyin,Left winger,80,false,https://7a0.com.br/en/copas/1958/urs
1958,Sweden,swe,Sweden,78,7,Goalkeepers,1,K. Svensson,Goalkeeper,84,true,https://7a0.com.br/en/copas/1958/swe
1958,Sweden,swe,Sweden,78,7,Goalkeepers,12,T. Svensson,Goalkeeper,71,false,https://7a0.com.br/en/copas/1958/swe
1958,Sweden,swe,Sweden,78,7,Goalkeepers,16,Haraldsson,Goalkeeper,70,false,https://7a0.com.br/en/copas/1958/swe
1958,Sweden,swe,Sweden,78,7,Defence,2,Bergmark,Right-back,84,true,https://7a0.com.br/en/copas/1958/swe
1958,Sweden,swe,Sweden,78,7,Defence,5,Å. Johansson,Centre-back,76,false,https://7a0.com.br/en/copas/1958/swe
1958,Sweden,swe,Sweden,78,7,Defence,13,Öberg,Centre-back,72,false,https://7a0.com.br/en/copas/1958/swe
1958,Sweden,swe,Sweden,78,7,Defence,14,Gustavsson,Centre-back,84,true,https://7a0.com.br/en/copas/1958/swe
1958,Sweden,swe,Sweden,78,7,Defence,3,Axbom,Left-back,78,false,https://7a0.com.br/en/copas/1958/swe
1958,Sweden,swe,Sweden,78,7,Midfield,6,Parling,Right midfielder,80,false,https://7a0.com.br/en/copas/1958/swe
1958,Sweden,swe,Sweden,78,7,Midfield,15,Börjesson,Right midfielder,73,false,https://7a0.com.br/en/copas/1958/swe
1958,Sweden,swe,Sweden,78,7,Midfield,4,Liedholm,Midfielder,90,true,https://7a0.com.br/en/copas/1958/swe
1958,Sweden,swe,Sweden,78,7,Midfield,17,Håkansson,Midfielder,73,false,https://7a0.com.br/en/copas/1958/swe
1958,Sweden,swe,Sweden,78,7,Midfield,8,Gren,Attacking midfielder,87,true,https://7a0.com.br/en/copas/1958/swe
1958,Sweden,swe,Sweden,78,7,Attack,7,Hamrin,Right winger,89,true,https://7a0.com.br/en/copas/1958/swe
1958,Sweden,swe,Sweden,78,7,Attack,21,Berndtsson,Right winger,74,false,https://7a0.com.br/en/copas/1958/swe
1958,Sweden,swe,Sweden,78,7,Attack,22,Ohlsson,Right winger,70,false,https://7a0.com.br/en/copas/1958/swe
1958,Sweden,swe,Sweden,78,7,Attack,9,Simonsson,Centre-forward,82,false,https://7a0.com.br/en/copas/1958/swe
1958,Sweden,swe,Sweden,78,7,Attack,10,Selmosson,Centre-forward,78,false,https://7a0.com.br/en/copas/1958/swe
1958,Sweden,swe,Sweden,78,7,Attack,18,Löfgren,Centre-forward,72,false,https://7a0.com.br/en/copas/1958/swe
1958,Sweden,swe,Sweden,78,7,Attack,19,Källgren,Centre-forward,72,false,https://7a0.com.br/en/copas/1958/swe
1958,Sweden,swe,Sweden,78,7,Attack,20,Mellberg,Centre-forward,71,false,https://7a0.com.br/en/copas/1958/swe
1958,Sweden,swe,Sweden,78,7,Attack,11,Skoglund,Left winger,86,true,https://7a0.com.br/en/copas/1958/swe
1958,Sweden,wal,Wales,76,4,Goalkeepers,1,Kelsey,Goalkeeper,84,true,https://7a0.com.br/en/copas/1958/wal
1958,Sweden,wal,Wales,76,4,Goalkeepers,12,K. Jones,Goalkeeper,68,false,https://7a0.com.br/en/copas/1958/wal
1958,Sweden,wal,Wales,76,4,Goalkeepers,13,Vearncombe,Goalkeeper,69,false,https://7a0.com.br/en/copas/1958/wal
1958,Sweden,wal,Wales,76,4,Defence,2,S. Williams,Right-back,76,false,https://7a0.com.br/en/copas/1958/wal
1958,Sweden,wal,Wales,76,4,Defence,14,T. Edwards,Right-back,71,false,https://7a0.com.br/en/copas/1958/wal
1958,Sweden,wal,Wales,76,4,Defence,4,Sullivan,Centre-back,74,false,https://7a0.com.br/en/copas/1958/wal
1958,Sweden,wal,Wales,76,4,Defence,15,C. Baker,Centre-back,70,false,https://7a0.com.br/en/copas/1958/wal
1958,Sweden,wal,Wales,76,4,Defence,3,Hopkins,Left-back,76,false,https://7a0.com.br/en/copas/1958/wal
1958,Sweden,wal,Wales,76,4,Midfield,5,M. Charles,Defensive midfielder,80,false,https://7a0.com.br/en/copas/1958/wal
1958,Sweden,wal,Wales,76,4,Midfield,6,Bowen,Defensive midfielder,79,false,https://7a0.com.br/en/copas/1958/wal
1958,Sweden,wal,Wales,76,4,Midfield,16,Crowe,Defensive midfielder,72,false,https://7a0.com.br/en/copas/1958/wal
1958,Sweden,wal,Wales,76,4,Midfield,20,Elsworthy,Defensive midfielder,71,false,https://7a0.com.br/en/copas/1958/wal
1958,Sweden,wal,Wales,76,4,Midfield,8,Hewitt,Midfielder,73,false,https://7a0.com.br/en/copas/1958/wal
1958,Sweden,wal,Wales,76,4,Midfield,10,I. Allchurch,Midfielder,85,true,https://7a0.com.br/en/copas/1958/wal
1958,Sweden,wal,Wales,76,4,Midfield,18,Vernon,Midfielder,76,false,https://7a0.com.br/en/copas/1958/wal
1958,Sweden,wal,Wales,76,4,Attack,7,Medwin,Right winger,78,false,https://7a0.com.br/en/copas/1958/wal
1958,Sweden,wal,Wales,76,4,Attack,21,L. Allchurch,Right winger,73,false,https://7a0.com.br/en/copas/1958/wal
1958,Sweden,wal,Wales,76,4,Attack,22,G. Baker,Right winger,68,false,https://7a0.com.br/en/copas/1958/wal
1958,Sweden,wal,Wales,76,4,Attack,9,J. Charles,Centre-forward,92,true,https://7a0.com.br/en/copas/1958/wal
1958,Sweden,wal,Wales,76,4,Attack,17,Leek,Centre-forward,72,false,https://7a0.com.br/en/copas/1958/wal
1958,Sweden,wal,Wales,76,4,Attack,19,Webster,Centre-forward,73,false,https://7a0.com.br/en/copas/1958/wal
1958,Sweden,wal,Wales,76,4,Attack,11,C. Jones,Left winger,84,true,https://7a0.com.br/en/copas/1958/wal
1958,Sweden,yug,Yugoslavia,77,4,Goalkeepers,1,Beara,Goalkeeper,90,true,https://7a0.com.br/en/copas/1958/yug
1958,Sweden,yug,Yugoslavia,77,4,Goalkeepers,2,Krivokuća,Goalkeeper,71,false,https://7a0.com.br/en/copas/1958/yug
1958,Sweden,yug,Yugoslavia,77,4,Defence,11,Popović,Right-back,74,false,https://7a0.com.br/en/copas/1958/yug
1958,Sweden,yug,Yugoslavia,77,4,Defence,14,Milorad Milutinović,Right-back,71,false,https://7a0.com.br/en/copas/1958/yug
1958,Sweden,yug,Yugoslavia,77,4,Defence,3,Šijaković,Centre-back,72,false,https://7a0.com.br/en/copas/1958/yug
1958,Sweden,yug,Yugoslavia,77,4,Defence,5,Tomić,Centre-back,70,false,https://7a0.com.br/en/copas/1958/yug
1958,Sweden,yug,Yugoslavia,77,4,Defence,4,Crnković,Left-back,80,false,https://7a0.com.br/en/copas/1958/yug
1958,Sweden,yug,Yugoslavia,77,4,Midfield,6,Zebec,Defensive midfielder,85,true,https://7a0.com.br/en/copas/1958/yug
1958,Sweden,yug,Yugoslavia,77,4,Midfield,8,Krstić,Defensive midfielder,76,false,https://7a0.com.br/en/copas/1958/yug
1958,Sweden,yug,Yugoslavia,77,4,Midfield,10,Šantek,Defensive midfielder,73,false,https://7a0.com.br/en/copas/1958/yug
1958,Sweden,yug,Yugoslavia,77,4,Midfield,9,Boškov,Right midfielder,86,true,https://7a0.com.br/en/copas/1958/yug
1958,Sweden,yug,Yugoslavia,77,4,Midfield,17,Rajkov,Right midfielder,74,false,https://7a0.com.br/en/copas/1958/yug
1958,Sweden,yug,Yugoslavia,77,4,Midfield,15,Šekularac,Midfielder,84,true,https://7a0.com.br/en/copas/1958/yug
1958,Sweden,yug,Yugoslavia,77,4,Attack,18,Lipošinović,Right winger,72,false,https://7a0.com.br/en/copas/1958/yug
1958,Sweden,yug,Yugoslavia,77,4,Attack,7,M. Milutinović,Centre-forward,82,false,https://7a0.com.br/en/copas/1958/yug
1958,Sweden,yug,Yugoslavia,77,4,Attack,12,Petaković,Centre-forward,76,false,https://7a0.com.br/en/copas/1958/yug
1958,Sweden,yug,Yugoslavia,77,4,Attack,13,Veselinović,Centre-forward,83,false,https://7a0.com.br/en/copas/1958/yug
1958,Sweden,yug,Yugoslavia,77,4,Attack,16,Pašić,Left winger,73,false,https://7a0.com.br/en/copas/1958/yug
1958,Sweden,yug,Yugoslavia,77,4,Attack,19,Ognjanović,Left winger,71,false,https://7a0.com.br/en/copas/1958/yug
1962,Chile,arg,Argentina,76,4,Goalkeepers,1,Roma,Goalkeeper,81,true,https://7a0.com.br/en/copas/1962/arg
1962,Chile,arg,Argentina,76,4,Goalkeepers,12,Domínguez,Goalkeeper,78,false,https://7a0.com.br/en/copas/1962/arg
1962,Chile,arg,Argentina,76,4,Defence,2,Ramos Delgado,Centre-back,80,false,https://7a0.com.br/en/copas/1962/arg
1962,Chile,arg,Argentina,76,4,Defence,4,Sainz,Centre-back,73,false,https://7a0.com.br/en/copas/1962/arg
1962,Chile,arg,Argentina,76,4,Defence,14,Mariotti,Centre-back,70,false,https://7a0.com.br/en/copas/1962/arg
1962,Chile,arg,Argentina,76,4,Defence,3,Marzolini,Left-back,85,true,https://7a0.com.br/en/copas/1962/arg
1962,Chile,arg,Argentina,76,4,Midfield,6,Páez,Defensive midfielder,71,false,https://7a0.com.br/en/copas/1962/arg
1962,Chile,arg,Argentina,76,4,Midfield,15,Navarro,Defensive midfielder,77,false,https://7a0.com.br/en/copas/1962/arg
1962,Chile,arg,Argentina,76,4,Midfield,16,Rattín,Defensive midfielder,84,true,https://7a0.com.br/en/copas/1962/arg
1962,Chile,arg,Argentina,76,4,Midfield,17,Albrecht,Defensive midfielder,78,false,https://7a0.com.br/en/copas/1962/arg
1962,Chile,arg,Argentina,76,4,Midfield,18,Cap,Defensive midfielder,74,false,https://7a0.com.br/en/copas/1962/arg
1962,Chile,arg,Argentina,76,4,Midfield,5,Sacchi,Right midfielder,76,false,https://7a0.com.br/en/copas/1962/arg
1962,Chile,arg,Argentina,76,4,Midfield,13,O. Rossi,Right midfielder,73,false,https://7a0.com.br/en/copas/1962/arg
1962,Chile,arg,Argentina,76,4,Midfield,8,Pando,Attacking midfielder,76,false,https://7a0.com.br/en/copas/1962/arg
1962,Chile,arg,Argentina,76,4,Midfield,11,Belén,Attacking midfielder,75,false,https://7a0.com.br/en/copas/1962/arg
1962,Chile,arg,Argentina,76,4,Midfield,21,Abeledo,Attacking midfielder,73,false,https://7a0.com.br/en/copas/1962/arg
1962,Chile,arg,Argentina,76,4,Attack,7,Facundo,Right winger,74,false,https://7a0.com.br/en/copas/1962/arg
1962,Chile,arg,Argentina,76,4,Attack,9,Pagani,Centre-forward,74,false,https://7a0.com.br/en/copas/1962/arg
1962,Chile,arg,Argentina,76,4,Attack,10,Sanfilippo,Centre-forward,83,true,https://7a0.com.br/en/copas/1962/arg
1962,Chile,arg,Argentina,76,4,Attack,19,Sosa,Centre-forward,76,false,https://7a0.com.br/en/copas/1962/arg
1962,Chile,arg,Argentina,76,4,Attack,20,Oleniak,Centre-forward,72,false,https://7a0.com.br/en/copas/1962/arg
1962,Chile,arg,Argentina,76,4,Attack,22,A. González,Centre-forward,72,false,https://7a0.com.br/en/copas/1962/arg
1962,Chile,bra,Brazil,82,10,Goalkeepers,1,Gilmar,Goalkeeper,88,true,https://7a0.com.br/en/copas/1962/bra
1962,Chile,bra,Brazil,82,10,Goalkeepers,22,Castilho,Goalkeeper,78,false,https://7a0.com.br/en/copas/1962/bra
1962,Chile,bra,Brazil,82,10,Defence,2,Djalma Santos,Right-back,89,true,https://7a0.com.br/en/copas/1962/bra
1962,Chile,bra,Brazil,82,10,Defence,12,Jair Marinho,Right-back,74,false,https://7a0.com.br/en/copas/1962/bra
1962,Chile,bra,Brazil,82,10,Defence,3,Mauro,Centre-back,82,true,https://7a0.com.br/en/copas/1962/bra
1962,Chile,bra,Brazil,82,10,Defence,5,Zózimo,Centre-back,79,false,https://7a0.com.br/en/copas/1962/bra
1962,Chile,bra,Brazil,82,10,Defence,13,Bellini,Centre-back,82,true,https://7a0.com.br/en/copas/1962/bra
1962,Chile,bra,Brazil,82,10,Defence,14,Jurandir,Centre-back,71,false,https://7a0.com.br/en/copas/1962/bra
1962,Chile,bra,Brazil,82,10,Defence,6,Nílton Santos,Left-back,88,true,https://7a0.com.br/en/copas/1962/bra
1962,Chile,bra,Brazil,82,10,Defence,15,Altair,Left-back,76,false,https://7a0.com.br/en/copas/1962/bra
1962,Chile,bra,Brazil,82,10,Midfield,4,Zito,Defensive midfielder,83,false,https://7a0.com.br/en/copas/1962/bra
1962,Chile,bra,Brazil,82,10,Midfield,8,Didi,Midfielder,88,true,https://7a0.com.br/en/copas/1962/bra
1962,Chile,bra,Brazil,82,10,Midfield,16,Zequinha,Midfielder,74,false,https://7a0.com.br/en/copas/1962/bra
1962,Chile,bra,Brazil,82,10,Midfield,17,Mengálvio,Midfielder,75,false,https://7a0.com.br/en/copas/1962/bra
1962,Chile,bra,Brazil,82,10,Attack,7,Garrincha,Right winger,98,true,https://7a0.com.br/en/copas/1962/bra
1962,Chile,bra,Brazil,82,10,Attack,18,Jair da Costa,Right winger,76,false,https://7a0.com.br/en/copas/1962/bra
1962,Chile,bra,Brazil,82,10,Attack,9,Coutinho,Centre-forward,80,false,https://7a0.com.br/en/copas/1962/bra
1962,Chile,bra,Brazil,82,10,Attack,10,Pelé,Centre-forward,94,true,https://7a0.com.br/en/copas/1962/bra
1962,Chile,bra,Brazil,82,10,Attack,19,Vavá,Centre-forward,85,true,https://7a0.com.br/en/copas/1962/bra
1962,Chile,bra,Brazil,82,10,Attack,20,Amarildo,Centre-forward,83,false,https://7a0.com.br/en/copas/1962/bra
1962,Chile,bra,Brazil,82,10,Attack,11,Pepe,Left winger,83,false,https://7a0.com.br/en/copas/1962/bra
1962,Chile,bra,Brazil,82,10,Attack,21,Zagallo,Left winger,84,true,https://7a0.com.br/en/copas/1962/bra
1962,Chile,chi,Chile,77,2,Goalkeepers,1,Escuti,Goalkeeper,81,false,https://7a0.com.br/en/copas/1962/chi
1962,Chile,chi,Chile,77,2,Goalkeepers,12,Godoy,Goalkeeper,73,false,https://7a0.com.br/en/copas/1962/chi
1962,Chile,chi,Chile,77,2,Defence,2,Eyzaguirre,Right-back,82,true,https://7a0.com.br/en/copas/1962/chi
1962,Chile,chi,Chile,77,2,Defence,16,Cruz,Right-back,72,false,https://7a0.com.br/en/copas/1962/chi
1962,Chile,chi,Chile,77,2,Defence,3,R. Sánchez,Centre-back,78,false,https://7a0.com.br/en/copas/1962/chi
1962,Chile,chi,Chile,77,2,Defence,4,Navarro,Centre-back,78,false,https://7a0.com.br/en/copas/1962/chi
1962,Chile,chi,Chile,77,2,Defence,13,S. Valdés,Centre-back,75,false,https://7a0.com.br/en/copas/1962/chi
1962,Chile,chi,Chile,77,2,Defence,14,Lepe,Centre-back,72,false,https://7a0.com.br/en/copas/1962/chi
1962,Chile,chi,Chile,77,2,Defence,15,M. Rodríguez,Left-back,72,false,https://7a0.com.br/en/copas/1962/chi
1962,Chile,chi,Chile,77,2,Midfield,5,Contreras,Defensive midfielder,76,false,https://7a0.com.br/en/copas/1962/chi
1962,Chile,chi,Chile,77,2,Midfield,6,E. Rojas,Defensive midfielder,81,false,https://7a0.com.br/en/copas/1962/chi
1962,Chile,chi,Chile,77,2,Midfield,17,Ortiz,Right midfielder,76,false,https://7a0.com.br/en/copas/1962/chi
1962,Chile,chi,Chile,77,2,Midfield,8,Toro,Attacking midfielder,81,false,https://7a0.com.br/en/copas/1962/chi
1962,Chile,chi,Chile,77,2,Attack,7,J. Ramírez,Right winger,79,false,https://7a0.com.br/en/copas/1962/chi
1962,Chile,chi,Chile,77,2,Attack,10,Fouilloux,Right winger,79,false,https://7a0.com.br/en/copas/1962/chi
1962,Chile,chi,Chile,77,2,Attack,9,Landa,Centre-forward,78,false,https://7a0.com.br/en/copas/1962/chi
1962,Chile,chi,Chile,77,2,Attack,18,Moreno,Centre-forward,75,false,https://7a0.com.br/en/copas/1962/chi
1962,Chile,chi,Chile,77,2,Attack,20,Campos,Centre-forward,75,false,https://7a0.com.br/en/copas/1962/chi
1962,Chile,chi,Chile,77,2,Attack,11,L. Sánchez,Left winger,88,true,https://7a0.com.br/en/copas/1962/chi
1962,Chile,chi,Chile,77,2,Attack,19,Musso,Left winger,74,false,https://7a0.com.br/en/copas/1962/chi
1962,Chile,tch,Czechoslovakia,78,5,Goalkeepers,1,Schrojf,Goalkeeper,86,true,https://7a0.com.br/en/copas/1962/tch
1962,Chile,tch,Czechoslovakia,78,5,Goalkeepers,13,Schmucker,Goalkeeper,71,false,https://7a0.com.br/en/copas/1962/tch
1962,Chile,tch,Czechoslovakia,78,5,Goalkeepers,21,Kouba,Goalkeeper,70,false,https://7a0.com.br/en/copas/1962/tch
1962,Chile,tch,Czechoslovakia,78,5,Defence,2,Lála,Right-back,76,false,https://7a0.com.br/en/copas/1962/tch
1962,Chile,tch,Czechoslovakia,78,5,Defence,3,Popluhár,Centre-back,86,true,https://7a0.com.br/en/copas/1962/tch
1962,Chile,tch,Czechoslovakia,78,5,Defence,22,Bomba,Centre-back,72,false,https://7a0.com.br/en/copas/1962/tch
1962,Chile,tch,Czechoslovakia,78,5,Defence,4,Novák,Left-back,83,true,https://7a0.com.br/en/copas/1962/tch
1962,Chile,tch,Czechoslovakia,78,5,Midfield,12,Tichý,Defensive midfielder,75,false,https://7a0.com.br/en/copas/1962/tch
1962,Chile,tch,Czechoslovakia,78,5,Midfield,5,Pluskal,Right midfielder,82,true,https://7a0.com.br/en/copas/1962/tch
1962,Chile,tch,Czechoslovakia,78,5,Midfield,16,Buberník,Right midfielder,75,false,https://7a0.com.br/en/copas/1962/tch
1962,Chile,tch,Czechoslovakia,78,5,Midfield,6,Masopust,Midfielder,90,true,https://7a0.com.br/en/copas/1962/tch
1962,Chile,tch,Czechoslovakia,78,5,Midfield,19,Kvašňák,Attacking midfielder,79,false,https://7a0.com.br/en/copas/1962/tch
1962,Chile,tch,Czechoslovakia,78,5,Attack,7,Štibrányi,Right winger,76,false,https://7a0.com.br/en/copas/1962/tch
1962,Chile,tch,Czechoslovakia,78,5,Attack,17,Pospíchal,Right winger,74,false,https://7a0.com.br/en/copas/1962/tch
1962,Chile,tch,Czechoslovakia,78,5,Attack,8,Scherer,Centre-forward,83,false,https://7a0.com.br/en/copas/1962/tch
1962,Chile,tch,Czechoslovakia,78,5,Attack,10,Adamec,Centre-forward,78,false,https://7a0.com.br/en/copas/1962/tch
1962,Chile,tch,Czechoslovakia,78,5,Attack,14,Mašek,Centre-forward,74,false,https://7a0.com.br/en/copas/1962/tch
1962,Chile,tch,Czechoslovakia,78,5,Attack,18,Kadraba,Centre-forward,76,false,https://7a0.com.br/en/copas/1962/tch
1962,Chile,tch,Czechoslovakia,78,5,Attack,20,Borovička,Centre-forward,73,false,https://7a0.com.br/en/copas/1962/tch
1962,Chile,tch,Czechoslovakia,78,5,Attack,9,Molnár,Left winger,78,false,https://7a0.com.br/en/copas/1962/tch
1962,Chile,tch,Czechoslovakia,78,5,Attack,11,Jelínek,Left winger,76,false,https://7a0.com.br/en/copas/1962/tch
1962,Chile,tch,Czechoslovakia,78,5,Attack,15,Kos,Left winger,72,false,https://7a0.com.br/en/copas/1962/tch
1962,Chile,eng,England,79,6,Goalkeepers,1,Springett,Goalkeeper,79,false,https://7a0.com.br/en/copas/1962/eng
1962,Chile,eng,England,79,6,Goalkeepers,12,Hodgkinson,Goalkeeper,74,false,https://7a0.com.br/en/copas/1962/eng
1962,Chile,eng,England,79,6,Defence,2,Armfield,Right-back,82,false,https://7a0.com.br/en/copas/1962/eng
1962,Chile,eng,England,79,6,Defence,21,Howe,Right-back,76,false,https://7a0.com.br/en/copas/1962/eng
1962,Chile,eng,England,79,6,Defence,5,Swan,Centre-back,78,false,https://7a0.com.br/en/copas/1962/eng
1962,Chile,eng,England,79,6,Defence,15,Norman,Centre-back,79,false,https://7a0.com.br/en/copas/1962/eng
1962,Chile,eng,England,79,6,Defence,16,Moore,Centre-back,84,true,https://7a0.com.br/en/copas/1962/eng
1962,Chile,eng,England,79,6,Defence,3,Wilson,Left-back,83,true,https://7a0.com.br/en/copas/1962/eng
1962,Chile,eng,England,79,6,Midfield,6,Flowers,Defensive midfielder,80,false,https://7a0.com.br/en/copas/1962/eng
1962,Chile,eng,England,79,6,Midfield,22,Adamson,Defensive midfielder,73,false,https://7a0.com.br/en/copas/1962/eng
1962,Chile,eng,England,79,6,Midfield,4,Robson,Right midfielder,80,false,https://7a0.com.br/en/copas/1962/eng
1962,Chile,eng,England,79,6,Midfield,14,Anderson,Right midfielder,73,false,https://7a0.com.br/en/copas/1962/eng
1962,Chile,eng,England,79,6,Midfield,10,Haynes,Midfielder,84,true,https://7a0.com.br/en/copas/1962/eng
1962,Chile,eng,England,79,6,Midfield,20,Eastham,Midfielder,76,false,https://7a0.com.br/en/copas/1962/eng
1962,Chile,eng,England,79,6,Midfield,11,B. Charlton,Left midfielder,89,true,https://7a0.com.br/en/copas/1962/eng
1962,Chile,eng,England,79,6,Attack,7,Connelly,Right winger,78,false,https://7a0.com.br/en/copas/1962/eng
1962,Chile,eng,England,79,6,Attack,17,Douglas,Right winger,80,false,https://7a0.com.br/en/copas/1962/eng
1962,Chile,eng,England,79,6,Attack,8,Greaves,Centre-forward,89,true,https://7a0.com.br/en/copas/1962/eng
1962,Chile,eng,England,79,6,Attack,9,Hitchens,Centre-forward,77,false,https://7a0.com.br/en/copas/1962/eng
1962,Chile,eng,England,79,6,Attack,13,Kevan,Centre-forward,75,false,https://7a0.com.br/en/copas/1962/eng
1962,Chile,eng,England,79,6,Attack,18,Hunt,Centre-forward,81,true,https://7a0.com.br/en/copas/1962/eng
1962,Chile,eng,England,79,6,Attack,19,Peacock,Centre-forward,73,false,https://7a0.com.br/en/copas/1962/eng
1962,Chile,ger,Germany,77,4,Goalkeepers,1,Tilkowski,Goalkeeper,80,false,https://7a0.com.br/en/copas/1962/ger
1962,Chile,ger,Germany,77,4,Goalkeepers,21,Sawitzki,Goalkeeper,73,false,https://7a0.com.br/en/copas/1962/ger
1962,Chile,ger,Germany,77,4,Goalkeepers,22,Fahrian,Goalkeeper,74,false,https://7a0.com.br/en/copas/1962/ger
1962,Chile,ger,Germany,77,4,Defence,12,Nowak,Right-back,75,false,https://7a0.com.br/en/copas/1962/ger
1962,Chile,ger,Germany,77,4,Defence,2,Erhardt,Centre-back,79,false,https://7a0.com.br/en/copas/1962/ger
1962,Chile,ger,Germany,77,4,Defence,5,Wilden,Centre-back,74,false,https://7a0.com.br/en/copas/1962/ger
1962,Chile,ger,Germany,77,4,Defence,3,Schnellinger,Left-back,85,true,https://7a0.com.br/en/copas/1962/ger
1962,Chile,ger,Germany,77,4,Defence,13,Kurbjuhn,Left-back,72,false,https://7a0.com.br/en/copas/1962/ger
1962,Chile,ger,Germany,77,4,Midfield,4,Schulz,Defensive midfielder,79,false,https://7a0.com.br/en/copas/1962/ger
1962,Chile,ger,Germany,77,4,Midfield,6,Szymaniak,Defensive midfielder,81,false,https://7a0.com.br/en/copas/1962/ger
1962,Chile,ger,Germany,77,4,Midfield,14,Werner,Defensive midfielder,72,false,https://7a0.com.br/en/copas/1962/ger
1962,Chile,ger,Germany,77,4,Midfield,15,Giesemann,Right midfielder,74,false,https://7a0.com.br/en/copas/1962/ger
1962,Chile,ger,Germany,77,4,Midfield,7,Koslowski,Left midfielder,72,false,https://7a0.com.br/en/copas/1962/ger
1962,Chile,ger,Germany,77,4,Midfield,10,Brülls,Left midfielder,80,false,https://7a0.com.br/en/copas/1962/ger
1962,Chile,ger,Germany,77,4,Midfield,11,Schäfer,Left midfielder,83,true,https://7a0.com.br/en/copas/1962/ger
1962,Chile,ger,Germany,77,4,Midfield,16,Sturm,Left midfielder,73,false,https://7a0.com.br/en/copas/1962/ger
1962,Chile,ger,Germany,77,4,Midfield,18,Herrmann,Left midfielder,73,false,https://7a0.com.br/en/copas/1962/ger
1962,Chile,ger,Germany,77,4,Attack,17,Kraus,Right winger,73,false,https://7a0.com.br/en/copas/1962/ger
1962,Chile,ger,Germany,77,4,Attack,8,Haller,Centre-forward,84,true,https://7a0.com.br/en/copas/1962/ger
1962,Chile,ger,Germany,77,4,Attack,9,Seeler,Centre-forward,87,true,https://7a0.com.br/en/copas/1962/ger
1962,Chile,ger,Germany,77,4,Attack,19,Strehl,Centre-forward,72,false,https://7a0.com.br/en/copas/1962/ger
1962,Chile,ger,Germany,77,4,Attack,20,Vollmar,Left winger,73,false,https://7a0.com.br/en/copas/1962/ger
1962,Chile,hun,Hungary,77,4,Goalkeepers,1,Grosics,Goalkeeper,84,true,https://7a0.com.br/en/copas/1962/hun
1962,Chile,hun,Hungary,77,4,Goalkeepers,21,Szentmihályi,Goalkeeper,75,false,https://7a0.com.br/en/copas/1962/hun
1962,Chile,hun,Hungary,77,4,Goalkeepers,22,Ilku,Goalkeeper,71,false,https://7a0.com.br/en/copas/1962/hun
1962,Chile,hun,Hungary,77,4,Defence,2,Mátrai,Centre-back,83,false,https://7a0.com.br/en/copas/1962/hun
1962,Chile,hun,Hungary,77,4,Defence,3,Mészöly,Centre-back,80,true,https://7a0.com.br/en/copas/1962/hun
1962,Chile,hun,Hungary,77,4,Defence,4,L. Sárosi,Centre-back,78,false,https://7a0.com.br/en/copas/1962/hun
1962,Chile,hun,Hungary,77,4,Defence,12,Sóvári,Centre-back,73,false,https://7a0.com.br/en/copas/1962/hun
1962,Chile,hun,Hungary,77,4,Defence,13,Ihász,Centre-back,72,false,https://7a0.com.br/en/copas/1962/hun
1962,Chile,hun,Hungary,77,4,Defence,5,Solymosi,Left-back,80,false,https://7a0.com.br/en/copas/1962/hun
1962,Chile,hun,Hungary,77,4,Midfield,6,Sipos,Right midfielder,80,false,https://7a0.com.br/en/copas/1962/hun
1962,Chile,hun,Hungary,77,4,Midfield,14,Nagy,Right midfielder,71,false,https://7a0.com.br/en/copas/1962/hun
1962,Chile,hun,Hungary,77,4,Midfield,15,Mencel,Right midfielder,70,false,https://7a0.com.br/en/copas/1962/hun
1962,Chile,hun,Hungary,77,4,Midfield,8,Göröcs,Attacking midfielder,81,false,https://7a0.com.br/en/copas/1962/hun
1962,Chile,hun,Hungary,77,4,Attack,7,K. Sándor,Right winger,82,false,https://7a0.com.br/en/copas/1962/hun
1962,Chile,hun,Hungary,77,4,Attack,17,Rákosi,Right winger,74,false,https://7a0.com.br/en/copas/1962/hun
1962,Chile,hun,Hungary,77,4,Attack,9,Albert,Centre-forward,88,true,https://7a0.com.br/en/copas/1962/hun
1962,Chile,hun,Hungary,77,4,Attack,10,Tichy,Centre-forward,85,true,https://7a0.com.br/en/copas/1962/hun
1962,Chile,hun,Hungary,77,4,Attack,16,Farkas,Centre-forward,78,false,https://7a0.com.br/en/copas/1962/hun
1962,Chile,hun,Hungary,77,4,Attack,18,Monostori,Centre-forward,71,false,https://7a0.com.br/en/copas/1962/hun
1962,Chile,hun,Hungary,77,4,Attack,19,Kuharszki,Centre-forward,70,false,https://7a0.com.br/en/copas/1962/hun
1962,Chile,hun,Hungary,77,4,Attack,20,Bödör,Centre-forward,70,false,https://7a0.com.br/en/copas/1962/hun
1962,Chile,hun,Hungary,77,4,Attack,11,Fenyvesi,Left winger,80,false,https://7a0.com.br/en/copas/1962/hun
1962,Chile,ita,Italy,79,5,Goalkeepers,1,Buffon,Goalkeeper,82,false,https://7a0.com.br/en/copas/1962/ita
1962,Chile,ita,Italy,79,5,Goalkeepers,12,Mattrel,Goalkeeper,73,false,https://7a0.com.br/en/copas/1962/ita
1962,Chile,ita,Italy,79,5,Goalkeepers,13,Albertosi,Goalkeeper,80,false,https://7a0.com.br/en/copas/1962/ita
1962,Chile,ita,Italy,79,5,Defence,2,Losi,Centre-back,79,false,https://7a0.com.br/en/copas/1962/ita
1962,Chile,ita,Italy,79,5,Defence,4,Salvadore,Centre-back,80,false,https://7a0.com.br/en/copas/1962/ita
1962,Chile,ita,Italy,79,5,Defence,5,Maldini,Centre-back,83,true,https://7a0.com.br/en/copas/1962/ita
1962,Chile,ita,Italy,79,5,Defence,18,David,Centre-back,75,false,https://7a0.com.br/en/copas/1962/ita
1962,Chile,ita,Italy,79,5,Defence,19,Janich,Centre-back,75,false,https://7a0.com.br/en/copas/1962/ita
1962,Chile,ita,Italy,79,5,Defence,20,Tumburus,Centre-back,75,false,https://7a0.com.br/en/copas/1962/ita
1962,Chile,ita,Italy,79,5,Defence,3,Radice,Left-back,76,false,https://7a0.com.br/en/copas/1962/ita
1962,Chile,ita,Italy,79,5,Defence,16,Robotti,Left-back,76,false,https://7a0.com.br/en/copas/1962/ita
1962,Chile,ita,Italy,79,5,Midfield,6,Trapattoni,Right midfielder,82,true,https://7a0.com.br/en/copas/1962/ita
1962,Chile,ita,Italy,79,5,Midfield,21,Ferrini,Right midfielder,76,false,https://7a0.com.br/en/copas/1962/ita
1962,Chile,ita,Italy,79,5,Midfield,14,Rivera,Midfielder,81,true,https://7a0.com.br/en/copas/1962/ita
1962,Chile,ita,Italy,79,5,Midfield,22,Bulgarelli,Midfielder,79,false,https://7a0.com.br/en/copas/1962/ita
1962,Chile,ita,Italy,79,5,Midfield,8,Maschio,Attacking midfielder,82,false,https://7a0.com.br/en/copas/1962/ita
1962,Chile,ita,Italy,79,5,Attack,7,Mora,Right winger,76,false,https://7a0.com.br/en/copas/1962/ita
1962,Chile,ita,Italy,79,5,Attack,9,Altafini,Centre-forward,86,true,https://7a0.com.br/en/copas/1962/ita
1962,Chile,ita,Italy,79,5,Attack,11,Menichelli,Centre-forward,76,false,https://7a0.com.br/en/copas/1962/ita
1962,Chile,ita,Italy,79,5,Attack,15,Sormani,Centre-forward,76,false,https://7a0.com.br/en/copas/1962/ita
1962,Chile,ita,Italy,79,5,Attack,10,Sívori,Left winger,89,true,https://7a0.com.br/en/copas/1962/ita
1962,Chile,ita,Italy,79,5,Attack,17,Pascutti,Left winger,78,false,https://7a0.com.br/en/copas/1962/ita
1962,Chile,mex,Mexico,75,2,Goalkeepers,1,Carbajal,Goalkeeper,82,true,https://7a0.com.br/en/copas/1962/mex
1962,Chile,mex,Mexico,75,2,Goalkeepers,12,J. Gómez,Goalkeeper,74,false,https://7a0.com.br/en/copas/1962/mex
1962,Chile,mex,Mexico,75,2,Goalkeepers,22,Mota,Goalkeeper,72,false,https://7a0.com.br/en/copas/1962/mex
1962,Chile,mex,Mexico,75,2,Defence,4,Villegas,Right-back,77,false,https://7a0.com.br/en/copas/1962/mex
1962,Chile,mex,Mexico,75,2,Defence,2,Del Muro,Centre-back,76,false,https://7a0.com.br/en/copas/1962/mex
1962,Chile,mex,Mexico,75,2,Defence,3,Sepúlveda,Centre-back,78,false,https://7a0.com.br/en/copas/1962/mex
1962,Chile,mex,Mexico,75,2,Defence,5,Cárdenas,Centre-back,79,false,https://7a0.com.br/en/copas/1962/mex
1962,Chile,mex,Mexico,75,2,Defence,13,Chaires,Centre-back,73,false,https://7a0.com.br/en/copas/1962/mex
1962,Chile,mex,Mexico,75,2,Defence,15,Jáuregui,Left-back,74,false,https://7a0.com.br/en/copas/1962/mex
1962,Chile,mex,Mexico,75,2,Midfield,6,Nájera,Defensive midfielder,77,false,https://7a0.com.br/en/copas/1962/mex
1962,Chile,mex,Mexico,75,2,Midfield,14,P. Romero,Midfielder,71,false,https://7a0.com.br/en/copas/1962/mex
1962,Chile,mex,Mexico,75,2,Midfield,16,Farfán,Midfielder,72,false,https://7a0.com.br/en/copas/1962/mex
1962,Chile,mex,Mexico,75,2,Midfield,20,Velarde,Midfielder,71,false,https://7a0.com.br/en/copas/1962/mex
1962,Chile,mex,Mexico,75,2,Midfield,8,Reyes,Attacking midfielder,81,true,https://7a0.com.br/en/copas/1962/mex
1962,Chile,mex,Mexico,75,2,Attack,7,Del Águila,Right winger,77,false,https://7a0.com.br/en/copas/1962/mex
1962,Chile,mex,Mexico,75,2,Attack,18,A. Hernández,Right winger,72,false,https://7a0.com.br/en/copas/1962/mex
1962,Chile,mex,Mexico,75,2,Attack,9,H. Hernández,Centre-forward,78,false,https://7a0.com.br/en/copas/1962/mex
1962,Chile,mex,Mexico,75,2,Attack,10,Ortiz,Centre-forward,75,false,https://7a0.com.br/en/copas/1962/mex
1962,Chile,mex,Mexico,75,2,Attack,17,Ruvalcaba,Centre-forward,71,false,https://7a0.com.br/en/copas/1962/mex
1962,Chile,mex,Mexico,75,2,Attack,21,Baeza,Centre-forward,70,false,https://7a0.com.br/en/copas/1962/mex
1962,Chile,mex,Mexico,75,2,Attack,11,Isidoro Díaz,Left winger,78,false,https://7a0.com.br/en/copas/1962/mex
1962,Chile,mex,Mexico,75,2,Attack,19,Jasso,Left winger,74,false,https://7a0.com.br/en/copas/1962/mex
1962,Chile,urs,Soviet Union,79,6,Goalkeepers,1,Yashin,Goalkeeper,95,true,https://7a0.com.br/en/copas/1962/urs
1962,Chile,urs,Soviet Union,79,6,Goalkeepers,2,Maslachenko,Goalkeeper,76,false,https://7a0.com.br/en/copas/1962/urs
1962,Chile,urs,Soviet Union,79,6,Goalkeepers,3,Kotrikadze,Goalkeeper,73,false,https://7a0.com.br/en/copas/1962/urs
1962,Chile,urs,Soviet Union,79,6,Defence,4,Dubinski,Right-back,77,false,https://7a0.com.br/en/copas/1962/urs
1962,Chile,urs,Soviet Union,79,6,Defence,5,Chokheli,Centre-back,77,false,https://7a0.com.br/en/copas/1962/urs
1962,Chile,urs,Soviet Union,79,6,Defence,7,Maslyonkin,Centre-back,79,false,https://7a0.com.br/en/copas/1962/urs
1962,Chile,urs,Soviet Union,79,6,Defence,8,Shesternyov,Centre-back,79,true,https://7a0.com.br/en/copas/1962/urs
1962,Chile,urs,Soviet Union,79,6,Defence,12,Voronin,Centre-back,84,true,https://7a0.com.br/en/copas/1962/urs
1962,Chile,urs,Soviet Union,79,6,Defence,6,Ostrovskiy,Left-back,76,false,https://7a0.com.br/en/copas/1962/urs
1962,Chile,urs,Soviet Union,79,6,Midfield,10,Netto,Defensive midfielder,86,true,https://7a0.com.br/en/copas/1962/urs
1962,Chile,urs,Soviet Union,79,6,Midfield,11,Sabo,Defensive midfielder,76,false,https://7a0.com.br/en/copas/1962/urs
1962,Chile,urs,Soviet Union,79,6,Midfield,9,Manoshin,Right midfielder,74,false,https://7a0.com.br/en/copas/1962/urs
1962,Chile,urs,Soviet Union,79,6,Midfield,14,V. Ivanov,Attacking midfielder,89,true,https://7a0.com.br/en/copas/1962/urs
1962,Chile,urs,Soviet Union,79,6,Attack,18,Metreveli,Right winger,82,false,https://7a0.com.br/en/copas/1962/urs
1962,Chile,urs,Soviet Union,79,6,Attack,22,Chislenko,Right winger,79,false,https://7a0.com.br/en/copas/1962/urs
1962,Chile,urs,Soviet Union,79,6,Attack,13,Gusarov,Centre-forward,75,false,https://7a0.com.br/en/copas/1962/urs
1962,Chile,urs,Soviet Union,79,6,Attack,15,Kanevski,Centre-forward,73,false,https://7a0.com.br/en/copas/1962/urs
1962,Chile,urs,Soviet Union,79,6,Attack,16,Mamykin,Centre-forward,75,false,https://7a0.com.br/en/copas/1962/urs
1962,Chile,urs,Soviet Union,79,6,Attack,19,Ponedelnik,Centre-forward,82,true,https://7a0.com.br/en/copas/1962/urs
1962,Chile,urs,Soviet Union,79,6,Attack,17,Meskhi,Left winger,81,false,https://7a0.com.br/en/copas/1962/urs
1962,Chile,urs,Soviet Union,79,6,Attack,20,Serebryanikov,Left winger,74,false,https://7a0.com.br/en/copas/1962/urs
1962,Chile,urs,Soviet Union,79,6,Attack,21,Khusainov,Left winger,76,false,https://7a0.com.br/en/copas/1962/urs
1962,Chile,esp,Spain,82,5,Goalkeepers,1,Araquistáin,Goalkeeper,80,false,https://7a0.com.br/en/copas/1962/esp
1962,Chile,esp,Spain,82,5,Goalkeepers,2,Sadurní,Goalkeeper,78,false,https://7a0.com.br/en/copas/1962/esp
1962,Chile,esp,Spain,82,5,Goalkeepers,3,Carmelo,Goalkeeper,79,false,https://7a0.com.br/en/copas/1962/esp
1962,Chile,esp,Spain,82,5,Defence,10,Gràcia,Right-back,77,false,https://7a0.com.br/en/copas/1962/esp
1962,Chile,esp,Spain,82,5,Defence,11,Rivilla,Right-back,79,false,https://7a0.com.br/en/copas/1962/esp
1962,Chile,esp,Spain,82,5,Defence,7,Echeberría,Centre-back,73,false,https://7a0.com.br/en/copas/1962/esp
1962,Chile,esp,Spain,82,5,Defence,8,Garay,Centre-back,83,false,https://7a0.com.br/en/copas/1962/esp
1962,Chile,esp,Spain,82,5,Defence,13,Pachín,Centre-back,79,false,https://7a0.com.br/en/copas/1962/esp
1962,Chile,esp,Spain,82,5,Defence,19,Santamaría,Centre-back,88,true,https://7a0.com.br/en/copas/1962/esp
1962,Chile,esp,Spain,82,5,Defence,16,Reija,Left-back,78,false,https://7a0.com.br/en/copas/1962/esp
1962,Chile,esp,Spain,82,5,Defence,17,Rodri,Left-back,74,false,https://7a0.com.br/en/copas/1962/esp
1962,Chile,esp,Spain,82,5,Midfield,18,Adelardo,Defensive midfielder,80,false,https://7a0.com.br/en/copas/1962/esp
1962,Chile,esp,Spain,82,5,Midfield,20,Segarra,Defensive midfielder,83,false,https://7a0.com.br/en/copas/1962/esp
1962,Chile,esp,Spain,82,5,Midfield,22,Vergés,Right midfielder,79,false,https://7a0.com.br/en/copas/1962/esp
1962,Chile,esp,Spain,82,5,Midfield,21,Luis Suárez,Midfielder,93,true,https://7a0.com.br/en/copas/1962/esp
1962,Chile,esp,Spain,82,5,Midfield,5,Del Sol,Attacking midfielder,84,false,https://7a0.com.br/en/copas/1962/esp
1962,Chile,esp,Spain,82,5,Attack,6,Di Stéfano,Centre-forward,90,true,https://7a0.com.br/en/copas/1962/esp
1962,Chile,esp,Spain,82,5,Attack,12,Peiró,Centre-forward,82,false,https://7a0.com.br/en/copas/1962/esp
1962,Chile,esp,Spain,82,5,Attack,14,Puskás,Centre-forward,89,true,https://7a0.com.br/en/copas/1962/esp
1962,Chile,esp,Spain,82,5,Attack,15,E. Martínez,Centre-forward,79,false,https://7a0.com.br/en/copas/1962/esp
1962,Chile,esp,Spain,82,5,Attack,4,Collar,Left winger,80,false,https://7a0.com.br/en/copas/1962/esp
1962,Chile,esp,Spain,82,5,Attack,9,Gento,Left winger,90,true,https://7a0.com.br/en/copas/1962/esp
1962,Chile,yug,Yugoslavia,76,4,Goalkeepers,1,Šoškić,Goalkeeper,84,false,https://7a0.com.br/en/copas/1962/yug
1962,Chile,yug,Yugoslavia,76,4,Goalkeepers,12,Krivokuća,Goalkeeper,72,false,https://7a0.com.br/en/copas/1962/yug
1962,Chile,yug,Yugoslavia,76,4,Goalkeepers,19,Stojanović,Goalkeeper,71,false,https://7a0.com.br/en/copas/1962/yug
1962,Chile,yug,Yugoslavia,76,4,Defence,2,Durković,Right-back,80,false,https://7a0.com.br/en/copas/1962/yug
1962,Chile,yug,Yugoslavia,76,4,Defence,13,Svinjarević,Centre-back,70,false,https://7a0.com.br/en/copas/1962/yug
1962,Chile,yug,Yugoslavia,76,4,Defence,14,Šijaković,Centre-back,72,false,https://7a0.com.br/en/copas/1962/yug
1962,Chile,yug,Yugoslavia,76,4,Defence,20,Nikolić,Centre-back,72,false,https://7a0.com.br/en/copas/1962/yug
1962,Chile,yug,Yugoslavia,76,4,Defence,3,Jusufi,Left-back,81,false,https://7a0.com.br/en/copas/1962/yug
1962,Chile,yug,Yugoslavia,76,4,Midfield,5,Marković,Defensive midfielder,76,false,https://7a0.com.br/en/copas/1962/yug
1962,Chile,yug,Yugoslavia,76,4,Midfield,6,V. Popović,Defensive midfielder,74,false,https://7a0.com.br/en/copas/1962/yug
1962,Chile,yug,Yugoslavia,76,4,Midfield,15,Matuš,Defensive midfielder,74,false,https://7a0.com.br/en/copas/1962/yug
1962,Chile,yug,Yugoslavia,76,4,Midfield,17,Melić,Defensive midfielder,71,false,https://7a0.com.br/en/copas/1962/yug
1962,Chile,yug,Yugoslavia,76,4,Midfield,4,Radaković,Right midfielder,77,false,https://7a0.com.br/en/copas/1962/yug
1962,Chile,yug,Yugoslavia,76,4,Midfield,8,Šekularac,Midfielder,86,true,https://7a0.com.br/en/copas/1962/yug
1962,Chile,yug,Yugoslavia,76,4,Attack,7,Anković,Right winger,76,false,https://7a0.com.br/en/copas/1962/yug
1962,Chile,yug,Yugoslavia,76,4,Attack,22,Ivoš,Right winger,70,false,https://7a0.com.br/en/copas/1962/yug
1962,Chile,yug,Yugoslavia,76,4,Attack,9,Jerković,Centre-forward,89,true,https://7a0.com.br/en/copas/1962/yug
1962,Chile,yug,Yugoslavia,76,4,Attack,10,Galić,Centre-forward,86,true,https://7a0.com.br/en/copas/1962/yug
1962,Chile,yug,Yugoslavia,76,4,Attack,18,Kovačević,Centre-forward,74,false,https://7a0.com.br/en/copas/1962/yug
1962,Chile,yug,Yugoslavia,76,4,Attack,21,Stipić,Centre-forward,70,false,https://7a0.com.br/en/copas/1962/yug
1962,Chile,yug,Yugoslavia,76,4,Attack,11,Skoblar,Left winger,79,true,https://7a0.com.br/en/copas/1962/yug
1962,Chile,yug,Yugoslavia,76,4,Attack,16,Mujić,Left winger,76,false,https://7a0.com.br/en/copas/1962/yug
1966,England,arg,Argentina,78,7,Goalkeepers,1,Roma,Goalkeeper,81,true,https://7a0.com.br/en/copas/1966/arg
1966,England,arg,Argentina,78,7,Goalkeepers,2,Irusta,Goalkeeper,71,false,https://7a0.com.br/en/copas/1966/arg
1966,England,arg,Argentina,78,7,Goalkeepers,3,Gatti,Goalkeeper,80,true,https://7a0.com.br/en/copas/1966/arg
1966,England,arg,Argentina,78,7,Defence,8,Ferreiro,Right-back,77,false,https://7a0.com.br/en/copas/1966/arg
1966,England,arg,Argentina,78,7,Defence,4,Perfumo,Centre-back,85,true,https://7a0.com.br/en/copas/1966/arg
1966,England,arg,Argentina,78,7,Defence,13,N. López,Centre-back,72,false,https://7a0.com.br/en/copas/1966/arg
1966,England,arg,Argentina,78,7,Defence,7,Marzolini,Left-back,86,true,https://7a0.com.br/en/copas/1966/arg
1966,England,arg,Argentina,78,7,Midfield,9,Simeone,Defensive midfielder,79,false,https://7a0.com.br/en/copas/1966/arg
1966,England,arg,Argentina,78,7,Midfield,10,Rattín,Defensive midfielder,85,true,https://7a0.com.br/en/copas/1966/arg
1966,England,arg,Argentina,78,7,Midfield,12,Albrecht,Defensive midfielder,79,false,https://7a0.com.br/en/copas/1966/arg
1966,England,arg,Argentina,78,7,Midfield,5,Varacka,Right midfielder,75,false,https://7a0.com.br/en/copas/1966/arg
1966,England,arg,Argentina,78,7,Midfield,6,Calics,Right midfielder,71,false,https://7a0.com.br/en/copas/1966/arg
1966,England,arg,Argentina,78,7,Midfield,11,Pastoriza,Right midfielder,77,false,https://7a0.com.br/en/copas/1966/arg
1966,England,arg,Argentina,78,7,Midfield,17,Sarnari,Midfielder,74,false,https://7a0.com.br/en/copas/1966/arg
1966,England,arg,Argentina,78,7,Midfield,20,Onega,Midfielder,84,true,https://7a0.com.br/en/copas/1966/arg
1966,England,arg,Argentina,78,7,Midfield,15,Solari,Attacking midfielder,76,false,https://7a0.com.br/en/copas/1966/arg
1966,England,arg,Argentina,78,7,Attack,14,Chaldú,Right winger,73,false,https://7a0.com.br/en/copas/1966/arg
1966,England,arg,Argentina,78,7,Attack,16,A. González,Centre-forward,72,false,https://7a0.com.br/en/copas/1966/arg
1966,England,arg,Argentina,78,7,Attack,18,Rojas,Centre-forward,74,false,https://7a0.com.br/en/copas/1966/arg
1966,England,arg,Argentina,78,7,Attack,19,Artime,Centre-forward,84,true,https://7a0.com.br/en/copas/1966/arg
1966,England,arg,Argentina,78,7,Attack,22,Tarabini,Centre-forward,73,false,https://7a0.com.br/en/copas/1966/arg
1966,England,arg,Argentina,78,7,Attack,21,Más,Left winger,78,false,https://7a0.com.br/en/copas/1966/arg
1966,England,bra,Brazil,79,8,Goalkeepers,1,Gilmar,Goalkeeper,86,true,https://7a0.com.br/en/copas/1966/bra
1966,England,bra,Brazil,79,8,Goalkeepers,12,Manga,Goalkeeper,76,false,https://7a0.com.br/en/copas/1966/bra
1966,England,bra,Brazil,79,8,Defence,2,Djalma Santos,Right-back,85,true,https://7a0.com.br/en/copas/1966/bra
1966,England,bra,Brazil,79,8,Defence,3,Fidélis,Centre-back,73,false,https://7a0.com.br/en/copas/1966/bra
1966,England,bra,Brazil,79,8,Defence,4,Bellini,Centre-back,80,true,https://7a0.com.br/en/copas/1966/bra
1966,England,bra,Brazil,79,8,Defence,5,Brito,Centre-back,78,false,https://7a0.com.br/en/copas/1966/bra
1966,England,bra,Brazil,79,8,Defence,7,Orlando,Centre-back,80,false,https://7a0.com.br/en/copas/1966/bra
1966,England,bra,Brazil,79,8,Defence,6,Altair,Left-back,80,false,https://7a0.com.br/en/copas/1966/bra
1966,England,bra,Brazil,79,8,Defence,8,Paulo Henrique,Left-back,74,false,https://7a0.com.br/en/copas/1966/bra
1966,England,bra,Brazil,79,8,Defence,9,Rildo,Left-back,76,false,https://7a0.com.br/en/copas/1966/bra
1966,England,bra,Brazil,79,8,Midfield,15,Zito,Defensive midfielder,80,false,https://7a0.com.br/en/copas/1966/bra
1966,England,bra,Brazil,79,8,Midfield,11,Gérson,Midfielder,83,true,https://7a0.com.br/en/copas/1966/bra
1966,England,bra,Brazil,79,8,Midfield,13,Denílson,Midfielder,74,false,https://7a0.com.br/en/copas/1966/bra
1966,England,bra,Brazil,79,8,Midfield,14,Lima,Midfielder,75,false,https://7a0.com.br/en/copas/1966/bra
1966,England,bra,Brazil,79,8,Attack,16,Garrincha,Right winger,88,true,https://7a0.com.br/en/copas/1966/bra
1966,England,bra,Brazil,79,8,Attack,17,Jairzinho,Right winger,82,true,https://7a0.com.br/en/copas/1966/bra
1966,England,bra,Brazil,79,8,Attack,10,Pelé,Centre-forward,93,true,https://7a0.com.br/en/copas/1966/bra
1966,England,bra,Brazil,79,8,Attack,18,Alcindo,Centre-forward,74,false,https://7a0.com.br/en/copas/1966/bra
1966,England,bra,Brazil,79,8,Attack,19,Silva,Centre-forward,72,false,https://7a0.com.br/en/copas/1966/bra
1966,England,bra,Brazil,79,8,Attack,20,Tostão,Centre-forward,80,true,https://7a0.com.br/en/copas/1966/bra
1966,England,bra,Brazil,79,8,Attack,21,Paraná,Left winger,72,false,https://7a0.com.br/en/copas/1966/bra
1966,England,bra,Brazil,79,8,Attack,22,Edu,Left winger,73,false,https://7a0.com.br/en/copas/1966/bra
1966,England,eng,England,82,11,Goalkeepers,1,Banks,Goalkeeper,92,true,https://7a0.com.br/en/copas/1966/eng
1966,England,eng,England,82,11,Goalkeepers,12,Springett,Goalkeeper,77,false,https://7a0.com.br/en/copas/1966/eng
1966,England,eng,England,82,11,Goalkeepers,13,Bonetti,Goalkeeper,80,false,https://7a0.com.br/en/copas/1966/eng
1966,England,eng,England,82,11,Defence,2,Cohen,Right-back,81,false,https://7a0.com.br/en/copas/1966/eng
1966,England,eng,England,82,11,Defence,14,Armfield,Right-back,81,false,https://7a0.com.br/en/copas/1966/eng
1966,England,eng,England,82,11,Defence,5,J. Charlton,Centre-back,82,true,https://7a0.com.br/en/copas/1966/eng
1966,England,eng,England,82,11,Defence,6,Moore,Centre-back,93,true,https://7a0.com.br/en/copas/1966/eng
1966,England,eng,England,82,11,Defence,3,Wilson,Left-back,83,true,https://7a0.com.br/en/copas/1966/eng
1966,England,eng,England,82,11,Defence,15,Byrne,Left-back,76,false,https://7a0.com.br/en/copas/1966/eng
1966,England,eng,England,82,11,Midfield,17,Flowers,Defensive midfielder,78,false,https://7a0.com.br/en/copas/1966/eng
1966,England,eng,England,82,11,Midfield,18,Hunter,Defensive midfielder,79,false,https://7a0.com.br/en/copas/1966/eng
1966,England,eng,England,82,11,Midfield,4,Stiles,Right midfielder,80,true,https://7a0.com.br/en/copas/1966/eng
1966,England,eng,England,82,11,Midfield,7,Ball,Right midfielder,84,true,https://7a0.com.br/en/copas/1966/eng
1966,England,eng,England,82,11,Midfield,16,Peters,Right midfielder,85,true,https://7a0.com.br/en/copas/1966/eng
1966,England,eng,England,82,11,Midfield,22,Eastham,Midfielder,76,false,https://7a0.com.br/en/copas/1966/eng
1966,England,eng,England,82,11,Midfield,9,B. Charlton,Attacking midfielder,92,true,https://7a0.com.br/en/copas/1966/eng
1966,England,eng,England,82,11,Attack,11,Connelly,Right winger,78,false,https://7a0.com.br/en/copas/1966/eng
1966,England,eng,England,82,11,Attack,19,Paine,Right winger,76,false,https://7a0.com.br/en/copas/1966/eng
1966,England,eng,England,82,11,Attack,20,Callaghan,Right winger,77,false,https://7a0.com.br/en/copas/1966/eng
1966,England,eng,England,82,11,Attack,8,Greaves,Centre-forward,89,true,https://7a0.com.br/en/copas/1966/eng
1966,England,eng,England,82,11,Attack,10,Hurst,Centre-forward,85,true,https://7a0.com.br/en/copas/1966/eng
1966,England,eng,England,82,11,Attack,21,Hunt,Centre-forward,83,true,https://7a0.com.br/en/copas/1966/eng
1966,England,fra,France,75,0,Goalkeepers,1,Aubour,Goalkeeper,76,false,https://7a0.com.br/en/copas/1966/fra
1966,England,fra,France,75,0,Goalkeepers,21,Carnus,Goalkeeper,75,false,https://7a0.com.br/en/copas/1966/fra
1966,England,fra,France,75,0,Goalkeepers,22,Schuth,Goalkeeper,70,false,https://7a0.com.br/en/copas/1966/fra
1966,England,fra,France,75,0,Defence,10,De Bourgoing,Right-back,72,false,https://7a0.com.br/en/copas/1966/fra
1966,England,fra,France,75,0,Defence,11,De Michèle,Right-back,71,false,https://7a0.com.br/en/copas/1966/fra
1966,England,fra,France,75,0,Defence,12,Djorkaeff,Right-back,78,false,https://7a0.com.br/en/copas/1966/fra
1966,England,fra,France,75,0,Defence,2,Artelesa,Centre-back,78,false,https://7a0.com.br/en/copas/1966/fra
1966,England,fra,France,75,0,Defence,5,Bosquier,Centre-back,79,false,https://7a0.com.br/en/copas/1966/fra
1966,England,fra,France,75,0,Defence,18,Piumi,Centre-back,72,false,https://7a0.com.br/en/copas/1966/fra
1966,England,fra,France,75,0,Defence,7,Chorda,Left-back,75,false,https://7a0.com.br/en/copas/1966/fra
1966,England,fra,France,75,0,Midfield,6,Budzynski,Defensive midfielder,74,false,https://7a0.com.br/en/copas/1966/fra
1966,England,fra,France,75,0,Midfield,16,Herbin,Defensive midfielder,78,false,https://7a0.com.br/en/copas/1966/fra
1966,England,fra,France,75,0,Midfield,17,Muller,Defensive midfielder,79,false,https://7a0.com.br/en/copas/1966/fra
1966,England,fra,France,75,0,Midfield,4,Bonnel,Right midfielder,76,false,https://7a0.com.br/en/copas/1966/fra
1966,England,fra,France,75,0,Midfield,15,Herbet,Attacking midfielder,71,false,https://7a0.com.br/en/copas/1966/fra
1966,England,fra,France,75,0,Midfield,20,Simon,Attacking midfielder,75,false,https://7a0.com.br/en/copas/1966/fra
1966,England,fra,France,75,0,Attack,3,Baraffe,Centre-forward,71,false,https://7a0.com.br/en/copas/1966/fra
1966,England,fra,France,75,0,Attack,8,Combin,Centre-forward,78,false,https://7a0.com.br/en/copas/1966/fra
1966,England,fra,France,75,0,Attack,9,Couécou,Centre-forward,72,false,https://7a0.com.br/en/copas/1966/fra
1966,England,fra,France,75,0,Attack,13,Gondet,Centre-forward,76,false,https://7a0.com.br/en/copas/1966/fra
1966,England,fra,France,75,0,Attack,19,Robuschi,Centre-forward,71,false,https://7a0.com.br/en/copas/1966/fra
1966,England,fra,France,75,0,Attack,14,Hausser,Left winger,75,false,https://7a0.com.br/en/copas/1966/fra
1966,England,ger,Germany,78,5,Goalkeepers,1,Tilkowski,Goalkeeper,81,false,https://7a0.com.br/en/copas/1966/ger
1966,England,ger,Germany,78,5,Goalkeepers,21,Bernard,Goalkeeper,73,false,https://7a0.com.br/en/copas/1966/ger
1966,England,ger,Germany,78,5,Goalkeepers,22,Maier,Goalkeeper,76,false,https://7a0.com.br/en/copas/1966/ger
1966,England,ger,Germany,78,5,Defence,2,Höttges,Right-back,78,false,https://7a0.com.br/en/copas/1966/ger
1966,England,ger,Germany,78,5,Defence,15,Patzke,Right-back,71,false,https://7a0.com.br/en/copas/1966/ger
1966,England,ger,Germany,78,5,Defence,4,Beckenbauer,Centre-back,90,true,https://7a0.com.br/en/copas/1966/ger
1966,England,ger,Germany,78,5,Defence,6,Weber,Centre-back,77,false,https://7a0.com.br/en/copas/1966/ger
1966,England,ger,Germany,78,5,Defence,14,Lutz,Centre-back,72,false,https://7a0.com.br/en/copas/1966/ger
1966,England,ger,Germany,78,5,Defence,17,Paul,Centre-back,71,false,https://7a0.com.br/en/copas/1966/ger
1966,England,ger,Germany,78,5,Defence,3,Schnellinger,Left-back,86,true,https://7a0.com.br/en/copas/1966/ger
1966,England,ger,Germany,78,5,Midfield,5,Schulz,Defensive midfielder,80,false,https://7a0.com.br/en/copas/1966/ger
1966,England,ger,Germany,78,5,Midfield,18,Sieloff,Defensive midfielder,73,false,https://7a0.com.br/en/copas/1966/ger
1966,England,ger,Germany,78,5,Midfield,16,Lorenz,Right midfielder,73,false,https://7a0.com.br/en/copas/1966/ger
1966,England,ger,Germany,78,5,Midfield,12,Overath,Midfielder,84,true,https://7a0.com.br/en/copas/1966/ger
1966,England,ger,Germany,78,5,Midfield,7,Brülls,Left midfielder,79,false,https://7a0.com.br/en/copas/1966/ger
1966,England,ger,Germany,78,5,Midfield,8,Haller,Attacking midfielder,88,true,https://7a0.com.br/en/copas/1966/ger
1966,England,ger,Germany,78,5,Attack,13,Hornig,Right winger,73,false,https://7a0.com.br/en/copas/1966/ger
1966,England,ger,Germany,78,5,Attack,20,Grabowski,Right winger,75,false,https://7a0.com.br/en/copas/1966/ger
1966,England,ger,Germany,78,5,Attack,9,Seeler,Centre-forward,88,true,https://7a0.com.br/en/copas/1966/ger
1966,England,ger,Germany,78,5,Attack,10,Held,Centre-forward,78,false,https://7a0.com.br/en/copas/1966/ger
1966,England,ger,Germany,78,5,Attack,19,Krämer,Centre-forward,75,false,https://7a0.com.br/en/copas/1966/ger
1966,England,ger,Germany,78,5,Attack,11,Emmerich,Left winger,78,false,https://7a0.com.br/en/copas/1966/ger
1966,England,hun,Hungary,78,4,Goalkeepers,1,Szentmihályi,Goalkeeper,78,false,https://7a0.com.br/en/copas/1966/hun
1966,England,hun,Hungary,78,4,Goalkeepers,21,Gelei,Goalkeeper,76,false,https://7a0.com.br/en/copas/1966/hun
1966,England,hun,Hungary,78,4,Goalkeepers,22,Géczi,Goalkeeper,74,false,https://7a0.com.br/en/copas/1966/hun
1966,England,hun,Hungary,78,4,Defence,2,Káposzta,Right-back,77,false,https://7a0.com.br/en/copas/1966/hun
1966,England,hun,Hungary,78,4,Defence,3,Mátrai,Centre-back,81,false,https://7a0.com.br/en/copas/1966/hun
1966,England,hun,Hungary,78,4,Defence,4,Sóvári,Centre-back,76,false,https://7a0.com.br/en/copas/1966/hun
1966,England,hun,Hungary,78,4,Defence,5,Mészöly,Centre-back,83,true,https://7a0.com.br/en/copas/1966/hun
1966,England,hun,Hungary,78,4,Defence,18,Ihász,Centre-back,75,false,https://7a0.com.br/en/copas/1966/hun
1966,England,hun,Hungary,78,4,Defence,17,Szepesi,Left-back,73,false,https://7a0.com.br/en/copas/1966/hun
1966,England,hun,Hungary,78,4,Midfield,6,Sipos,Defensive midfielder,79,false,https://7a0.com.br/en/copas/1966/hun
1966,England,hun,Hungary,78,4,Midfield,13,Mathesz,Defensive midfielder,74,false,https://7a0.com.br/en/copas/1966/hun
1966,England,hun,Hungary,78,4,Midfield,14,I. Nagy,Right midfielder,73,false,https://7a0.com.br/en/copas/1966/hun
1966,England,hun,Hungary,78,4,Midfield,11,Rákosi,Left midfielder,77,false,https://7a0.com.br/en/copas/1966/hun
1966,England,hun,Hungary,78,4,Midfield,8,Varga,Attacking midfielder,78,false,https://7a0.com.br/en/copas/1966/hun
1966,England,hun,Hungary,78,4,Attack,7,Bene,Right winger,86,true,https://7a0.com.br/en/copas/1966/hun
1966,England,hun,Hungary,78,4,Attack,9,Albert,Centre-forward,90,true,https://7a0.com.br/en/copas/1966/hun
1966,England,hun,Hungary,78,4,Attack,10,Farkas,Centre-forward,82,false,https://7a0.com.br/en/copas/1966/hun
1966,England,hun,Hungary,78,4,Attack,15,Molnár,Centre-forward,73,false,https://7a0.com.br/en/copas/1966/hun
1966,England,hun,Hungary,78,4,Attack,16,Tichy,Centre-forward,84,true,https://7a0.com.br/en/copas/1966/hun
1966,England,hun,Hungary,78,4,Attack,19,L. Puskás,Centre-forward,73,false,https://7a0.com.br/en/copas/1966/hun
1966,England,hun,Hungary,78,4,Attack,20,A. Nagy,Centre-forward,72,false,https://7a0.com.br/en/copas/1966/hun
1966,England,hun,Hungary,78,4,Attack,12,Fenyvesi,Left winger,79,false,https://7a0.com.br/en/copas/1966/hun
1966,England,ita,Italy,79,5,Goalkeepers,1,Albertosi,Goalkeeper,85,true,https://7a0.com.br/en/copas/1966/ita
1966,England,ita,Italy,79,5,Goalkeepers,2,Anzolin,Goalkeeper,73,false,https://7a0.com.br/en/copas/1966/ita
1966,England,ita,Italy,79,5,Goalkeepers,18,Pizzaballa,Goalkeeper,72,false,https://7a0.com.br/en/copas/1966/ita
1966,England,ita,Italy,79,5,Defence,5,Burgnich,Right-back,87,true,https://7a0.com.br/en/copas/1966/ita
1966,England,ita,Italy,79,5,Defence,8,Guarneri,Centre-back,80,false,https://7a0.com.br/en/copas/1966/ita
1966,England,ita,Italy,79,5,Defence,9,Janich,Centre-back,76,false,https://7a0.com.br/en/copas/1966/ita
1966,England,ita,Italy,79,5,Defence,11,Landini,Centre-back,73,false,https://7a0.com.br/en/copas/1966/ita
1966,England,ita,Italy,79,5,Defence,21,Rosato,Centre-back,80,false,https://7a0.com.br/en/copas/1966/ita
1966,England,ita,Italy,79,5,Defence,22,Salvadore,Centre-back,82,false,https://7a0.com.br/en/copas/1966/ita
1966,England,ita,Italy,79,5,Defence,6,Facchetti,Left-back,91,true,https://7a0.com.br/en/copas/1966/ita
1966,England,ita,Italy,79,5,Midfield,12,Leoncini,Defensive midfielder,73,false,https://7a0.com.br/en/copas/1966/ita
1966,England,ita,Italy,79,5,Midfield,7,Fogli,Right midfielder,76,false,https://7a0.com.br/en/copas/1966/ita
1966,England,ita,Italy,79,5,Midfield,13,Lodetti,Right midfielder,78,false,https://7a0.com.br/en/copas/1966/ita
1966,England,ita,Italy,79,5,Midfield,4,Bulgarelli,Midfielder,83,false,https://7a0.com.br/en/copas/1966/ita
1966,England,ita,Italy,79,5,Midfield,10,Juliano,Midfielder,79,false,https://7a0.com.br/en/copas/1966/ita
1966,England,ita,Italy,79,5,Midfield,19,Rivera,Midfielder,88,true,https://7a0.com.br/en/copas/1966/ita
1966,England,ita,Italy,79,5,Midfield,14,Mazzola,Attacking midfielder,89,true,https://7a0.com.br/en/copas/1966/ita
1966,England,ita,Italy,79,5,Attack,15,Meroni,Right winger,80,false,https://7a0.com.br/en/copas/1966/ita
1966,England,ita,Italy,79,5,Attack,17,Perani,Right winger,75,false,https://7a0.com.br/en/copas/1966/ita
1966,England,ita,Italy,79,5,Attack,20,Rizzo,Right winger,73,false,https://7a0.com.br/en/copas/1966/ita
1966,England,ita,Italy,79,5,Attack,3,Barison,Left winger,76,false,https://7a0.com.br/en/copas/1966/ita
1966,England,ita,Italy,79,5,Attack,16,Pascutti,Left winger,78,false,https://7a0.com.br/en/copas/1966/ita
1966,England,mex,Mexico,75,3,Goalkeepers,1,Carbajal,Goalkeeper,80,true,https://7a0.com.br/en/copas/1966/mex
1966,England,mex,Mexico,75,3,Goalkeepers,12,Calderón,Goalkeeper,76,false,https://7a0.com.br/en/copas/1966/mex
1966,England,mex,Mexico,75,3,Goalkeepers,22,Vargas,Goalkeeper,70,false,https://7a0.com.br/en/copas/1966/mex
1966,England,mex,Mexico,75,3,Defence,2,Chaires,Centre-back,75,false,https://7a0.com.br/en/copas/1966/mex
1966,England,mex,Mexico,75,3,Defence,3,Peña,Centre-back,80,false,https://7a0.com.br/en/copas/1966/mex
1966,England,mex,Mexico,75,3,Defence,4,Del Muro,Centre-back,77,false,https://7a0.com.br/en/copas/1966/mex
1966,England,mex,Mexico,75,3,Defence,14,Núñez,Centre-back,71,false,https://7a0.com.br/en/copas/1966/mex
1966,England,mex,Mexico,75,3,Defence,5,Jáuregui,Left-back,75,false,https://7a0.com.br/en/copas/1966/mex
1966,England,mex,Mexico,75,3,Midfield,15,G. Hernández,Defensive midfielder,71,false,https://7a0.com.br/en/copas/1966/mex
1966,England,mex,Mexico,75,3,Midfield,17,Mercado,Defensive midfielder,71,false,https://7a0.com.br/en/copas/1966/mex
1966,England,mex,Mexico,75,3,Midfield,6,Isidoro Díaz,Right midfielder,79,false,https://7a0.com.br/en/copas/1966/mex
1966,England,mex,Mexico,75,3,Midfield,13,González,Midfielder,74,false,https://7a0.com.br/en/copas/1966/mex
1966,England,mex,Mexico,75,3,Midfield,16,Regueiro,Midfielder,70,false,https://7a0.com.br/en/copas/1966/mex
1966,England,mex,Mexico,75,3,Midfield,18,Muñoz,Midfielder,70,false,https://7a0.com.br/en/copas/1966/mex
1966,England,mex,Mexico,75,3,Midfield,7,Ruvalcaba,Attacking midfielder,74,false,https://7a0.com.br/en/copas/1966/mex
1966,England,mex,Mexico,75,3,Attack,11,Jara,Right winger,72,false,https://7a0.com.br/en/copas/1966/mex
1966,England,mex,Mexico,75,3,Attack,21,Navarro,Right winger,71,false,https://7a0.com.br/en/copas/1966/mex
1966,England,mex,Mexico,75,3,Attack,9,Cisneros,Centre-forward,74,false,https://7a0.com.br/en/copas/1966/mex
1966,England,mex,Mexico,75,3,Attack,10,Fragoso,Centre-forward,76,false,https://7a0.com.br/en/copas/1966/mex
1966,England,mex,Mexico,75,3,Attack,20,Borja,Centre-forward,78,true,https://7a0.com.br/en/copas/1966/mex
1966,England,mex,Mexico,75,3,Attack,8,Padilla,Left winger,78,false,https://7a0.com.br/en/copas/1966/mex
1966,England,mex,Mexico,75,3,Attack,19,Reyes,Left winger,79,true,https://7a0.com.br/en/copas/1966/mex
1966,England,por,Portugal,77,2,Goalkeepers,1,Américo,Goalkeeper,76,false,https://7a0.com.br/en/copas/1966/por
1966,England,por,Portugal,77,2,Goalkeepers,2,J. Carvalho,Goalkeeper,73,false,https://7a0.com.br/en/copas/1966/por
1966,England,por,Portugal,77,2,Goalkeepers,3,Pereira,Goalkeeper,74,false,https://7a0.com.br/en/copas/1966/por
1966,England,por,Portugal,77,2,Defence,14,F. Cruz,Right-back,77,false,https://7a0.com.br/en/copas/1966/por
1966,England,por,Portugal,77,2,Defence,17,Morais,Right-back,76,false,https://7a0.com.br/en/copas/1966/por
1966,England,por,Portugal,77,2,Defence,22,Festa,Right-back,75,false,https://7a0.com.br/en/copas/1966/por
1966,England,por,Portugal,77,2,Defence,4,Vicente,Centre-back,79,false,https://7a0.com.br/en/copas/1966/por
1966,England,por,Portugal,77,2,Defence,5,Germano,Centre-back,82,false,https://7a0.com.br/en/copas/1966/por
1966,England,por,Portugal,77,2,Defence,21,J. Carlos,Centre-back,76,false,https://7a0.com.br/en/copas/1966/por
1966,England,por,Portugal,77,2,Defence,9,Hilário,Left-back,79,false,https://7a0.com.br/en/copas/1966/por
1966,England,por,Portugal,77,2,Midfield,16,Graça,Defensive midfielder,77,false,https://7a0.com.br/en/copas/1966/por
1966,England,por,Portugal,77,2,Midfield,20,A. Baptista,Defensive midfielder,74,false,https://7a0.com.br/en/copas/1966/por
1966,England,por,Portugal,77,2,Midfield,6,F. Peres,Right midfielder,73,false,https://7a0.com.br/en/copas/1966/por
1966,England,por,Portugal,77,2,Midfield,19,Custódio,Right midfielder,73,false,https://7a0.com.br/en/copas/1966/por
1966,England,por,Portugal,77,2,Midfield,10,Coluna,Midfielder,87,true,https://7a0.com.br/en/copas/1966/por
1966,England,por,Portugal,77,2,Attack,12,J. Augusto,Right winger,82,false,https://7a0.com.br/en/copas/1966/por
1966,England,por,Portugal,77,2,Attack,7,Ernesto,Centre-forward,72,false,https://7a0.com.br/en/copas/1966/por
1966,England,por,Portugal,77,2,Attack,8,J. Lourenço,Centre-forward,71,false,https://7a0.com.br/en/copas/1966/por
1966,England,por,Portugal,77,2,Attack,13,Eusébio,Centre-forward,95,true,https://7a0.com.br/en/copas/1966/por
1966,England,por,Portugal,77,2,Attack,15,M. Duarte,Centre-forward,70,false,https://7a0.com.br/en/copas/1966/por
1966,England,por,Portugal,77,2,Attack,18,Torres,Centre-forward,81,false,https://7a0.com.br/en/copas/1966/por
1966,England,por,Portugal,77,2,Attack,11,Simões,Left winger,82,false,https://7a0.com.br/en/copas/1966/por
1966,England,urs,Soviet Union,78,3,Goalkeepers,1,Yashin,Goalkeeper,94,true,https://7a0.com.br/en/copas/1966/urs
1966,England,urs,Soviet Union,78,3,Goalkeepers,21,Kavazashvili,Goalkeeper,74,false,https://7a0.com.br/en/copas/1966/urs
1966,England,urs,Soviet Union,78,3,Goalkeepers,22,Bannikov,Goalkeeper,72,false,https://7a0.com.br/en/copas/1966/urs
1966,England,urs,Soviet Union,78,3,Defence,4,Ponomaryov,Right-back,78,false,https://7a0.com.br/en/copas/1966/urs
1966,England,urs,Soviet Union,78,3,Defence,6,Shesternyov,Centre-back,83,true,https://7a0.com.br/en/copas/1966/urs
1966,England,urs,Soviet Union,78,3,Defence,7,Khurtsilava,Centre-back,77,false,https://7a0.com.br/en/copas/1966/urs
1966,England,urs,Soviet Union,78,3,Defence,9,Getmanov,Centre-back,71,false,https://7a0.com.br/en/copas/1966/urs
1966,England,urs,Soviet Union,78,3,Defence,13,Korneyev,Centre-back,74,false,https://7a0.com.br/en/copas/1966/urs
1966,England,urs,Soviet Union,78,3,Defence,3,Ostrovskiy,Left-back,74,false,https://7a0.com.br/en/copas/1966/urs
1966,England,urs,Soviet Union,78,3,Defence,10,Danilov,Left-back,76,false,https://7a0.com.br/en/copas/1966/urs
1966,England,urs,Soviet Union,78,3,Midfield,5,Afonin,Defensive midfielder,75,false,https://7a0.com.br/en/copas/1966/urs
1966,England,urs,Soviet Union,78,3,Midfield,8,Sabo,Defensive midfielder,78,false,https://7a0.com.br/en/copas/1966/urs
1966,England,urs,Soviet Union,78,3,Midfield,12,Voronin,Midfielder,86,true,https://7a0.com.br/en/copas/1966/urs
1966,England,urs,Soviet Union,78,3,Midfield,14,Sichinava,Midfielder,72,false,https://7a0.com.br/en/copas/1966/urs
1966,England,urs,Soviet Union,78,3,Midfield,2,Serebryanikov,Left midfielder,76,false,https://7a0.com.br/en/copas/1966/urs
1966,England,urs,Soviet Union,78,3,Attack,11,Chislenko,Right winger,82,false,https://7a0.com.br/en/copas/1966/urs
1966,England,urs,Soviet Union,78,3,Attack,16,Metreveli,Right winger,80,false,https://7a0.com.br/en/copas/1966/urs
1966,England,urs,Soviet Union,78,3,Attack,17,Porkujan,Centre-forward,78,false,https://7a0.com.br/en/copas/1966/urs
1966,England,urs,Soviet Union,78,3,Attack,18,Banishevskiy,Centre-forward,79,false,https://7a0.com.br/en/copas/1966/urs
1966,England,urs,Soviet Union,78,3,Attack,19,Malofeyev,Centre-forward,76,false,https://7a0.com.br/en/copas/1966/urs
1966,England,urs,Soviet Union,78,3,Attack,20,Markarov,Centre-forward,72,false,https://7a0.com.br/en/copas/1966/urs
1966,England,urs,Soviet Union,78,3,Attack,15,Khusainov,Left winger,79,false,https://7a0.com.br/en/copas/1966/urs
1966,England,esp,Spain,80,5,Goalkeepers,1,Iribar,Goalkeeper,86,true,https://7a0.com.br/en/copas/1966/esp
1966,England,esp,Spain,80,5,Goalkeepers,12,Betancort,Goalkeeper,76,false,https://7a0.com.br/en/copas/1966/esp
1966,England,esp,Spain,80,5,Goalkeepers,13,Reina,Goalkeeper,73,false,https://7a0.com.br/en/copas/1966/esp
1966,England,esp,Spain,80,5,Defence,14,Rivilla,Right-back,80,false,https://7a0.com.br/en/copas/1966/esp
1966,England,esp,Spain,80,5,Defence,2,Sanchís,Centre-back,76,false,https://7a0.com.br/en/copas/1966/esp
1966,England,esp,Spain,80,5,Defence,3,Eladio,Centre-back,75,false,https://7a0.com.br/en/copas/1966/esp
1966,England,esp,Spain,80,5,Defence,16,Olivella,Centre-back,80,false,https://7a0.com.br/en/copas/1966/esp
1966,England,esp,Spain,80,5,Defence,17,Gallego,Centre-back,73,false,https://7a0.com.br/en/copas/1966/esp
1966,England,esp,Spain,80,5,Defence,15,Reija,Left-back,79,false,https://7a0.com.br/en/copas/1966/esp
1966,England,esp,Spain,80,5,Midfield,5,Zoco,Defensive midfielder,80,false,https://7a0.com.br/en/copas/1966/esp
1966,England,esp,Spain,80,5,Midfield,6,Glaría,Defensive midfielder,74,false,https://7a0.com.br/en/copas/1966/esp
1966,England,esp,Spain,80,5,Midfield,4,Del Sol,Midfielder,84,false,https://7a0.com.br/en/copas/1966/esp
1966,England,esp,Spain,80,5,Midfield,10,Luis Suárez,Midfielder,92,true,https://7a0.com.br/en/copas/1966/esp
1966,England,esp,Spain,80,5,Midfield,18,Pirri,Midfielder,84,true,https://7a0.com.br/en/copas/1966/esp
1966,England,esp,Spain,80,5,Midfield,19,Fusté,Midfielder,79,false,https://7a0.com.br/en/copas/1966/esp
1966,England,esp,Spain,80,5,Midfield,21,Adelardo,Midfielder,80,false,https://7a0.com.br/en/copas/1966/esp
1966,England,esp,Spain,80,5,Attack,7,Ufarte,Right winger,76,false,https://7a0.com.br/en/copas/1966/esp
1966,England,esp,Spain,80,5,Attack,8,Amancio,Right winger,88,true,https://7a0.com.br/en/copas/1966/esp
1966,England,esp,Spain,80,5,Attack,9,Marcelino,Centre-forward,81,false,https://7a0.com.br/en/copas/1966/esp
1966,England,esp,Spain,80,5,Attack,20,Peiró,Centre-forward,81,false,https://7a0.com.br/en/copas/1966/esp
1966,England,esp,Spain,80,5,Attack,11,Gento,Left winger,90,true,https://7a0.com.br/en/copas/1966/esp
1966,England,esp,Spain,80,5,Attack,22,Lapetra,Left winger,79,false,https://7a0.com.br/en/copas/1966/esp
1970,Mexico,bel,Belgium,73,2,Goalkeepers,1,Piot,Goalkeeper,74,false,https://7a0.com.br/en/copas/1970/bel
1970,Mexico,bel,Belgium,73,2,Goalkeepers,12,Trappeniers,Goalkeeper,70,false,https://7a0.com.br/en/copas/1970/bel
1970,Mexico,bel,Belgium,73,2,Goalkeepers,22,Duquesne,Goalkeeper,66,false,https://7a0.com.br/en/copas/1970/bel
1970,Mexico,bel,Belgium,73,2,Defence,2,Heylens,Right-back,74,false,https://7a0.com.br/en/copas/1970/bel
1970,Mexico,bel,Belgium,73,2,Defence,3,Thissen,Centre-back,72,false,https://7a0.com.br/en/copas/1970/bel
1970,Mexico,bel,Belgium,73,2,Defence,4,Dewalque,Centre-back,73,false,https://7a0.com.br/en/copas/1970/bel
1970,Mexico,bel,Belgium,73,2,Defence,13,Beurlet,Centre-back,70,false,https://7a0.com.br/en/copas/1970/bel
1970,Mexico,bel,Belgium,73,2,Defence,5,Jeck,Left-back,72,false,https://7a0.com.br/en/copas/1970/bel
1970,Mexico,bel,Belgium,73,2,Midfield,7,Semmeling,Defensive midfielder,76,false,https://7a0.com.br/en/copas/1970/bel
1970,Mexico,bel,Belgium,73,2,Midfield,15,Vandendaele,Defensive midfielder,70,false,https://7a0.com.br/en/copas/1970/bel
1970,Mexico,bel,Belgium,73,2,Midfield,17,Verheyen,Defensive midfielder,71,false,https://7a0.com.br/en/copas/1970/bel
1970,Mexico,bel,Belgium,73,2,Midfield,20,Peeters,Defensive midfielder,71,false,https://7a0.com.br/en/copas/1970/bel
1970,Mexico,bel,Belgium,73,2,Midfield,6,Dockx,Right midfielder,74,false,https://7a0.com.br/en/copas/1970/bel
1970,Mexico,bel,Belgium,73,2,Midfield,8,Van Moer,Midfielder,78,true,https://7a0.com.br/en/copas/1970/bel
1970,Mexico,bel,Belgium,73,2,Midfield,14,Martens,Left midfielder,70,false,https://7a0.com.br/en/copas/1970/bel
1970,Mexico,bel,Belgium,73,2,Midfield,16,Polleunis,Attacking midfielder,74,false,https://7a0.com.br/en/copas/1970/bel
1970,Mexico,bel,Belgium,73,2,Attack,9,Devrindt,Right winger,77,false,https://7a0.com.br/en/copas/1970/bel
1970,Mexico,bel,Belgium,73,2,Attack,21,Janssens,Right winger,69,false,https://7a0.com.br/en/copas/1970/bel
1970,Mexico,bel,Belgium,73,2,Attack,10,Van Himst,Centre-forward,85,true,https://7a0.com.br/en/copas/1970/bel
1970,Mexico,bel,Belgium,73,2,Attack,18,Lambert,Centre-forward,75,false,https://7a0.com.br/en/copas/1970/bel
1970,Mexico,bel,Belgium,73,2,Attack,11,Puis,Left winger,76,false,https://7a0.com.br/en/copas/1970/bel
1970,Mexico,bel,Belgium,73,2,Attack,19,Carteus,Left winger,69,false,https://7a0.com.br/en/copas/1970/bel
1970,Mexico,bra,Brazil,80,4,Goalkeepers,1,Félix,Goalkeeper,76,false,https://7a0.com.br/en/copas/1970/bra
1970,Mexico,bra,Brazil,80,4,Goalkeepers,12,Ado,Goalkeeper,68,false,https://7a0.com.br/en/copas/1970/bra
1970,Mexico,bra,Brazil,80,4,Goalkeepers,22,Leão,Goalkeeper,78,false,https://7a0.com.br/en/copas/1970/bra
1970,Mexico,bra,Brazil,80,4,Defence,4,Carlos Alberto,Right-back,90,true,https://7a0.com.br/en/copas/1970/bra
1970,Mexico,bra,Brazil,80,4,Defence,21,Zé Maria,Right-back,72,false,https://7a0.com.br/en/copas/1970/bra
1970,Mexico,bra,Brazil,80,4,Defence,2,Brito,Centre-back,80,false,https://7a0.com.br/en/copas/1970/bra
1970,Mexico,bra,Brazil,80,4,Defence,3,Piazza,Centre-back,82,false,https://7a0.com.br/en/copas/1970/bra
1970,Mexico,bra,Brazil,80,4,Defence,14,Baldocchi,Centre-back,68,false,https://7a0.com.br/en/copas/1970/bra
1970,Mexico,bra,Brazil,80,4,Defence,15,Fontana,Centre-back,69,false,https://7a0.com.br/en/copas/1970/bra
1970,Mexico,bra,Brazil,80,4,Defence,17,Joel Camargo,Centre-back,70,false,https://7a0.com.br/en/copas/1970/bra
1970,Mexico,bra,Brazil,80,4,Defence,6,Marco Antônio,Left-back,76,false,https://7a0.com.br/en/copas/1970/bra
1970,Mexico,bra,Brazil,80,4,Defence,16,Everaldo,Left-back,77,false,https://7a0.com.br/en/copas/1970/bra
1970,Mexico,bra,Brazil,80,4,Midfield,5,Clodoaldo,Defensive midfielder,86,false,https://7a0.com.br/en/copas/1970/bra
1970,Mexico,bra,Brazil,80,4,Midfield,8,Gérson,Midfielder,92,false,https://7a0.com.br/en/copas/1970/bra
1970,Mexico,bra,Brazil,80,4,Midfield,11,Rivellino,Left midfielder,92,true,https://7a0.com.br/en/copas/1970/bra
1970,Mexico,bra,Brazil,80,4,Midfield,18,Caju,Left midfielder,76,false,https://7a0.com.br/en/copas/1970/bra
1970,Mexico,bra,Brazil,80,4,Midfield,10,Pelé,Attacking midfielder,99,true,https://7a0.com.br/en/copas/1970/bra
1970,Mexico,bra,Brazil,80,4,Attack,7,Jairzinho,Right winger,95,true,https://7a0.com.br/en/copas/1970/bra
1970,Mexico,bra,Brazil,80,4,Attack,9,Tostão,Centre-forward,87,false,https://7a0.com.br/en/copas/1970/bra
1970,Mexico,bra,Brazil,80,4,Attack,13,Roberto Miranda,Centre-forward,72,false,https://7a0.com.br/en/copas/1970/bra
1970,Mexico,bra,Brazil,80,4,Attack,20,Dario,Centre-forward,72,false,https://7a0.com.br/en/copas/1970/bra
1970,Mexico,bra,Brazil,80,4,Attack,19,Edu,Left winger,75,false,https://7a0.com.br/en/copas/1970/bra
1970,Mexico,bul,Bulgaria,75,2,Goalkeepers,1,Simeonov,Goalkeeper,76,false,https://7a0.com.br/en/copas/1970/bul
1970,Mexico,bul,Bulgaria,75,2,Goalkeepers,13,Yordanov,Goalkeeper,73,false,https://7a0.com.br/en/copas/1970/bul
1970,Mexico,bul,Bulgaria,75,2,Goalkeepers,22,Kamenski,Goalkeeper,71,false,https://7a0.com.br/en/copas/1970/bul
1970,Mexico,bul,Bulgaria,75,2,Defence,2,Shalamanov,Right-back,73,false,https://7a0.com.br/en/copas/1970/bul
1970,Mexico,bul,Bulgaria,75,2,Defence,12,Gaydarski,Right-back,72,false,https://7a0.com.br/en/copas/1970/bul
1970,Mexico,bul,Bulgaria,75,2,Defence,3,Dimitrov,Centre-back,75,false,https://7a0.com.br/en/copas/1970/bul
1970,Mexico,bul,Bulgaria,75,2,Defence,6,Penev,Centre-back,76,false,https://7a0.com.br/en/copas/1970/bul
1970,Mexico,bul,Bulgaria,75,2,Defence,14,Zhechev,Centre-back,73,false,https://7a0.com.br/en/copas/1970/bul
1970,Mexico,bul,Bulgaria,75,2,Defence,4,Aladzhov,Left-back,72,false,https://7a0.com.br/en/copas/1970/bul
1970,Mexico,bul,Bulgaria,75,2,Defence,15,Gaganelov,Left-back,72,false,https://7a0.com.br/en/copas/1970/bul
1970,Mexico,bul,Bulgaria,75,2,Midfield,17,Kolev,Defensive midfielder,73,false,https://7a0.com.br/en/copas/1970/bul
1970,Mexico,bul,Bulgaria,75,2,Midfield,5,Davidov,Midfielder,74,false,https://7a0.com.br/en/copas/1970/bul
1970,Mexico,bul,Bulgaria,75,2,Midfield,8,Bonev,Midfielder,86,true,https://7a0.com.br/en/copas/1970/bul
1970,Mexico,bul,Bulgaria,75,2,Midfield,16,Nikodimov,Midfielder,74,false,https://7a0.com.br/en/copas/1970/bul
1970,Mexico,bul,Bulgaria,75,2,Midfield,20,Mitkov,Left midfielder,72,false,https://7a0.com.br/en/copas/1970/bul
1970,Mexico,bul,Bulgaria,75,2,Midfield,10,Yakimov,Attacking midfielder,75,false,https://7a0.com.br/en/copas/1970/bul
1970,Mexico,bul,Bulgaria,75,2,Attack,7,Popov,Right winger,73,false,https://7a0.com.br/en/copas/1970/bul
1970,Mexico,bul,Bulgaria,75,2,Attack,11,Dermendzhiev,Right winger,79,false,https://7a0.com.br/en/copas/1970/bul
1970,Mexico,bul,Bulgaria,75,2,Attack,9,Zhekov,Centre-forward,85,false,https://7a0.com.br/en/copas/1970/bul
1970,Mexico,bul,Bulgaria,75,2,Attack,18,Marashliev,Centre-forward,74,false,https://7a0.com.br/en/copas/1970/bul
1970,Mexico,bul,Bulgaria,75,2,Attack,19,Asparuhov,Centre-forward,87,true,https://7a0.com.br/en/copas/1970/bul
1970,Mexico,bul,Bulgaria,75,2,Attack,21,Grigorov,Centre-forward,71,false,https://7a0.com.br/en/copas/1970/bul
1970,Mexico,eng,England,80,4,Goalkeepers,1,Banks,Goalkeeper,89,true,https://7a0.com.br/en/copas/1970/eng
1970,Mexico,eng,England,80,4,Goalkeepers,12,Bonetti,Goalkeeper,76,false,https://7a0.com.br/en/copas/1970/eng
1970,Mexico,eng,England,80,4,Goalkeepers,13,Stepney,Goalkeeper,73,false,https://7a0.com.br/en/copas/1970/eng
1970,Mexico,eng,England,80,4,Defence,2,Newton,Right-back,76,false,https://7a0.com.br/en/copas/1970/eng
1970,Mexico,eng,England,80,4,Defence,14,Wright,Right-back,73,false,https://7a0.com.br/en/copas/1970/eng
1970,Mexico,eng,England,80,4,Defence,5,Labone,Centre-back,78,false,https://7a0.com.br/en/copas/1970/eng
1970,Mexico,eng,England,80,4,Defence,6,Moore,Centre-back,90,true,https://7a0.com.br/en/copas/1970/eng
1970,Mexico,eng,England,80,4,Defence,17,J. Charlton,Centre-back,78,false,https://7a0.com.br/en/copas/1970/eng
1970,Mexico,eng,England,80,4,Defence,18,Hunter,Centre-back,76,false,https://7a0.com.br/en/copas/1970/eng
1970,Mexico,eng,England,80,4,Defence,3,Cooper,Left-back,78,false,https://7a0.com.br/en/copas/1970/eng
1970,Mexico,eng,England,80,4,Midfield,4,Mullery,Defensive midfielder,78,false,https://7a0.com.br/en/copas/1970/eng
1970,Mexico,eng,England,80,4,Midfield,8,Ball,Defensive midfielder,83,false,https://7a0.com.br/en/copas/1970/eng
1970,Mexico,eng,England,80,4,Midfield,15,Stiles,Defensive midfielder,78,false,https://7a0.com.br/en/copas/1970/eng
1970,Mexico,eng,England,80,4,Midfield,19,Bell,Defensive midfielder,82,false,https://7a0.com.br/en/copas/1970/eng
1970,Mexico,eng,England,80,4,Midfield,11,Peters,Midfielder,83,false,https://7a0.com.br/en/copas/1970/eng
1970,Mexico,eng,England,80,4,Midfield,16,Hughes,Midfielder,77,false,https://7a0.com.br/en/copas/1970/eng
1970,Mexico,eng,England,80,4,Midfield,9,B. Charlton,Attacking midfielder,90,true,https://7a0.com.br/en/copas/1970/eng
1970,Mexico,eng,England,80,4,Attack,7,Lee,Right winger,80,false,https://7a0.com.br/en/copas/1970/eng
1970,Mexico,eng,England,80,4,Attack,10,Hurst,Centre-forward,85,true,https://7a0.com.br/en/copas/1970/eng
1970,Mexico,eng,England,80,4,Attack,20,Osgood,Centre-forward,77,false,https://7a0.com.br/en/copas/1970/eng
1970,Mexico,eng,England,80,4,Attack,21,Clarke,Centre-forward,78,false,https://7a0.com.br/en/copas/1970/eng
1970,Mexico,eng,England,80,4,Attack,22,Astle,Centre-forward,74,false,https://7a0.com.br/en/copas/1970/eng
1970,Mexico,ger,Germany,81,4,Goalkeepers,1,Maier,Goalkeeper,89,true,https://7a0.com.br/en/copas/1970/ger
1970,Mexico,ger,Germany,81,4,Goalkeepers,21,Manglitz,Goalkeeper,71,false,https://7a0.com.br/en/copas/1970/ger
1970,Mexico,ger,Germany,81,4,Goalkeepers,22,Wolter,Goalkeeper,70,false,https://7a0.com.br/en/copas/1970/ger
1970,Mexico,ger,Germany,81,4,Defence,2,Höttges,Right-back,78,false,https://7a0.com.br/en/copas/1970/ger
1970,Mexico,ger,Germany,81,4,Defence,7,Vogts,Right-back,84,false,https://7a0.com.br/en/copas/1970/ger
1970,Mexico,ger,Germany,81,4,Defence,15,Patzke,Right-back,72,false,https://7a0.com.br/en/copas/1970/ger
1970,Mexico,ger,Germany,81,4,Defence,3,Schnellinger,Centre-back,83,false,https://7a0.com.br/en/copas/1970/ger
1970,Mexico,ger,Germany,81,4,Defence,4,Beckenbauer,Centre-back,96,true,https://7a0.com.br/en/copas/1970/ger
1970,Mexico,ger,Germany,81,4,Defence,5,Schulz,Centre-back,80,false,https://7a0.com.br/en/copas/1970/ger
1970,Mexico,ger,Germany,81,4,Defence,11,Fichtel,Centre-back,76,false,https://7a0.com.br/en/copas/1970/ger
1970,Mexico,ger,Germany,81,4,Defence,18,Sieloff,Centre-back,73,false,https://7a0.com.br/en/copas/1970/ger
1970,Mexico,ger,Germany,81,4,Midfield,6,Weber,Defensive midfielder,78,false,https://7a0.com.br/en/copas/1970/ger
1970,Mexico,ger,Germany,81,4,Midfield,16,Lorenz,Defensive midfielder,74,false,https://7a0.com.br/en/copas/1970/ger
1970,Mexico,ger,Germany,81,4,Midfield,19,Dietrich,Defensive midfielder,72,false,https://7a0.com.br/en/copas/1970/ger
1970,Mexico,ger,Germany,81,4,Midfield,8,Haller,Attacking midfielder,83,false,https://7a0.com.br/en/copas/1970/ger
1970,Mexico,ger,Germany,81,4,Midfield,12,Overath,Attacking midfielder,85,false,https://7a0.com.br/en/copas/1970/ger
1970,Mexico,ger,Germany,81,4,Attack,14,Libuda,Right winger,81,false,https://7a0.com.br/en/copas/1970/ger
1970,Mexico,ger,Germany,81,4,Attack,20,Grabowski,Right winger,82,false,https://7a0.com.br/en/copas/1970/ger
1970,Mexico,ger,Germany,81,4,Attack,9,Seeler,Centre-forward,90,true,https://7a0.com.br/en/copas/1970/ger
1970,Mexico,ger,Germany,81,4,Attack,10,Held,Centre-forward,80,false,https://7a0.com.br/en/copas/1970/ger
1970,Mexico,ger,Germany,81,4,Attack,13,Müller,Centre-forward,97,true,https://7a0.com.br/en/copas/1970/ger
1970,Mexico,ger,Germany,81,4,Attack,17,Löhr,Left winger,78,false,https://7a0.com.br/en/copas/1970/ger
1970,Mexico,ita,Italy,76,4,Goalkeepers,1,Albertosi,Goalkeeper,82,false,https://7a0.com.br/en/copas/1970/ita
1970,Mexico,ita,Italy,76,4,Goalkeepers,12,Zoff,Goalkeeper,80,false,https://7a0.com.br/en/copas/1970/ita
1970,Mexico,ita,Italy,76,4,Goalkeepers,17,Vieri,Goalkeeper,68,false,https://7a0.com.br/en/copas/1970/ita
1970,Mexico,ita,Italy,76,4,Defence,2,Burgnich,Right-back,81,false,https://7a0.com.br/en/copas/1970/ita
1970,Mexico,ita,Italy,76,4,Defence,4,Poletti,Right-back,68,false,https://7a0.com.br/en/copas/1970/ita
1970,Mexico,ita,Italy,76,4,Defence,5,Cera,Centre-back,76,false,https://7a0.com.br/en/copas/1970/ita
1970,Mexico,ita,Italy,76,4,Defence,6,Ferrante,Centre-back,67,false,https://7a0.com.br/en/copas/1970/ita
1970,Mexico,ita,Italy,76,4,Defence,7,Niccolai,Centre-back,66,false,https://7a0.com.br/en/copas/1970/ita
1970,Mexico,ita,Italy,76,4,Defence,8,Rosato,Centre-back,75,false,https://7a0.com.br/en/copas/1970/ita
1970,Mexico,ita,Italy,76,4,Defence,9,Puia,Centre-back,68,false,https://7a0.com.br/en/copas/1970/ita
1970,Mexico,ita,Italy,76,4,Defence,3,Facchetti,Left-back,89,true,https://7a0.com.br/en/copas/1970/ita
1970,Mexico,ita,Italy,76,4,Midfield,10,Bertini,Defensive midfielder,74,false,https://7a0.com.br/en/copas/1970/ita
1970,Mexico,ita,Italy,76,4,Midfield,15,Mazzola,Defensive midfielder,86,true,https://7a0.com.br/en/copas/1970/ita
1970,Mexico,ita,Italy,76,4,Midfield,18,Juliano,Defensive midfielder,74,false,https://7a0.com.br/en/copas/1970/ita
1970,Mexico,ita,Italy,76,4,Midfield,21,Furino,Defensive midfielder,68,false,https://7a0.com.br/en/copas/1970/ita
1970,Mexico,ita,Italy,76,4,Midfield,16,De Sisti,Midfielder,76,false,https://7a0.com.br/en/copas/1970/ita
1970,Mexico,ita,Italy,76,4,Midfield,14,Rivera,Attacking midfielder,87,true,https://7a0.com.br/en/copas/1970/ita
1970,Mexico,ita,Italy,76,4,Attack,13,Domenghini,Right winger,77,false,https://7a0.com.br/en/copas/1970/ita
1970,Mexico,ita,Italy,76,4,Attack,19,Gori,Centre-forward,69,false,https://7a0.com.br/en/copas/1970/ita
1970,Mexico,ita,Italy,76,4,Attack,20,Boninsegna,Centre-forward,83,false,https://7a0.com.br/en/copas/1970/ita
1970,Mexico,ita,Italy,76,4,Attack,11,Riva,Left winger,89,true,https://7a0.com.br/en/copas/1970/ita
1970,Mexico,ita,Italy,76,4,Attack,22,Prati,Left winger,76,false,https://7a0.com.br/en/copas/1970/ita
1970,Mexico,mex,Mexico,73,2,Goalkeepers,1,Calderón,Goalkeeper,76,false,https://7a0.com.br/en/copas/1970/mex
1970,Mexico,mex,Mexico,73,2,Goalkeepers,12,Mota,Goalkeeper,70,false,https://7a0.com.br/en/copas/1970/mex
1970,Mexico,mex,Mexico,73,2,Goalkeepers,22,Castrejón,Goalkeeper,68,false,https://7a0.com.br/en/copas/1970/mex
1970,Mexico,mex,Mexico,73,2,Defence,2,Alejándrez,Right-back,72,false,https://7a0.com.br/en/copas/1970/mex
1970,Mexico,mex,Mexico,73,2,Defence,13,Vantolrá,Right-back,73,false,https://7a0.com.br/en/copas/1970/mex
1970,Mexico,mex,Mexico,73,2,Defence,3,Peña,Centre-back,77,true,https://7a0.com.br/en/copas/1970/mex
1970,Mexico,mex,Mexico,73,2,Defence,4,Montes,Centre-back,72,false,https://7a0.com.br/en/copas/1970/mex
1970,Mexico,mex,Mexico,73,2,Defence,6,Hernández,Centre-back,74,false,https://7a0.com.br/en/copas/1970/mex
1970,Mexico,mex,Mexico,73,2,Defence,14,Guzmán,Centre-back,71,false,https://7a0.com.br/en/copas/1970/mex
1970,Mexico,mex,Mexico,73,2,Defence,5,M. Pérez,Left-back,73,false,https://7a0.com.br/en/copas/1970/mex
1970,Mexico,mex,Mexico,73,2,Midfield,7,Rivas,Defensive midfielder,72,false,https://7a0.com.br/en/copas/1970/mex
1970,Mexico,mex,Mexico,73,2,Midfield,8,Munguía,Midfielder,74,false,https://7a0.com.br/en/copas/1970/mex
1970,Mexico,mex,Mexico,73,2,Midfield,15,Pulido,Midfielder,72,false,https://7a0.com.br/en/copas/1970/mex
1970,Mexico,mex,Mexico,73,2,Midfield,17,González,Midfielder,72,false,https://7a0.com.br/en/copas/1970/mex
1970,Mexico,mex,Mexico,73,2,Midfield,18,Velarde,Midfielder,75,false,https://7a0.com.br/en/copas/1970/mex
1970,Mexico,mex,Mexico,73,2,Midfield,20,Basaguren,Midfielder,73,false,https://7a0.com.br/en/copas/1970/mex
1970,Mexico,mex,Mexico,73,2,Attack,11,Padilla,Right winger,74,false,https://7a0.com.br/en/copas/1970/mex
1970,Mexico,mex,Mexico,73,2,Attack,9,Borja,Centre-forward,80,true,https://7a0.com.br/en/copas/1970/mex
1970,Mexico,mex,Mexico,73,2,Attack,19,Valdivia,Centre-forward,71,false,https://7a0.com.br/en/copas/1970/mex
1970,Mexico,mex,Mexico,73,2,Attack,10,Salgado,Left winger,75,false,https://7a0.com.br/en/copas/1970/mex
1970,Mexico,mex,Mexico,73,2,Attack,16,Isidoro Díaz,Left winger,71,false,https://7a0.com.br/en/copas/1970/mex
1970,Mexico,mex,Mexico,73,2,Attack,21,Fragoso,Left winger,74,false,https://7a0.com.br/en/copas/1970/mex
1970,Mexico,per,Peru,75,2,Goalkeepers,1,Rubiños,Goalkeeper,75,false,https://7a0.com.br/en/copas/1970/per
1970,Mexico,per,Peru,75,2,Goalkeepers,12,Correa,Goalkeeper,69,false,https://7a0.com.br/en/copas/1970/per
1970,Mexico,per,Peru,75,2,Goalkeepers,21,Goyzueta,Goalkeeper,68,false,https://7a0.com.br/en/copas/1970/per
1970,Mexico,per,Peru,75,2,Defence,2,Campos,Right-back,74,false,https://7a0.com.br/en/copas/1970/per
1970,Mexico,per,Peru,75,2,Defence,3,De la Torre,Centre-back,74,false,https://7a0.com.br/en/copas/1970/per
1970,Mexico,per,Peru,75,2,Defence,4,Chumpitaz,Centre-back,82,true,https://7a0.com.br/en/copas/1970/per
1970,Mexico,per,Peru,75,2,Defence,14,Fernández,Centre-back,72,false,https://7a0.com.br/en/copas/1970/per
1970,Mexico,per,Peru,75,2,Defence,16,Salinas,Centre-back,70,false,https://7a0.com.br/en/copas/1970/per
1970,Mexico,per,Peru,75,2,Defence,5,Fuentes,Left-back,75,false,https://7a0.com.br/en/copas/1970/per
1970,Mexico,per,Peru,75,2,Midfield,7,Challe,Defensive midfielder,79,false,https://7a0.com.br/en/copas/1970/per
1970,Mexico,per,Peru,75,2,Midfield,13,P. González,Defensive midfielder,72,false,https://7a0.com.br/en/copas/1970/per
1970,Mexico,per,Peru,75,2,Midfield,17,Cruzado,Defensive midfielder,74,false,https://7a0.com.br/en/copas/1970/per
1970,Mexico,per,Peru,75,2,Midfield,6,Mifflin,Midfielder,78,false,https://7a0.com.br/en/copas/1970/per
1970,Mexico,per,Peru,75,2,Midfield,15,J. González,Midfielder,71,false,https://7a0.com.br/en/copas/1970/per
1970,Mexico,per,Peru,75,2,Midfield,10,Cubillas,Attacking midfielder,87,true,https://7a0.com.br/en/copas/1970/per
1970,Mexico,per,Peru,75,2,Attack,8,Baylón,Right winger,76,false,https://7a0.com.br/en/copas/1970/per
1970,Mexico,per,Peru,75,2,Attack,9,León,Centre-forward,79,false,https://7a0.com.br/en/copas/1970/per
1970,Mexico,per,Peru,75,2,Attack,18,Del Castillo,Centre-forward,72,false,https://7a0.com.br/en/copas/1970/per
1970,Mexico,per,Peru,75,2,Attack,19,Reyes,Centre-forward,70,false,https://7a0.com.br/en/copas/1970/per
1970,Mexico,per,Peru,75,2,Attack,20,Sotil,Centre-forward,79,false,https://7a0.com.br/en/copas/1970/per
1970,Mexico,per,Peru,75,2,Attack,22,Ramírez,Centre-forward,76,false,https://7a0.com.br/en/copas/1970/per
1970,Mexico,per,Peru,75,2,Attack,11,Gallardo,Left winger,78,false,https://7a0.com.br/en/copas/1970/per
1970,Mexico,rou,Romania,74,2,Goalkeepers,1,Răducanu,Goalkeeper,76,false,https://7a0.com.br/en/copas/1970/rou
1970,Mexico,rou,Romania,74,2,Goalkeepers,21,Adamache,Goalkeeper,73,false,https://7a0.com.br/en/copas/1970/rou
1970,Mexico,rou,Romania,74,2,Goalkeepers,22,Gornea,Goalkeeper,68,false,https://7a0.com.br/en/copas/1970/rou
1970,Mexico,rou,Romania,74,2,Defence,2,Sătmăreanu,Right-back,72,false,https://7a0.com.br/en/copas/1970/rou
1970,Mexico,rou,Romania,74,2,Defence,13,Deleanu,Right-back,71,false,https://7a0.com.br/en/copas/1970/rou
1970,Mexico,rou,Romania,74,2,Defence,3,Lupescu,Centre-back,73,false,https://7a0.com.br/en/copas/1970/rou
1970,Mexico,rou,Romania,74,2,Defence,4,Mocanu,Centre-back,73,false,https://7a0.com.br/en/copas/1970/rou
1970,Mexico,rou,Romania,74,2,Defence,12,Ivăncescu,Centre-back,72,false,https://7a0.com.br/en/copas/1970/rou
1970,Mexico,rou,Romania,74,2,Midfield,5,Dinu,Defensive midfielder,77,false,https://7a0.com.br/en/copas/1970/rou
1970,Mexico,rou,Romania,74,2,Midfield,14,Gergely,Defensive midfielder,74,false,https://7a0.com.br/en/copas/1970/rou
1970,Mexico,rou,Romania,74,2,Midfield,20,Pescaru,Defensive midfielder,71,false,https://7a0.com.br/en/copas/1970/rou
1970,Mexico,rou,Romania,74,2,Midfield,6,Coe,Right midfielder,72,false,https://7a0.com.br/en/copas/1970/rou
1970,Mexico,rou,Romania,74,2,Midfield,10,Nunweiller,Midfielder,76,false,https://7a0.com.br/en/copas/1970/rou
1970,Mexico,rou,Romania,74,2,Midfield,15,Dumitru,Midfielder,72,false,https://7a0.com.br/en/copas/1970/rou
1970,Mexico,rou,Romania,74,2,Midfield,17,Tătaru,Midfielder,75,false,https://7a0.com.br/en/copas/1970/rou
1970,Mexico,rou,Romania,74,2,Attack,16,Neagu,Right winger,74,false,https://7a0.com.br/en/copas/1970/rou
1970,Mexico,rou,Romania,74,2,Attack,18,Tufan,Right winger,71,false,https://7a0.com.br/en/copas/1970/rou
1970,Mexico,rou,Romania,74,2,Attack,9,Dumitrache,Centre-forward,80,false,https://7a0.com.br/en/copas/1970/rou
1970,Mexico,rou,Romania,74,2,Attack,7,Dembrovschi,Left winger,78,false,https://7a0.com.br/en/copas/1970/rou
1970,Mexico,rou,Romania,74,2,Attack,8,Dobrin,Left winger,85,true,https://7a0.com.br/en/copas/1970/rou
1970,Mexico,rou,Romania,74,2,Attack,11,Lucescu,Left winger,83,true,https://7a0.com.br/en/copas/1970/rou
1970,Mexico,rou,Romania,74,2,Attack,19,Domide,Left winger,72,false,https://7a0.com.br/en/copas/1970/rou
1970,Mexico,uru,Uruguay,73,1,Goalkeepers,1,Mazurkiewicz,Goalkeeper,86,true,https://7a0.com.br/en/copas/1970/uru
1970,Mexico,uru,Uruguay,73,1,Goalkeepers,12,H. Santos,Goalkeeper,66,false,https://7a0.com.br/en/copas/1970/uru
1970,Mexico,uru,Uruguay,73,1,Goalkeepers,22,Corbo,Goalkeeper,64,false,https://7a0.com.br/en/copas/1970/uru
1970,Mexico,uru,Uruguay,73,1,Defence,16,Caetano,Right-back,75,false,https://7a0.com.br/en/copas/1970/uru
1970,Mexico,uru,Uruguay,73,1,Defence,2,Ancheta,Centre-back,78,false,https://7a0.com.br/en/copas/1970/uru
1970,Mexico,uru,Uruguay,73,1,Defence,3,Matosas,Centre-back,76,false,https://7a0.com.br/en/copas/1970/uru
1970,Mexico,uru,Uruguay,73,1,Defence,4,Ubiña,Centre-back,77,false,https://7a0.com.br/en/copas/1970/uru
1970,Mexico,uru,Uruguay,73,1,Defence,13,Sandoval,Centre-back,66,false,https://7a0.com.br/en/copas/1970/uru
1970,Mexico,uru,Uruguay,73,1,Defence,14,Cámera,Centre-back,66,false,https://7a0.com.br/en/copas/1970/uru
1970,Mexico,uru,Uruguay,73,1,Defence,6,Mujica,Left-back,76,false,https://7a0.com.br/en/copas/1970/uru
1970,Mexico,uru,Uruguay,73,1,Midfield,5,Montero Castillo,Defensive midfielder,78,false,https://7a0.com.br/en/copas/1970/uru
1970,Mexico,uru,Uruguay,73,1,Midfield,15,Fontes,Defensive midfielder,68,false,https://7a0.com.br/en/copas/1970/uru
1970,Mexico,uru,Uruguay,73,1,Midfield,20,Cortés,Defensive midfielder,74,false,https://7a0.com.br/en/copas/1970/uru
1970,Mexico,uru,Uruguay,73,1,Midfield,10,Maneiro,Midfielder,74,false,https://7a0.com.br/en/copas/1970/uru
1970,Mexico,uru,Uruguay,73,1,Midfield,8,P. Rocha,Attacking midfielder,85,false,https://7a0.com.br/en/copas/1970/uru
1970,Mexico,uru,Uruguay,73,1,Midfield,9,Espárrago,Attacking midfielder,76,false,https://7a0.com.br/en/copas/1970/uru
1970,Mexico,uru,Uruguay,73,1,Attack,7,Cubilla,Right winger,82,false,https://7a0.com.br/en/copas/1970/uru
1970,Mexico,uru,Uruguay,73,1,Attack,17,Bareño,Centre-forward,69,false,https://7a0.com.br/en/copas/1970/uru
1970,Mexico,uru,Uruguay,73,1,Attack,18,Gómez,Centre-forward,67,false,https://7a0.com.br/en/copas/1970/uru
1970,Mexico,uru,Uruguay,73,1,Attack,19,Zubia,Centre-forward,69,false,https://7a0.com.br/en/copas/1970/uru
1970,Mexico,uru,Uruguay,73,1,Attack,21,Losada,Centre-forward,66,false,https://7a0.com.br/en/copas/1970/uru
1970,Mexico,uru,Uruguay,73,1,Attack,11,Morales,Left winger,76,false,https://7a0.com.br/en/copas/1970/uru
1974,West Germany,arg,Argentina,78,0,Goalkeepers,1,Carnevali,Goalkeeper,76,false,https://7a0.com.br/en/copas/1974/arg
1974,West Germany,arg,Argentina,78,0,Goalkeepers,12,Fillol,Goalkeeper,83,false,https://7a0.com.br/en/copas/1974/arg
1974,West Germany,arg,Argentina,78,0,Goalkeepers,21,Santoro,Goalkeeper,72,false,https://7a0.com.br/en/copas/1974/arg
1974,West Germany,arg,Argentina,78,0,Defence,20,Wolff,Right-back,78,false,https://7a0.com.br/en/copas/1974/arg
1974,West Germany,arg,Argentina,78,0,Defence,5,Bargas,Centre-back,75,false,https://7a0.com.br/en/copas/1974/arg
1974,West Germany,arg,Argentina,78,0,Defence,9,Glaria,Centre-back,73,false,https://7a0.com.br/en/copas/1974/arg
1974,West Germany,arg,Argentina,78,0,Defence,10,Heredia,Centre-back,78,false,https://7a0.com.br/en/copas/1974/arg
1974,West Germany,arg,Argentina,78,0,Defence,14,Perfumo,Centre-back,81,false,https://7a0.com.br/en/copas/1974/arg
1974,West Germany,arg,Argentina,78,0,Defence,16,Sá,Centre-back,77,false,https://7a0.com.br/en/copas/1974/arg
1974,West Germany,arg,Argentina,78,0,Defence,7,Carrascosa,Left-back,78,false,https://7a0.com.br/en/copas/1974/arg
1974,West Germany,arg,Argentina,78,0,Midfield,3,Babington,Defensive midfielder,84,false,https://7a0.com.br/en/copas/1974/arg
1974,West Germany,arg,Argentina,78,0,Midfield,8,Chazarreta,Defensive midfielder,74,false,https://7a0.com.br/en/copas/1974/arg
1974,West Germany,arg,Argentina,78,0,Midfield,17,Squeo,Defensive midfielder,72,false,https://7a0.com.br/en/copas/1974/arg
1974,West Germany,arg,Argentina,78,0,Midfield,19,Togneri,Defensive midfielder,71,false,https://7a0.com.br/en/copas/1974/arg
1974,West Germany,arg,Argentina,78,0,Midfield,18,Telch,Midfielder,74,false,https://7a0.com.br/en/copas/1974/arg
1974,West Germany,arg,Argentina,78,0,Midfield,6,Brindisi,Attacking midfielder,83,false,https://7a0.com.br/en/copas/1974/arg
1974,West Germany,arg,Argentina,78,0,Attack,2,Ayala,Right winger,80,false,https://7a0.com.br/en/copas/1974/arg
1974,West Germany,arg,Argentina,78,0,Attack,4,Balbuena,Right winger,78,false,https://7a0.com.br/en/copas/1974/arg
1974,West Germany,arg,Argentina,78,0,Attack,11,Houseman,Right winger,82,false,https://7a0.com.br/en/copas/1974/arg
1974,West Germany,arg,Argentina,78,0,Attack,13,Kempes,Centre-forward,83,false,https://7a0.com.br/en/copas/1974/arg
1974,West Germany,arg,Argentina,78,0,Attack,15,Poy,Centre-forward,74,false,https://7a0.com.br/en/copas/1974/arg
1974,West Germany,arg,Argentina,78,0,Attack,22,Yazalde,Centre-forward,81,false,https://7a0.com.br/en/copas/1974/arg
1974,West Germany,bra,Brazil,80,2,Goalkeepers,1,Leão,Goalkeeper,84,false,https://7a0.com.br/en/copas/1974/bra
1974,West Germany,bra,Brazil,80,2,Goalkeepers,12,Renato,Goalkeeper,68,false,https://7a0.com.br/en/copas/1974/bra
1974,West Germany,bra,Brazil,80,2,Goalkeepers,22,Waldir Peres,Goalkeeper,74,false,https://7a0.com.br/en/copas/1974/bra
1974,West Germany,bra,Brazil,80,2,Defence,4,Zé Maria,Right-back,80,false,https://7a0.com.br/en/copas/1974/bra
1974,West Germany,bra,Brazil,80,2,Defence,14,Nelinho,Right-back,78,false,https://7a0.com.br/en/copas/1974/bra
1974,West Germany,bra,Brazil,80,2,Defence,2,Luís Pereira,Centre-back,87,false,https://7a0.com.br/en/copas/1974/bra
1974,West Germany,bra,Brazil,80,2,Defence,3,Marinho Peres,Centre-back,79,false,https://7a0.com.br/en/copas/1974/bra
1974,West Germany,bra,Brazil,80,2,Defence,15,Mostarda,Centre-back,72,false,https://7a0.com.br/en/copas/1974/bra
1974,West Germany,bra,Brazil,80,2,Defence,6,Marinho Chagas,Left-back,86,false,https://7a0.com.br/en/copas/1974/bra
1974,West Germany,bra,Brazil,80,2,Defence,16,Marco Antônio,Left-back,75,false,https://7a0.com.br/en/copas/1974/bra
1974,West Germany,bra,Brazil,80,2,Midfield,5,Piazza,Defensive midfielder,82,false,https://7a0.com.br/en/copas/1974/bra
1974,West Germany,bra,Brazil,80,2,Midfield,17,Carpegiani,Midfielder,76,false,https://7a0.com.br/en/copas/1974/bra
1974,West Germany,bra,Brazil,80,2,Midfield,18,Ademir da Guia,Midfielder,85,false,https://7a0.com.br/en/copas/1974/bra
1974,West Germany,bra,Brazil,80,2,Midfield,11,Paulo César Caju,Left midfielder,82,false,https://7a0.com.br/en/copas/1974/bra
1974,West Germany,bra,Brazil,80,2,Midfield,8,Leivinha,Attacking midfielder,78,false,https://7a0.com.br/en/copas/1974/bra
1974,West Germany,bra,Brazil,80,2,Midfield,10,Rivelino,Attacking midfielder,92,true,https://7a0.com.br/en/copas/1974/bra
1974,West Germany,bra,Brazil,80,2,Midfield,21,Dirceu,Attacking midfielder,80,false,https://7a0.com.br/en/copas/1974/bra
1974,West Germany,bra,Brazil,80,2,Attack,7,Jairzinho,Right winger,88,true,https://7a0.com.br/en/copas/1974/bra
1974,West Germany,bra,Brazil,80,2,Attack,13,Valdomiro,Right winger,75,false,https://7a0.com.br/en/copas/1974/bra
1974,West Germany,bra,Brazil,80,2,Attack,9,César Maluco,Centre-forward,76,false,https://7a0.com.br/en/copas/1974/bra
1974,West Germany,bra,Brazil,80,2,Attack,19,Mirandinha,Centre-forward,73,false,https://7a0.com.br/en/copas/1974/bra
1974,West Germany,bra,Brazil,80,2,Attack,20,Edu,Left winger,80,false,https://7a0.com.br/en/copas/1974/bra
1974,West Germany,chi,Chile,77,3,Goalkeepers,1,Vallejos,Goalkeeper,76,false,https://7a0.com.br/en/copas/1974/chi
1974,West Germany,chi,Chile,77,3,Goalkeepers,21,Olivares,Goalkeeper,70,false,https://7a0.com.br/en/copas/1974/chi
1974,West Germany,chi,Chile,77,3,Goalkeepers,22,Nef,Goalkeeper,68,false,https://7a0.com.br/en/copas/1974/chi
1974,West Germany,chi,Chile,77,3,Defence,2,García,Right-back,73,false,https://7a0.com.br/en/copas/1974/chi
1974,West Germany,chi,Chile,77,3,Defence,12,Machuca,Right-back,72,false,https://7a0.com.br/en/copas/1974/chi
1974,West Germany,chi,Chile,77,3,Defence,3,Quintano,Centre-back,77,false,https://7a0.com.br/en/copas/1974/chi
1974,West Germany,chi,Chile,77,3,Defence,5,Figueroa,Centre-back,93,true,https://7a0.com.br/en/copas/1974/chi
1974,West Germany,chi,Chile,77,3,Defence,13,González,Centre-back,73,false,https://7a0.com.br/en/copas/1974/chi
1974,West Germany,chi,Chile,77,3,Defence,15,Galindo,Centre-back,72,false,https://7a0.com.br/en/copas/1974/chi
1974,West Germany,chi,Chile,77,3,Defence,4,Arias,Left-back,74,false,https://7a0.com.br/en/copas/1974/chi
1974,West Germany,chi,Chile,77,3,Midfield,6,Rodríguez,Defensive midfielder,74,false,https://7a0.com.br/en/copas/1974/chi
1974,West Germany,chi,Chile,77,3,Midfield,19,Farías,Defensive midfielder,73,false,https://7a0.com.br/en/copas/1974/chi
1974,West Germany,chi,Chile,77,3,Midfield,10,Reinoso,Midfielder,89,true,https://7a0.com.br/en/copas/1974/chi
1974,West Germany,chi,Chile,77,3,Midfield,14,Lara,Midfielder,75,false,https://7a0.com.br/en/copas/1974/chi
1974,West Germany,chi,Chile,77,3,Midfield,16,Páez,Midfielder,76,false,https://7a0.com.br/en/copas/1974/chi
1974,West Germany,chi,Chile,77,3,Midfield,8,Valdés,Attacking midfielder,82,false,https://7a0.com.br/en/copas/1974/chi
1974,West Germany,chi,Chile,77,3,Midfield,17,Yávar,Attacking midfielder,77,false,https://7a0.com.br/en/copas/1974/chi
1974,West Germany,chi,Chile,77,3,Midfield,18,Socías,Attacking midfielder,74,false,https://7a0.com.br/en/copas/1974/chi
1974,West Germany,chi,Chile,77,3,Attack,20,Castro,Right winger,76,false,https://7a0.com.br/en/copas/1974/chi
1974,West Germany,chi,Chile,77,3,Attack,7,Caszely,Left winger,88,true,https://7a0.com.br/en/copas/1974/chi
1974,West Germany,chi,Chile,77,3,Attack,9,Ahumada,Left winger,75,false,https://7a0.com.br/en/copas/1974/chi
1974,West Germany,chi,Chile,77,3,Attack,11,Véliz,Left winger,78,false,https://7a0.com.br/en/copas/1974/chi
1974,West Germany,ger,Germany,81,3,Goalkeepers,1,Maier,Goalkeeper,91,true,https://7a0.com.br/en/copas/1974/ger
1974,West Germany,ger,Germany,81,3,Goalkeepers,21,Nigbur,Goalkeeper,71,false,https://7a0.com.br/en/copas/1974/ger
1974,West Germany,ger,Germany,81,3,Goalkeepers,22,Kleff,Goalkeeper,70,false,https://7a0.com.br/en/copas/1974/ger
1974,West Germany,ger,Germany,81,3,Defence,2,Vogts,Right-back,86,false,https://7a0.com.br/en/copas/1974/ger
1974,West Germany,ger,Germany,81,3,Defence,6,Höttges,Right-back,76,false,https://7a0.com.br/en/copas/1974/ger
1974,West Germany,ger,Germany,81,3,Defence,4,Schwarzenbeck,Centre-back,82,false,https://7a0.com.br/en/copas/1974/ger
1974,West Germany,ger,Germany,81,3,Defence,5,Beckenbauer,Centre-back,98,true,https://7a0.com.br/en/copas/1974/ger
1974,West Germany,ger,Germany,81,3,Defence,3,Breitner,Left-back,88,false,https://7a0.com.br/en/copas/1974/ger
1974,West Germany,ger,Germany,81,3,Defence,20,Kremers,Left-back,72,false,https://7a0.com.br/en/copas/1974/ger
1974,West Germany,ger,Germany,81,3,Midfield,7,Wimmer,Defensive midfielder,78,false,https://7a0.com.br/en/copas/1974/ger
1974,West Germany,ger,Germany,81,3,Midfield,15,Flohe,Defensive midfielder,76,false,https://7a0.com.br/en/copas/1974/ger
1974,West Germany,ger,Germany,81,3,Midfield,16,Bonhof,Defensive midfielder,83,false,https://7a0.com.br/en/copas/1974/ger
1974,West Germany,ger,Germany,81,3,Midfield,19,Kapellmann,Defensive midfielder,73,false,https://7a0.com.br/en/copas/1974/ger
1974,West Germany,ger,Germany,81,3,Midfield,8,Cullmann,Midfielder,76,false,https://7a0.com.br/en/copas/1974/ger
1974,West Germany,ger,Germany,81,3,Midfield,10,Netzer,Midfielder,80,false,https://7a0.com.br/en/copas/1974/ger
1974,West Germany,ger,Germany,81,3,Midfield,12,Overath,Attacking midfielder,83,false,https://7a0.com.br/en/copas/1974/ger
1974,West Germany,ger,Germany,81,3,Attack,9,Grabowski,Right winger,82,false,https://7a0.com.br/en/copas/1974/ger
1974,West Germany,ger,Germany,81,3,Attack,14,Hoeneß,Right winger,83,false,https://7a0.com.br/en/copas/1974/ger
1974,West Germany,ger,Germany,81,3,Attack,11,Heynckes,Centre-forward,80,false,https://7a0.com.br/en/copas/1974/ger
1974,West Germany,ger,Germany,81,3,Attack,13,Müller,Centre-forward,96,true,https://7a0.com.br/en/copas/1974/ger
1974,West Germany,ger,Germany,81,3,Attack,17,Hölzenbein,Left winger,80,false,https://7a0.com.br/en/copas/1974/ger
1974,West Germany,ger,Germany,81,3,Attack,18,Herzog,Left winger,72,false,https://7a0.com.br/en/copas/1974/ger
1974,West Germany,ita,Italy,80,4,Goalkeepers,1,Zoff,Goalkeeper,95,true,https://7a0.com.br/en/copas/1974/ita
1974,West Germany,ita,Italy,80,4,Goalkeepers,12,Albertosi,Goalkeeper,76,false,https://7a0.com.br/en/copas/1974/ita
1974,West Germany,ita,Italy,80,4,Goalkeepers,22,Castellini,Goalkeeper,72,false,https://7a0.com.br/en/copas/1974/ita
1974,West Germany,ita,Italy,80,4,Defence,2,Spinosi,Right-back,74,false,https://7a0.com.br/en/copas/1974/ita
1974,West Germany,ita,Italy,80,4,Defence,5,Morini,Centre-back,77,false,https://7a0.com.br/en/copas/1974/ita
1974,West Germany,ita,Italy,80,4,Defence,6,Burgnich,Centre-back,82,false,https://7a0.com.br/en/copas/1974/ita
1974,West Germany,ita,Italy,80,4,Defence,13,Sabadini,Centre-back,70,false,https://7a0.com.br/en/copas/1974/ita
1974,West Germany,ita,Italy,80,4,Defence,14,Bellugi,Centre-back,72,false,https://7a0.com.br/en/copas/1974/ita
1974,West Germany,ita,Italy,80,4,Defence,15,Wilson,Centre-back,76,false,https://7a0.com.br/en/copas/1974/ita
1974,West Germany,ita,Italy,80,4,Defence,3,Facchetti,Left-back,90,true,https://7a0.com.br/en/copas/1974/ita
1974,West Germany,ita,Italy,80,4,Midfield,4,Benetti,Defensive midfielder,80,false,https://7a0.com.br/en/copas/1974/ita
1974,West Germany,ita,Italy,80,4,Midfield,8,Capello,Defensive midfielder,82,false,https://7a0.com.br/en/copas/1974/ita
1974,West Germany,ita,Italy,80,4,Midfield,16,Juliano,Defensive midfielder,76,false,https://7a0.com.br/en/copas/1974/ita
1974,West Germany,ita,Italy,80,4,Midfield,7,Mazzola,Midfielder,88,false,https://7a0.com.br/en/copas/1974/ita
1974,West Germany,ita,Italy,80,4,Midfield,10,Rivera,Midfielder,90,true,https://7a0.com.br/en/copas/1974/ita
1974,West Germany,ita,Italy,80,4,Midfield,17,Re Cecconi,Midfielder,74,false,https://7a0.com.br/en/copas/1974/ita
1974,West Germany,ita,Italy,80,4,Attack,18,Causio,Right winger,83,false,https://7a0.com.br/en/copas/1974/ita
1974,West Germany,ita,Italy,80,4,Attack,9,Chinaglia,Centre-forward,80,false,https://7a0.com.br/en/copas/1974/ita
1974,West Germany,ita,Italy,80,4,Attack,11,Riva,Centre-forward,92,true,https://7a0.com.br/en/copas/1974/ita
1974,West Germany,ita,Italy,80,4,Attack,19,Anastasi,Centre-forward,81,false,https://7a0.com.br/en/copas/1974/ita
1974,West Germany,ita,Italy,80,4,Attack,20,Boninsegna,Centre-forward,82,false,https://7a0.com.br/en/copas/1974/ita
1974,West Germany,ita,Italy,80,4,Attack,21,Pulici,Centre-forward,76,false,https://7a0.com.br/en/copas/1974/ita
1974,West Germany,ned,Netherlands,79,2,Goalkeepers,8,Jongbloed,Goalkeeper,76,false,https://7a0.com.br/en/copas/1974/ned
1974,West Germany,ned,Netherlands,79,2,Goalkeepers,18,Schrijvers,Goalkeeper,73,false,https://7a0.com.br/en/copas/1974/ned
1974,West Germany,ned,Netherlands,79,2,Goalkeepers,21,Treijtel,Goalkeeper,68,false,https://7a0.com.br/en/copas/1974/ned
1974,West Germany,ned,Netherlands,79,2,Defence,20,Suurbier,Right-back,81,false,https://7a0.com.br/en/copas/1974/ned
1974,West Germany,ned,Netherlands,79,2,Defence,4,Van Ierssel,Centre-back,71,false,https://7a0.com.br/en/copas/1974/ned
1974,West Germany,ned,Netherlands,79,2,Defence,5,Israël,Centre-back,79,false,https://7a0.com.br/en/copas/1974/ned
1974,West Germany,ned,Netherlands,79,2,Defence,17,Rijsbergen,Centre-back,79,false,https://7a0.com.br/en/copas/1974/ned
1974,West Germany,ned,Netherlands,79,2,Defence,19,Strik,Centre-back,70,false,https://7a0.com.br/en/copas/1974/ned
1974,West Germany,ned,Netherlands,79,2,Defence,22,Vos,Centre-back,69,false,https://7a0.com.br/en/copas/1974/ned
1974,West Germany,ned,Netherlands,79,2,Defence,12,Krol,Left-back,85,false,https://7a0.com.br/en/copas/1974/ned
1974,West Germany,ned,Netherlands,79,2,Midfield,2,Haan,Defensive midfielder,83,false,https://7a0.com.br/en/copas/1974/ned
1974,West Germany,ned,Netherlands,79,2,Midfield,7,De Jong,Defensive midfielder,75,false,https://7a0.com.br/en/copas/1974/ned
1974,West Germany,ned,Netherlands,79,2,Midfield,10,R. Van de Kerkhof,Defensive midfielder,78,false,https://7a0.com.br/en/copas/1974/ned
1974,West Germany,ned,Netherlands,79,2,Midfield,13,Neeskens,Defensive midfielder,91,true,https://7a0.com.br/en/copas/1974/ned
1974,West Germany,ned,Netherlands,79,2,Midfield,6,Jansen,Right midfielder,80,false,https://7a0.com.br/en/copas/1974/ned
1974,West Germany,ned,Netherlands,79,2,Midfield,11,W. Van de Kerkhof,Right midfielder,76,false,https://7a0.com.br/en/copas/1974/ned
1974,West Germany,ned,Netherlands,79,2,Midfield,3,Van Hanegem,Attacking midfielder,88,false,https://7a0.com.br/en/copas/1974/ned
1974,West Germany,ned,Netherlands,79,2,Attack,16,Rep,Right winger,82,false,https://7a0.com.br/en/copas/1974/ned
1974,West Germany,ned,Netherlands,79,2,Attack,1,Geels,Centre-forward,74,false,https://7a0.com.br/en/copas/1974/ned
1974,West Germany,ned,Netherlands,79,2,Attack,14,Cruyff,Centre-forward,97,true,https://7a0.com.br/en/copas/1974/ned
1974,West Germany,ned,Netherlands,79,2,Attack,9,Keizer,Left winger,76,false,https://7a0.com.br/en/copas/1974/ned
1974,West Germany,ned,Netherlands,79,2,Attack,15,Rensenbrink,Left winger,86,false,https://7a0.com.br/en/copas/1974/ned
1974,West Germany,pol,Poland,76,2,Goalkeepers,1,Fischer,Goalkeeper,68,false,https://7a0.com.br/en/copas/1974/pol
1974,West Germany,pol,Poland,76,2,Goalkeepers,2,Tomaszewski,Goalkeeper,84,false,https://7a0.com.br/en/copas/1974/pol
1974,West Germany,pol,Poland,76,2,Goalkeepers,3,Kalinowski,Goalkeeper,67,false,https://7a0.com.br/en/copas/1974/pol
1974,West Germany,pol,Poland,76,2,Defence,4,Szymanowski,Right-back,80,false,https://7a0.com.br/en/copas/1974/pol
1974,West Germany,pol,Poland,76,2,Defence,5,Gut,Centre-back,70,false,https://7a0.com.br/en/copas/1974/pol
1974,West Germany,pol,Poland,76,2,Defence,6,Gorgoń,Centre-back,82,false,https://7a0.com.br/en/copas/1974/pol
1974,West Germany,pol,Poland,76,2,Defence,8,Bulzacki,Centre-back,72,false,https://7a0.com.br/en/copas/1974/pol
1974,West Germany,pol,Poland,76,2,Defence,9,Żmuda,Centre-back,83,false,https://7a0.com.br/en/copas/1974/pol
1974,West Germany,pol,Poland,76,2,Defence,10,Musiał,Left-back,78,false,https://7a0.com.br/en/copas/1974/pol
1974,West Germany,pol,Poland,76,2,Midfield,11,Ćmikiewicz,Defensive midfielder,73,false,https://7a0.com.br/en/copas/1974/pol
1974,West Germany,pol,Poland,76,2,Midfield,12,Deyna,Defensive midfielder,88,true,https://7a0.com.br/en/copas/1974/pol
1974,West Germany,pol,Poland,76,2,Midfield,13,Kasperczak,Defensive midfielder,79,false,https://7a0.com.br/en/copas/1974/pol
1974,West Germany,pol,Poland,76,2,Midfield,14,Maszczyk,Defensive midfielder,77,false,https://7a0.com.br/en/copas/1974/pol
1974,West Germany,pol,Poland,76,2,Midfield,7,Wieczorek,Midfielder,73,false,https://7a0.com.br/en/copas/1974/pol
1974,West Germany,pol,Poland,76,2,Midfield,20,Kapka,Left midfielder,69,false,https://7a0.com.br/en/copas/1974/pol
1974,West Germany,pol,Poland,76,2,Attack,16,Lato,Right winger,90,true,https://7a0.com.br/en/copas/1974/pol
1974,West Germany,pol,Poland,76,2,Attack,15,Jakóbczak,Centre-forward,69,false,https://7a0.com.br/en/copas/1974/pol
1974,West Germany,pol,Poland,76,2,Attack,17,Szarmach,Centre-forward,83,false,https://7a0.com.br/en/copas/1974/pol
1974,West Germany,pol,Poland,76,2,Attack,19,Domarski,Centre-forward,74,false,https://7a0.com.br/en/copas/1974/pol
1974,West Germany,pol,Poland,76,2,Attack,21,Kmiecik,Centre-forward,71,false,https://7a0.com.br/en/copas/1974/pol
1974,West Germany,pol,Poland,76,2,Attack,22,Kusto,Centre-forward,70,false,https://7a0.com.br/en/copas/1974/pol
1974,West Germany,pol,Poland,76,2,Attack,18,Gadocha,Left winger,82,false,https://7a0.com.br/en/copas/1974/pol
1974,West Germany,sco,Scotland,78,2,Goalkeepers,1,Harvey,Goalkeeper,78,false,https://7a0.com.br/en/copas/1974/sco
1974,West Germany,sco,Scotland,78,2,Goalkeepers,12,Allan,Goalkeeper,72,false,https://7a0.com.br/en/copas/1974/sco
1974,West Germany,sco,Scotland,78,2,Goalkeepers,13,Stewart,Goalkeeper,68,false,https://7a0.com.br/en/copas/1974/sco
1974,West Germany,sco,Scotland,78,2,Defence,2,Jardine,Right-back,80,false,https://7a0.com.br/en/copas/1974/sco
1974,West Germany,sco,Scotland,78,2,Defence,3,McGrain,Right-back,82,false,https://7a0.com.br/en/copas/1974/sco
1974,West Germany,sco,Scotland,78,2,Defence,5,Holton,Centre-back,76,false,https://7a0.com.br/en/copas/1974/sco
1974,West Germany,sco,Scotland,78,2,Defence,6,Blackley,Centre-back,74,false,https://7a0.com.br/en/copas/1974/sco
1974,West Germany,sco,Scotland,78,2,Defence,14,Buchan,Centre-back,79,false,https://7a0.com.br/en/copas/1974/sco
1974,West Germany,sco,Scotland,78,2,Defence,21,McQueen,Centre-back,76,false,https://7a0.com.br/en/copas/1974/sco
1974,West Germany,sco,Scotland,78,2,Defence,16,Donachie,Left-back,75,false,https://7a0.com.br/en/copas/1974/sco
1974,West Germany,sco,Scotland,78,2,Defence,22,Schaedler,Left-back,72,false,https://7a0.com.br/en/copas/1974/sco
1974,West Germany,sco,Scotland,78,2,Midfield,10,Hay,Defensive midfielder,80,false,https://7a0.com.br/en/copas/1974/sco
1974,West Germany,sco,Scotland,78,2,Midfield,4,Bremner,Midfielder,88,true,https://7a0.com.br/en/copas/1974/sco
1974,West Germany,sco,Scotland,78,2,Midfield,15,Cormack,Midfielder,75,false,https://7a0.com.br/en/copas/1974/sco
1974,West Germany,sco,Scotland,78,2,Midfield,7,Johnstone,Left midfielder,85,true,https://7a0.com.br/en/copas/1974/sco
1974,West Germany,sco,Scotland,78,2,Attack,20,Morgan,Right winger,77,false,https://7a0.com.br/en/copas/1974/sco
1974,West Germany,sco,Scotland,78,2,Attack,8,Dalglish,Centre-forward,87,false,https://7a0.com.br/en/copas/1974/sco
1974,West Germany,sco,Scotland,78,2,Attack,9,Jordan,Centre-forward,81,false,https://7a0.com.br/en/copas/1974/sco
1974,West Germany,sco,Scotland,78,2,Attack,11,Lorimer,Centre-forward,84,false,https://7a0.com.br/en/copas/1974/sco
1974,West Germany,sco,Scotland,78,2,Attack,17,Ford,Centre-forward,73,false,https://7a0.com.br/en/copas/1974/sco
1974,West Germany,sco,Scotland,78,2,Attack,19,Law,Centre-forward,86,false,https://7a0.com.br/en/copas/1974/sco
1974,West Germany,sco,Scotland,78,2,Attack,18,Hutchison,Left winger,76,false,https://7a0.com.br/en/copas/1974/sco
1974,West Germany,swe,Sweden,76,2,Goalkeepers,1,Hellström,Goalkeeper,86,false,https://7a0.com.br/en/copas/1974/swe
1974,West Germany,swe,Sweden,76,2,Goalkeepers,12,SG. Larsson,Goalkeeper,72,false,https://7a0.com.br/en/copas/1974/swe
1974,West Germany,swe,Sweden,76,2,Goalkeepers,17,Hagberg,Goalkeeper,66,false,https://7a0.com.br/en/copas/1974/swe
1974,West Germany,swe,Sweden,76,2,Defence,2,J. Olsson,Right-back,75,false,https://7a0.com.br/en/copas/1974/swe
1974,West Germany,swe,Sweden,76,2,Defence,13,Grip,Right-back,74,false,https://7a0.com.br/en/copas/1974/swe
1974,West Germany,swe,Sweden,76,2,Defence,3,K. Karlsson,Centre-back,72,false,https://7a0.com.br/en/copas/1974/swe
1974,West Germany,swe,Sweden,76,2,Defence,4,Nordqvist,Centre-back,85,true,https://7a0.com.br/en/copas/1974/swe
1974,West Germany,swe,Sweden,76,2,Defence,5,B. Andersson,Centre-back,73,false,https://7a0.com.br/en/copas/1974/swe
1974,West Germany,swe,Sweden,76,2,Defence,18,Augustsson,Centre-back,69,false,https://7a0.com.br/en/copas/1974/swe
1974,West Germany,swe,Sweden,76,2,Midfield,6,Grahn,Defensive midfielder,77,false,https://7a0.com.br/en/copas/1974/swe
1974,West Germany,swe,Sweden,76,2,Midfield,8,Torstensson,Defensive midfielder,80,false,https://7a0.com.br/en/copas/1974/swe
1974,West Germany,swe,Sweden,76,2,Midfield,14,Tapper,Defensive midfielder,73,false,https://7a0.com.br/en/copas/1974/swe
1974,West Germany,swe,Sweden,76,2,Midfield,16,Ejderstedt,Defensive midfielder,74,false,https://7a0.com.br/en/copas/1974/swe
1974,West Germany,swe,Sweden,76,2,Midfield,20,Lindman,Defensive midfielder,72,false,https://7a0.com.br/en/copas/1974/swe
1974,West Germany,swe,Sweden,76,2,Midfield,22,Ahlström,Defensive midfielder,68,false,https://7a0.com.br/en/copas/1974/swe
1974,West Germany,swe,Sweden,76,2,Midfield,7,Bo Larsson,Left midfielder,84,true,https://7a0.com.br/en/copas/1974/swe
1974,West Germany,swe,Sweden,76,2,Midfield,15,Magnusson,Left midfielder,70,false,https://7a0.com.br/en/copas/1974/swe
1974,West Germany,swe,Sweden,76,2,Midfield,19,Cronqvist,Left midfielder,71,false,https://7a0.com.br/en/copas/1974/swe
1974,West Germany,swe,Sweden,76,2,Midfield,21,Persson,Attacking midfielder,76,false,https://7a0.com.br/en/copas/1974/swe
1974,West Germany,swe,Sweden,76,2,Attack,11,Sandberg,Right winger,81,false,https://7a0.com.br/en/copas/1974/swe
1974,West Germany,swe,Sweden,76,2,Attack,9,Kindvall,Centre-forward,83,false,https://7a0.com.br/en/copas/1974/swe
1974,West Germany,swe,Sweden,76,2,Attack,10,R. Edström,Centre-forward,82,false,https://7a0.com.br/en/copas/1974/swe
1974,West Germany,uru,Uruguay,75,2,Goalkeepers,1,Mazurkiewicz,Goalkeeper,88,true,https://7a0.com.br/en/copas/1974/uru
1974,West Germany,uru,Uruguay,75,2,Goalkeepers,12,H. Santos,Goalkeeper,71,false,https://7a0.com.br/en/copas/1974/uru
1974,West Germany,uru,Uruguay,75,2,Goalkeepers,22,G. Fernández,Goalkeeper,68,false,https://7a0.com.br/en/copas/1974/uru
1974,West Germany,uru,Uruguay,75,2,Defence,2,Jáuregui,Right-back,72,false,https://7a0.com.br/en/copas/1974/uru
1974,West Germany,uru,Uruguay,75,2,Defence,3,Masnik,Centre-back,77,false,https://7a0.com.br/en/copas/1974/uru
1974,West Germany,uru,Uruguay,75,2,Defence,4,Forlán,Centre-back,76,false,https://7a0.com.br/en/copas/1974/uru
1974,West Germany,uru,Uruguay,75,2,Defence,5,Montero Castillo,Centre-back,78,false,https://7a0.com.br/en/copas/1974/uru
1974,West Germany,uru,Uruguay,75,2,Defence,6,Pavoni,Centre-back,73,false,https://7a0.com.br/en/copas/1974/uru
1974,West Germany,uru,Uruguay,75,2,Defence,13,De Simone,Centre-back,72,false,https://7a0.com.br/en/copas/1974/uru
1974,West Germany,uru,Uruguay,75,2,Defence,14,Garisto,Centre-back,71,false,https://7a0.com.br/en/copas/1974/uru
1974,West Germany,uru,Uruguay,75,2,Defence,15,M. González,Centre-back,73,false,https://7a0.com.br/en/copas/1974/uru
1974,West Germany,uru,Uruguay,75,2,Midfield,16,Cardaccio,Defensive midfielder,73,false,https://7a0.com.br/en/copas/1974/uru
1974,West Germany,uru,Uruguay,75,2,Midfield,17,Jiménez,Defensive midfielder,72,false,https://7a0.com.br/en/copas/1974/uru
1974,West Germany,uru,Uruguay,75,2,Midfield,8,Espárrago,Attacking midfielder,79,false,https://7a0.com.br/en/copas/1974/uru
1974,West Germany,uru,Uruguay,75,2,Midfield,10,P. Rocha,Attacking midfielder,83,false,https://7a0.com.br/en/copas/1974/uru
1974,West Germany,uru,Uruguay,75,2,Midfield,18,Mantegazza,Attacking midfielder,72,false,https://7a0.com.br/en/copas/1974/uru
1974,West Germany,uru,Uruguay,75,2,Attack,7,Cubilla,Right winger,84,true,https://7a0.com.br/en/copas/1974/uru
1974,West Germany,uru,Uruguay,75,2,Attack,9,Morena,Centre-forward,81,false,https://7a0.com.br/en/copas/1974/uru
1974,West Germany,uru,Uruguay,75,2,Attack,11,Corbo,Centre-forward,74,false,https://7a0.com.br/en/copas/1974/uru
1974,West Germany,uru,Uruguay,75,2,Attack,19,Milar,Centre-forward,71,false,https://7a0.com.br/en/copas/1974/uru
1974,West Germany,uru,Uruguay,75,2,Attack,20,J. Silva,Centre-forward,72,false,https://7a0.com.br/en/copas/1974/uru
1974,West Germany,uru,Uruguay,75,2,Attack,21,J. Gómez,Centre-forward,70,false,https://7a0.com.br/en/copas/1974/uru
1978,Argentina,arg,Argentina,79,1,Goalkeepers,3,Baley,Goalkeeper,70,false,https://7a0.com.br/en/copas/1978/arg
1978,Argentina,arg,Argentina,79,1,Goalkeepers,5,Fillol,Goalkeeper,88,false,https://7a0.com.br/en/copas/1978/arg
1978,Argentina,arg,Argentina,79,1,Goalkeepers,13,La Volpe,Goalkeeper,69,false,https://7a0.com.br/en/copas/1978/arg
1978,Argentina,arg,Argentina,79,1,Defence,15,Olguín,Right-back,79,false,https://7a0.com.br/en/copas/1978/arg
1978,Argentina,arg,Argentina,79,1,Defence,18,Pagnanini,Right-back,71,false,https://7a0.com.br/en/copas/1978/arg
1978,Argentina,arg,Argentina,79,1,Defence,7,L. Galván,Centre-back,80,false,https://7a0.com.br/en/copas/1978/arg
1978,Argentina,arg,Argentina,79,1,Defence,11,Killer,Centre-back,71,false,https://7a0.com.br/en/copas/1978/arg
1978,Argentina,arg,Argentina,79,1,Defence,19,Passarella,Centre-back,92,false,https://7a0.com.br/en/copas/1978/arg
1978,Argentina,arg,Argentina,79,1,Defence,17,Oviedo,Left-back,72,false,https://7a0.com.br/en/copas/1978/arg
1978,Argentina,arg,Argentina,79,1,Defence,20,Tarantini,Left-back,81,false,https://7a0.com.br/en/copas/1978/arg
1978,Argentina,arg,Argentina,79,1,Midfield,2,Ardiles,Defensive midfielder,86,false,https://7a0.com.br/en/copas/1978/arg
1978,Argentina,arg,Argentina,79,1,Midfield,6,Gallego,Defensive midfielder,81,false,https://7a0.com.br/en/copas/1978/arg
1978,Argentina,arg,Argentina,79,1,Midfield,8,R. Galván,Defensive midfielder,74,false,https://7a0.com.br/en/copas/1978/arg
1978,Argentina,arg,Argentina,79,1,Midfield,21,Valencia,Defensive midfielder,78,false,https://7a0.com.br/en/copas/1978/arg
1978,Argentina,arg,Argentina,79,1,Midfield,22,Villa,Defensive midfielder,76,false,https://7a0.com.br/en/copas/1978/arg
1978,Argentina,arg,Argentina,79,1,Midfield,12,Larrosa,Midfielder,74,false,https://7a0.com.br/en/copas/1978/arg
1978,Argentina,arg,Argentina,79,1,Midfield,1,Alonso,Attacking midfielder,77,false,https://7a0.com.br/en/copas/1978/arg
1978,Argentina,arg,Argentina,79,1,Attack,4,Bertoni,Right winger,81,false,https://7a0.com.br/en/copas/1978/arg
1978,Argentina,arg,Argentina,79,1,Attack,9,Houseman,Right winger,80,false,https://7a0.com.br/en/copas/1978/arg
1978,Argentina,arg,Argentina,79,1,Attack,10,Kempes,Centre-forward,96,true,https://7a0.com.br/en/copas/1978/arg
1978,Argentina,arg,Argentina,79,1,Attack,14,Luque,Centre-forward,84,false,https://7a0.com.br/en/copas/1978/arg
1978,Argentina,arg,Argentina,79,1,Attack,16,Ortiz,Left winger,77,false,https://7a0.com.br/en/copas/1978/arg
1978,Argentina,aut,Austria,76,1,Goalkeepers,1,Koncilia,Goalkeeper,80,false,https://7a0.com.br/en/copas/1978/aut
1978,Argentina,aut,Austria,76,1,Goalkeepers,21,Fuchsbichler,Goalkeeper,72,false,https://7a0.com.br/en/copas/1978/aut
1978,Argentina,aut,Austria,76,1,Goalkeepers,22,Baumgartner,Goalkeeper,72,false,https://7a0.com.br/en/copas/1978/aut
1978,Argentina,aut,Austria,76,1,Defence,2,Sara,Right-back,77,false,https://7a0.com.br/en/copas/1978/aut
1978,Argentina,aut,Austria,76,1,Defence,16,Persidis,Right-back,73,false,https://7a0.com.br/en/copas/1978/aut
1978,Argentina,aut,Austria,76,1,Defence,3,Obermayer,Centre-back,77,false,https://7a0.com.br/en/copas/1978/aut
1978,Argentina,aut,Austria,76,1,Defence,4,Breitenberger,Centre-back,74,false,https://7a0.com.br/en/copas/1978/aut
1978,Argentina,aut,Austria,76,1,Defence,5,Pezzey,Centre-back,81,false,https://7a0.com.br/en/copas/1978/aut
1978,Argentina,aut,Austria,76,1,Defence,15,Weber,Centre-back,74,false,https://7a0.com.br/en/copas/1978/aut
1978,Argentina,aut,Austria,76,1,Defence,14,Strasser,Left-back,74,false,https://7a0.com.br/en/copas/1978/aut
1978,Argentina,aut,Austria,76,1,Midfield,6,Hattenberger,Defensive midfielder,76,false,https://7a0.com.br/en/copas/1978/aut
1978,Argentina,aut,Austria,76,1,Midfield,7,Hickersberger,Defensive midfielder,77,false,https://7a0.com.br/en/copas/1978/aut
1978,Argentina,aut,Austria,76,1,Midfield,13,Happich,Defensive midfielder,72,false,https://7a0.com.br/en/copas/1978/aut
1978,Argentina,aut,Austria,76,1,Midfield,20,Baumeister,Defensive midfielder,72,false,https://7a0.com.br/en/copas/1978/aut
1978,Argentina,aut,Austria,76,1,Midfield,8,Prohaska,Midfielder,82,false,https://7a0.com.br/en/copas/1978/aut
1978,Argentina,aut,Austria,76,1,Midfield,12,Krieger,Midfielder,75,false,https://7a0.com.br/en/copas/1978/aut
1978,Argentina,aut,Austria,76,1,Midfield,10,Kreuz,Left midfielder,76,false,https://7a0.com.br/en/copas/1978/aut
1978,Argentina,aut,Austria,76,1,Midfield,11,Jara,Attacking midfielder,78,false,https://7a0.com.br/en/copas/1978/aut
1978,Argentina,aut,Austria,76,1,Attack,17,Oberacher,Right winger,73,false,https://7a0.com.br/en/copas/1978/aut
1978,Argentina,aut,Austria,76,1,Attack,9,Krankl,Centre-forward,89,true,https://7a0.com.br/en/copas/1978/aut
1978,Argentina,aut,Austria,76,1,Attack,18,Schachner,Centre-forward,76,false,https://7a0.com.br/en/copas/1978/aut
1978,Argentina,aut,Austria,76,1,Attack,19,Pirkner,Centre-forward,73,false,https://7a0.com.br/en/copas/1978/aut
1978,Argentina,bra,Brazil,79,2,Goalkeepers,1,Leão,Goalkeeper,85,false,https://7a0.com.br/en/copas/1978/bra
1978,Argentina,bra,Brazil,79,2,Goalkeepers,12,Carlos Gallo,Goalkeeper,70,false,https://7a0.com.br/en/copas/1978/bra
1978,Argentina,bra,Brazil,79,2,Goalkeepers,22,Waldir Peres,Goalkeeper,74,false,https://7a0.com.br/en/copas/1978/bra
1978,Argentina,bra,Brazil,79,2,Defence,2,Toninho,Right-back,76,false,https://7a0.com.br/en/copas/1978/bra
1978,Argentina,bra,Brazil,79,2,Defence,13,Nelinho,Right-back,81,false,https://7a0.com.br/en/copas/1978/bra
1978,Argentina,bra,Brazil,79,2,Defence,3,Oscar,Centre-back,82,false,https://7a0.com.br/en/copas/1978/bra
1978,Argentina,bra,Brazil,79,2,Defence,4,Amaral,Centre-back,78,false,https://7a0.com.br/en/copas/1978/bra
1978,Argentina,bra,Brazil,79,2,Defence,6,Edinho,Centre-back,79,false,https://7a0.com.br/en/copas/1978/bra
1978,Argentina,bra,Brazil,79,2,Defence,14,Abel,Centre-back,74,false,https://7a0.com.br/en/copas/1978/bra
1978,Argentina,bra,Brazil,79,2,Defence,15,Polozzi,Centre-back,71,false,https://7a0.com.br/en/copas/1978/bra
1978,Argentina,bra,Brazil,79,2,Defence,16,Rodrigues Neto,Left-back,76,false,https://7a0.com.br/en/copas/1978/bra
1978,Argentina,bra,Brazil,79,2,Midfield,5,Toninho Cerezo,Defensive midfielder,83,false,https://7a0.com.br/en/copas/1978/bra
1978,Argentina,bra,Brazil,79,2,Midfield,17,Batista,Defensive midfielder,77,false,https://7a0.com.br/en/copas/1978/bra
1978,Argentina,bra,Brazil,79,2,Midfield,21,Chicão,Midfielder,72,false,https://7a0.com.br/en/copas/1978/bra
1978,Argentina,bra,Brazil,79,2,Midfield,8,Zico,Attacking midfielder,89,true,https://7a0.com.br/en/copas/1978/bra
1978,Argentina,bra,Brazil,79,2,Midfield,10,Rivelino,Attacking midfielder,86,true,https://7a0.com.br/en/copas/1978/bra
1978,Argentina,bra,Brazil,79,2,Midfield,11,Dirceu,Attacking midfielder,84,false,https://7a0.com.br/en/copas/1978/bra
1978,Argentina,bra,Brazil,79,2,Midfield,19,Mendonça,Attacking midfielder,74,false,https://7a0.com.br/en/copas/1978/bra
1978,Argentina,bra,Brazil,79,2,Attack,18,Gil,Right winger,75,false,https://7a0.com.br/en/copas/1978/bra
1978,Argentina,bra,Brazil,79,2,Attack,9,Reinaldo,Centre-forward,87,false,https://7a0.com.br/en/copas/1978/bra
1978,Argentina,bra,Brazil,79,2,Attack,20,Roberto Dinamite,Centre-forward,88,false,https://7a0.com.br/en/copas/1978/bra
1978,Argentina,bra,Brazil,79,2,Attack,7,Zé Sérgio,Left winger,76,false,https://7a0.com.br/en/copas/1978/bra
1978,Argentina,fra,France,76,2,Goalkeepers,1,Baratelli,Goalkeeper,74,false,https://7a0.com.br/en/copas/1978/fra
1978,Argentina,fra,France,76,2,Goalkeepers,21,Bertrand-Demanes,Goalkeeper,73,false,https://7a0.com.br/en/copas/1978/fra
1978,Argentina,fra,France,76,2,Goalkeepers,22,Dropsy,Goalkeeper,70,false,https://7a0.com.br/en/copas/1978/fra
1978,Argentina,fra,France,76,2,Defence,4,Janvion,Right-back,76,false,https://7a0.com.br/en/copas/1978/fra
1978,Argentina,fra,France,76,2,Defence,2,Battiston,Centre-back,75,false,https://7a0.com.br/en/copas/1978/fra
1978,Argentina,fra,France,76,2,Defence,3,Bossis,Centre-back,79,false,https://7a0.com.br/en/copas/1978/fra
1978,Argentina,fra,France,76,2,Defence,5,Bracci,Centre-back,73,false,https://7a0.com.br/en/copas/1978/fra
1978,Argentina,fra,France,76,2,Defence,6,Lopez,Centre-back,77,false,https://7a0.com.br/en/copas/1978/fra
1978,Argentina,fra,France,76,2,Defence,7,Rio,Centre-back,74,false,https://7a0.com.br/en/copas/1978/fra
1978,Argentina,fra,France,76,2,Defence,8,Trésor,Centre-back,87,true,https://7a0.com.br/en/copas/1978/fra
1978,Argentina,fra,France,76,2,Midfield,9,Bathenay,Defensive midfielder,76,false,https://7a0.com.br/en/copas/1978/fra
1978,Argentina,fra,France,76,2,Midfield,11,H. Michel,Defensive midfielder,77,false,https://7a0.com.br/en/copas/1978/fra
1978,Argentina,fra,France,76,2,Midfield,13,Petit,Defensive midfielder,71,false,https://7a0.com.br/en/copas/1978/fra
1978,Argentina,fra,France,76,2,Midfield,10,Guillou,Midfielder,75,false,https://7a0.com.br/en/copas/1978/fra
1978,Argentina,fra,France,76,2,Midfield,12,Papi,Midfielder,71,false,https://7a0.com.br/en/copas/1978/fra
1978,Argentina,fra,France,76,2,Midfield,15,Platini,Midfielder,88,true,https://7a0.com.br/en/copas/1978/fra
1978,Argentina,fra,France,76,2,Attack,18,Rocheteau,Right winger,83,false,https://7a0.com.br/en/copas/1978/fra
1978,Argentina,fra,France,76,2,Attack,14,Berdoll,Centre-forward,73,false,https://7a0.com.br/en/copas/1978/fra
1978,Argentina,fra,France,76,2,Attack,16,Dalger,Centre-forward,74,false,https://7a0.com.br/en/copas/1978/fra
1978,Argentina,fra,France,76,2,Attack,17,Lacombe,Centre-forward,80,false,https://7a0.com.br/en/copas/1978/fra
1978,Argentina,fra,France,76,2,Attack,20,Rouyer,Centre-forward,74,false,https://7a0.com.br/en/copas/1978/fra
1978,Argentina,fra,France,76,2,Attack,19,Six,Left winger,78,false,https://7a0.com.br/en/copas/1978/fra
1978,Argentina,ita,Italy,79,3,Goalkeepers,1,Zoff,Goalkeeper,86,true,https://7a0.com.br/en/copas/1978/ita
1978,Argentina,ita,Italy,79,3,Goalkeepers,12,Conti,Goalkeeper,70,false,https://7a0.com.br/en/copas/1978/ita
1978,Argentina,ita,Italy,79,3,Goalkeepers,22,Bordon,Goalkeeper,71,false,https://7a0.com.br/en/copas/1978/ita
1978,Argentina,ita,Italy,79,3,Defence,4,Cuccureddu,Right-back,76,false,https://7a0.com.br/en/copas/1978/ita
1978,Argentina,ita,Italy,79,3,Defence,5,Gentile,Right-back,82,false,https://7a0.com.br/en/copas/1978/ita
1978,Argentina,ita,Italy,79,3,Defence,2,Bellugi,Centre-back,78,false,https://7a0.com.br/en/copas/1978/ita
1978,Argentina,ita,Italy,79,3,Defence,7,Manfredonia,Centre-back,73,false,https://7a0.com.br/en/copas/1978/ita
1978,Argentina,ita,Italy,79,3,Defence,8,Scirea,Centre-back,85,true,https://7a0.com.br/en/copas/1978/ita
1978,Argentina,ita,Italy,79,3,Defence,3,Cabrini,Left-back,80,false,https://7a0.com.br/en/copas/1978/ita
1978,Argentina,ita,Italy,79,3,Defence,6,Maldera,Left-back,76,false,https://7a0.com.br/en/copas/1978/ita
1978,Argentina,ita,Italy,79,3,Midfield,9,Antognoni,Defensive midfielder,84,false,https://7a0.com.br/en/copas/1978/ita
1978,Argentina,ita,Italy,79,3,Midfield,10,Benetti,Defensive midfielder,80,false,https://7a0.com.br/en/copas/1978/ita
1978,Argentina,ita,Italy,79,3,Midfield,14,Tardelli,Defensive midfielder,83,false,https://7a0.com.br/en/copas/1978/ita
1978,Argentina,ita,Italy,79,3,Midfield,13,P. Sala,Right midfielder,74,false,https://7a0.com.br/en/copas/1978/ita
1978,Argentina,ita,Italy,79,3,Midfield,11,Pecci,Midfielder,75,false,https://7a0.com.br/en/copas/1978/ita
1978,Argentina,ita,Italy,79,3,Midfield,15,Zaccarelli,Midfielder,75,false,https://7a0.com.br/en/copas/1978/ita
1978,Argentina,ita,Italy,79,3,Attack,16,Causio,Right winger,82,false,https://7a0.com.br/en/copas/1978/ita
1978,Argentina,ita,Italy,79,3,Attack,18,Bettega,Centre-forward,85,false,https://7a0.com.br/en/copas/1978/ita
1978,Argentina,ita,Italy,79,3,Attack,19,Graziani,Centre-forward,80,false,https://7a0.com.br/en/copas/1978/ita
1978,Argentina,ita,Italy,79,3,Attack,20,Pulici,Centre-forward,78,false,https://7a0.com.br/en/copas/1978/ita
1978,Argentina,ita,Italy,79,3,Attack,21,P. Rossi,Centre-forward,82,true,https://7a0.com.br/en/copas/1978/ita
1978,Argentina,ita,Italy,79,3,Attack,17,C. Sala,Left winger,78,false,https://7a0.com.br/en/copas/1978/ita
1978,Argentina,mex,Mexico,72,1,Goalkeepers,1,P. Reyes,Goalkeeper,72,false,https://7a0.com.br/en/copas/1978/mex
1978,Argentina,mex,Mexico,72,1,Goalkeepers,22,P. Soto,Goalkeeper,71,false,https://7a0.com.br/en/copas/1978/mex
1978,Argentina,mex,Mexico,72,1,Defence,2,Nájera,Right-back,70,false,https://7a0.com.br/en/copas/1978/mex
1978,Argentina,mex,Mexico,72,1,Defence,12,J. Martínez,Right-back,68,false,https://7a0.com.br/en/copas/1978/mex
1978,Argentina,mex,Mexico,72,1,Defence,4,E. Ramos,Centre-back,74,false,https://7a0.com.br/en/copas/1978/mex
1978,Argentina,mex,Mexico,72,1,Defence,5,Vázquez,Centre-back,76,false,https://7a0.com.br/en/copas/1978/mex
1978,Argentina,mex,Mexico,72,1,Defence,13,Cisneros,Centre-back,69,false,https://7a0.com.br/en/copas/1978/mex
1978,Argentina,mex,Mexico,72,1,Defence,14,C. Gómez,Centre-back,69,false,https://7a0.com.br/en/copas/1978/mex
1978,Argentina,mex,Mexico,72,1,Defence,3,Tena,Left-back,71,false,https://7a0.com.br/en/copas/1978/mex
1978,Argentina,mex,Mexico,72,1,Defence,15,I. Flores,Left-back,70,false,https://7a0.com.br/en/copas/1978/mex
1978,Argentina,mex,Mexico,72,1,Midfield,6,Mendizábal,Defensive midfielder,70,false,https://7a0.com.br/en/copas/1978/mex
1978,Argentina,mex,Mexico,72,1,Midfield,16,Cárdenas,Defensive midfielder,72,false,https://7a0.com.br/en/copas/1978/mex
1978,Argentina,mex,Mexico,72,1,Midfield,18,Lugo,Right midfielder,71,false,https://7a0.com.br/en/copas/1978/mex
1978,Argentina,mex,Mexico,72,1,Midfield,7,De la Torre,Left midfielder,78,false,https://7a0.com.br/en/copas/1978/mex
1978,Argentina,mex,Mexico,72,1,Midfield,8,López Zarza,Left midfielder,71,false,https://7a0.com.br/en/copas/1978/mex
1978,Argentina,mex,Mexico,72,1,Midfield,17,Cuéllar,Left midfielder,73,false,https://7a0.com.br/en/copas/1978/mex
1978,Argentina,mex,Mexico,72,1,Attack,19,H. Rodríguez,Right winger,70,false,https://7a0.com.br/en/copas/1978/mex
1978,Argentina,mex,Mexico,72,1,Attack,9,Rangel,Centre-forward,75,false,https://7a0.com.br/en/copas/1978/mex
1978,Argentina,mex,Mexico,72,1,Attack,10,C. Ortega,Centre-forward,73,false,https://7a0.com.br/en/copas/1978/mex
1978,Argentina,mex,Mexico,72,1,Attack,11,Hugo Sánchez,Centre-forward,82,true,https://7a0.com.br/en/copas/1978/mex
1978,Argentina,mex,Mexico,72,1,Attack,20,Medina,Centre-forward,68,false,https://7a0.com.br/en/copas/1978/mex
1978,Argentina,mex,Mexico,72,1,Attack,21,Isiordia,Centre-forward,69,false,https://7a0.com.br/en/copas/1978/mex
1978,Argentina,ned,Netherlands,77,1,Goalkeepers,1,Schrijvers,Goalkeeper,74,false,https://7a0.com.br/en/copas/1978/ned
1978,Argentina,ned,Netherlands,77,1,Goalkeepers,8,Jongbloed,Goalkeeper,74,false,https://7a0.com.br/en/copas/1978/ned
1978,Argentina,ned,Netherlands,77,1,Goalkeepers,19,Doesburg,Goalkeeper,68,false,https://7a0.com.br/en/copas/1978/ned
1978,Argentina,ned,Netherlands,77,1,Defence,2,Poortvliet,Right-back,77,false,https://7a0.com.br/en/copas/1978/ned
1978,Argentina,ned,Netherlands,77,1,Defence,4,Van Kraay,Right-back,72,false,https://7a0.com.br/en/copas/1978/ned
1978,Argentina,ned,Netherlands,77,1,Defence,20,Suurbier,Right-back,76,false,https://7a0.com.br/en/copas/1978/ned
1978,Argentina,ned,Netherlands,77,1,Defence,15,Hovenkamp,Centre-back,74,false,https://7a0.com.br/en/copas/1978/ned
1978,Argentina,ned,Netherlands,77,1,Defence,17,Rijsbergen,Centre-back,78,false,https://7a0.com.br/en/copas/1978/ned
1978,Argentina,ned,Netherlands,77,1,Defence,22,Brandts,Centre-back,80,false,https://7a0.com.br/en/copas/1978/ned
1978,Argentina,ned,Netherlands,77,1,Defence,5,Krol,Left-back,89,false,https://7a0.com.br/en/copas/1978/ned
1978,Argentina,ned,Netherlands,77,1,Midfield,3,Schoenaker,Defensive midfielder,73,false,https://7a0.com.br/en/copas/1978/ned
1978,Argentina,ned,Netherlands,77,1,Midfield,9,Haan,Defensive midfielder,84,false,https://7a0.com.br/en/copas/1978/ned
1978,Argentina,ned,Netherlands,77,1,Midfield,10,R. Van de Kerkhof,Defensive midfielder,81,false,https://7a0.com.br/en/copas/1978/ned
1978,Argentina,ned,Netherlands,77,1,Midfield,11,W. Van de Kerkhof,Defensive midfielder,78,false,https://7a0.com.br/en/copas/1978/ned
1978,Argentina,ned,Netherlands,77,1,Midfield,13,Neeskens,Defensive midfielder,86,true,https://7a0.com.br/en/copas/1978/ned
1978,Argentina,ned,Netherlands,77,1,Midfield,6,Jansen,Right midfielder,79,false,https://7a0.com.br/en/copas/1978/ned
1978,Argentina,ned,Netherlands,77,1,Midfield,14,Boskamp,Midfielder,73,false,https://7a0.com.br/en/copas/1978/ned
1978,Argentina,ned,Netherlands,77,1,Midfield,7,Wildschut,Left midfielder,72,false,https://7a0.com.br/en/copas/1978/ned
1978,Argentina,ned,Netherlands,77,1,Attack,16,Rep,Right winger,83,false,https://7a0.com.br/en/copas/1978/ned
1978,Argentina,ned,Netherlands,77,1,Attack,18,Nanninga,Centre-forward,75,false,https://7a0.com.br/en/copas/1978/ned
1978,Argentina,ned,Netherlands,77,1,Attack,21,Lubse,Centre-forward,69,false,https://7a0.com.br/en/copas/1978/ned
1978,Argentina,ned,Netherlands,77,1,Attack,12,Rensenbrink,Left winger,88,false,https://7a0.com.br/en/copas/1978/ned
1978,Argentina,per,Peru,75,2,Goalkeepers,1,Sartor,Goalkeeper,76,false,https://7a0.com.br/en/copas/1978/per
1978,Argentina,per,Peru,75,2,Goalkeepers,13,Cáceres,Goalkeeper,68,false,https://7a0.com.br/en/copas/1978/per
1978,Argentina,per,Peru,75,2,Goalkeepers,21,Quiroga,Goalkeeper,77,false,https://7a0.com.br/en/copas/1978/per
1978,Argentina,per,Peru,75,2,Defence,2,Duarte,Right-back,74,false,https://7a0.com.br/en/copas/1978/per
1978,Argentina,per,Peru,75,2,Defence,14,Navarro,Right-back,71,false,https://7a0.com.br/en/copas/1978/per
1978,Argentina,per,Peru,75,2,Defence,3,Manzo,Centre-back,74,false,https://7a0.com.br/en/copas/1978/per
1978,Argentina,per,Peru,75,2,Defence,4,Chumpitaz,Centre-back,80,true,https://7a0.com.br/en/copas/1978/per
1978,Argentina,per,Peru,75,2,Defence,5,Díaz,Left-back,75,false,https://7a0.com.br/en/copas/1978/per
1978,Argentina,per,Peru,75,2,Defence,22,Roberto Rojas,Left-back,69,false,https://7a0.com.br/en/copas/1978/per
1978,Argentina,per,Peru,75,2,Midfield,6,Velásquez,Defensive midfielder,76,false,https://7a0.com.br/en/copas/1978/per
1978,Argentina,per,Peru,75,2,Midfield,10,Cubillas,Defensive midfielder,88,true,https://7a0.com.br/en/copas/1978/per
1978,Argentina,per,Peru,75,2,Midfield,15,Leguía,Defensive midfielder,72,false,https://7a0.com.br/en/copas/1978/per
1978,Argentina,per,Peru,75,2,Midfield,17,Quesada,Defensive midfielder,75,false,https://7a0.com.br/en/copas/1978/per
1978,Argentina,per,Peru,75,2,Midfield,16,Gorriti,Midfielder,70,false,https://7a0.com.br/en/copas/1978/per
1978,Argentina,per,Peru,75,2,Midfield,18,Labarthe,Midfielder,68,false,https://7a0.com.br/en/copas/1978/per
1978,Argentina,per,Peru,75,2,Midfield,8,Cueto,Attacking midfielder,83,false,https://7a0.com.br/en/copas/1978/per
1978,Argentina,per,Peru,75,2,Attack,7,Muñante,Right winger,78,false,https://7a0.com.br/en/copas/1978/per
1978,Argentina,per,Peru,75,2,Attack,9,Percy Rojas,Centre-forward,75,false,https://7a0.com.br/en/copas/1978/per
1978,Argentina,per,Peru,75,2,Attack,12,Mosquera,Centre-forward,70,false,https://7a0.com.br/en/copas/1978/per
1978,Argentina,per,Peru,75,2,Attack,19,La Rosa,Centre-forward,72,false,https://7a0.com.br/en/copas/1978/per
1978,Argentina,per,Peru,75,2,Attack,20,Sotil,Centre-forward,79,false,https://7a0.com.br/en/copas/1978/per
1978,Argentina,per,Peru,75,2,Attack,11,Oblitas,Left winger,78,false,https://7a0.com.br/en/copas/1978/per
1978,Argentina,pol,Poland,77,3,Goalkeepers,1,Tomaszewski,Goalkeeper,85,false,https://7a0.com.br/en/copas/1978/pol
1978,Argentina,pol,Poland,77,3,Goalkeepers,21,Kukla,Goalkeeper,70,false,https://7a0.com.br/en/copas/1978/pol
1978,Argentina,pol,Poland,77,3,Goalkeepers,22,Kostrzewa,Goalkeeper,67,false,https://7a0.com.br/en/copas/1978/pol
1978,Argentina,pol,Poland,77,3,Defence,4,Szymanowski,Right-back,79,false,https://7a0.com.br/en/copas/1978/pol
1978,Argentina,pol,Poland,77,3,Defence,10,Rudy,Right-back,73,false,https://7a0.com.br/en/copas/1978/pol
1978,Argentina,pol,Poland,77,3,Defence,13,Kupcewicz,Right-back,71,false,https://7a0.com.br/en/copas/1978/pol
1978,Argentina,pol,Poland,77,3,Defence,20,Wójcicki,Right-back,68,false,https://7a0.com.br/en/copas/1978/pol
1978,Argentina,pol,Poland,77,3,Defence,6,Gorgoń,Centre-back,80,false,https://7a0.com.br/en/copas/1978/pol
1978,Argentina,pol,Poland,77,3,Defence,9,Żmuda,Centre-back,86,false,https://7a0.com.br/en/copas/1978/pol
1978,Argentina,pol,Poland,77,3,Defence,14,Justek,Centre-back,72,false,https://7a0.com.br/en/copas/1978/pol
1978,Argentina,pol,Poland,77,3,Defence,3,Maculewicz,Left-back,75,false,https://7a0.com.br/en/copas/1978/pol
1978,Argentina,pol,Poland,77,3,Midfield,5,Nawałka,Defensive midfielder,74,false,https://7a0.com.br/en/copas/1978/pol
1978,Argentina,pol,Poland,77,3,Midfield,8,Kasperczak,Defensive midfielder,80,false,https://7a0.com.br/en/copas/1978/pol
1978,Argentina,pol,Poland,77,3,Midfield,15,Kusto,Defensive midfielder,73,false,https://7a0.com.br/en/copas/1978/pol
1978,Argentina,pol,Poland,77,3,Midfield,11,Masztaler,Midfielder,74,false,https://7a0.com.br/en/copas/1978/pol
1978,Argentina,pol,Poland,77,3,Midfield,12,Deyna,Midfielder,89,true,https://7a0.com.br/en/copas/1978/pol
1978,Argentina,pol,Poland,77,3,Attack,7,Iwan,Right winger,73,false,https://7a0.com.br/en/copas/1978/pol
1978,Argentina,pol,Poland,77,3,Attack,16,Lato,Right winger,87,true,https://7a0.com.br/en/copas/1978/pol
1978,Argentina,pol,Poland,77,3,Attack,2,Mazur,Centre-forward,70,false,https://7a0.com.br/en/copas/1978/pol
1978,Argentina,pol,Poland,77,3,Attack,17,Szarmach,Centre-forward,83,false,https://7a0.com.br/en/copas/1978/pol
1978,Argentina,pol,Poland,77,3,Attack,18,Boniek,Centre-forward,88,true,https://7a0.com.br/en/copas/1978/pol
1978,Argentina,pol,Poland,77,3,Attack,19,Lubański,Centre-forward,85,false,https://7a0.com.br/en/copas/1978/pol
1978,Argentina,sco,Scotland,77,2,Goalkeepers,1,Rough,Goalkeeper,76,false,https://7a0.com.br/en/copas/1978/sco
1978,Argentina,sco,Scotland,77,2,Goalkeepers,12,Blyth,Goalkeeper,73,false,https://7a0.com.br/en/copas/1978/sco
1978,Argentina,sco,Scotland,77,2,Goalkeepers,20,Clark,Goalkeeper,73,false,https://7a0.com.br/en/copas/1978/sco
1978,Argentina,sco,Scotland,77,2,Defence,2,Jardine,Right-back,77,false,https://7a0.com.br/en/copas/1978/sco
1978,Argentina,sco,Scotland,77,2,Defence,13,Kennedy,Right-back,74,false,https://7a0.com.br/en/copas/1978/sco
1978,Argentina,sco,Scotland,77,2,Defence,4,Buchan,Centre-back,79,false,https://7a0.com.br/en/copas/1978/sco
1978,Argentina,sco,Scotland,77,2,Defence,5,McQueen,Centre-back,78,false,https://7a0.com.br/en/copas/1978/sco
1978,Argentina,sco,Scotland,77,2,Defence,14,Forsyth,Centre-back,75,false,https://7a0.com.br/en/copas/1978/sco
1978,Argentina,sco,Scotland,77,2,Defence,3,Donachie,Left-back,77,false,https://7a0.com.br/en/copas/1978/sco
1978,Argentina,sco,Scotland,77,2,Midfield,22,Burns,Defensive midfielder,78,false,https://7a0.com.br/en/copas/1978/sco
1978,Argentina,sco,Scotland,77,2,Midfield,6,Rioch,Midfielder,77,false,https://7a0.com.br/en/copas/1978/sco
1978,Argentina,sco,Scotland,77,2,Midfield,7,Masson,Midfielder,76,false,https://7a0.com.br/en/copas/1978/sco
1978,Argentina,sco,Scotland,77,2,Midfield,10,Hartford,Midfielder,77,false,https://7a0.com.br/en/copas/1978/sco
1978,Argentina,sco,Scotland,77,2,Midfield,15,Gemmill,Midfielder,79,false,https://7a0.com.br/en/copas/1978/sco
1978,Argentina,sco,Scotland,77,2,Midfield,16,Macari,Midfielder,77,false,https://7a0.com.br/en/copas/1978/sco
1978,Argentina,sco,Scotland,77,2,Midfield,18,Souness,Midfielder,82,true,https://7a0.com.br/en/copas/1978/sco
1978,Argentina,sco,Scotland,77,2,Attack,8,Dalglish,Centre-forward,83,true,https://7a0.com.br/en/copas/1978/sco
1978,Argentina,sco,Scotland,77,2,Attack,9,Jordan,Centre-forward,79,false,https://7a0.com.br/en/copas/1978/sco
1978,Argentina,sco,Scotland,77,2,Attack,17,Johnstone,Centre-forward,75,false,https://7a0.com.br/en/copas/1978/sco
1978,Argentina,sco,Scotland,77,2,Attack,21,Harper,Centre-forward,74,false,https://7a0.com.br/en/copas/1978/sco
1978,Argentina,sco,Scotland,77,2,Attack,11,Johnston,Left winger,76,false,https://7a0.com.br/en/copas/1978/sco
1978,Argentina,sco,Scotland,77,2,Attack,19,Robertson,Left winger,77,false,https://7a0.com.br/en/copas/1978/sco
1978,Argentina,esp,Spain,77,2,Goalkeepers,1,Arconada,Goalkeeper,84,true,https://7a0.com.br/en/copas/1978/esp
1978,Argentina,esp,Spain,77,2,Goalkeepers,13,Miguel Ángel,Goalkeeper,78,false,https://7a0.com.br/en/copas/1978/esp
1978,Argentina,esp,Spain,77,2,Goalkeepers,22,Urruti,Goalkeeper,72,false,https://7a0.com.br/en/copas/1978/esp
1978,Argentina,esp,Spain,77,2,Defence,2,De la Cruz,Right-back,73,false,https://7a0.com.br/en/copas/1978/esp
1978,Argentina,esp,Spain,77,2,Defence,16,Olmo,Right-back,74,false,https://7a0.com.br/en/copas/1978/esp
1978,Argentina,esp,Spain,77,2,Defence,3,Uría,Centre-back,73,false,https://7a0.com.br/en/copas/1978/esp
1978,Argentina,esp,Spain,77,2,Defence,5,Migueli,Centre-back,77,false,https://7a0.com.br/en/copas/1978/esp
1978,Argentina,esp,Spain,77,2,Defence,6,Biosca,Centre-back,72,false,https://7a0.com.br/en/copas/1978/esp
1978,Argentina,esp,Spain,77,2,Defence,17,Marcelino,Centre-back,73,false,https://7a0.com.br/en/copas/1978/esp
1978,Argentina,esp,Spain,77,2,Defence,18,Pirri,Centre-back,82,false,https://7a0.com.br/en/copas/1978/esp
1978,Argentina,esp,Spain,77,2,Midfield,12,Guzmán,Defensive midfielder,72,false,https://7a0.com.br/en/copas/1978/esp
1978,Argentina,esp,Spain,77,2,Midfield,21,San José,Defensive midfielder,74,false,https://7a0.com.br/en/copas/1978/esp
1978,Argentina,esp,Spain,77,2,Midfield,4,Asensi,Midfielder,80,false,https://7a0.com.br/en/copas/1978/esp
1978,Argentina,esp,Spain,77,2,Midfield,11,Cardeñosa,Midfielder,79,false,https://7a0.com.br/en/copas/1978/esp
1978,Argentina,esp,Spain,77,2,Midfield,14,Leal,Left midfielder,73,false,https://7a0.com.br/en/copas/1978/esp
1978,Argentina,esp,Spain,77,2,Attack,8,Juanito,Right winger,79,false,https://7a0.com.br/en/copas/1978/esp
1978,Argentina,esp,Spain,77,2,Attack,9,Quini,Centre-forward,84,true,https://7a0.com.br/en/copas/1978/esp
1978,Argentina,esp,Spain,77,2,Attack,10,Santillana,Centre-forward,83,false,https://7a0.com.br/en/copas/1978/esp
1978,Argentina,esp,Spain,77,2,Attack,15,Marañón,Centre-forward,75,false,https://7a0.com.br/en/copas/1978/esp
1978,Argentina,esp,Spain,77,2,Attack,20,R. Cano,Centre-forward,76,false,https://7a0.com.br/en/copas/1978/esp
1978,Argentina,esp,Spain,77,2,Attack,7,Dani,Left winger,77,false,https://7a0.com.br/en/copas/1978/esp
1978,Argentina,esp,Spain,77,2,Attack,19,Rexach,Left winger,79,false,https://7a0.com.br/en/copas/1978/esp
1982,Spain,alg,Algeria,75,3,Goalkeepers,1,Mehdi Cerbah,Goalkeeper,76,false,https://7a0.com.br/en/copas/1982/alg
1982,Spain,alg,Algeria,75,3,Goalkeepers,21,Mourad Amara,Goalkeeper,70,false,https://7a0.com.br/en/copas/1982/alg
1982,Spain,alg,Algeria,75,3,Goalkeepers,22,Yacine Bentalaa,Goalkeeper,69,false,https://7a0.com.br/en/copas/1982/alg
1982,Spain,alg,Algeria,75,3,Defence,16,Faouzi Mansouri,Right-back,71,false,https://7a0.com.br/en/copas/1982/alg
1982,Spain,alg,Algeria,75,3,Defence,17,Abdelkader Horr,Right-back,72,false,https://7a0.com.br/en/copas/1982/alg
1982,Spain,alg,Algeria,75,3,Defence,2,Mahmoud Guendouz,Centre-back,74,false,https://7a0.com.br/en/copas/1982/alg
1982,Spain,alg,Algeria,75,3,Defence,3,Mustapha Kouici,Centre-back,73,false,https://7a0.com.br/en/copas/1982/alg
1982,Spain,alg,Algeria,75,3,Defence,4,Noureddine Kourichi,Centre-back,77,false,https://7a0.com.br/en/copas/1982/alg
1982,Spain,alg,Algeria,75,3,Defence,5,Chaâbane Merzekane,Centre-back,74,false,https://7a0.com.br/en/copas/1982/alg
1982,Spain,alg,Algeria,75,3,Midfield,8,Ali Fergani,Defensive midfielder,77,true,https://7a0.com.br/en/copas/1982/alg
1982,Spain,alg,Algeria,75,3,Midfield,12,Salah Larbès,Defensive midfielder,73,false,https://7a0.com.br/en/copas/1982/alg
1982,Spain,alg,Algeria,75,3,Midfield,13,Hocine Yahi,Defensive midfielder,72,false,https://7a0.com.br/en/copas/1982/alg
1982,Spain,alg,Algeria,75,3,Midfield,18,Karim Maroc,Defensive midfielder,72,false,https://7a0.com.br/en/copas/1982/alg
1982,Spain,alg,Algeria,75,3,Midfield,19,Djamel Tlemçani,Defensive midfielder,72,false,https://7a0.com.br/en/copas/1982/alg
1982,Spain,alg,Algeria,75,3,Midfield,10,Lakhdar Belloumi,Midfielder,80,true,https://7a0.com.br/en/copas/1982/alg
1982,Spain,alg,Algeria,75,3,Midfield,14,Djamel Zidane,Attacking midfielder,75,false,https://7a0.com.br/en/copas/1982/alg
1982,Spain,alg,Algeria,75,3,Midfield,15,Mustapha Dahleb,Attacking midfielder,81,false,https://7a0.com.br/en/copas/1982/alg
1982,Spain,alg,Algeria,75,3,Attack,11,Rabah Madjer,Centre-forward,82,true,https://7a0.com.br/en/copas/1982/alg
1982,Spain,alg,Algeria,75,3,Attack,6,Ali Bencheikh,Left winger,73,false,https://7a0.com.br/en/copas/1982/alg
1982,Spain,alg,Algeria,75,3,Attack,7,Salah Assad,Left winger,81,false,https://7a0.com.br/en/copas/1982/alg
1982,Spain,alg,Algeria,75,3,Attack,9,Tedj Bensaoula,Left winger,78,false,https://7a0.com.br/en/copas/1982/alg
1982,Spain,alg,Algeria,75,3,Attack,20,Abdelmajid Bourebbou,Left winger,73,false,https://7a0.com.br/en/copas/1982/alg
1982,Spain,arg,Argentina,79,4,Goalkeepers,2,Baley,Goalkeeper,72,false,https://7a0.com.br/en/copas/1982/arg
1982,Spain,arg,Argentina,79,4,Goalkeepers,7,Fillol,Goalkeeper,88,true,https://7a0.com.br/en/copas/1982/arg
1982,Spain,arg,Argentina,79,4,Goalkeepers,16,Pumpido,Goalkeeper,74,false,https://7a0.com.br/en/copas/1982/arg
1982,Spain,arg,Argentina,79,4,Defence,14,Olguín,Right-back,77,false,https://7a0.com.br/en/copas/1982/arg
1982,Spain,arg,Argentina,79,4,Defence,8,L. Galván,Centre-back,78,false,https://7a0.com.br/en/copas/1982/arg
1982,Spain,arg,Argentina,79,4,Defence,15,Passarella,Centre-back,90,true,https://7a0.com.br/en/copas/1982/arg
1982,Spain,arg,Argentina,79,4,Defence,19,Trossero,Centre-back,73,false,https://7a0.com.br/en/copas/1982/arg
1982,Spain,arg,Argentina,79,4,Defence,22,Van Tuyne,Centre-back,72,false,https://7a0.com.br/en/copas/1982/arg
1982,Spain,arg,Argentina,79,4,Defence,13,Olarticoechea,Left-back,74,false,https://7a0.com.br/en/copas/1982/arg
1982,Spain,arg,Argentina,79,4,Defence,18,Tarantini,Left-back,78,false,https://7a0.com.br/en/copas/1982/arg
1982,Spain,arg,Argentina,79,4,Midfield,9,Gallego,Defensive midfielder,77,false,https://7a0.com.br/en/copas/1982/arg
1982,Spain,arg,Argentina,79,4,Midfield,21,Valencia,Defensive midfielder,74,false,https://7a0.com.br/en/copas/1982/arg
1982,Spain,arg,Argentina,79,4,Midfield,1,Ardiles,Midfielder,87,false,https://7a0.com.br/en/copas/1982/arg
1982,Spain,arg,Argentina,79,4,Midfield,12,Hernández,Left midfielder,74,false,https://7a0.com.br/en/copas/1982/arg
1982,Spain,arg,Argentina,79,4,Midfield,5,Calderón,Attacking midfielder,76,false,https://7a0.com.br/en/copas/1982/arg
1982,Spain,arg,Argentina,79,4,Midfield,10,Maradona,Attacking midfielder,95,true,https://7a0.com.br/en/copas/1982/arg
1982,Spain,arg,Argentina,79,4,Attack,3,Barbas,Right winger,73,false,https://7a0.com.br/en/copas/1982/arg
1982,Spain,arg,Argentina,79,4,Attack,4,Bertoni,Right winger,80,false,https://7a0.com.br/en/copas/1982/arg
1982,Spain,arg,Argentina,79,4,Attack,6,R. Díaz,Centre-forward,82,false,https://7a0.com.br/en/copas/1982/arg
1982,Spain,arg,Argentina,79,4,Attack,11,Kempes,Centre-forward,88,true,https://7a0.com.br/en/copas/1982/arg
1982,Spain,arg,Argentina,79,4,Attack,17,Santamaría,Centre-forward,73,false,https://7a0.com.br/en/copas/1982/arg
1982,Spain,arg,Argentina,79,4,Attack,20,Valdano,Centre-forward,83,false,https://7a0.com.br/en/copas/1982/arg
1982,Spain,aut,Austria,76,2,Goalkeepers,1,Koncilia,Goalkeeper,79,false,https://7a0.com.br/en/copas/1982/aut
1982,Spain,aut,Austria,76,2,Goalkeepers,21,Feurer,Goalkeeper,73,false,https://7a0.com.br/en/copas/1982/aut
1982,Spain,aut,Austria,76,2,Goalkeepers,22,Lindenberger,Goalkeeper,72,false,https://7a0.com.br/en/copas/1982/aut
1982,Spain,aut,Austria,76,2,Defence,2,Krauss,Right-back,76,false,https://7a0.com.br/en/copas/1982/aut
1982,Spain,aut,Austria,76,2,Defence,3,Obermayer,Centre-back,77,false,https://7a0.com.br/en/copas/1982/aut
1982,Spain,aut,Austria,76,2,Defence,4,Degeorgi,Centre-back,73,false,https://7a0.com.br/en/copas/1982/aut
1982,Spain,aut,Austria,76,2,Defence,5,Pezzey,Centre-back,81,false,https://7a0.com.br/en/copas/1982/aut
1982,Spain,aut,Austria,76,2,Defence,12,Pichler,Centre-back,73,false,https://7a0.com.br/en/copas/1982/aut
1982,Spain,aut,Austria,76,2,Defence,16,Messlender,Centre-back,72,false,https://7a0.com.br/en/copas/1982/aut
1982,Spain,aut,Austria,76,2,Defence,19,Weber,Centre-back,75,false,https://7a0.com.br/en/copas/1982/aut
1982,Spain,aut,Austria,76,2,Defence,17,Pregesbauer,Left-back,73,false,https://7a0.com.br/en/copas/1982/aut
1982,Spain,aut,Austria,76,2,Midfield,6,Hattenberger,Defensive midfielder,75,false,https://7a0.com.br/en/copas/1982/aut
1982,Spain,aut,Austria,76,2,Midfield,10,Hintermaier,Defensive midfielder,76,false,https://7a0.com.br/en/copas/1982/aut
1982,Spain,aut,Austria,76,2,Midfield,14,Baumeister,Defensive midfielder,75,false,https://7a0.com.br/en/copas/1982/aut
1982,Spain,aut,Austria,76,2,Midfield,15,Dihanich,Defensive midfielder,73,false,https://7a0.com.br/en/copas/1982/aut
1982,Spain,aut,Austria,76,2,Midfield,8,Prohaska,Midfielder,85,true,https://7a0.com.br/en/copas/1982/aut
1982,Spain,aut,Austria,76,2,Midfield,11,Jara,Attacking midfielder,77,false,https://7a0.com.br/en/copas/1982/aut
1982,Spain,aut,Austria,76,2,Attack,18,Jurtin,Right winger,73,false,https://7a0.com.br/en/copas/1982/aut
1982,Spain,aut,Austria,76,2,Attack,7,Schachner,Centre-forward,78,false,https://7a0.com.br/en/copas/1982/aut
1982,Spain,aut,Austria,76,2,Attack,9,Krankl,Centre-forward,82,true,https://7a0.com.br/en/copas/1982/aut
1982,Spain,aut,Austria,76,2,Attack,13,Hagmayr,Centre-forward,73,false,https://7a0.com.br/en/copas/1982/aut
1982,Spain,aut,Austria,76,2,Attack,20,Welzl,Centre-forward,74,false,https://7a0.com.br/en/copas/1982/aut
1982,Spain,bel,Belgium,77,3,Goalkeepers,1,Pfaff,Goalkeeper,90,true,https://7a0.com.br/en/copas/1982/bel
1982,Spain,bel,Belgium,77,3,Goalkeepers,12,Custers,Goalkeeper,69,false,https://7a0.com.br/en/copas/1982/bel
1982,Spain,bel,Belgium,77,3,Goalkeepers,22,Munaron,Goalkeeper,70,false,https://7a0.com.br/en/copas/1982/bel
1982,Spain,bel,Belgium,77,3,Defence,2,Gerets,Right-back,86,true,https://7a0.com.br/en/copas/1982/bel
1982,Spain,bel,Belgium,77,3,Defence,15,De Schrijver,Right-back,72,false,https://7a0.com.br/en/copas/1982/bel
1982,Spain,bel,Belgium,77,3,Defence,3,L. Millecamps,Centre-back,78,false,https://7a0.com.br/en/copas/1982/bel
1982,Spain,bel,Belgium,77,3,Defence,4,Meeuws,Centre-back,77,false,https://7a0.com.br/en/copas/1982/bel
1982,Spain,bel,Belgium,77,3,Defence,14,Baecke,Centre-back,74,false,https://7a0.com.br/en/copas/1982/bel
1982,Spain,bel,Belgium,77,3,Defence,5,Renquin,Left-back,76,false,https://7a0.com.br/en/copas/1982/bel
1982,Spain,bel,Belgium,77,3,Defence,16,Plessers,Left-back,72,false,https://7a0.com.br/en/copas/1982/bel
1982,Spain,bel,Belgium,77,3,Midfield,19,M. Millecamps,Defensive midfielder,73,false,https://7a0.com.br/en/copas/1982/bel
1982,Spain,bel,Belgium,77,3,Midfield,20,Vandersmissen,Defensive midfielder,73,false,https://7a0.com.br/en/copas/1982/bel
1982,Spain,bel,Belgium,77,3,Midfield,17,Verheyen,Right midfielder,74,false,https://7a0.com.br/en/copas/1982/bel
1982,Spain,bel,Belgium,77,3,Midfield,7,Daerden,Midfielder,72,false,https://7a0.com.br/en/copas/1982/bel
1982,Spain,bel,Belgium,77,3,Midfield,8,Van Moer,Midfielder,81,false,https://7a0.com.br/en/copas/1982/bel
1982,Spain,bel,Belgium,77,3,Midfield,10,Coeck,Midfielder,80,false,https://7a0.com.br/en/copas/1982/bel
1982,Spain,bel,Belgium,77,3,Midfield,11,Ceulemans,Attacking midfielder,87,true,https://7a0.com.br/en/copas/1982/bel
1982,Spain,bel,Belgium,77,3,Attack,13,Van Der Elst,Right winger,79,false,https://7a0.com.br/en/copas/1982/bel
1982,Spain,bel,Belgium,77,3,Attack,9,Vandenbergh,Centre-forward,83,false,https://7a0.com.br/en/copas/1982/bel
1982,Spain,bel,Belgium,77,3,Attack,18,Mommens,Centre-forward,72,false,https://7a0.com.br/en/copas/1982/bel
1982,Spain,bel,Belgium,77,3,Attack,21,Czerniatynski,Centre-forward,74,false,https://7a0.com.br/en/copas/1982/bel
1982,Spain,bel,Belgium,77,3,Attack,6,Vercauteren,Left winger,80,false,https://7a0.com.br/en/copas/1982/bel
1982,Spain,bra,Brazil,78,3,Goalkeepers,1,Waldir Peres,Goalkeeper,74,false,https://7a0.com.br/en/copas/1982/bra
1982,Spain,bra,Brazil,78,3,Goalkeepers,12,Paulo Sérgio,Goalkeeper,68,false,https://7a0.com.br/en/copas/1982/bra
1982,Spain,bra,Brazil,78,3,Goalkeepers,22,Carlos Gallo,Goalkeeper,68,false,https://7a0.com.br/en/copas/1982/bra
1982,Spain,bra,Brazil,78,3,Defence,2,Leandro,Right-back,87,false,https://7a0.com.br/en/copas/1982/bra
1982,Spain,bra,Brazil,78,3,Defence,13,Edevaldo,Right-back,70,false,https://7a0.com.br/en/copas/1982/bra
1982,Spain,bra,Brazil,78,3,Defence,3,Oscar,Centre-back,80,false,https://7a0.com.br/en/copas/1982/bra
1982,Spain,bra,Brazil,78,3,Defence,4,Luizinho,Centre-back,76,false,https://7a0.com.br/en/copas/1982/bra
1982,Spain,bra,Brazil,78,3,Defence,14,Juninho,Centre-back,70,false,https://7a0.com.br/en/copas/1982/bra
1982,Spain,bra,Brazil,78,3,Defence,16,Edinho,Centre-back,75,false,https://7a0.com.br/en/copas/1982/bra
1982,Spain,bra,Brazil,78,3,Defence,6,Júnior,Left-back,87,false,https://7a0.com.br/en/copas/1982/bra
1982,Spain,bra,Brazil,78,3,Defence,17,Pedrinho,Left-back,69,false,https://7a0.com.br/en/copas/1982/bra
1982,Spain,bra,Brazil,78,3,Midfield,5,Toninho Cerezo,Defensive midfielder,83,false,https://7a0.com.br/en/copas/1982/bra
1982,Spain,bra,Brazil,78,3,Midfield,7,Paulo Isidoro,Defensive midfielder,74,false,https://7a0.com.br/en/copas/1982/bra
1982,Spain,bra,Brazil,78,3,Midfield,15,Falcão,Defensive midfielder,94,true,https://7a0.com.br/en/copas/1982/bra
1982,Spain,bra,Brazil,78,3,Midfield,18,Batista,Defensive midfielder,73,false,https://7a0.com.br/en/copas/1982/bra
1982,Spain,bra,Brazil,78,3,Midfield,8,Sócrates,Midfielder,91,true,https://7a0.com.br/en/copas/1982/bra
1982,Spain,bra,Brazil,78,3,Midfield,21,Dirceu,Left midfielder,74,false,https://7a0.com.br/en/copas/1982/bra
1982,Spain,bra,Brazil,78,3,Midfield,10,Zico,Attacking midfielder,94,true,https://7a0.com.br/en/copas/1982/bra
1982,Spain,bra,Brazil,78,3,Midfield,19,Renato,Attacking midfielder,70,false,https://7a0.com.br/en/copas/1982/bra
1982,Spain,bra,Brazil,78,3,Attack,9,Serginho,Centre-forward,74,false,https://7a0.com.br/en/copas/1982/bra
1982,Spain,bra,Brazil,78,3,Attack,20,Roberto Dinamite,Centre-forward,89,false,https://7a0.com.br/en/copas/1982/bra
1982,Spain,bra,Brazil,78,3,Attack,11,Éder,Left winger,83,false,https://7a0.com.br/en/copas/1982/bra
1982,Spain,cmr,Cameroon,72,2,Goalkeepers,1,N'Kono,Goalkeeper,80,true,https://7a0.com.br/en/copas/1982/cmr
1982,Spain,cmr,Cameroon,72,2,Goalkeepers,12,Bell,Goalkeeper,76,false,https://7a0.com.br/en/copas/1982/cmr
1982,Spain,cmr,Cameroon,72,2,Goalkeepers,22,Tchobang,Goalkeeper,68,false,https://7a0.com.br/en/copas/1982/cmr
1982,Spain,cmr,Cameroon,72,2,Defence,2,Kaham,Right-back,70,false,https://7a0.com.br/en/copas/1982/cmr
1982,Spain,cmr,Cameroon,72,2,Defence,16,Aoudou,Right-back,70,false,https://7a0.com.br/en/copas/1982/cmr
1982,Spain,cmr,Cameroon,72,2,Defence,3,Enoka,Centre-back,69,false,https://7a0.com.br/en/copas/1982/cmr
1982,Spain,cmr,Cameroon,72,2,Defence,4,N'Djeya,Centre-back,72,false,https://7a0.com.br/en/copas/1982/cmr
1982,Spain,cmr,Cameroon,72,2,Defence,6,Kundé,Centre-back,76,false,https://7a0.com.br/en/copas/1982/cmr
1982,Spain,cmr,Cameroon,72,2,Defence,15,N'Doumbé,Left-back,69,false,https://7a0.com.br/en/copas/1982/cmr
1982,Spain,cmr,Cameroon,72,2,Midfield,5,Onana,Defensive midfielder,71,false,https://7a0.com.br/en/copas/1982/cmr
1982,Spain,cmr,Cameroon,72,2,Midfield,11,Toubé,Defensive midfielder,71,false,https://7a0.com.br/en/copas/1982/cmr
1982,Spain,cmr,Cameroon,72,2,Midfield,17,Kamga,Defensive midfielder,70,false,https://7a0.com.br/en/copas/1982/cmr
1982,Spain,cmr,Cameroon,72,2,Midfield,7,M'Bom,Midfielder,70,false,https://7a0.com.br/en/copas/1982/cmr
1982,Spain,cmr,Cameroon,72,2,Midfield,8,M'Bida,Midfielder,75,false,https://7a0.com.br/en/copas/1982/cmr
1982,Spain,cmr,Cameroon,72,2,Midfield,14,Abega,Midfielder,77,false,https://7a0.com.br/en/copas/1982/cmr
1982,Spain,cmr,Cameroon,72,2,Midfield,10,Tokoto,Attacking midfielder,76,false,https://7a0.com.br/en/copas/1982/cmr
1982,Spain,cmr,Cameroon,72,2,Midfield,19,Enanga,Attacking midfielder,69,false,https://7a0.com.br/en/copas/1982/cmr
1982,Spain,cmr,Cameroon,72,2,Attack,13,Bahoken,Right winger,72,false,https://7a0.com.br/en/copas/1982/cmr
1982,Spain,cmr,Cameroon,72,2,Attack,21,Ebongué,Right winger,67,false,https://7a0.com.br/en/copas/1982/cmr
1982,Spain,cmr,Cameroon,72,2,Attack,9,Milla,Centre-forward,79,true,https://7a0.com.br/en/copas/1982/cmr
1982,Spain,cmr,Cameroon,72,2,Attack,18,N'Guea,Centre-forward,71,false,https://7a0.com.br/en/copas/1982/cmr
1982,Spain,cmr,Cameroon,72,2,Attack,20,Eyobo,Left winger,68,false,https://7a0.com.br/en/copas/1982/cmr
1982,Spain,eng,England,80,3,Goalkeepers,1,Clemence,Goalkeeper,83,false,https://7a0.com.br/en/copas/1982/eng
1982,Spain,eng,England,80,3,Goalkeepers,13,Corrigan,Goalkeeper,74,false,https://7a0.com.br/en/copas/1982/eng
1982,Spain,eng,England,80,3,Goalkeepers,22,Shilton,Goalkeeper,92,true,https://7a0.com.br/en/copas/1982/eng
1982,Spain,eng,England,80,3,Defence,2,Anderson,Right-back,76,false,https://7a0.com.br/en/copas/1982/eng
1982,Spain,eng,England,80,3,Defence,12,Mills,Right-back,77,false,https://7a0.com.br/en/copas/1982/eng
1982,Spain,eng,England,80,3,Defence,14,Neal,Right-back,79,false,https://7a0.com.br/en/copas/1982/eng
1982,Spain,eng,England,80,3,Defence,4,Butcher,Centre-back,82,false,https://7a0.com.br/en/copas/1982/eng
1982,Spain,eng,England,80,3,Defence,6,Foster,Centre-back,74,false,https://7a0.com.br/en/copas/1982/eng
1982,Spain,eng,England,80,3,Defence,18,Thompson,Centre-back,79,false,https://7a0.com.br/en/copas/1982/eng
1982,Spain,eng,England,80,3,Defence,17,Sansom,Left-back,81,false,https://7a0.com.br/en/copas/1982/eng
1982,Spain,eng,England,80,3,Midfield,10,McDermott,Defensive midfielder,77,false,https://7a0.com.br/en/copas/1982/eng
1982,Spain,eng,England,80,3,Midfield,19,Wilkins,Defensive midfielder,82,false,https://7a0.com.br/en/copas/1982/eng
1982,Spain,eng,England,80,3,Midfield,3,Brooking,Midfielder,80,false,https://7a0.com.br/en/copas/1982/eng
1982,Spain,eng,England,80,3,Midfield,9,Hoddle,Midfielder,82,false,https://7a0.com.br/en/copas/1982/eng
1982,Spain,eng,England,80,3,Midfield,16,Robson,Midfielder,91,true,https://7a0.com.br/en/copas/1982/eng
1982,Spain,eng,England,80,3,Midfield,15,Rix,Left midfielder,76,false,https://7a0.com.br/en/copas/1982/eng
1982,Spain,eng,England,80,3,Attack,5,Coppell,Right winger,78,false,https://7a0.com.br/en/copas/1982/eng
1982,Spain,eng,England,80,3,Attack,7,Keegan,Centre-forward,88,true,https://7a0.com.br/en/copas/1982/eng
1982,Spain,eng,England,80,3,Attack,8,Francis,Centre-forward,84,false,https://7a0.com.br/en/copas/1982/eng
1982,Spain,eng,England,80,3,Attack,11,Mariner,Centre-forward,80,false,https://7a0.com.br/en/copas/1982/eng
1982,Spain,eng,England,80,3,Attack,20,Withe,Centre-forward,74,false,https://7a0.com.br/en/copas/1982/eng
1982,Spain,eng,England,80,3,Attack,21,Woodcock,Centre-forward,77,false,https://7a0.com.br/en/copas/1982/eng
1982,Spain,fra,France,79,3,Goalkeepers,1,Baratelli,Goalkeeper,74,false,https://7a0.com.br/en/copas/1982/fra
1982,Spain,fra,France,79,3,Goalkeepers,21,Castaneda,Goalkeeper,73,false,https://7a0.com.br/en/copas/1982/fra
1982,Spain,fra,France,79,3,Goalkeepers,22,Ettori,Goalkeeper,80,false,https://7a0.com.br/en/copas/1982/fra
1982,Spain,fra,France,79,3,Defence,2,Amoros,Right-back,81,false,https://7a0.com.br/en/copas/1982/fra
1982,Spain,fra,France,79,3,Defence,5,Janvion,Right-back,75,false,https://7a0.com.br/en/copas/1982/fra
1982,Spain,fra,France,79,3,Defence,7,Mahut,Right-back,72,false,https://7a0.com.br/en/copas/1982/fra
1982,Spain,fra,France,79,3,Defence,3,Battiston,Centre-back,80,false,https://7a0.com.br/en/copas/1982/fra
1982,Spain,fra,France,79,3,Defence,4,Bossis,Centre-back,83,false,https://7a0.com.br/en/copas/1982/fra
1982,Spain,fra,France,79,3,Defence,6,Lopez,Centre-back,77,false,https://7a0.com.br/en/copas/1982/fra
1982,Spain,fra,France,79,3,Defence,8,Trésor,Centre-back,86,true,https://7a0.com.br/en/copas/1982/fra
1982,Spain,fra,France,79,3,Midfield,11,Girard,Defensive midfielder,75,false,https://7a0.com.br/en/copas/1982/fra
1982,Spain,fra,France,79,3,Midfield,14,Tigana,Defensive midfielder,87,false,https://7a0.com.br/en/copas/1982/fra
1982,Spain,fra,France,79,3,Midfield,10,Platini,Midfielder,97,true,https://7a0.com.br/en/copas/1982/fra
1982,Spain,fra,France,79,3,Midfield,12,Giresse,Midfielder,88,true,https://7a0.com.br/en/copas/1982/fra
1982,Spain,fra,France,79,3,Midfield,9,Genghini,Left midfielder,78,false,https://7a0.com.br/en/copas/1982/fra
1982,Spain,fra,France,79,3,Attack,13,Larios,Right winger,74,false,https://7a0.com.br/en/copas/1982/fra
1982,Spain,fra,France,79,3,Attack,18,Rocheteau,Right winger,85,false,https://7a0.com.br/en/copas/1982/fra
1982,Spain,fra,France,79,3,Attack,20,Soler,Right winger,74,false,https://7a0.com.br/en/copas/1982/fra
1982,Spain,fra,France,79,3,Attack,17,Lacombe,Centre-forward,78,false,https://7a0.com.br/en/copas/1982/fra
1982,Spain,fra,France,79,3,Attack,15,Bellone,Left winger,76,false,https://7a0.com.br/en/copas/1982/fra
1982,Spain,fra,France,79,3,Attack,16,Couriol,Left winger,73,false,https://7a0.com.br/en/copas/1982/fra
1982,Spain,fra,France,79,3,Attack,19,Six,Left winger,80,false,https://7a0.com.br/en/copas/1982/fra
1982,Spain,ger,Germany,79,2,Goalkeepers,1,Schumacher,Goalkeeper,87,false,https://7a0.com.br/en/copas/1982/ger
1982,Spain,ger,Germany,79,2,Goalkeepers,21,Franke,Goalkeeper,70,false,https://7a0.com.br/en/copas/1982/ger
1982,Spain,ger,Germany,79,2,Goalkeepers,22,Immel,Goalkeeper,71,false,https://7a0.com.br/en/copas/1982/ger
1982,Spain,ger,Germany,79,2,Defence,20,Kaltz,Right-back,82,false,https://7a0.com.br/en/copas/1982/ger
1982,Spain,ger,Germany,79,2,Defence,4,K.-H. Förster,Centre-back,83,false,https://7a0.com.br/en/copas/1982/ger
1982,Spain,ger,Germany,79,2,Defence,5,B. Förster,Centre-back,79,false,https://7a0.com.br/en/copas/1982/ger
1982,Spain,ger,Germany,79,2,Defence,12,Hannes,Centre-back,73,false,https://7a0.com.br/en/copas/1982/ger
1982,Spain,ger,Germany,79,2,Defence,19,Hieronymus,Centre-back,72,false,https://7a0.com.br/en/copas/1982/ger
1982,Spain,ger,Germany,79,2,Defence,2,Briegel,Left-back,84,false,https://7a0.com.br/en/copas/1982/ger
1982,Spain,ger,Germany,79,2,Midfield,6,Dremmler,Defensive midfielder,76,false,https://7a0.com.br/en/copas/1982/ger
1982,Spain,ger,Germany,79,2,Midfield,14,Magath,Defensive midfielder,82,false,https://7a0.com.br/en/copas/1982/ger
1982,Spain,ger,Germany,79,2,Midfield,15,Stielike,Defensive midfielder,83,false,https://7a0.com.br/en/copas/1982/ger
1982,Spain,ger,Germany,79,2,Midfield,18,Matthäus,Defensive midfielder,80,true,https://7a0.com.br/en/copas/1982/ger
1982,Spain,ger,Germany,79,2,Midfield,3,Breitner,Midfielder,85,false,https://7a0.com.br/en/copas/1982/ger
1982,Spain,ger,Germany,79,2,Midfield,17,Engels,Midfielder,73,false,https://7a0.com.br/en/copas/1982/ger
1982,Spain,ger,Germany,79,2,Midfield,10,H. Müller,Attacking midfielder,80,false,https://7a0.com.br/en/copas/1982/ger
1982,Spain,ger,Germany,79,2,Attack,13,Reinders,Right winger,74,false,https://7a0.com.br/en/copas/1982/ger
1982,Spain,ger,Germany,79,2,Attack,8,Fischer,Centre-forward,82,false,https://7a0.com.br/en/copas/1982/ger
1982,Spain,ger,Germany,79,2,Attack,9,Hrubesch,Centre-forward,81,false,https://7a0.com.br/en/copas/1982/ger
1982,Spain,ger,Germany,79,2,Attack,11,Rummenigge,Centre-forward,92,true,https://7a0.com.br/en/copas/1982/ger
1982,Spain,ger,Germany,79,2,Attack,16,Allofs,Centre-forward,73,false,https://7a0.com.br/en/copas/1982/ger
1982,Spain,ger,Germany,79,2,Attack,7,Littbarski,Left winger,84,false,https://7a0.com.br/en/copas/1982/ger
1982,Spain,hun,Hungary,76,1,Goalkeepers,1,Mészáros,Goalkeeper,78,false,https://7a0.com.br/en/copas/1982/hun
1982,Spain,hun,Hungary,76,1,Goalkeepers,21,Katzirz,Goalkeeper,73,false,https://7a0.com.br/en/copas/1982/hun
1982,Spain,hun,Hungary,76,1,Goalkeepers,22,I. Kiss,Goalkeeper,72,false,https://7a0.com.br/en/copas/1982/hun
1982,Spain,hun,Hungary,76,1,Defence,19,Varga,Right-back,74,false,https://7a0.com.br/en/copas/1982/hun
1982,Spain,hun,Hungary,76,1,Defence,2,Martos,Centre-back,76,false,https://7a0.com.br/en/copas/1982/hun
1982,Spain,hun,Hungary,76,1,Defence,3,Bálint,Centre-back,78,false,https://7a0.com.br/en/copas/1982/hun
1982,Spain,hun,Hungary,76,1,Defence,6,Garaba,Centre-back,79,false,https://7a0.com.br/en/copas/1982/hun
1982,Spain,hun,Hungary,76,1,Defence,13,Rab,Centre-back,74,false,https://7a0.com.br/en/copas/1982/hun
1982,Spain,hun,Hungary,76,1,Defence,14,Sallai,Centre-back,75,false,https://7a0.com.br/en/copas/1982/hun
1982,Spain,hun,Hungary,76,1,Defence,18,Kerekes,Centre-back,74,false,https://7a0.com.br/en/copas/1982/hun
1982,Spain,hun,Hungary,76,1,Defence,20,Csuhay,Centre-back,74,false,https://7a0.com.br/en/copas/1982/hun
1982,Spain,hun,Hungary,76,1,Defence,4,J. Tóth,Left-back,76,false,https://7a0.com.br/en/copas/1982/hun
1982,Spain,hun,Hungary,76,1,Midfield,5,Müller,Midfielder,76,false,https://7a0.com.br/en/copas/1982/hun
1982,Spain,hun,Hungary,76,1,Midfield,16,Csongrádi,Midfielder,75,false,https://7a0.com.br/en/copas/1982/hun
1982,Spain,hun,Hungary,76,1,Midfield,17,Csapó,Midfielder,75,false,https://7a0.com.br/en/copas/1982/hun
1982,Spain,hun,Hungary,76,1,Midfield,15,Bodonyi,Left midfielder,75,false,https://7a0.com.br/en/copas/1982/hun
1982,Spain,hun,Hungary,76,1,Midfield,8,Nyilasi,Attacking midfielder,85,true,https://7a0.com.br/en/copas/1982/hun
1982,Spain,hun,Hungary,76,1,Attack,7,Fazekas,Right winger,81,false,https://7a0.com.br/en/copas/1982/hun
1982,Spain,hun,Hungary,76,1,Attack,11,Pölöskei,Right winger,76,false,https://7a0.com.br/en/copas/1982/hun
1982,Spain,hun,Hungary,76,1,Attack,9,Törőcsik,Centre-forward,82,false,https://7a0.com.br/en/copas/1982/hun
1982,Spain,hun,Hungary,76,1,Attack,10,L. Kiss,Centre-forward,78,false,https://7a0.com.br/en/copas/1982/hun
1982,Spain,hun,Hungary,76,1,Attack,12,Szentes,Centre-forward,74,false,https://7a0.com.br/en/copas/1982/hun
1982,Spain,ita,Italy,79,5,Goalkeepers,1,Zoff,Goalkeeper,87,true,https://7a0.com.br/en/copas/1982/ita
1982,Spain,ita,Italy,79,5,Goalkeepers,12,Bordon,Goalkeeper,70,false,https://7a0.com.br/en/copas/1982/ita
1982,Spain,ita,Italy,79,5,Goalkeepers,22,Galli,Goalkeeper,70,false,https://7a0.com.br/en/copas/1982/ita
1982,Spain,ita,Italy,79,5,Defence,3,Bergomi,Right-back,78,false,https://7a0.com.br/en/copas/1982/ita
1982,Spain,ita,Italy,79,5,Defence,6,Gentile,Right-back,85,true,https://7a0.com.br/en/copas/1982/ita
1982,Spain,ita,Italy,79,5,Defence,2,Baresi,Centre-back,76,false,https://7a0.com.br/en/copas/1982/ita
1982,Spain,ita,Italy,79,5,Defence,5,Collovati,Centre-back,78,false,https://7a0.com.br/en/copas/1982/ita
1982,Spain,ita,Italy,79,5,Defence,7,Scirea,Centre-back,87,true,https://7a0.com.br/en/copas/1982/ita
1982,Spain,ita,Italy,79,5,Defence,8,Vierchowod,Centre-back,76,false,https://7a0.com.br/en/copas/1982/ita
1982,Spain,ita,Italy,79,5,Defence,4,Cabrini,Left-back,83,false,https://7a0.com.br/en/copas/1982/ita
1982,Spain,ita,Italy,79,5,Midfield,14,Tardelli,Defensive midfielder,85,true,https://7a0.com.br/en/copas/1982/ita
1982,Spain,ita,Italy,79,5,Midfield,11,Marini,Right midfielder,73,false,https://7a0.com.br/en/copas/1982/ita
1982,Spain,ita,Italy,79,5,Midfield,13,Oriali,Right midfielder,76,false,https://7a0.com.br/en/copas/1982/ita
1982,Spain,ita,Italy,79,5,Midfield,10,Dossena,Left midfielder,72,false,https://7a0.com.br/en/copas/1982/ita
1982,Spain,ita,Italy,79,5,Midfield,9,Antognoni,Attacking midfielder,83,false,https://7a0.com.br/en/copas/1982/ita
1982,Spain,ita,Italy,79,5,Attack,15,Causio,Right winger,77,false,https://7a0.com.br/en/copas/1982/ita
1982,Spain,ita,Italy,79,5,Attack,16,Conti,Right winger,88,false,https://7a0.com.br/en/copas/1982/ita
1982,Spain,ita,Italy,79,5,Attack,17,Massaro,Centre-forward,70,false,https://7a0.com.br/en/copas/1982/ita
1982,Spain,ita,Italy,79,5,Attack,18,Altobelli,Centre-forward,81,false,https://7a0.com.br/en/copas/1982/ita
1982,Spain,ita,Italy,79,5,Attack,19,Graziani,Centre-forward,79,false,https://7a0.com.br/en/copas/1982/ita
1982,Spain,ita,Italy,79,5,Attack,20,P. Rossi,Centre-forward,94,true,https://7a0.com.br/en/copas/1982/ita
1982,Spain,ita,Italy,79,5,Attack,21,Selvaggi,Centre-forward,68,false,https://7a0.com.br/en/copas/1982/ita
1982,Spain,pol,Poland,76,2,Goalkeepers,1,Młynarczyk,Goalkeeper,81,false,https://7a0.com.br/en/copas/1982/pol
1982,Spain,pol,Poland,76,2,Goalkeepers,21,Kazimierski,Goalkeeper,68,false,https://7a0.com.br/en/copas/1982/pol
1982,Spain,pol,Poland,76,2,Goalkeepers,22,Mowlik,Goalkeeper,67,false,https://7a0.com.br/en/copas/1982/pol
1982,Spain,pol,Poland,76,2,Defence,2,Dziuba,Right-back,76,false,https://7a0.com.br/en/copas/1982/pol
1982,Spain,pol,Poland,76,2,Defence,4,Dolny,Right-back,70,false,https://7a0.com.br/en/copas/1982/pol
1982,Spain,pol,Poland,76,2,Defence,5,Janas,Centre-back,80,false,https://7a0.com.br/en/copas/1982/pol
1982,Spain,pol,Poland,76,2,Defence,6,Skrobowski,Centre-back,68,false,https://7a0.com.br/en/copas/1982/pol
1982,Spain,pol,Poland,76,2,Defence,9,Żmuda,Centre-back,84,false,https://7a0.com.br/en/copas/1982/pol
1982,Spain,pol,Poland,76,2,Defence,10,Majewski,Centre-back,75,false,https://7a0.com.br/en/copas/1982/pol
1982,Spain,pol,Poland,76,2,Defence,12,Wójcicki,Centre-back,76,false,https://7a0.com.br/en/copas/1982/pol
1982,Spain,pol,Poland,76,2,Defence,7,Jałocha,Left-back,73,false,https://7a0.com.br/en/copas/1982/pol
1982,Spain,pol,Poland,76,2,Midfield,3,Kupcewicz,Defensive midfielder,79,false,https://7a0.com.br/en/copas/1982/pol
1982,Spain,pol,Poland,76,2,Midfield,8,Matysik,Right midfielder,77,false,https://7a0.com.br/en/copas/1982/pol
1982,Spain,pol,Poland,76,2,Midfield,13,Buncol,Midfielder,74,false,https://7a0.com.br/en/copas/1982/pol
1982,Spain,pol,Poland,76,2,Midfield,14,Pałasz,Left midfielder,71,false,https://7a0.com.br/en/copas/1982/pol
1982,Spain,pol,Poland,76,2,Midfield,20,Boniek,Attacking midfielder,89,true,https://7a0.com.br/en/copas/1982/pol
1982,Spain,pol,Poland,76,2,Attack,16,Lato,Right winger,83,true,https://7a0.com.br/en/copas/1982/pol
1982,Spain,pol,Poland,76,2,Attack,15,Ciołek,Centre-forward,72,false,https://7a0.com.br/en/copas/1982/pol
1982,Spain,pol,Poland,76,2,Attack,17,Szarmach,Centre-forward,80,false,https://7a0.com.br/en/copas/1982/pol
1982,Spain,pol,Poland,76,2,Attack,18,Kusto,Centre-forward,71,false,https://7a0.com.br/en/copas/1982/pol
1982,Spain,pol,Poland,76,2,Attack,19,Iwan,Centre-forward,74,false,https://7a0.com.br/en/copas/1982/pol
1982,Spain,pol,Poland,76,2,Attack,11,Smolarek,Left winger,81,false,https://7a0.com.br/en/copas/1982/pol
1982,Spain,sco,Scotland,78,3,Goalkeepers,1,Rough,Goalkeeper,76,false,https://7a0.com.br/en/copas/1982/sco
1982,Spain,sco,Scotland,78,3,Goalkeepers,12,Wood,Goalkeeper,73,false,https://7a0.com.br/en/copas/1982/sco
1982,Spain,sco,Scotland,78,3,Goalkeepers,22,Leighton,Goalkeeper,75,false,https://7a0.com.br/en/copas/1982/sco
1982,Spain,sco,Scotland,78,3,Defence,2,McGrain,Right-back,79,false,https://7a0.com.br/en/copas/1982/sco
1982,Spain,sco,Scotland,78,3,Defence,21,Burley,Right-back,74,false,https://7a0.com.br/en/copas/1982/sco
1982,Spain,sco,Scotland,78,3,Defence,5,Hansen,Centre-back,82,true,https://7a0.com.br/en/copas/1982/sco
1982,Spain,sco,Scotland,78,3,Defence,6,Miller,Centre-back,80,false,https://7a0.com.br/en/copas/1982/sco
1982,Spain,sco,Scotland,78,3,Defence,13,McLeish,Centre-back,78,false,https://7a0.com.br/en/copas/1982/sco
1982,Spain,sco,Scotland,78,3,Defence,14,Narey,Centre-back,77,false,https://7a0.com.br/en/copas/1982/sco
1982,Spain,sco,Scotland,78,3,Defence,17,Evans,Centre-back,75,false,https://7a0.com.br/en/copas/1982/sco
1982,Spain,sco,Scotland,78,3,Defence,3,Gray,Left-back,77,false,https://7a0.com.br/en/copas/1982/sco
1982,Spain,sco,Scotland,78,3,Midfield,7,Strachan,Right midfielder,80,false,https://7a0.com.br/en/copas/1982/sco
1982,Spain,sco,Scotland,78,3,Midfield,4,Souness,Midfielder,83,true,https://7a0.com.br/en/copas/1982/sco
1982,Spain,sco,Scotland,78,3,Midfield,10,Wark,Midfielder,79,false,https://7a0.com.br/en/copas/1982/sco
1982,Spain,sco,Scotland,78,3,Midfield,16,Hartford,Midfielder,76,false,https://7a0.com.br/en/copas/1982/sco
1982,Spain,sco,Scotland,78,3,Attack,20,Provan,Right winger,75,false,https://7a0.com.br/en/copas/1982/sco
1982,Spain,sco,Scotland,78,3,Attack,8,Dalglish,Centre-forward,90,true,https://7a0.com.br/en/copas/1982/sco
1982,Spain,sco,Scotland,78,3,Attack,9,Brazil,Centre-forward,77,false,https://7a0.com.br/en/copas/1982/sco
1982,Spain,sco,Scotland,78,3,Attack,15,Jordan,Centre-forward,78,false,https://7a0.com.br/en/copas/1982/sco
1982,Spain,sco,Scotland,78,3,Attack,18,Archibald,Centre-forward,78,false,https://7a0.com.br/en/copas/1982/sco
1982,Spain,sco,Scotland,78,3,Attack,19,Sturrock,Centre-forward,76,false,https://7a0.com.br/en/copas/1982/sco
1982,Spain,sco,Scotland,78,3,Attack,11,Robertson,Left winger,78,false,https://7a0.com.br/en/copas/1982/sco
1986,Mexico,arg,Argentina,78,1,Goalkeepers,15,Islas,Goalkeeper,70,false,https://7a0.com.br/en/copas/1986/arg
1986,Mexico,arg,Argentina,78,1,Goalkeepers,18,Pumpido,Goalkeeper,81,false,https://7a0.com.br/en/copas/1986/arg
1986,Mexico,arg,Argentina,78,1,Goalkeepers,22,Zelada,Goalkeeper,68,false,https://7a0.com.br/en/copas/1986/arg
1986,Mexico,arg,Argentina,78,1,Defence,8,Clausen,Right-back,75,false,https://7a0.com.br/en/copas/1986/arg
1986,Mexico,arg,Argentina,78,1,Defence,5,Brown,Centre-back,80,false,https://7a0.com.br/en/copas/1986/arg
1986,Mexico,arg,Argentina,78,1,Defence,6,Passarella,Centre-back,82,false,https://7a0.com.br/en/copas/1986/arg
1986,Mexico,arg,Argentina,78,1,Defence,9,Cuciuffo,Centre-back,76,false,https://7a0.com.br/en/copas/1986/arg
1986,Mexico,arg,Argentina,78,1,Defence,19,Ruggeri,Centre-back,83,false,https://7a0.com.br/en/copas/1986/arg
1986,Mexico,arg,Argentina,78,1,Defence,13,Garré,Left-back,75,false,https://7a0.com.br/en/copas/1986/arg
1986,Mexico,arg,Argentina,78,1,Defence,16,Olarticoechea,Left-back,78,false,https://7a0.com.br/en/copas/1986/arg
1986,Mexico,arg,Argentina,78,1,Midfield,2,Batista,Defensive midfielder,82,false,https://7a0.com.br/en/copas/1986/arg
1986,Mexico,arg,Argentina,78,1,Midfield,4,Borghi,Defensive midfielder,74,false,https://7a0.com.br/en/copas/1986/arg
1986,Mexico,arg,Argentina,78,1,Midfield,12,Enrique,Defensive midfielder,76,false,https://7a0.com.br/en/copas/1986/arg
1986,Mexico,arg,Argentina,78,1,Midfield,14,Giusti,Defensive midfielder,80,false,https://7a0.com.br/en/copas/1986/arg
1986,Mexico,arg,Argentina,78,1,Midfield,21,Trobbiani,Defensive midfielder,71,false,https://7a0.com.br/en/copas/1986/arg
1986,Mexico,arg,Argentina,78,1,Midfield,20,Tapia,Midfielder,72,false,https://7a0.com.br/en/copas/1986/arg
1986,Mexico,arg,Argentina,78,1,Midfield,3,Bochini,Attacking midfielder,75,false,https://7a0.com.br/en/copas/1986/arg
1986,Mexico,arg,Argentina,78,1,Midfield,7,Burruchaga,Attacking midfielder,85,false,https://7a0.com.br/en/copas/1986/arg
1986,Mexico,arg,Argentina,78,1,Midfield,10,Maradona,Attacking midfielder,99,true,https://7a0.com.br/en/copas/1986/arg
1986,Mexico,arg,Argentina,78,1,Attack,1,Almirón,Centre-forward,70,false,https://7a0.com.br/en/copas/1986/arg
1986,Mexico,arg,Argentina,78,1,Attack,11,Valdano,Centre-forward,85,false,https://7a0.com.br/en/copas/1986/arg
1986,Mexico,arg,Argentina,78,1,Attack,17,Pasculli,Centre-forward,76,false,https://7a0.com.br/en/copas/1986/arg
1986,Mexico,bel,Belgium,75,3,Goalkeepers,1,Pfaff,Goalkeeper,84,true,https://7a0.com.br/en/copas/1986/bel
1986,Mexico,bel,Belgium,75,3,Goalkeepers,12,Munaron,Goalkeeper,68,false,https://7a0.com.br/en/copas/1986/bel
1986,Mexico,bel,Belgium,75,3,Goalkeepers,20,Bodart,Goalkeeper,66,false,https://7a0.com.br/en/copas/1986/bel
1986,Mexico,bel,Belgium,75,3,Defence,2,Gerets,Right-back,84,false,https://7a0.com.br/en/copas/1986/bel
1986,Mexico,bel,Belgium,75,3,Defence,4,De Wolf,Centre-back,72,false,https://7a0.com.br/en/copas/1986/bel
1986,Mexico,bel,Belgium,75,3,Defence,5,Renquin,Centre-back,73,false,https://7a0.com.br/en/copas/1986/bel
1986,Mexico,bel,Belgium,75,3,Defence,13,Grün,Centre-back,75,false,https://7a0.com.br/en/copas/1986/bel
1986,Mexico,bel,Belgium,75,3,Defence,14,Clijsters,Centre-back,74,false,https://7a0.com.br/en/copas/1986/bel
1986,Mexico,bel,Belgium,75,3,Defence,19,Broos,Centre-back,72,false,https://7a0.com.br/en/copas/1986/bel
1986,Mexico,bel,Belgium,75,3,Defence,21,Demol,Centre-back,73,false,https://7a0.com.br/en/copas/1986/bel
1986,Mexico,bel,Belgium,75,3,Midfield,3,Van Der Elst,Defensive midfielder,76,false,https://7a0.com.br/en/copas/1986/bel
1986,Mexico,bel,Belgium,75,3,Midfield,7,Vandereycken,Defensive midfielder,77,false,https://7a0.com.br/en/copas/1986/bel
1986,Mexico,bel,Belgium,75,3,Midfield,8,Scifo,Defensive midfielder,88,true,https://7a0.com.br/en/copas/1986/bel
1986,Mexico,bel,Belgium,75,3,Midfield,15,L. Van Der Elst,Defensive midfielder,70,false,https://7a0.com.br/en/copas/1986/bel
1986,Mexico,bel,Belgium,75,3,Midfield,6,Vercauteren,Left midfielder,80,false,https://7a0.com.br/en/copas/1986/bel
1986,Mexico,bel,Belgium,75,3,Midfield,17,Mommens,Left midfielder,71,false,https://7a0.com.br/en/copas/1986/bel
1986,Mexico,bel,Belgium,75,3,Midfield,22,Vervoort,Left midfielder,70,false,https://7a0.com.br/en/copas/1986/bel
1986,Mexico,bel,Belgium,75,3,Midfield,10,Desmet,Attacking midfielder,71,false,https://7a0.com.br/en/copas/1986/bel
1986,Mexico,bel,Belgium,75,3,Attack,18,Veyt,Right winger,69,false,https://7a0.com.br/en/copas/1986/bel
1986,Mexico,bel,Belgium,75,3,Attack,9,Vandenbergh,Centre-forward,76,false,https://7a0.com.br/en/copas/1986/bel
1986,Mexico,bel,Belgium,75,3,Attack,11,Ceulemans,Centre-forward,84,true,https://7a0.com.br/en/copas/1986/bel
1986,Mexico,bel,Belgium,75,3,Attack,16,Claesen,Centre-forward,76,false,https://7a0.com.br/en/copas/1986/bel
1986,Mexico,bra,Brazil,79,5,Goalkeepers,1,Carlos Gallo,Goalkeeper,74,false,https://7a0.com.br/en/copas/1986/bra
1986,Mexico,bra,Brazil,79,5,Goalkeepers,12,Paulo Vítor,Goalkeeper,69,false,https://7a0.com.br/en/copas/1986/bra
1986,Mexico,bra,Brazil,79,5,Goalkeepers,22,Leão,Goalkeeper,74,false,https://7a0.com.br/en/copas/1986/bra
1986,Mexico,bra,Brazil,79,5,Defence,2,Édson,Right-back,75,false,https://7a0.com.br/en/copas/1986/bra
1986,Mexico,bra,Brazil,79,5,Defence,13,Josimar,Right-back,80,false,https://7a0.com.br/en/copas/1986/bra
1986,Mexico,bra,Brazil,79,5,Defence,3,Oscar,Centre-back,80,false,https://7a0.com.br/en/copas/1986/bra
1986,Mexico,bra,Brazil,79,5,Defence,4,Edinho,Centre-back,79,false,https://7a0.com.br/en/copas/1986/bra
1986,Mexico,bra,Brazil,79,5,Defence,14,Júlio César,Centre-back,78,false,https://7a0.com.br/en/copas/1986/bra
1986,Mexico,bra,Brazil,79,5,Defence,16,Mauro Galvão,Centre-back,75,false,https://7a0.com.br/en/copas/1986/bra
1986,Mexico,bra,Brazil,79,5,Defence,6,Júnior,Left-back,87,true,https://7a0.com.br/en/copas/1986/bra
1986,Mexico,bra,Brazil,79,5,Defence,17,Branco,Left-back,81,false,https://7a0.com.br/en/copas/1986/bra
1986,Mexico,bra,Brazil,79,5,Midfield,5,Falcão,Defensive midfielder,86,true,https://7a0.com.br/en/copas/1986/bra
1986,Mexico,bra,Brazil,79,5,Midfield,15,Alemão,Defensive midfielder,81,false,https://7a0.com.br/en/copas/1986/bra
1986,Mexico,bra,Brazil,79,5,Midfield,19,Elzo,Defensive midfielder,74,false,https://7a0.com.br/en/copas/1986/bra
1986,Mexico,bra,Brazil,79,5,Midfield,18,Sócrates,Midfielder,88,true,https://7a0.com.br/en/copas/1986/bra
1986,Mexico,bra,Brazil,79,5,Midfield,10,Zico,Attacking midfielder,88,true,https://7a0.com.br/en/copas/1986/bra
1986,Mexico,bra,Brazil,79,5,Midfield,20,Silas,Attacking midfielder,76,false,https://7a0.com.br/en/copas/1986/bra
1986,Mexico,bra,Brazil,79,5,Midfield,21,Valdo,Attacking midfielder,77,false,https://7a0.com.br/en/copas/1986/bra
1986,Mexico,bra,Brazil,79,5,Attack,7,Müller,Right winger,80,false,https://7a0.com.br/en/copas/1986/bra
1986,Mexico,bra,Brazil,79,5,Attack,8,Casagrande,Centre-forward,81,false,https://7a0.com.br/en/copas/1986/bra
1986,Mexico,bra,Brazil,79,5,Attack,9,Careca,Centre-forward,87,true,https://7a0.com.br/en/copas/1986/bra
1986,Mexico,bra,Brazil,79,5,Attack,11,Edivaldo,Left winger,74,false,https://7a0.com.br/en/copas/1986/bra
1986,Mexico,bul,Bulgaria,75,0,Goalkeepers,1,Mihaylov,Goalkeeper,80,false,https://7a0.com.br/en/copas/1986/bul
1986,Mexico,bul,Bulgaria,75,0,Goalkeepers,22,Valov,Goalkeeper,71,false,https://7a0.com.br/en/copas/1986/bul
1986,Mexico,bul,Bulgaria,75,0,Defence,4,P. Petrov,Right-back,76,false,https://7a0.com.br/en/copas/1986/bul
1986,Mexico,bul,Bulgaria,75,0,Defence,3,Arabov,Centre-back,73,false,https://7a0.com.br/en/copas/1986/bul
1986,Mexico,bul,Bulgaria,75,0,Defence,5,G. Dimitrov,Centre-back,78,false,https://7a0.com.br/en/copas/1986/bul
1986,Mexico,bul,Bulgaria,75,0,Defence,13,A. Markov,Centre-back,73,false,https://7a0.com.br/en/copas/1986/bul
1986,Mexico,bul,Bulgaria,75,0,Defence,21,Dyakov,Left-back,68,false,https://7a0.com.br/en/copas/1986/bul
1986,Mexico,bul,Bulgaria,75,0,Midfield,12,Zdravkov,Defensive midfielder,79,false,https://7a0.com.br/en/copas/1986/bul
1986,Mexico,bul,Bulgaria,75,0,Midfield,14,P. Markov,Defensive midfielder,77,false,https://7a0.com.br/en/copas/1986/bul
1986,Mexico,bul,Bulgaria,75,0,Midfield,17,H. Kolev,Defensive midfielder,70,false,https://7a0.com.br/en/copas/1986/bul
1986,Mexico,bul,Bulgaria,75,0,Midfield,7,Iskrenov,Midfielder,77,false,https://7a0.com.br/en/copas/1986/bul
1986,Mexico,bul,Bulgaria,75,0,Midfield,8,Sadakov,Midfielder,78,false,https://7a0.com.br/en/copas/1986/bul
1986,Mexico,bul,Bulgaria,75,0,Midfield,10,Gospodinov,Midfielder,76,false,https://7a0.com.br/en/copas/1986/bul
1986,Mexico,bul,Bulgaria,75,0,Midfield,11,Getov,Attacking midfielder,74,false,https://7a0.com.br/en/copas/1986/bul
1986,Mexico,bul,Bulgaria,75,0,Midfield,15,Yordanov,Attacking midfielder,74,false,https://7a0.com.br/en/copas/1986/bul
1986,Mexico,bul,Bulgaria,75,0,Attack,6,Zhelyazkov,Centre-forward,74,false,https://7a0.com.br/en/copas/1986/bul
1986,Mexico,bul,Bulgaria,75,0,Attack,9,Mladenov,Centre-forward,77,false,https://7a0.com.br/en/copas/1986/bul
1986,Mexico,bul,Bulgaria,75,0,Attack,16,Dragolov,Centre-forward,68,false,https://7a0.com.br/en/copas/1986/bul
1986,Mexico,bul,Bulgaria,75,0,Attack,18,Velichkov,Centre-forward,75,false,https://7a0.com.br/en/copas/1986/bul
1986,Mexico,bul,Bulgaria,75,0,Attack,19,Pashev,Centre-forward,72,false,https://7a0.com.br/en/copas/1986/bul
1986,Mexico,bul,Bulgaria,75,0,Attack,20,Kostadinov,Centre-forward,76,false,https://7a0.com.br/en/copas/1986/bul
1986,Mexico,bul,Bulgaria,75,0,Attack,2,Sirakov,Left winger,81,false,https://7a0.com.br/en/copas/1986/bul
1986,Mexico,den,Denmark,78,4,Goalkeepers,1,Troels Rasmussen,Goalkeeper,74,false,https://7a0.com.br/en/copas/1986/den
1986,Mexico,den,Denmark,78,4,Goalkeepers,16,Ole Qvist,Goalkeeper,72,false,https://7a0.com.br/en/copas/1986/den
1986,Mexico,den,Denmark,78,4,Goalkeepers,22,Lars Høgh,Goalkeeper,81,false,https://7a0.com.br/en/copas/1986/den
1986,Mexico,den,Denmark,78,4,Defence,2,John Sivebæk,Right-back,78,false,https://7a0.com.br/en/copas/1986/den
1986,Mexico,den,Denmark,78,4,Defence,3,Søren Busk,Centre-back,75,false,https://7a0.com.br/en/copas/1986/den
1986,Mexico,den,Denmark,78,4,Defence,4,Morten Olsen,Centre-back,82,true,https://7a0.com.br/en/copas/1986/den
1986,Mexico,den,Denmark,78,4,Defence,5,Ivan Nielsen,Centre-back,76,false,https://7a0.com.br/en/copas/1986/den
1986,Mexico,den,Denmark,78,4,Defence,17,Kent Nielsen,Centre-back,75,false,https://7a0.com.br/en/copas/1986/den
1986,Mexico,den,Denmark,78,4,Defence,21,Henrik Andersen,Centre-back,76,false,https://7a0.com.br/en/copas/1986/den
1986,Mexico,den,Denmark,78,4,Midfield,6,Søren Lerby,Defensive midfielder,81,false,https://7a0.com.br/en/copas/1986/den
1986,Mexico,den,Denmark,78,4,Midfield,9,Klaus Berggreen,Defensive midfielder,74,false,https://7a0.com.br/en/copas/1986/den
1986,Mexico,den,Denmark,78,4,Midfield,12,Jens Jørn Bertelsen,Defensive midfielder,75,false,https://7a0.com.br/en/copas/1986/den
1986,Mexico,den,Denmark,78,4,Midfield,13,Per Frimann,Defensive midfielder,76,false,https://7a0.com.br/en/copas/1986/den
1986,Mexico,den,Denmark,78,4,Midfield,20,Jan Bartram,Defensive midfielder,74,false,https://7a0.com.br/en/copas/1986/den
1986,Mexico,den,Denmark,78,4,Midfield,11,Michael Laudrup,Right midfielder,93,true,https://7a0.com.br/en/copas/1986/den
1986,Mexico,den,Denmark,78,4,Midfield,7,Jan Mølby,Midfielder,84,false,https://7a0.com.br/en/copas/1986/den
1986,Mexico,den,Denmark,78,4,Midfield,8,Jesper Olsen,Midfielder,80,false,https://7a0.com.br/en/copas/1986/den
1986,Mexico,den,Denmark,78,4,Midfield,15,Frank Arnesen,Midfielder,79,false,https://7a0.com.br/en/copas/1986/den
1986,Mexico,den,Denmark,78,4,Midfield,14,Allan Simonsen,Left midfielder,80,true,https://7a0.com.br/en/copas/1986/den
1986,Mexico,den,Denmark,78,4,Attack,10,Preben Elkjær,Centre-forward,89,true,https://7a0.com.br/en/copas/1986/den
1986,Mexico,den,Denmark,78,4,Attack,18,Flemming Christensen,Left winger,75,false,https://7a0.com.br/en/copas/1986/den
1986,Mexico,den,Denmark,78,4,Attack,19,John Eriksen,Left winger,76,false,https://7a0.com.br/en/copas/1986/den
1986,Mexico,eng,England,79,2,Goalkeepers,1,Shilton,Goalkeeper,89,true,https://7a0.com.br/en/copas/1986/eng
1986,Mexico,eng,England,79,2,Goalkeepers,13,Woods,Goalkeeper,74,false,https://7a0.com.br/en/copas/1986/eng
1986,Mexico,eng,England,79,2,Goalkeepers,22,Bailey,Goalkeeper,72,false,https://7a0.com.br/en/copas/1986/eng
1986,Mexico,eng,England,79,2,Defence,2,G. Stevens,Right-back,78,false,https://7a0.com.br/en/copas/1986/eng
1986,Mexico,eng,England,79,2,Defence,12,Anderson,Right-back,76,false,https://7a0.com.br/en/copas/1986/eng
1986,Mexico,eng,England,79,2,Defence,15,G.A. Stevens,Right-back,72,false,https://7a0.com.br/en/copas/1986/eng
1986,Mexico,eng,England,79,2,Defence,5,Martin,Centre-back,74,false,https://7a0.com.br/en/copas/1986/eng
1986,Mexico,eng,England,79,2,Defence,6,Butcher,Centre-back,82,false,https://7a0.com.br/en/copas/1986/eng
1986,Mexico,eng,England,79,2,Defence,14,Fenwick,Centre-back,73,false,https://7a0.com.br/en/copas/1986/eng
1986,Mexico,eng,England,79,2,Defence,3,Sansom,Left-back,80,false,https://7a0.com.br/en/copas/1986/eng
1986,Mexico,eng,England,79,2,Midfield,8,Wilkins,Defensive midfielder,80,false,https://7a0.com.br/en/copas/1986/eng
1986,Mexico,eng,England,79,2,Midfield,16,Reid,Defensive midfielder,79,false,https://7a0.com.br/en/copas/1986/eng
1986,Mexico,eng,England,79,2,Midfield,4,Hoddle,Midfielder,87,false,https://7a0.com.br/en/copas/1986/eng
1986,Mexico,eng,England,79,2,Midfield,7,Robson,Midfielder,86,false,https://7a0.com.br/en/copas/1986/eng
1986,Mexico,eng,England,79,2,Midfield,18,Hodge,Left midfielder,75,false,https://7a0.com.br/en/copas/1986/eng
1986,Mexico,eng,England,79,2,Attack,17,T. Steven,Right winger,79,false,https://7a0.com.br/en/copas/1986/eng
1986,Mexico,eng,England,79,2,Attack,9,Hateley,Centre-forward,76,false,https://7a0.com.br/en/copas/1986/eng
1986,Mexico,eng,England,79,2,Attack,10,Lineker,Centre-forward,92,true,https://7a0.com.br/en/copas/1986/eng
1986,Mexico,eng,England,79,2,Attack,20,Beardsley,Centre-forward,84,false,https://7a0.com.br/en/copas/1986/eng
1986,Mexico,eng,England,79,2,Attack,21,Dixon,Centre-forward,74,false,https://7a0.com.br/en/copas/1986/eng
1986,Mexico,eng,England,79,2,Attack,11,Waddle,Left winger,83,false,https://7a0.com.br/en/copas/1986/eng
1986,Mexico,eng,England,79,2,Attack,19,Barnes,Left winger,82,false,https://7a0.com.br/en/copas/1986/eng
1986,Mexico,fra,France,79,1,Goalkeepers,1,Bats,Goalkeeper,82,false,https://7a0.com.br/en/copas/1986/fra
1986,Mexico,fra,France,79,1,Goalkeepers,22,Rust,Goalkeeper,72,false,https://7a0.com.br/en/copas/1986/fra
1986,Mexico,fra,France,79,1,Defence,2,Amoros,Right-back,84,false,https://7a0.com.br/en/copas/1986/fra
1986,Mexico,fra,France,79,1,Defence,3,Ayache,Right-back,76,false,https://7a0.com.br/en/copas/1986/fra
1986,Mexico,fra,France,79,1,Defence,4,Battiston,Centre-back,81,false,https://7a0.com.br/en/copas/1986/fra
1986,Mexico,fra,France,79,1,Defence,5,Bibard,Centre-back,72,false,https://7a0.com.br/en/copas/1986/fra
1986,Mexico,fra,France,79,1,Defence,6,Bossis,Centre-back,82,false,https://7a0.com.br/en/copas/1986/fra
1986,Mexico,fra,France,79,1,Defence,7,Le Roux,Centre-back,79,false,https://7a0.com.br/en/copas/1986/fra
1986,Mexico,fra,France,79,1,Defence,8,Tusseau,Left-back,76,false,https://7a0.com.br/en/copas/1986/fra
1986,Mexico,fra,France,79,1,Midfield,9,Luis Fernandez,Defensive midfielder,83,false,https://7a0.com.br/en/copas/1986/fra
1986,Mexico,fra,France,79,1,Midfield,10,Platini,Defensive midfielder,94,true,https://7a0.com.br/en/copas/1986/fra
1986,Mexico,fra,France,79,1,Midfield,11,Ferreri,Defensive midfielder,74,false,https://7a0.com.br/en/copas/1986/fra
1986,Mexico,fra,France,79,1,Midfield,14,Tigana,Defensive midfielder,89,false,https://7a0.com.br/en/copas/1986/fra
1986,Mexico,fra,France,79,1,Midfield,12,Giresse,Midfielder,87,false,https://7a0.com.br/en/copas/1986/fra
1986,Mexico,fra,France,79,1,Midfield,13,Genghini,Left midfielder,75,false,https://7a0.com.br/en/copas/1986/fra
1986,Mexico,fra,France,79,1,Midfield,15,Vercruysse,Attacking midfielder,72,false,https://7a0.com.br/en/copas/1986/fra
1986,Mexico,fra,France,79,1,Attack,18,Rocheteau,Right winger,80,false,https://7a0.com.br/en/copas/1986/fra
1986,Mexico,fra,France,79,1,Attack,17,Papin,Centre-forward,78,false,https://7a0.com.br/en/copas/1986/fra
1986,Mexico,fra,France,79,1,Attack,19,Stopyra,Centre-forward,77,false,https://7a0.com.br/en/copas/1986/fra
1986,Mexico,fra,France,79,1,Attack,20,Xuereb,Centre-forward,72,false,https://7a0.com.br/en/copas/1986/fra
1986,Mexico,fra,France,79,1,Attack,16,Bellone,Left winger,76,false,https://7a0.com.br/en/copas/1986/fra
1986,Mexico,ger,Germany,80,3,Goalkeepers,1,Schumacher,Goalkeeper,86,false,https://7a0.com.br/en/copas/1986/ger
1986,Mexico,ger,Germany,80,3,Goalkeepers,12,Stein,Goalkeeper,72,false,https://7a0.com.br/en/copas/1986/ger
1986,Mexico,ger,Germany,80,3,Goalkeepers,22,Immel,Goalkeeper,72,false,https://7a0.com.br/en/copas/1986/ger
1986,Mexico,ger,Germany,80,3,Defence,14,Berthold,Right-back,80,false,https://7a0.com.br/en/copas/1986/ger
1986,Mexico,ger,Germany,80,3,Defence,4,K.-H. Förster,Centre-back,83,false,https://7a0.com.br/en/copas/1986/ger
1986,Mexico,ger,Germany,80,3,Defence,6,Eder,Centre-back,75,false,https://7a0.com.br/en/copas/1986/ger
1986,Mexico,ger,Germany,80,3,Defence,15,Augenthaler,Centre-back,82,false,https://7a0.com.br/en/copas/1986/ger
1986,Mexico,ger,Germany,80,3,Defence,17,Jakobs,Centre-back,73,false,https://7a0.com.br/en/copas/1986/ger
1986,Mexico,ger,Germany,80,3,Defence,2,Briegel,Left-back,83,false,https://7a0.com.br/en/copas/1986/ger
1986,Mexico,ger,Germany,80,3,Defence,3,Brehme,Left-back,86,false,https://7a0.com.br/en/copas/1986/ger
1986,Mexico,ger,Germany,80,3,Midfield,5,Herget,Defensive midfielder,78,false,https://7a0.com.br/en/copas/1986/ger
1986,Mexico,ger,Germany,80,3,Midfield,8,Matthäus,Defensive midfielder,89,true,https://7a0.com.br/en/copas/1986/ger
1986,Mexico,ger,Germany,80,3,Midfield,10,Magath,Defensive midfielder,81,false,https://7a0.com.br/en/copas/1986/ger
1986,Mexico,ger,Germany,80,3,Midfield,16,Thon,Defensive midfielder,80,false,https://7a0.com.br/en/copas/1986/ger
1986,Mexico,ger,Germany,80,3,Midfield,21,Rolff,Defensive midfielder,72,false,https://7a0.com.br/en/copas/1986/ger
1986,Mexico,ger,Germany,80,3,Midfield,13,Allgöwer,Attacking midfielder,74,false,https://7a0.com.br/en/copas/1986/ger
1986,Mexico,ger,Germany,80,3,Attack,7,Littbarski,Right winger,84,false,https://7a0.com.br/en/copas/1986/ger
1986,Mexico,ger,Germany,80,3,Attack,18,Rahn,Right winger,75,false,https://7a0.com.br/en/copas/1986/ger
1986,Mexico,ger,Germany,80,3,Attack,9,Völler,Centre-forward,87,true,https://7a0.com.br/en/copas/1986/ger
1986,Mexico,ger,Germany,80,3,Attack,11,Rummenigge,Centre-forward,88,true,https://7a0.com.br/en/copas/1986/ger
1986,Mexico,ger,Germany,80,3,Attack,19,Allofs,Centre-forward,81,false,https://7a0.com.br/en/copas/1986/ger
1986,Mexico,ger,Germany,80,3,Attack,20,D. Hoeneß,Centre-forward,76,false,https://7a0.com.br/en/copas/1986/ger
1986,Mexico,ita,Italy,80,2,Goalkeepers,1,Galli,Goalkeeper,80,false,https://7a0.com.br/en/copas/1986/ita
1986,Mexico,ita,Italy,80,2,Goalkeepers,12,Tancredi,Goalkeeper,76,false,https://7a0.com.br/en/copas/1986/ita
1986,Mexico,ita,Italy,80,2,Goalkeepers,22,Zenga,Goalkeeper,78,false,https://7a0.com.br/en/copas/1986/ita
1986,Mexico,ita,Italy,80,2,Defence,5,Nela,Right-back,73,false,https://7a0.com.br/en/copas/1986/ita
1986,Mexico,ita,Italy,80,2,Defence,2,Bergomi,Centre-back,84,false,https://7a0.com.br/en/copas/1986/ita
1986,Mexico,ita,Italy,80,2,Defence,4,Collovati,Centre-back,76,false,https://7a0.com.br/en/copas/1986/ita
1986,Mexico,ita,Italy,80,2,Defence,7,Tricella,Centre-back,74,false,https://7a0.com.br/en/copas/1986/ita
1986,Mexico,ita,Italy,80,2,Defence,8,Vierchowod,Centre-back,80,false,https://7a0.com.br/en/copas/1986/ita
1986,Mexico,ita,Italy,80,2,Defence,3,Cabrini,Left-back,83,false,https://7a0.com.br/en/copas/1986/ita
1986,Mexico,ita,Italy,80,2,Midfield,6,Scirea,Defensive midfielder,92,true,https://7a0.com.br/en/copas/1986/ita
1986,Mexico,ita,Italy,80,2,Midfield,15,Tardelli,Defensive midfielder,85,false,https://7a0.com.br/en/copas/1986/ita
1986,Mexico,ita,Italy,80,2,Midfield,10,Bagni,Right midfielder,76,false,https://7a0.com.br/en/copas/1986/ita
1986,Mexico,ita,Italy,80,2,Midfield,11,G. Baresi,Right midfielder,75,false,https://7a0.com.br/en/copas/1986/ita
1986,Mexico,ita,Italy,80,2,Midfield,9,Ancelotti,Midfielder,80,false,https://7a0.com.br/en/copas/1986/ita
1986,Mexico,ita,Italy,80,2,Midfield,13,De Napoli,Midfielder,79,false,https://7a0.com.br/en/copas/1986/ita
1986,Mexico,ita,Italy,80,2,Midfield,14,Di Gennaro,Left midfielder,74,false,https://7a0.com.br/en/copas/1986/ita
1986,Mexico,ita,Italy,80,2,Attack,17,Vialli,Centre-forward,84,false,https://7a0.com.br/en/copas/1986/ita
1986,Mexico,ita,Italy,80,2,Attack,18,Altobelli,Centre-forward,85,false,https://7a0.com.br/en/copas/1986/ita
1986,Mexico,ita,Italy,80,2,Attack,19,Galderisi,Centre-forward,74,false,https://7a0.com.br/en/copas/1986/ita
1986,Mexico,ita,Italy,80,2,Attack,20,P. Rossi,Centre-forward,88,true,https://7a0.com.br/en/copas/1986/ita
1986,Mexico,ita,Italy,80,2,Attack,21,Serena,Centre-forward,77,false,https://7a0.com.br/en/copas/1986/ita
1986,Mexico,ita,Italy,80,2,Attack,16,Conti,Left winger,83,false,https://7a0.com.br/en/copas/1986/ita
1986,Mexico,mex,Mexico,75,1,Goalkeepers,1,Larios,Goalkeeper,78,false,https://7a0.com.br/en/copas/1986/mex
1986,Mexico,mex,Mexico,75,1,Goalkeepers,12,I. Rodríguez,Goalkeeper,70,false,https://7a0.com.br/en/copas/1986/mex
1986,Mexico,mex,Mexico,75,1,Goalkeepers,20,Heredia,Goalkeeper,69,false,https://7a0.com.br/en/copas/1986/mex
1986,Mexico,mex,Mexico,75,1,Defence,2,Trejo,Right-back,75,false,https://7a0.com.br/en/copas/1986/mex
1986,Mexico,mex,Mexico,75,1,Defence,3,Quirarte,Centre-back,79,false,https://7a0.com.br/en/copas/1986/mex
1986,Mexico,mex,Mexico,75,1,Defence,4,Manzo,Centre-back,74,false,https://7a0.com.br/en/copas/1986/mex
1986,Mexico,mex,Mexico,75,1,Defence,17,Servín,Centre-back,74,false,https://7a0.com.br/en/copas/1986/mex
1986,Mexico,mex,Mexico,75,1,Defence,14,F. Cruz,Left-back,73,false,https://7a0.com.br/en/copas/1986/mex
1986,Mexico,mex,Mexico,75,1,Defence,18,Amador,Left-back,73,false,https://7a0.com.br/en/copas/1986/mex
1986,Mexico,mex,Mexico,75,1,Midfield,7,España,Defensive midfielder,77,false,https://7a0.com.br/en/copas/1986/mex
1986,Mexico,mex,Mexico,75,1,Midfield,8,Domínguez,Defensive midfielder,72,false,https://7a0.com.br/en/copas/1986/mex
1986,Mexico,mex,Mexico,75,1,Midfield,13,Aguirre,Defensive midfielder,76,false,https://7a0.com.br/en/copas/1986/mex
1986,Mexico,mex,Mexico,75,1,Midfield,16,Muñoz,Defensive midfielder,72,false,https://7a0.com.br/en/copas/1986/mex
1986,Mexico,mex,Mexico,75,1,Midfield,6,De los Cobos,Midfielder,75,false,https://7a0.com.br/en/copas/1986/mex
1986,Mexico,mex,Mexico,75,1,Midfield,10,Boy,Midfielder,80,false,https://7a0.com.br/en/copas/1986/mex
1986,Mexico,mex,Mexico,75,1,Midfield,19,J. Hernández,Left midfielder,72,false,https://7a0.com.br/en/copas/1986/mex
1986,Mexico,mex,Mexico,75,1,Midfield,22,Negrete,Attacking midfielder,81,false,https://7a0.com.br/en/copas/1986/mex
1986,Mexico,mex,Mexico,75,1,Attack,15,Flores,Right winger,78,false,https://7a0.com.br/en/copas/1986/mex
1986,Mexico,mex,Mexico,75,1,Attack,5,Cruz,Centre-forward,73,false,https://7a0.com.br/en/copas/1986/mex
1986,Mexico,mex,Mexico,75,1,Attack,9,Hugo Sánchez,Centre-forward,88,true,https://7a0.com.br/en/copas/1986/mex
1986,Mexico,mex,Mexico,75,1,Attack,11,Hermosillo,Centre-forward,76,false,https://7a0.com.br/en/copas/1986/mex
1986,Mexico,mex,Mexico,75,1,Attack,21,C. Ortega,Left winger,72,false,https://7a0.com.br/en/copas/1986/mex
1986,Mexico,mar,Morocco,75,3,Goalkeepers,1,Badou,Goalkeeper,87,true,https://7a0.com.br/en/copas/1986/mar
1986,Mexico,mar,Morocco,75,3,Goalkeepers,12,Hmied,Goalkeeper,70,false,https://7a0.com.br/en/copas/1986/mar
1986,Mexico,mar,Morocco,75,3,Goalkeepers,22,Mouddani,Goalkeeper,68,false,https://7a0.com.br/en/copas/1986/mar
1986,Mexico,mar,Morocco,75,3,Defence,2,Khalifa,Right-back,68,false,https://7a0.com.br/en/copas/1986/mar
1986,Mexico,mar,Morocco,75,3,Defence,3,Lamriss,Centre-back,74,false,https://7a0.com.br/en/copas/1986/mar
1986,Mexico,mar,Morocco,75,3,Defence,4,El Biyaz,Centre-back,75,false,https://7a0.com.br/en/copas/1986/mar
1986,Mexico,mar,Morocco,75,3,Defence,5,Bouyahyaoui,Centre-back,75,false,https://7a0.com.br/en/copas/1986/mar
1986,Mexico,mar,Morocco,75,3,Defence,20,Bidane,Centre-back,72,false,https://7a0.com.br/en/copas/1986/mar
1986,Mexico,mar,Morocco,75,3,Defence,14,Ouadani,Left-back,72,false,https://7a0.com.br/en/copas/1986/mar
1986,Mexico,mar,Morocco,75,3,Midfield,6,Dolmy,Defensive midfielder,81,false,https://7a0.com.br/en/copas/1986/mar
1986,Mexico,mar,Morocco,75,3,Midfield,7,El Haddaoui,Midfielder,78,false,https://7a0.com.br/en/copas/1986/mar
1986,Mexico,mar,Morocco,75,3,Midfield,10,Timoumi,Midfielder,85,true,https://7a0.com.br/en/copas/1986/mar
1986,Mexico,mar,Morocco,75,3,Midfield,15,M. El Haddaoui,Midfielder,74,false,https://7a0.com.br/en/copas/1986/mar
1986,Mexico,mar,Morocco,75,3,Midfield,16,Amanallah,Midfielder,73,false,https://7a0.com.br/en/copas/1986/mar
1986,Mexico,mar,Morocco,75,3,Midfield,18,Sahil,Midfielder,73,false,https://7a0.com.br/en/copas/1986/mar
1986,Mexico,mar,Morocco,75,3,Midfield,19,Jilal,Midfielder,73,false,https://7a0.com.br/en/copas/1986/mar
1986,Mexico,mar,Morocco,75,3,Midfield,21,Souleimani,Midfielder,72,false,https://7a0.com.br/en/copas/1986/mar
1986,Mexico,mar,Morocco,75,3,Midfield,8,Bouderbala,Attacking midfielder,83,true,https://7a0.com.br/en/copas/1986/mar
1986,Mexico,mar,Morocco,75,3,Attack,9,Merry Krimau,Centre-forward,77,false,https://7a0.com.br/en/copas/1986/mar
1986,Mexico,mar,Morocco,75,3,Attack,11,M. Merry,Centre-forward,74,false,https://7a0.com.br/en/copas/1986/mar
1986,Mexico,mar,Morocco,75,3,Attack,13,Rhiati,Centre-forward,73,false,https://7a0.com.br/en/copas/1986/mar
1986,Mexico,mar,Morocco,75,3,Attack,17,Khairi,Left winger,79,false,https://7a0.com.br/en/copas/1986/mar
1986,Mexico,par,Paraguay,73,2,Goalkeepers,1,Fernández,Goalkeeper,76,false,https://7a0.com.br/en/copas/1986/par
1986,Mexico,par,Paraguay,73,2,Goalkeepers,12,Battaglia,Goalkeeper,68,false,https://7a0.com.br/en/copas/1986/par
1986,Mexico,par,Paraguay,73,2,Goalkeepers,22,Coronel,Goalkeeper,66,false,https://7a0.com.br/en/copas/1986/par
1986,Mexico,par,Paraguay,73,2,Defence,2,Torales,Right-back,74,false,https://7a0.com.br/en/copas/1986/par
1986,Mexico,par,Paraguay,73,2,Defence,14,Caballero,Right-back,70,false,https://7a0.com.br/en/copas/1986/par
1986,Mexico,par,Paraguay,73,2,Defence,3,Zabala,Centre-back,72,false,https://7a0.com.br/en/copas/1986/par
1986,Mexico,par,Paraguay,73,2,Defence,4,Schettina,Centre-back,75,false,https://7a0.com.br/en/copas/1986/par
1986,Mexico,par,Paraguay,73,2,Defence,5,Delgado,Centre-back,76,false,https://7a0.com.br/en/copas/1986/par
1986,Mexico,par,Paraguay,73,2,Defence,13,Cáceres,Centre-back,72,false,https://7a0.com.br/en/copas/1986/par
1986,Mexico,par,Paraguay,73,2,Midfield,6,Nunes,Defensive midfielder,75,false,https://7a0.com.br/en/copas/1986/par
1986,Mexico,par,Paraguay,73,2,Midfield,8,Romero,Midfielder,82,true,https://7a0.com.br/en/copas/1986/par
1986,Mexico,par,Paraguay,73,2,Midfield,16,Guasch,Midfielder,70,false,https://7a0.com.br/en/copas/1986/par
1986,Mexico,par,Paraguay,73,2,Midfield,19,Chilavert,Left midfielder,72,false,https://7a0.com.br/en/copas/1986/par
1986,Mexico,par,Paraguay,73,2,Midfield,10,Cañete,Attacking midfielder,76,false,https://7a0.com.br/en/copas/1986/par
1986,Mexico,par,Paraguay,73,2,Attack,17,Alcaraz,Right winger,71,false,https://7a0.com.br/en/copas/1986/par
1986,Mexico,par,Paraguay,73,2,Attack,18,Isasi,Right winger,73,false,https://7a0.com.br/en/copas/1986/par
1986,Mexico,par,Paraguay,73,2,Attack,9,Cabañas,Centre-forward,84,true,https://7a0.com.br/en/copas/1986/par
1986,Mexico,par,Paraguay,73,2,Attack,15,Cabral,Centre-forward,72,false,https://7a0.com.br/en/copas/1986/par
1986,Mexico,par,Paraguay,73,2,Attack,20,Hicks,Centre-forward,73,false,https://7a0.com.br/en/copas/1986/par
1986,Mexico,par,Paraguay,73,2,Attack,7,Ferreira,Left winger,73,false,https://7a0.com.br/en/copas/1986/par
1986,Mexico,par,Paraguay,73,2,Attack,11,Mendoza,Left winger,73,false,https://7a0.com.br/en/copas/1986/par
1986,Mexico,par,Paraguay,73,2,Attack,21,Alonso,Left winger,70,false,https://7a0.com.br/en/copas/1986/par
1986,Mexico,pol,Poland,75,2,Goalkeepers,1,Młynarczyk,Goalkeeper,79,false,https://7a0.com.br/en/copas/1986/pol
1986,Mexico,pol,Poland,75,2,Goalkeepers,12,Kazimierski,Goalkeeper,72,false,https://7a0.com.br/en/copas/1986/pol
1986,Mexico,pol,Poland,75,2,Goalkeepers,19,Wandzik,Goalkeeper,65,false,https://7a0.com.br/en/copas/1986/pol
1986,Mexico,pol,Poland,75,2,Defence,2,Przybyś,Right-back,70,false,https://7a0.com.br/en/copas/1986/pol
1986,Mexico,pol,Poland,75,2,Defence,10,Majewski,Right-back,78,false,https://7a0.com.br/en/copas/1986/pol
1986,Mexico,pol,Poland,75,2,Defence,14,Kubicki,Right-back,70,false,https://7a0.com.br/en/copas/1986/pol
1986,Mexico,pol,Poland,75,2,Defence,3,Żmuda,Centre-back,83,true,https://7a0.com.br/en/copas/1986/pol
1986,Mexico,pol,Poland,75,2,Defence,4,Ostrowski,Centre-back,74,false,https://7a0.com.br/en/copas/1986/pol
1986,Mexico,pol,Poland,75,2,Defence,5,Wójcicki,Centre-back,79,false,https://7a0.com.br/en/copas/1986/pol
1986,Mexico,pol,Poland,75,2,Defence,18,Pawlak,Left-back,73,false,https://7a0.com.br/en/copas/1986/pol
1986,Mexico,pol,Poland,75,2,Midfield,6,Matysik,Defensive midfielder,77,false,https://7a0.com.br/en/copas/1986/pol
1986,Mexico,pol,Poland,75,2,Midfield,7,Tarasiewicz,Midfielder,73,false,https://7a0.com.br/en/copas/1986/pol
1986,Mexico,pol,Poland,75,2,Midfield,9,Karaś,Midfielder,68,false,https://7a0.com.br/en/copas/1986/pol
1986,Mexico,pol,Poland,75,2,Midfield,13,Komornicki,Midfielder,72,false,https://7a0.com.br/en/copas/1986/pol
1986,Mexico,pol,Poland,75,2,Midfield,15,Buncol,Midfielder,78,false,https://7a0.com.br/en/copas/1986/pol
1986,Mexico,pol,Poland,75,2,Midfield,16,Pałasz,Midfielder,75,false,https://7a0.com.br/en/copas/1986/pol
1986,Mexico,pol,Poland,75,2,Midfield,20,Boniek,Left midfielder,92,true,https://7a0.com.br/en/copas/1986/pol
1986,Mexico,pol,Poland,75,2,Attack,8,Urban,Right winger,75,false,https://7a0.com.br/en/copas/1986/pol
1986,Mexico,pol,Poland,75,2,Attack,17,Zgutczyński,Centre-forward,68,false,https://7a0.com.br/en/copas/1986/pol
1986,Mexico,pol,Poland,75,2,Attack,21,Dziekanowski,Centre-forward,80,false,https://7a0.com.br/en/copas/1986/pol
1986,Mexico,pol,Poland,75,2,Attack,22,Furtok,Centre-forward,72,false,https://7a0.com.br/en/copas/1986/pol
1986,Mexico,pol,Poland,75,2,Attack,11,Smolarek,Left winger,84,false,https://7a0.com.br/en/copas/1986/pol
1986,Mexico,urs,Soviet Union,79,3,Goalkeepers,1,Dasayev,Goalkeeper,88,true,https://7a0.com.br/en/copas/1986/urs
1986,Mexico,urs,Soviet Union,79,3,Goalkeepers,16,Chanov,Goalkeeper,73,false,https://7a0.com.br/en/copas/1986/urs
1986,Mexico,urs,Soviet Union,79,3,Goalkeepers,22,Krakovskiy,Goalkeeper,72,false,https://7a0.com.br/en/copas/1986/urs
1986,Mexico,urs,Soviet Union,79,3,Defence,2,Bezsonov,Right-back,79,false,https://7a0.com.br/en/copas/1986/urs
1986,Mexico,urs,Soviet Union,79,3,Defence,3,Chivadze,Centre-back,78,false,https://7a0.com.br/en/copas/1986/urs
1986,Mexico,urs,Soviet Union,79,3,Defence,4,Morozov,Centre-back,76,false,https://7a0.com.br/en/copas/1986/urs
1986,Mexico,urs,Soviet Union,79,3,Defence,6,Bubnov,Centre-back,76,false,https://7a0.com.br/en/copas/1986/urs
1986,Mexico,urs,Soviet Union,79,3,Defence,10,Kuznetsov,Centre-back,78,false,https://7a0.com.br/en/copas/1986/urs
1986,Mexico,urs,Soviet Union,79,3,Defence,5,Demyanenko,Left-back,82,false,https://7a0.com.br/en/copas/1986/urs
1986,Mexico,urs,Soviet Union,79,3,Midfield,8,Yakovenko,Defensive midfielder,80,false,https://7a0.com.br/en/copas/1986/urs
1986,Mexico,urs,Soviet Union,79,3,Midfield,12,Bal,Defensive midfielder,76,false,https://7a0.com.br/en/copas/1986/urs
1986,Mexico,urs,Soviet Union,79,3,Midfield,15,Larionov,Defensive midfielder,75,false,https://7a0.com.br/en/copas/1986/urs
1986,Mexico,urs,Soviet Union,79,3,Midfield,20,Aleinikov,Defensive midfielder,81,false,https://7a0.com.br/en/copas/1986/urs
1986,Mexico,urs,Soviet Union,79,3,Midfield,7,Yaremchuk,Midfielder,77,false,https://7a0.com.br/en/copas/1986/urs
1986,Mexico,urs,Soviet Union,79,3,Midfield,13,Litovchenko,Midfielder,79,false,https://7a0.com.br/en/copas/1986/urs
1986,Mexico,urs,Soviet Union,79,3,Midfield,21,Rats,Left midfielder,81,false,https://7a0.com.br/en/copas/1986/urs
1986,Mexico,urs,Soviet Union,79,3,Midfield,9,Zavarov,Attacking midfielder,85,false,https://7a0.com.br/en/copas/1986/urs
1986,Mexico,urs,Soviet Union,79,3,Attack,17,Yevtushenko,Right winger,77,false,https://7a0.com.br/en/copas/1986/urs
1986,Mexico,urs,Soviet Union,79,3,Attack,14,Rodionov,Centre-forward,77,false,https://7a0.com.br/en/copas/1986/urs
1986,Mexico,urs,Soviet Union,79,3,Attack,18,Protasov,Centre-forward,83,false,https://7a0.com.br/en/copas/1986/urs
1986,Mexico,urs,Soviet Union,79,3,Attack,19,Belanov,Centre-forward,89,true,https://7a0.com.br/en/copas/1986/urs
1986,Mexico,urs,Soviet Union,79,3,Attack,11,Blokhin,Left winger,83,true,https://7a0.com.br/en/copas/1986/urs
1986,Mexico,esp,Spain,78,2,Goalkeepers,1,Zubizarreta,Goalkeeper,88,true,https://7a0.com.br/en/copas/1986/esp
1986,Mexico,esp,Spain,78,2,Goalkeepers,13,Urruti,Goalkeeper,76,false,https://7a0.com.br/en/copas/1986/esp
1986,Mexico,esp,Spain,78,2,Goalkeepers,22,Ablanedo,Goalkeeper,70,false,https://7a0.com.br/en/copas/1986/esp
1986,Mexico,esp,Spain,78,2,Defence,2,Tomás,Right-back,72,false,https://7a0.com.br/en/copas/1986/esp
1986,Mexico,esp,Spain,78,2,Defence,11,Julio Alberto,Right-back,78,false,https://7a0.com.br/en/copas/1986/esp
1986,Mexico,esp,Spain,78,2,Defence,15,Chendo,Right-back,75,false,https://7a0.com.br/en/copas/1986/esp
1986,Mexico,esp,Spain,78,2,Defence,4,Maceda,Centre-back,78,false,https://7a0.com.br/en/copas/1986/esp
1986,Mexico,esp,Spain,78,2,Defence,8,Goikoetxea,Centre-back,79,false,https://7a0.com.br/en/copas/1986/esp
1986,Mexico,esp,Spain,78,2,Defence,3,Camacho,Left-back,82,false,https://7a0.com.br/en/copas/1986/esp
1986,Mexico,esp,Spain,78,2,Defence,6,Gordillo,Left-back,83,false,https://7a0.com.br/en/copas/1986/esp
1986,Mexico,esp,Spain,78,2,Midfield,17,Francisco,Defensive midfielder,76,false,https://7a0.com.br/en/copas/1986/esp
1986,Mexico,esp,Spain,78,2,Midfield,5,Víctor Muñoz,Midfielder,79,false,https://7a0.com.br/en/copas/1986/esp
1986,Mexico,esp,Spain,78,2,Midfield,12,Setién,Midfielder,74,false,https://7a0.com.br/en/copas/1986/esp
1986,Mexico,esp,Spain,78,2,Midfield,14,Gallego,Midfielder,77,false,https://7a0.com.br/en/copas/1986/esp
1986,Mexico,esp,Spain,78,2,Midfield,18,Calderé,Midfielder,77,false,https://7a0.com.br/en/copas/1986/esp
1986,Mexico,esp,Spain,78,2,Midfield,7,Señor,Attacking midfielder,78,false,https://7a0.com.br/en/copas/1986/esp
1986,Mexico,esp,Spain,78,2,Midfield,10,Carrasco,Attacking midfielder,79,false,https://7a0.com.br/en/copas/1986/esp
1986,Mexico,esp,Spain,78,2,Midfield,21,Michel,Attacking midfielder,86,false,https://7a0.com.br/en/copas/1986/esp
1986,Mexico,esp,Spain,78,2,Attack,9,Butragueño,Centre-forward,90,true,https://7a0.com.br/en/copas/1986/esp
1986,Mexico,esp,Spain,78,2,Attack,16,Rincón,Centre-forward,76,false,https://7a0.com.br/en/copas/1986/esp
1986,Mexico,esp,Spain,78,2,Attack,19,Salinas,Centre-forward,77,false,https://7a0.com.br/en/copas/1986/esp
1986,Mexico,esp,Spain,78,2,Attack,20,Eloy,Centre-forward,75,false,https://7a0.com.br/en/copas/1986/esp
1986,Mexico,uru,Uruguay,77,2,Goalkeepers,1,Rodríguez,Goalkeeper,76,false,https://7a0.com.br/en/copas/1986/uru
1986,Mexico,uru,Uruguay,77,2,Goalkeepers,12,Álvez,Goalkeeper,80,false,https://7a0.com.br/en/copas/1986/uru
1986,Mexico,uru,Uruguay,77,2,Goalkeepers,22,Otero,Goalkeeper,72,false,https://7a0.com.br/en/copas/1986/uru
1986,Mexico,uru,Uruguay,77,2,Defence,2,Gutiérrez,Right-back,74,false,https://7a0.com.br/en/copas/1986/uru
1986,Mexico,uru,Uruguay,77,2,Defence,14,Pereyra,Right-back,77,false,https://7a0.com.br/en/copas/1986/uru
1986,Mexico,uru,Uruguay,77,2,Defence,4,Diogo,Centre-back,75,false,https://7a0.com.br/en/copas/1986/uru
1986,Mexico,uru,Uruguay,77,2,Defence,6,Batista,Centre-back,78,false,https://7a0.com.br/en/copas/1986/uru
1986,Mexico,uru,Uruguay,77,2,Defence,13,Vega,Centre-back,73,false,https://7a0.com.br/en/copas/1986/uru
1986,Mexico,uru,Uruguay,77,2,Defence,15,Rivero,Centre-back,74,false,https://7a0.com.br/en/copas/1986/uru
1986,Mexico,uru,Uruguay,77,2,Defence,3,Acevedo,Left-back,74,false,https://7a0.com.br/en/copas/1986/uru
1986,Mexico,uru,Uruguay,77,2,Midfield,5,Bossio,Defensive midfielder,76,false,https://7a0.com.br/en/copas/1986/uru
1986,Mexico,uru,Uruguay,77,2,Midfield,8,Barrios,Defensive midfielder,79,false,https://7a0.com.br/en/copas/1986/uru
1986,Mexico,uru,Uruguay,77,2,Midfield,17,Zalazar,Defensive midfielder,74,false,https://7a0.com.br/en/copas/1986/uru
1986,Mexico,uru,Uruguay,77,2,Midfield,16,Saralegui,Midfielder,77,false,https://7a0.com.br/en/copas/1986/uru
1986,Mexico,uru,Uruguay,77,2,Midfield,10,Francescoli,Attacking midfielder,90,true,https://7a0.com.br/en/copas/1986/uru
1986,Mexico,uru,Uruguay,77,2,Midfield,18,Paz,Attacking midfielder,82,false,https://7a0.com.br/en/copas/1986/uru
1986,Mexico,uru,Uruguay,77,2,Attack,20,Aguilera,Right winger,83,true,https://7a0.com.br/en/copas/1986/uru
1986,Mexico,uru,Uruguay,77,2,Attack,9,Da Silva,Centre-forward,77,false,https://7a0.com.br/en/copas/1986/uru
1986,Mexico,uru,Uruguay,77,2,Attack,19,Ramos,Centre-forward,73,false,https://7a0.com.br/en/copas/1986/uru
1986,Mexico,uru,Uruguay,77,2,Attack,21,Cabrera,Centre-forward,78,false,https://7a0.com.br/en/copas/1986/uru
1986,Mexico,uru,Uruguay,77,2,Attack,7,Alzamendi,Left winger,80,false,https://7a0.com.br/en/copas/1986/uru
1986,Mexico,uru,Uruguay,77,2,Attack,11,Santín,Left winger,75,false,https://7a0.com.br/en/copas/1986/uru
1990,Italy,arg,Argentina,77,1,Goalkeepers,1,Pumpido,Goalkeeper,79,false,https://7a0.com.br/en/copas/1990/arg
1990,Italy,arg,Argentina,77,1,Goalkeepers,12,Goycochea,Goalkeeper,83,false,https://7a0.com.br/en/copas/1990/arg
1990,Italy,arg,Argentina,77,1,Goalkeepers,22,Cancelarich,Goalkeeper,66,false,https://7a0.com.br/en/copas/1990/arg
1990,Italy,arg,Argentina,77,1,Defence,18,Serrizuela,Right-back,74,false,https://7a0.com.br/en/copas/1990/arg
1990,Italy,arg,Argentina,77,1,Defence,5,Bauza,Centre-back,74,false,https://7a0.com.br/en/copas/1990/arg
1990,Italy,arg,Argentina,77,1,Defence,11,Fabbri,Centre-back,73,false,https://7a0.com.br/en/copas/1990/arg
1990,Italy,arg,Argentina,77,1,Defence,13,Lorenzo,Centre-back,73,false,https://7a0.com.br/en/copas/1990/arg
1990,Italy,arg,Argentina,77,1,Defence,17,Sensini,Centre-back,78,false,https://7a0.com.br/en/copas/1990/arg
1990,Italy,arg,Argentina,77,1,Defence,19,Ruggeri,Centre-back,83,false,https://7a0.com.br/en/copas/1990/arg
1990,Italy,arg,Argentina,77,1,Defence,20,Simón,Centre-back,76,false,https://7a0.com.br/en/copas/1990/arg
1990,Italy,arg,Argentina,77,1,Defence,15,Monzón,Left-back,73,false,https://7a0.com.br/en/copas/1990/arg
1990,Italy,arg,Argentina,77,1,Defence,16,Olarticoechea,Left-back,76,false,https://7a0.com.br/en/copas/1990/arg
1990,Italy,arg,Argentina,77,1,Midfield,2,Batista,Defensive midfielder,80,false,https://7a0.com.br/en/copas/1990/arg
1990,Italy,arg,Argentina,77,1,Midfield,14,Giusti,Defensive midfielder,78,false,https://7a0.com.br/en/copas/1990/arg
1990,Italy,arg,Argentina,77,1,Midfield,21,Troglio,Defensive midfielder,75,false,https://7a0.com.br/en/copas/1990/arg
1990,Italy,arg,Argentina,77,1,Midfield,4,Basualdo,Right midfielder,77,false,https://7a0.com.br/en/copas/1990/arg
1990,Italy,arg,Argentina,77,1,Midfield,7,Burruchaga,Right midfielder,81,false,https://7a0.com.br/en/copas/1990/arg
1990,Italy,arg,Argentina,77,1,Midfield,6,Calderón,Left midfielder,76,false,https://7a0.com.br/en/copas/1990/arg
1990,Italy,arg,Argentina,77,1,Midfield,10,Maradona,Attacking midfielder,92,true,https://7a0.com.br/en/copas/1990/arg
1990,Italy,arg,Argentina,77,1,Attack,8,Caniggia,Right winger,84,false,https://7a0.com.br/en/copas/1990/arg
1990,Italy,arg,Argentina,77,1,Attack,3,Balbo,Centre-forward,77,false,https://7a0.com.br/en/copas/1990/arg
1990,Italy,arg,Argentina,77,1,Attack,9,Dezotti,Centre-forward,72,false,https://7a0.com.br/en/copas/1990/arg
1990,Italy,bra,Brazil,81,3,Goalkeepers,1,Taffarel,Goalkeeper,88,true,https://7a0.com.br/en/copas/1990/bra
1990,Italy,bra,Brazil,81,3,Goalkeepers,12,Acácio,Goalkeeper,71,false,https://7a0.com.br/en/copas/1990/bra
1990,Italy,bra,Brazil,81,3,Goalkeepers,22,Zé Carlos,Goalkeeper,68,false,https://7a0.com.br/en/copas/1990/bra
1990,Italy,bra,Brazil,81,3,Defence,2,Jorginho,Right-back,82,false,https://7a0.com.br/en/copas/1990/bra
1990,Italy,bra,Brazil,81,3,Defence,18,Mazinho,Right-back,79,false,https://7a0.com.br/en/copas/1990/bra
1990,Italy,bra,Brazil,81,3,Defence,3,Ricardo Gomes,Centre-back,80,false,https://7a0.com.br/en/copas/1990/bra
1990,Italy,bra,Brazil,81,3,Defence,13,Mozer,Centre-back,81,false,https://7a0.com.br/en/copas/1990/bra
1990,Italy,bra,Brazil,81,3,Defence,14,Aldair,Centre-back,83,false,https://7a0.com.br/en/copas/1990/bra
1990,Italy,bra,Brazil,81,3,Defence,19,Ricardo Rocha,Centre-back,78,false,https://7a0.com.br/en/copas/1990/bra
1990,Italy,bra,Brazil,81,3,Defence,21,Mauro Galvão,Centre-back,79,false,https://7a0.com.br/en/copas/1990/bra
1990,Italy,bra,Brazil,81,3,Defence,6,Branco,Left-back,85,false,https://7a0.com.br/en/copas/1990/bra
1990,Italy,bra,Brazil,81,3,Midfield,4,Dunga,Defensive midfielder,83,false,https://7a0.com.br/en/copas/1990/bra
1990,Italy,bra,Brazil,81,3,Midfield,5,Alemão,Defensive midfielder,85,false,https://7a0.com.br/en/copas/1990/bra
1990,Italy,bra,Brazil,81,3,Midfield,7,Bismarck,Right midfielder,77,false,https://7a0.com.br/en/copas/1990/bra
1990,Italy,bra,Brazil,81,3,Midfield,8,Valdo,Left midfielder,84,false,https://7a0.com.br/en/copas/1990/bra
1990,Italy,bra,Brazil,81,3,Midfield,10,Paulo Silas,Left midfielder,78,false,https://7a0.com.br/en/copas/1990/bra
1990,Italy,bra,Brazil,81,3,Attack,9,Careca,Centre-forward,90,true,https://7a0.com.br/en/copas/1990/bra
1990,Italy,bra,Brazil,81,3,Attack,11,Romário,Centre-forward,87,true,https://7a0.com.br/en/copas/1990/bra
1990,Italy,bra,Brazil,81,3,Attack,15,Müller,Centre-forward,84,false,https://7a0.com.br/en/copas/1990/bra
1990,Italy,bra,Brazil,81,3,Attack,16,Bebeto,Centre-forward,86,false,https://7a0.com.br/en/copas/1990/bra
1990,Italy,bra,Brazil,81,3,Attack,17,Renato Gaúcho,Left winger,78,false,https://7a0.com.br/en/copas/1990/bra
1990,Italy,bra,Brazil,81,3,Attack,20,Tita,Left winger,76,false,https://7a0.com.br/en/copas/1990/bra
1990,Italy,cmr,Cameroon,74,2,Goalkeepers,1,Bell,Goalkeeper,76,false,https://7a0.com.br/en/copas/1990/cmr
1990,Italy,cmr,Cameroon,74,2,Goalkeepers,16,N'Kono,Goalkeeper,80,true,https://7a0.com.br/en/copas/1990/cmr
1990,Italy,cmr,Cameroon,74,2,Goalkeepers,22,Songo'o,Goalkeeper,70,false,https://7a0.com.br/en/copas/1990/cmr
1990,Italy,cmr,Cameroon,74,2,Defence,14,Tataw,Right-back,76,false,https://7a0.com.br/en/copas/1990/cmr
1990,Italy,cmr,Cameroon,74,2,Defence,2,Kana-Biyik,Centre-back,75,false,https://7a0.com.br/en/copas/1990/cmr
1990,Italy,cmr,Cameroon,74,2,Defence,4,Massing,Centre-back,74,false,https://7a0.com.br/en/copas/1990/cmr
1990,Italy,cmr,Cameroon,74,2,Defence,6,Kundé,Centre-back,78,false,https://7a0.com.br/en/copas/1990/cmr
1990,Italy,cmr,Cameroon,74,2,Defence,12,Yombi,Centre-back,66,false,https://7a0.com.br/en/copas/1990/cmr
1990,Italy,cmr,Cameroon,74,2,Defence,17,N'Dip,Centre-back,72,false,https://7a0.com.br/en/copas/1990/cmr
1990,Italy,cmr,Cameroon,74,2,Defence,5,Ebwellé,Left-back,71,false,https://7a0.com.br/en/copas/1990/cmr
1990,Italy,cmr,Cameroon,74,2,Defence,13,Pagal,Left-back,71,false,https://7a0.com.br/en/copas/1990/cmr
1990,Italy,cmr,Cameroon,74,2,Midfield,3,Onana,Defensive midfielder,72,false,https://7a0.com.br/en/copas/1990/cmr
1990,Italy,cmr,Cameroon,74,2,Midfield,8,Mbouh,Defensive midfielder,74,false,https://7a0.com.br/en/copas/1990/cmr
1990,Italy,cmr,Cameroon,74,2,Midfield,15,Libiih,Defensive midfielder,68,false,https://7a0.com.br/en/copas/1990/cmr
1990,Italy,cmr,Cameroon,74,2,Midfield,19,Feutmba,Defensive midfielder,67,false,https://7a0.com.br/en/copas/1990/cmr
1990,Italy,cmr,Cameroon,74,2,Midfield,21,Maboang,Defensive midfielder,70,false,https://7a0.com.br/en/copas/1990/cmr
1990,Italy,cmr,Cameroon,74,2,Midfield,10,M'Fédé,Left midfielder,75,false,https://7a0.com.br/en/copas/1990/cmr
1990,Italy,cmr,Cameroon,74,2,Midfield,20,Makanaky,Left midfielder,77,false,https://7a0.com.br/en/copas/1990/cmr
1990,Italy,cmr,Cameroon,74,2,Attack,7,Omam-Biyik,Centre-forward,80,false,https://7a0.com.br/en/copas/1990/cmr
1990,Italy,cmr,Cameroon,74,2,Attack,9,Milla,Centre-forward,88,true,https://7a0.com.br/en/copas/1990/cmr
1990,Italy,cmr,Cameroon,74,2,Attack,11,Ekéké,Centre-forward,73,false,https://7a0.com.br/en/copas/1990/cmr
1990,Italy,cmr,Cameroon,74,2,Attack,18,Djonkep,Left winger,70,false,https://7a0.com.br/en/copas/1990/cmr
1990,Italy,col,Colombia,76,2,Goalkeepers,1,René Higuita,Goalkeeper,84,true,https://7a0.com.br/en/copas/1990/col
1990,Italy,col,Colombia,76,2,Goalkeepers,12,Niño,Goalkeeper,71,false,https://7a0.com.br/en/copas/1990/col
1990,Italy,col,Colombia,76,2,Defence,4,L. Herrera,Right-back,76,false,https://7a0.com.br/en/copas/1990/col
1990,Italy,col,Colombia,76,2,Defence,2,Andrés Escobar,Centre-back,81,false,https://7a0.com.br/en/copas/1990/col
1990,Italy,col,Colombia,76,2,Defence,3,G. Gómez,Centre-back,73,false,https://7a0.com.br/en/copas/1990/col
1990,Italy,col,Colombia,76,2,Defence,6,Pérez,Centre-back,72,false,https://7a0.com.br/en/copas/1990/col
1990,Italy,col,Colombia,76,2,Defence,13,Hoyos,Centre-back,70,false,https://7a0.com.br/en/copas/1990/col
1990,Italy,col,Colombia,76,2,Defence,15,Perea,Centre-back,78,false,https://7a0.com.br/en/copas/1990/col
1990,Italy,col,Colombia,76,2,Defence,17,Cassiani,Left-back,71,false,https://7a0.com.br/en/copas/1990/col
1990,Italy,col,Colombia,76,2,Defence,18,Cabrera,Left-back,75,false,https://7a0.com.br/en/copas/1990/col
1990,Italy,col,Colombia,76,2,Defence,21,Alexis Mendoza,Left-back,73,false,https://7a0.com.br/en/copas/1990/col
1990,Italy,col,Colombia,76,2,Midfield,5,León Villa,Defensive midfielder,72,false,https://7a0.com.br/en/copas/1990/col
1990,Italy,col,Colombia,76,2,Midfield,8,Gabriel Gómez,Defensive midfielder,76,false,https://7a0.com.br/en/copas/1990/col
1990,Italy,col,Colombia,76,2,Midfield,14,Álvarez,Defensive midfielder,80,false,https://7a0.com.br/en/copas/1990/col
1990,Italy,col,Colombia,76,2,Midfield,19,Freddy Rincón,Defensive midfielder,83,false,https://7a0.com.br/en/copas/1990/col
1990,Italy,col,Colombia,76,2,Midfield,20,Fajardo,Left midfielder,70,false,https://7a0.com.br/en/copas/1990/col
1990,Italy,col,Colombia,76,2,Midfield,10,Carlos Valderrama,Attacking midfielder,85,true,https://7a0.com.br/en/copas/1990/col
1990,Italy,col,Colombia,76,2,Midfield,11,Redín,Attacking midfielder,77,false,https://7a0.com.br/en/copas/1990/col
1990,Italy,col,Colombia,76,2,Attack,7,Estrada,Right winger,72,false,https://7a0.com.br/en/copas/1990/col
1990,Italy,col,Colombia,76,2,Attack,16,Iguarán,Centre-forward,80,false,https://7a0.com.br/en/copas/1990/col
1990,Italy,col,Colombia,76,2,Attack,22,Hernández,Centre-forward,74,false,https://7a0.com.br/en/copas/1990/col
1990,Italy,col,Colombia,76,2,Attack,9,Guerrero,Left winger,72,false,https://7a0.com.br/en/copas/1990/col
1990,Italy,tch,Czechoslovakia,77,0,Goalkeepers,1,Stejskal,Goalkeeper,78,false,https://7a0.com.br/en/copas/1990/tch
1990,Italy,tch,Czechoslovakia,77,0,Goalkeepers,21,Mikloško,Goalkeeper,78,false,https://7a0.com.br/en/copas/1990/tch
1990,Italy,tch,Czechoslovakia,77,0,Goalkeepers,22,Palúch,Goalkeeper,72,false,https://7a0.com.br/en/copas/1990/tch
1990,Italy,tch,Czechoslovakia,77,0,Defence,14,Weiss,Right-back,75,false,https://7a0.com.br/en/copas/1990/tch
1990,Italy,tch,Czechoslovakia,77,0,Defence,2,Bielik,Centre-back,74,false,https://7a0.com.br/en/copas/1990/tch
1990,Italy,tch,Czechoslovakia,77,0,Defence,3,Kadlec,Centre-back,79,false,https://7a0.com.br/en/copas/1990/tch
1990,Italy,tch,Czechoslovakia,77,0,Defence,5,Kocian,Centre-back,78,false,https://7a0.com.br/en/copas/1990/tch
1990,Italy,tch,Czechoslovakia,77,0,Defence,6,Straka,Centre-back,77,false,https://7a0.com.br/en/copas/1990/tch
1990,Italy,tch,Czechoslovakia,77,0,Defence,9,Kubík,Centre-back,80,false,https://7a0.com.br/en/copas/1990/tch
1990,Italy,tch,Czechoslovakia,77,0,Defence,15,Kinier,Centre-back,73,false,https://7a0.com.br/en/copas/1990/tch
1990,Italy,tch,Czechoslovakia,77,0,Midfield,4,Hašek,Defensive midfielder,81,false,https://7a0.com.br/en/copas/1990/tch
1990,Italy,tch,Czechoslovakia,77,0,Midfield,8,Chovanec,Defensive midfielder,80,false,https://7a0.com.br/en/copas/1990/tch
1990,Italy,tch,Czechoslovakia,77,0,Midfield,16,Hýravý,Right midfielder,73,false,https://7a0.com.br/en/copas/1990/tch
1990,Italy,tch,Czechoslovakia,77,0,Midfield,13,Němec,Midfielder,76,false,https://7a0.com.br/en/copas/1990/tch
1990,Italy,tch,Czechoslovakia,77,0,Midfield,20,Němeček,Midfielder,75,false,https://7a0.com.br/en/copas/1990/tch
1990,Italy,tch,Czechoslovakia,77,0,Midfield,11,Moravčík,Left midfielder,82,false,https://7a0.com.br/en/copas/1990/tch
1990,Italy,tch,Czechoslovakia,77,0,Midfield,7,Bílek,Attacking midfielder,78,false,https://7a0.com.br/en/copas/1990/tch
1990,Italy,tch,Czechoslovakia,77,0,Attack,12,Fieber,Right winger,74,false,https://7a0.com.br/en/copas/1990/tch
1990,Italy,tch,Czechoslovakia,77,0,Attack,10,Skuhravý,Centre-forward,82,false,https://7a0.com.br/en/copas/1990/tch
1990,Italy,tch,Czechoslovakia,77,0,Attack,18,Luhový,Centre-forward,78,false,https://7a0.com.br/en/copas/1990/tch
1990,Italy,tch,Czechoslovakia,77,0,Attack,19,Griga,Centre-forward,77,false,https://7a0.com.br/en/copas/1990/tch
1990,Italy,tch,Czechoslovakia,77,0,Attack,17,Knoflíček,Left winger,77,false,https://7a0.com.br/en/copas/1990/tch
1990,Italy,egy,Egypt,75,0,Goalkeepers,1,Shobair,Goalkeeper,77,false,https://7a0.com.br/en/copas/1990/egy
1990,Italy,egy,Egypt,75,0,Goalkeepers,21,Taher,Goalkeeper,72,false,https://7a0.com.br/en/copas/1990/egy
1990,Italy,egy,Egypt,75,0,Goalkeepers,22,El-Batal,Goalkeeper,72,false,https://7a0.com.br/en/copas/1990/egy
1990,Italy,egy,Egypt,75,0,Defence,2,Ibrahim Hassan,Right-back,77,false,https://7a0.com.br/en/copas/1990/egy
1990,Italy,egy,Egypt,75,0,Defence,13,Ahmed Ramzy,Right-back,74,false,https://7a0.com.br/en/copas/1990/egy
1990,Italy,egy,Egypt,75,0,Defence,4,Ramzy,Centre-back,78,false,https://7a0.com.br/en/copas/1990/egy
1990,Italy,egy,Egypt,75,0,Defence,5,Yakan,Centre-back,75,false,https://7a0.com.br/en/copas/1990/egy
1990,Italy,egy,Egypt,75,0,Defence,14,Maihoub,Centre-back,73,false,https://7a0.com.br/en/copas/1990/egy
1990,Italy,egy,Egypt,75,0,Defence,11,Soliman,Left-back,76,false,https://7a0.com.br/en/copas/1990/egy
1990,Italy,egy,Egypt,75,0,Midfield,3,Yassin,Defensive midfielder,77,false,https://7a0.com.br/en/copas/1990/egy
1990,Italy,egy,Egypt,75,0,Midfield,7,Youssef,Defensive midfielder,76,false,https://7a0.com.br/en/copas/1990/egy
1990,Italy,egy,Egypt,75,0,Midfield,8,Abdelghani,Defensive midfielder,78,false,https://7a0.com.br/en/copas/1990/egy
1990,Italy,egy,Egypt,75,0,Midfield,16,Tolba,Defensive midfielder,73,false,https://7a0.com.br/en/copas/1990/egy
1990,Italy,egy,Egypt,75,0,Midfield,6,Kasem,Midfielder,76,false,https://7a0.com.br/en/copas/1990/egy
1990,Italy,egy,Egypt,75,0,Midfield,18,Orabi,Midfielder,72,false,https://7a0.com.br/en/copas/1990/egy
1990,Italy,egy,Egypt,75,0,Midfield,15,Eid,Left midfielder,73,false,https://7a0.com.br/en/copas/1990/egy
1990,Italy,egy,Egypt,75,0,Midfield,17,Shawky,Attacking midfielder,73,false,https://7a0.com.br/en/copas/1990/egy
1990,Italy,egy,Egypt,75,0,Attack,12,Abouzeid,Right winger,76,false,https://7a0.com.br/en/copas/1990/egy
1990,Italy,egy,Egypt,75,0,Attack,9,Hossam Hassan,Centre-forward,79,false,https://7a0.com.br/en/copas/1990/egy
1990,Italy,egy,Egypt,75,0,Attack,19,Abdel Rahman,Centre-forward,73,false,https://7a0.com.br/en/copas/1990/egy
1990,Italy,egy,Egypt,75,0,Attack,20,El-Kass,Centre-forward,74,false,https://7a0.com.br/en/copas/1990/egy
1990,Italy,egy,Egypt,75,0,Attack,10,Abdelhamid,Left winger,77,false,https://7a0.com.br/en/copas/1990/egy
1990,Italy,eng,England,78,4,Goalkeepers,1,Shilton,Goalkeeper,82,true,https://7a0.com.br/en/copas/1990/eng
1990,Italy,eng,England,78,4,Goalkeepers,13,Woods,Goalkeeper,72,false,https://7a0.com.br/en/copas/1990/eng
1990,Italy,eng,England,78,4,Goalkeepers,22,Beasant,Goalkeeper,68,false,https://7a0.com.br/en/copas/1990/eng
1990,Italy,eng,England,78,4,Defence,2,G. Stevens,Right-back,75,false,https://7a0.com.br/en/copas/1990/eng
1990,Italy,eng,England,78,4,Defence,12,Parker,Right-back,76,false,https://7a0.com.br/en/copas/1990/eng
1990,Italy,eng,England,78,4,Defence,5,Des Walker,Centre-back,80,false,https://7a0.com.br/en/copas/1990/eng
1990,Italy,eng,England,78,4,Defence,6,Butcher,Centre-back,78,false,https://7a0.com.br/en/copas/1990/eng
1990,Italy,eng,England,78,4,Defence,14,Wright,Centre-back,76,false,https://7a0.com.br/en/copas/1990/eng
1990,Italy,eng,England,78,4,Defence,3,Pearce,Left-back,82,false,https://7a0.com.br/en/copas/1990/eng
1990,Italy,eng,England,78,4,Defence,15,Dorigo,Left-back,72,false,https://7a0.com.br/en/copas/1990/eng
1990,Italy,eng,England,78,4,Midfield,7,Robson,Defensive midfielder,80,true,https://7a0.com.br/en/copas/1990/eng
1990,Italy,eng,England,78,4,Midfield,16,McMahon,Defensive midfielder,74,false,https://7a0.com.br/en/copas/1990/eng
1990,Italy,eng,England,78,4,Midfield,17,Platt,Defensive midfielder,78,false,https://7a0.com.br/en/copas/1990/eng
1990,Italy,eng,England,78,4,Midfield,4,Webb,Midfielder,73,false,https://7a0.com.br/en/copas/1990/eng
1990,Italy,eng,England,78,4,Midfield,19,Gascoigne,Midfielder,88,true,https://7a0.com.br/en/copas/1990/eng
1990,Italy,eng,England,78,4,Midfield,18,Hodge,Left midfielder,72,false,https://7a0.com.br/en/copas/1990/eng
1990,Italy,eng,England,78,4,Midfield,9,Beardsley,Attacking midfielder,82,false,https://7a0.com.br/en/copas/1990/eng
1990,Italy,eng,England,78,4,Attack,8,Waddle,Right winger,84,false,https://7a0.com.br/en/copas/1990/eng
1990,Italy,eng,England,78,4,Attack,20,T. Steven,Right winger,74,false,https://7a0.com.br/en/copas/1990/eng
1990,Italy,eng,England,78,4,Attack,10,Lineker,Centre-forward,88,true,https://7a0.com.br/en/copas/1990/eng
1990,Italy,eng,England,78,4,Attack,21,Bull,Centre-forward,70,false,https://7a0.com.br/en/copas/1990/eng
1990,Italy,eng,England,78,4,Attack,11,Barnes,Left winger,84,false,https://7a0.com.br/en/copas/1990/eng
1990,Italy,ger,Germany,82,2,Goalkeepers,1,Illgner,Goalkeeper,85,false,https://7a0.com.br/en/copas/1990/ger
1990,Italy,ger,Germany,82,2,Goalkeepers,12,Aumann,Goalkeeper,74,false,https://7a0.com.br/en/copas/1990/ger
1990,Italy,ger,Germany,82,2,Goalkeepers,22,Köpke,Goalkeeper,75,false,https://7a0.com.br/en/copas/1990/ger
1990,Italy,ger,Germany,82,2,Defence,2,Reuter,Right-back,81,false,https://7a0.com.br/en/copas/1990/ger
1990,Italy,ger,Germany,82,2,Defence,14,Berthold,Right-back,82,false,https://7a0.com.br/en/copas/1990/ger
1990,Italy,ger,Germany,82,2,Defence,4,Köhler,Centre-back,87,false,https://7a0.com.br/en/copas/1990/ger
1990,Italy,ger,Germany,82,2,Defence,5,Augenthaler,Centre-back,83,false,https://7a0.com.br/en/copas/1990/ger
1990,Italy,ger,Germany,82,2,Defence,6,Buchwald,Centre-back,84,false,https://7a0.com.br/en/copas/1990/ger
1990,Italy,ger,Germany,82,2,Defence,16,Steiner,Centre-back,73,false,https://7a0.com.br/en/copas/1990/ger
1990,Italy,ger,Germany,82,2,Defence,3,Brehme,Left-back,91,true,https://7a0.com.br/en/copas/1990/ger
1990,Italy,ger,Germany,82,2,Defence,19,Pflügler,Left-back,74,false,https://7a0.com.br/en/copas/1990/ger
1990,Italy,ger,Germany,82,2,Midfield,10,Matthäus,Defensive midfielder,96,true,https://7a0.com.br/en/copas/1990/ger
1990,Italy,ger,Germany,82,2,Midfield,20,Thon,Defensive midfielder,80,false,https://7a0.com.br/en/copas/1990/ger
1990,Italy,ger,Germany,82,2,Midfield,21,Hermann,Defensive midfielder,73,false,https://7a0.com.br/en/copas/1990/ger
1990,Italy,ger,Germany,82,2,Midfield,8,Häßler,Attacking midfielder,84,false,https://7a0.com.br/en/copas/1990/ger
1990,Italy,ger,Germany,82,2,Midfield,15,Bein,Attacking midfielder,80,false,https://7a0.com.br/en/copas/1990/ger
1990,Italy,ger,Germany,82,2,Midfield,17,Möller,Attacking midfielder,82,false,https://7a0.com.br/en/copas/1990/ger
1990,Italy,ger,Germany,82,2,Attack,9,Völler,Centre-forward,88,false,https://7a0.com.br/en/copas/1990/ger
1990,Italy,ger,Germany,82,2,Attack,11,Mill,Centre-forward,74,false,https://7a0.com.br/en/copas/1990/ger
1990,Italy,ger,Germany,82,2,Attack,13,Riedle,Centre-forward,82,false,https://7a0.com.br/en/copas/1990/ger
1990,Italy,ger,Germany,82,2,Attack,18,Klinsmann,Centre-forward,87,false,https://7a0.com.br/en/copas/1990/ger
1990,Italy,ger,Germany,82,2,Attack,7,Littbarski,Left winger,82,false,https://7a0.com.br/en/copas/1990/ger
1990,Italy,irl,Ireland,76,1,Goalkeepers,1,Bonner,Goalkeeper,78,false,https://7a0.com.br/en/copas/1990/irl
1990,Italy,irl,Ireland,76,1,Goalkeepers,22,Peyton,Goalkeeper,73,false,https://7a0.com.br/en/copas/1990/irl
1990,Italy,irl,Ireland,76,1,Defence,2,Morris,Right-back,75,false,https://7a0.com.br/en/copas/1990/irl
1990,Italy,irl,Ireland,76,1,Defence,4,McCarthy,Centre-back,78,false,https://7a0.com.br/en/copas/1990/irl
1990,Italy,irl,Ireland,76,1,Defence,5,Moran,Centre-back,78,false,https://7a0.com.br/en/copas/1990/irl
1990,Italy,irl,Ireland,76,1,Defence,7,McGrath,Centre-back,84,true,https://7a0.com.br/en/copas/1990/irl
1990,Italy,irl,Ireland,76,1,Defence,12,O'Leary,Centre-back,77,false,https://7a0.com.br/en/copas/1990/irl
1990,Italy,irl,Ireland,76,1,Defence,3,Staunton,Left-back,78,false,https://7a0.com.br/en/copas/1990/irl
1990,Italy,irl,Ireland,76,1,Defence,14,Hughton,Left-back,74,false,https://7a0.com.br/en/copas/1990/irl
1990,Italy,irl,Ireland,76,1,Midfield,8,Houghton,Defensive midfielder,78,false,https://7a0.com.br/en/copas/1990/irl
1990,Italy,irl,Ireland,76,1,Midfield,6,Whelan,Midfielder,78,false,https://7a0.com.br/en/copas/1990/irl
1990,Italy,irl,Ireland,76,1,Midfield,13,Townsend,Midfielder,78,false,https://7a0.com.br/en/copas/1990/irl
1990,Italy,irl,Ireland,76,1,Midfield,16,Sheridan,Midfielder,75,false,https://7a0.com.br/en/copas/1990/irl
1990,Italy,irl,Ireland,76,1,Midfield,21,McLoughlin,Midfielder,73,false,https://7a0.com.br/en/copas/1990/irl
1990,Italy,irl,Ireland,76,1,Midfield,11,Sheedy,Left midfielder,78,false,https://7a0.com.br/en/copas/1990/irl
1990,Italy,irl,Ireland,76,1,Attack,9,Aldridge,Centre-forward,79,false,https://7a0.com.br/en/copas/1990/irl
1990,Italy,irl,Ireland,76,1,Attack,10,Cascarino,Centre-forward,76,false,https://7a0.com.br/en/copas/1990/irl
1990,Italy,irl,Ireland,76,1,Attack,15,Slaven,Centre-forward,73,false,https://7a0.com.br/en/copas/1990/irl
1990,Italy,irl,Ireland,76,1,Attack,17,Quinn,Centre-forward,78,false,https://7a0.com.br/en/copas/1990/irl
1990,Italy,irl,Ireland,76,1,Attack,18,Stapleton,Centre-forward,74,false,https://7a0.com.br/en/copas/1990/irl
1990,Italy,irl,Ireland,76,1,Attack,19,Kelly,Centre-forward,73,false,https://7a0.com.br/en/copas/1990/irl
1990,Italy,irl,Ireland,76,1,Attack,20,Byrne,Centre-forward,73,false,https://7a0.com.br/en/copas/1990/irl
1990,Italy,ita,Italy,82,3,Goalkeepers,1,Zenga,Goalkeeper,88,false,https://7a0.com.br/en/copas/1990/ita
1990,Italy,ita,Italy,82,3,Goalkeepers,12,Tacconi,Goalkeeper,78,false,https://7a0.com.br/en/copas/1990/ita
1990,Italy,ita,Italy,82,3,Goalkeepers,22,Pagliuca,Goalkeeper,76,false,https://7a0.com.br/en/copas/1990/ita
1990,Italy,ita,Italy,82,3,Defence,4,De Agostini,Right-back,80,false,https://7a0.com.br/en/copas/1990/ita
1990,Italy,ita,Italy,82,3,Defence,2,Baresi,Centre-back,94,true,https://7a0.com.br/en/copas/1990/ita
1990,Italy,ita,Italy,82,3,Defence,3,Bergomi,Centre-back,83,false,https://7a0.com.br/en/copas/1990/ita
1990,Italy,ita,Italy,82,3,Defence,5,Ferrara,Centre-back,78,false,https://7a0.com.br/en/copas/1990/ita
1990,Italy,ita,Italy,82,3,Defence,6,Ferri,Centre-back,80,false,https://7a0.com.br/en/copas/1990/ita
1990,Italy,ita,Italy,82,3,Defence,8,Vierchowod,Centre-back,82,false,https://7a0.com.br/en/copas/1990/ita
1990,Italy,ita,Italy,82,3,Defence,7,Maldini,Left-back,89,true,https://7a0.com.br/en/copas/1990/ita
1990,Italy,ita,Italy,82,3,Midfield,10,Berti,Defensive midfielder,80,false,https://7a0.com.br/en/copas/1990/ita
1990,Italy,ita,Italy,82,3,Midfield,11,De Napoli,Defensive midfielder,78,false,https://7a0.com.br/en/copas/1990/ita
1990,Italy,ita,Italy,82,3,Midfield,14,Marocchi,Defensive midfielder,74,false,https://7a0.com.br/en/copas/1990/ita
1990,Italy,ita,Italy,82,3,Midfield,17,Donadoni,Defensive midfielder,84,false,https://7a0.com.br/en/copas/1990/ita
1990,Italy,ita,Italy,82,3,Midfield,9,Ancelotti,Midfielder,81,false,https://7a0.com.br/en/copas/1990/ita
1990,Italy,ita,Italy,82,3,Midfield,13,Giannini,Left midfielder,82,false,https://7a0.com.br/en/copas/1990/ita
1990,Italy,ita,Italy,82,3,Attack,15,R. Baggio,Right winger,90,true,https://7a0.com.br/en/copas/1990/ita
1990,Italy,ita,Italy,82,3,Attack,16,Carnevale,Centre-forward,77,false,https://7a0.com.br/en/copas/1990/ita
1990,Italy,ita,Italy,82,3,Attack,18,Mancini,Centre-forward,82,false,https://7a0.com.br/en/copas/1990/ita
1990,Italy,ita,Italy,82,3,Attack,19,Schillaci,Centre-forward,86,false,https://7a0.com.br/en/copas/1990/ita
1990,Italy,ita,Italy,82,3,Attack,20,Serena,Centre-forward,78,false,https://7a0.com.br/en/copas/1990/ita
1990,Italy,ita,Italy,82,3,Attack,21,Vialli,Centre-forward,84,false,https://7a0.com.br/en/copas/1990/ita
1990,Italy,ned,Netherlands,81,3,Goalkeepers,1,Van Breukelen,Goalkeeper,85,false,https://7a0.com.br/en/copas/1990/ned
1990,Italy,ned,Netherlands,81,3,Goalkeepers,16,Hiele,Goalkeeper,73,false,https://7a0.com.br/en/copas/1990/ned
1990,Italy,ned,Netherlands,81,3,Goalkeepers,22,Menzo,Goalkeeper,78,false,https://7a0.com.br/en/copas/1990/ned
1990,Italy,ned,Netherlands,81,3,Defence,2,Van Aerle,Right-back,79,false,https://7a0.com.br/en/copas/1990/ned
1990,Italy,ned,Netherlands,81,3,Defence,4,R. Koeman,Centre-back,90,false,https://7a0.com.br/en/copas/1990/ned
1990,Italy,ned,Netherlands,81,3,Defence,5,Van Tiggelen,Centre-back,80,false,https://7a0.com.br/en/copas/1990/ned
1990,Italy,ned,Netherlands,81,3,Defence,13,Rutjes,Centre-back,73,false,https://7a0.com.br/en/copas/1990/ned
1990,Italy,ned,Netherlands,81,3,Defence,18,Fraser,Centre-back,72,false,https://7a0.com.br/en/copas/1990/ned
1990,Italy,ned,Netherlands,81,3,Defence,21,Blind,Centre-back,77,false,https://7a0.com.br/en/copas/1990/ned
1990,Italy,ned,Netherlands,81,3,Midfield,6,Wouters,Defensive midfielder,82,false,https://7a0.com.br/en/copas/1990/ned
1990,Italy,ned,Netherlands,81,3,Midfield,7,E. Koeman,Defensive midfielder,79,false,https://7a0.com.br/en/copas/1990/ned
1990,Italy,ned,Netherlands,81,3,Midfield,20,Winter,Defensive midfielder,81,false,https://7a0.com.br/en/copas/1990/ned
1990,Italy,ned,Netherlands,81,3,Midfield,3,Rijkaard,Midfielder,92,true,https://7a0.com.br/en/copas/1990/ned
1990,Italy,ned,Netherlands,81,3,Midfield,10,Gullit,Midfielder,92,true,https://7a0.com.br/en/copas/1990/ned
1990,Italy,ned,Netherlands,81,3,Midfield,11,Witschge,Midfielder,79,false,https://7a0.com.br/en/copas/1990/ned
1990,Italy,ned,Netherlands,81,3,Attack,8,Vanenburg,Right winger,79,false,https://7a0.com.br/en/copas/1990/ned
1990,Italy,ned,Netherlands,81,3,Attack,9,Van Basten,Centre-forward,93,true,https://7a0.com.br/en/copas/1990/ned
1990,Italy,ned,Netherlands,81,3,Attack,12,Kieft,Centre-forward,80,false,https://7a0.com.br/en/copas/1990/ned
1990,Italy,ned,Netherlands,81,3,Attack,14,Van 't Schip,Centre-forward,80,false,https://7a0.com.br/en/copas/1990/ned
1990,Italy,ned,Netherlands,81,3,Attack,17,Gillhaus,Centre-forward,78,false,https://7a0.com.br/en/copas/1990/ned
1990,Italy,ned,Netherlands,81,3,Attack,19,Van Loen,Centre-forward,73,false,https://7a0.com.br/en/copas/1990/ned
1990,Italy,ned,Netherlands,81,3,Attack,15,Roy,Left winger,76,false,https://7a0.com.br/en/copas/1990/ned
1990,Italy,rou,Romania,77,2,Goalkeepers,1,Lung,Goalkeeper,78,false,https://7a0.com.br/en/copas/1990/rou
1990,Italy,rou,Romania,77,2,Goalkeepers,12,Stelea,Goalkeeper,74,false,https://7a0.com.br/en/copas/1990/rou
1990,Italy,rou,Romania,77,2,Goalkeepers,22,Liliac,Goalkeeper,68,false,https://7a0.com.br/en/copas/1990/rou
1990,Italy,rou,Romania,77,2,Defence,2,Rednic,Right-back,75,false,https://7a0.com.br/en/copas/1990/rou
1990,Italy,rou,Romania,77,2,Defence,4,Andone,Centre-back,76,false,https://7a0.com.br/en/copas/1990/rou
1990,Italy,rou,Romania,77,2,Defence,6,Popescu,Centre-back,87,true,https://7a0.com.br/en/copas/1990/rou
1990,Italy,rou,Romania,77,2,Defence,13,A. Popescu,Centre-back,72,false,https://7a0.com.br/en/copas/1990/rou
1990,Italy,rou,Romania,77,2,Defence,19,Săndoi,Centre-back,73,false,https://7a0.com.br/en/copas/1990/rou
1990,Italy,rou,Romania,77,2,Defence,3,Klein,Left-back,74,false,https://7a0.com.br/en/copas/1990/rou
1990,Italy,rou,Romania,77,2,Midfield,5,I. Rotariu,Defensive midfielder,76,false,https://7a0.com.br/en/copas/1990/rou
1990,Italy,rou,Romania,77,2,Midfield,16,Timofte,Defensive midfielder,75,false,https://7a0.com.br/en/copas/1990/rou
1990,Italy,rou,Romania,77,2,Midfield,20,Muzsnay,Defensive midfielder,73,false,https://7a0.com.br/en/copas/1990/rou
1990,Italy,rou,Romania,77,2,Midfield,21,Lupescu,Defensive midfielder,76,false,https://7a0.com.br/en/copas/1990/rou
1990,Italy,rou,Romania,77,2,Midfield,8,Sabău,Attacking midfielder,78,false,https://7a0.com.br/en/copas/1990/rou
1990,Italy,rou,Romania,77,2,Midfield,10,Hagi,Attacking midfielder,89,true,https://7a0.com.br/en/copas/1990/rou
1990,Italy,rou,Romania,77,2,Midfield,11,Lupu,Attacking midfielder,76,false,https://7a0.com.br/en/copas/1990/rou
1990,Italy,rou,Romania,77,2,Midfield,15,Mateuț,Attacking midfielder,78,false,https://7a0.com.br/en/copas/1990/rou
1990,Italy,rou,Romania,77,2,Attack,18,Balint,Right winger,79,false,https://7a0.com.br/en/copas/1990/rou
1990,Italy,rou,Romania,77,2,Attack,9,Cămătaru,Centre-forward,75,false,https://7a0.com.br/en/copas/1990/rou
1990,Italy,rou,Romania,77,2,Attack,14,Răducioiu,Centre-forward,84,false,https://7a0.com.br/en/copas/1990/rou
1990,Italy,rou,Romania,77,2,Attack,17,Dumitrescu,Centre-forward,80,false,https://7a0.com.br/en/copas/1990/rou
1990,Italy,rou,Romania,77,2,Attack,7,Lăcătuș,Left winger,82,false,https://7a0.com.br/en/copas/1990/rou
1990,Italy,yug,Yugoslavia,79,0,Goalkeepers,1,Ivković,Goalkeeper,78,false,https://7a0.com.br/en/copas/1990/yug
1990,Italy,yug,Yugoslavia,79,0,Goalkeepers,12,Omerović,Goalkeeper,73,false,https://7a0.com.br/en/copas/1990/yug
1990,Italy,yug,Yugoslavia,79,0,Goalkeepers,22,Leković,Goalkeeper,72,false,https://7a0.com.br/en/copas/1990/yug
1990,Italy,yug,Yugoslavia,79,0,Defence,2,Stanojković,Right-back,77,false,https://7a0.com.br/en/copas/1990/yug
1990,Italy,yug,Yugoslavia,79,0,Defence,3,Spasić,Centre-back,77,false,https://7a0.com.br/en/copas/1990/yug
1990,Italy,yug,Yugoslavia,79,0,Defence,4,Vulić,Centre-back,76,false,https://7a0.com.br/en/copas/1990/yug
1990,Italy,yug,Yugoslavia,79,0,Defence,5,Hadžibegić,Centre-back,80,false,https://7a0.com.br/en/copas/1990/yug
1990,Italy,yug,Yugoslavia,79,0,Defence,6,Jozić,Centre-back,77,false,https://7a0.com.br/en/copas/1990/yug
1990,Italy,yug,Yugoslavia,79,0,Defence,21,Panadić,Centre-back,72,false,https://7a0.com.br/en/copas/1990/yug
1990,Italy,yug,Yugoslavia,79,0,Defence,7,Brnović,Left-back,77,false,https://7a0.com.br/en/copas/1990/yug
1990,Italy,yug,Yugoslavia,79,0,Defence,17,Jarni,Left-back,78,false,https://7a0.com.br/en/copas/1990/yug
1990,Italy,yug,Yugoslavia,79,0,Midfield,10,Stojković,Defensive midfielder,90,false,https://7a0.com.br/en/copas/1990/yug
1990,Italy,yug,Yugoslavia,79,0,Midfield,13,Katanec,Defensive midfielder,80,false,https://7a0.com.br/en/copas/1990/yug
1990,Italy,yug,Yugoslavia,79,0,Midfield,15,Prosinečki,Defensive midfielder,86,false,https://7a0.com.br/en/copas/1990/yug
1990,Italy,yug,Yugoslavia,79,0,Midfield,16,Šabanadžović,Defensive midfielder,77,false,https://7a0.com.br/en/copas/1990/yug
1990,Italy,yug,Yugoslavia,79,0,Midfield,18,Baljić,Midfielder,74,false,https://7a0.com.br/en/copas/1990/yug
1990,Italy,yug,Yugoslavia,79,0,Midfield,8,Sušić,Attacking midfielder,85,false,https://7a0.com.br/en/copas/1990/yug
1990,Italy,yug,Yugoslavia,79,0,Midfield,19,Savićević,Attacking midfielder,84,false,https://7a0.com.br/en/copas/1990/yug
1990,Italy,yug,Yugoslavia,79,0,Attack,9,Pančev,Centre-forward,84,false,https://7a0.com.br/en/copas/1990/yug
1990,Italy,yug,Yugoslavia,79,0,Attack,11,Vujović,Centre-forward,80,false,https://7a0.com.br/en/copas/1990/yug
1990,Italy,yug,Yugoslavia,79,0,Attack,14,Bokšić,Centre-forward,78,false,https://7a0.com.br/en/copas/1990/yug
1990,Italy,yug,Yugoslavia,79,0,Attack,20,Šuker,Centre-forward,79,false,https://7a0.com.br/en/copas/1990/yug
1994,United States,arg,Argentina,79,2,Goalkeepers,1,Goycochea,Goalkeeper,83,false,https://7a0.com.br/en/copas/1994/arg
1994,United States,arg,Argentina,79,2,Goalkeepers,12,Islas,Goalkeeper,78,false,https://7a0.com.br/en/copas/1994/arg
1994,United States,arg,Argentina,79,2,Goalkeepers,22,Scoponi,Goalkeeper,70,false,https://7a0.com.br/en/copas/1994/arg
1994,United States,arg,Argentina,79,2,Defence,2,Vázquez,Right-back,72,false,https://7a0.com.br/en/copas/1994/arg
1994,United States,arg,Argentina,79,2,Defence,4,Sensini,Centre-back,82,false,https://7a0.com.br/en/copas/1994/arg
1994,United States,arg,Argentina,79,2,Defence,6,Ruggeri,Centre-back,82,false,https://7a0.com.br/en/copas/1994/arg
1994,United States,arg,Argentina,79,2,Defence,13,Cáceres,Centre-back,73,false,https://7a0.com.br/en/copas/1994/arg
1994,United States,arg,Argentina,79,2,Defence,15,Borelli,Centre-back,72,false,https://7a0.com.br/en/copas/1994/arg
1994,United States,arg,Argentina,79,2,Defence,16,H. Díaz,Centre-back,73,false,https://7a0.com.br/en/copas/1994/arg
1994,United States,arg,Argentina,79,2,Defence,3,Chamot,Left-back,81,false,https://7a0.com.br/en/copas/1994/arg
1994,United States,arg,Argentina,79,2,Midfield,8,Basualdo,Defensive midfielder,74,false,https://7a0.com.br/en/copas/1994/arg
1994,United States,arg,Argentina,79,2,Midfield,14,Simeone,Defensive midfielder,86,false,https://7a0.com.br/en/copas/1994/arg
1994,United States,arg,Argentina,79,2,Midfield,20,L. Rodríguez,Defensive midfielder,75,false,https://7a0.com.br/en/copas/1994/arg
1994,United States,arg,Argentina,79,2,Midfield,5,Redondo,Midfielder,89,false,https://7a0.com.br/en/copas/1994/arg
1994,United States,arg,Argentina,79,2,Midfield,18,Hugo Pérez,Midfielder,73,false,https://7a0.com.br/en/copas/1994/arg
1994,United States,arg,Argentina,79,2,Midfield,10,Maradona,Attacking midfielder,92,true,https://7a0.com.br/en/copas/1994/arg
1994,United States,arg,Argentina,79,2,Midfield,17,Ortega,Attacking midfielder,83,false,https://7a0.com.br/en/copas/1994/arg
1994,United States,arg,Argentina,79,2,Midfield,21,Mancuso,Attacking midfielder,70,false,https://7a0.com.br/en/copas/1994/arg
1994,United States,arg,Argentina,79,2,Attack,7,Caniggia,Centre-forward,87,false,https://7a0.com.br/en/copas/1994/arg
1994,United States,arg,Argentina,79,2,Attack,9,Batistuta,Centre-forward,92,true,https://7a0.com.br/en/copas/1994/arg
1994,United States,arg,Argentina,79,2,Attack,19,Balbo,Centre-forward,79,false,https://7a0.com.br/en/copas/1994/arg
1994,United States,arg,Argentina,79,2,Attack,11,Medina Bello,Left winger,72,false,https://7a0.com.br/en/copas/1994/arg
1994,United States,bra,Brazil,80,3,Goalkeepers,1,Taffarel,Goalkeeper,85,false,https://7a0.com.br/en/copas/1994/bra
1994,United States,bra,Brazil,80,3,Goalkeepers,12,Zetti,Goalkeeper,72,false,https://7a0.com.br/en/copas/1994/bra
1994,United States,bra,Brazil,80,3,Goalkeepers,22,Gilmar Rinaldi,Goalkeeper,68,false,https://7a0.com.br/en/copas/1994/bra
1994,United States,bra,Brazil,80,3,Defence,2,Jorginho,Right-back,84,false,https://7a0.com.br/en/copas/1994/bra
1994,United States,bra,Brazil,80,3,Defence,14,Cafu,Right-back,82,true,https://7a0.com.br/en/copas/1994/bra
1994,United States,bra,Brazil,80,3,Defence,3,Ricardo Rocha,Centre-back,75,false,https://7a0.com.br/en/copas/1994/bra
1994,United States,bra,Brazil,80,3,Defence,4,Ronaldão,Centre-back,71,false,https://7a0.com.br/en/copas/1994/bra
1994,United States,bra,Brazil,80,3,Defence,13,Aldair,Centre-back,84,false,https://7a0.com.br/en/copas/1994/bra
1994,United States,bra,Brazil,80,3,Defence,15,Márcio Santos,Centre-back,76,false,https://7a0.com.br/en/copas/1994/bra
1994,United States,bra,Brazil,80,3,Defence,6,Branco,Left-back,79,false,https://7a0.com.br/en/copas/1994/bra
1994,United States,bra,Brazil,80,3,Defence,16,Leonardo,Left-back,80,false,https://7a0.com.br/en/copas/1994/bra
1994,United States,bra,Brazil,80,3,Midfield,5,Mauro Silva,Defensive midfielder,82,false,https://7a0.com.br/en/copas/1994/bra
1994,United States,bra,Brazil,80,3,Midfield,8,Dunga,Defensive midfielder,88,false,https://7a0.com.br/en/copas/1994/bra
1994,United States,bra,Brazil,80,3,Midfield,17,Mazinho,Defensive midfielder,76,false,https://7a0.com.br/en/copas/1994/bra
1994,United States,bra,Brazil,80,3,Midfield,9,Zinho,Left midfielder,78,false,https://7a0.com.br/en/copas/1994/bra
1994,United States,bra,Brazil,80,3,Midfield,10,Raí,Attacking midfielder,80,false,https://7a0.com.br/en/copas/1994/bra
1994,United States,bra,Brazil,80,3,Attack,18,Paulo Sérgio,Right winger,76,false,https://7a0.com.br/en/copas/1994/bra
1994,United States,bra,Brazil,80,3,Attack,7,Bebeto,Centre-forward,90,false,https://7a0.com.br/en/copas/1994/bra
1994,United States,bra,Brazil,80,3,Attack,11,Romário,Centre-forward,96,true,https://7a0.com.br/en/copas/1994/bra
1994,United States,bra,Brazil,80,3,Attack,19,Müller,Centre-forward,76,false,https://7a0.com.br/en/copas/1994/bra
1994,United States,bra,Brazil,80,3,Attack,20,Ronaldo,Centre-forward,80,true,https://7a0.com.br/en/copas/1994/bra
1994,United States,bra,Brazil,80,3,Attack,21,Viola,Left winger,74,false,https://7a0.com.br/en/copas/1994/bra
1994,United States,bul,Bulgaria,76,1,Goalkeepers,1,Mihaylov,Goalkeeper,78,false,https://7a0.com.br/en/copas/1994/bul
1994,United States,bul,Bulgaria,76,1,Goalkeepers,12,Nikolov,Goalkeeper,70,false,https://7a0.com.br/en/copas/1994/bul
1994,United States,bul,Bulgaria,76,1,Defence,2,Kremenliev,Right-back,75,false,https://7a0.com.br/en/copas/1994/bul
1994,United States,bul,Bulgaria,76,1,Defence,16,Kiryakov,Right-back,74,false,https://7a0.com.br/en/copas/1994/bul
1994,United States,bul,Bulgaria,76,1,Defence,3,T. Ivanov,Centre-back,79,false,https://7a0.com.br/en/copas/1994/bul
1994,United States,bul,Bulgaria,76,1,Defence,5,Hubchev,Centre-back,76,false,https://7a0.com.br/en/copas/1994/bul
1994,United States,bul,Bulgaria,76,1,Defence,15,N. Iliev,Centre-back,71,false,https://7a0.com.br/en/copas/1994/bul
1994,United States,bul,Bulgaria,76,1,Defence,4,Tsvetanov,Left-back,75,false,https://7a0.com.br/en/copas/1994/bul
1994,United States,bul,Bulgaria,76,1,Midfield,9,Letchkov,Defensive midfielder,80,false,https://7a0.com.br/en/copas/1994/bul
1994,United States,bul,Bulgaria,76,1,Midfield,11,Borimirov,Defensive midfielder,76,false,https://7a0.com.br/en/copas/1994/bul
1994,United States,bul,Bulgaria,76,1,Midfield,6,Yankov,Right midfielder,75,false,https://7a0.com.br/en/copas/1994/bul
1994,United States,bul,Bulgaria,76,1,Midfield,13,Yordanov,Left midfielder,73,false,https://7a0.com.br/en/copas/1994/bul
1994,United States,bul,Bulgaria,76,1,Midfield,14,Genchev,Attacking midfielder,74,false,https://7a0.com.br/en/copas/1994/bul
1994,United States,bul,Bulgaria,76,1,Midfield,19,Georgiev,Attacking midfielder,71,false,https://7a0.com.br/en/copas/1994/bul
1994,United States,bul,Bulgaria,76,1,Midfield,20,Balakov,Attacking midfielder,83,false,https://7a0.com.br/en/copas/1994/bul
1994,United States,bul,Bulgaria,76,1,Attack,7,Kostadinov,Right winger,82,false,https://7a0.com.br/en/copas/1994/bul
1994,United States,bul,Bulgaria,76,1,Attack,17,Mihtarski,Right winger,72,false,https://7a0.com.br/en/copas/1994/bul
1994,United States,bul,Bulgaria,76,1,Attack,10,Sirakov,Centre-forward,78,false,https://7a0.com.br/en/copas/1994/bul
1994,United States,bul,Bulgaria,76,1,Attack,18,Aleksandrov,Centre-forward,73,false,https://7a0.com.br/en/copas/1994/bul
1994,United States,bul,Bulgaria,76,1,Attack,21,Yotov,Centre-forward,70,false,https://7a0.com.br/en/copas/1994/bul
1994,United States,bul,Bulgaria,76,1,Attack,22,Andonov,Centre-forward,71,false,https://7a0.com.br/en/copas/1994/bul
1994,United States,bul,Bulgaria,76,1,Attack,8,Stoichkov,Left winger,89,true,https://7a0.com.br/en/copas/1994/bul
1994,United States,col,Colombia,77,1,Goalkeepers,1,Óscar Córdoba,Goalkeeper,74,false,https://7a0.com.br/en/copas/1994/col
1994,United States,col,Colombia,77,1,Goalkeepers,12,Faryd Mondragón,Goalkeeper,78,false,https://7a0.com.br/en/copas/1994/col
1994,United States,col,Colombia,77,1,Goalkeepers,22,José María Pazo,Goalkeeper,68,false,https://7a0.com.br/en/copas/1994/col
1994,United States,col,Colombia,77,1,Goalkeepers,25,René Higuita,Goalkeeper,81,true,https://7a0.com.br/en/copas/1994/col
1994,United States,col,Colombia,77,1,Defence,4,Luis Fernando Herrera,Right-back,75,false,https://7a0.com.br/en/copas/1994/col
1994,United States,col,Colombia,77,1,Defence,8,Harold Lozano,Right-back,75,false,https://7a0.com.br/en/copas/1994/col
1994,United States,col,Colombia,77,1,Defence,18,Óscar Cortés,Right-back,72,false,https://7a0.com.br/en/copas/1994/col
1994,United States,col,Colombia,77,1,Defence,20,Wilson Pérez,Right-back,71,false,https://7a0.com.br/en/copas/1994/col
1994,United States,col,Colombia,77,1,Defence,2,Andrés Escobar,Centre-back,76,false,https://7a0.com.br/en/copas/1994/col
1994,United States,col,Colombia,77,1,Defence,3,Alexis Mendoza,Centre-back,72,false,https://7a0.com.br/en/copas/1994/col
1994,United States,col,Colombia,77,1,Defence,13,Néstor Ortiz,Centre-back,73,false,https://7a0.com.br/en/copas/1994/col
1994,United States,col,Colombia,77,1,Defence,15,Luis Carlos Perea,Centre-back,78,false,https://7a0.com.br/en/copas/1994/col
1994,United States,col,Colombia,77,1,Defence,5,Hermán Gaviria,Left-back,73,false,https://7a0.com.br/en/copas/1994/col
1994,United States,col,Colombia,77,1,Midfield,6,Gabriel Gómez,Defensive midfielder,78,false,https://7a0.com.br/en/copas/1994/col
1994,United States,col,Colombia,77,1,Midfield,14,Leonel Álvarez,Defensive midfielder,80,false,https://7a0.com.br/en/copas/1994/col
1994,United States,col,Colombia,77,1,Midfield,17,Mauricio Serna,Defensive midfielder,79,false,https://7a0.com.br/en/copas/1994/col
1994,United States,col,Colombia,77,1,Midfield,10,Carlos Valderrama,Midfielder,92,false,https://7a0.com.br/en/copas/1994/col
1994,United States,col,Colombia,77,1,Midfield,19,Freddy Rincón,Midfielder,85,false,https://7a0.com.br/en/copas/1994/col
1994,United States,col,Colombia,77,1,Attack,7,Antony De Ávila,Right winger,78,false,https://7a0.com.br/en/copas/1994/col
1994,United States,col,Colombia,77,1,Attack,16,Víctor Aristizábal,Centre-forward,79,false,https://7a0.com.br/en/copas/1994/col
1994,United States,col,Colombia,77,1,Attack,9,Iván Valenciano,Left winger,74,false,https://7a0.com.br/en/copas/1994/col
1994,United States,col,Colombia,77,1,Attack,11,Adolfo Valencia,Left winger,76,false,https://7a0.com.br/en/copas/1994/col
1994,United States,col,Colombia,77,1,Attack,21,Faustino Asprilla,Left winger,87,false,https://7a0.com.br/en/copas/1994/col
1994,United States,ger,Germany,82,3,Goalkeepers,1,Illgner,Goalkeeper,85,false,https://7a0.com.br/en/copas/1994/ger
1994,United States,ger,Germany,82,3,Goalkeepers,12,Köpke,Goalkeeper,82,false,https://7a0.com.br/en/copas/1994/ger
1994,United States,ger,Germany,82,3,Goalkeepers,22,Kahn,Goalkeeper,84,false,https://7a0.com.br/en/copas/1994/ger
1994,United States,ger,Germany,82,3,Defence,14,Berthold,Right-back,81,false,https://7a0.com.br/en/copas/1994/ger
1994,United States,ger,Germany,82,3,Defence,4,Köhler,Centre-back,86,false,https://7a0.com.br/en/copas/1994/ger
1994,United States,ger,Germany,82,3,Defence,5,Helmer,Centre-back,82,false,https://7a0.com.br/en/copas/1994/ger
1994,United States,ger,Germany,82,3,Defence,6,Buchwald,Centre-back,83,false,https://7a0.com.br/en/copas/1994/ger
1994,United States,ger,Germany,82,3,Defence,16,Sammer,Centre-back,87,true,https://7a0.com.br/en/copas/1994/ger
1994,United States,ger,Germany,82,3,Defence,3,Brehme,Left-back,86,false,https://7a0.com.br/en/copas/1994/ger
1994,United States,ger,Germany,82,3,Midfield,2,Strunz,Defensive midfielder,78,false,https://7a0.com.br/en/copas/1994/ger
1994,United States,ger,Germany,82,3,Midfield,8,Häßler,Right midfielder,83,false,https://7a0.com.br/en/copas/1994/ger
1994,United States,ger,Germany,82,3,Midfield,10,Matthäus,Midfielder,90,true,https://7a0.com.br/en/copas/1994/ger
1994,United States,ger,Germany,82,3,Midfield,15,Gaudino,Midfielder,73,false,https://7a0.com.br/en/copas/1994/ger
1994,United States,ger,Germany,82,3,Midfield,20,Effenberg,Midfielder,84,false,https://7a0.com.br/en/copas/1994/ger
1994,United States,ger,Germany,82,3,Midfield,21,Basler,Left midfielder,78,false,https://7a0.com.br/en/copas/1994/ger
1994,United States,ger,Germany,82,3,Midfield,7,Möller,Attacking midfielder,85,false,https://7a0.com.br/en/copas/1994/ger
1994,United States,ger,Germany,82,3,Attack,9,Riedle,Centre-forward,81,false,https://7a0.com.br/en/copas/1994/ger
1994,United States,ger,Germany,82,3,Attack,11,Kuntz,Centre-forward,77,false,https://7a0.com.br/en/copas/1994/ger
1994,United States,ger,Germany,82,3,Attack,13,Völler,Centre-forward,86,false,https://7a0.com.br/en/copas/1994/ger
1994,United States,ger,Germany,82,3,Attack,17,Wagner,Centre-forward,70,false,https://7a0.com.br/en/copas/1994/ger
1994,United States,ger,Germany,82,3,Attack,18,Klinsmann,Centre-forward,88,true,https://7a0.com.br/en/copas/1994/ger
1994,United States,ger,Germany,82,3,Attack,19,Kirsten,Centre-forward,80,false,https://7a0.com.br/en/copas/1994/ger
1994,United States,ita,Italy,79,3,Goalkeepers,1,Pagliuca,Goalkeeper,83,false,https://7a0.com.br/en/copas/1994/ita
1994,United States,ita,Italy,79,3,Goalkeepers,12,Marchegiani,Goalkeeper,74,false,https://7a0.com.br/en/copas/1994/ita
1994,United States,ita,Italy,79,3,Goalkeepers,22,Bucci,Goalkeeper,70,false,https://7a0.com.br/en/copas/1994/ita
1994,United States,ita,Italy,79,3,Defence,3,Benarrivo,Right-back,73,false,https://7a0.com.br/en/copas/1994/ita
1994,United States,ita,Italy,79,3,Defence,8,Mussi,Right-back,73,false,https://7a0.com.br/en/copas/1994/ita
1994,United States,ita,Italy,79,3,Defence,9,Tassotti,Right-back,76,false,https://7a0.com.br/en/copas/1994/ita
1994,United States,ita,Italy,79,3,Defence,2,Apolloni,Centre-back,74,false,https://7a0.com.br/en/copas/1994/ita
1994,United States,ita,Italy,79,3,Defence,4,Costacurta,Centre-back,83,false,https://7a0.com.br/en/copas/1994/ita
1994,United States,ita,Italy,79,3,Defence,6,Baresi,Centre-back,90,true,https://7a0.com.br/en/copas/1994/ita
1994,United States,ita,Italy,79,3,Defence,7,Minotti,Centre-back,73,false,https://7a0.com.br/en/copas/1994/ita
1994,United States,ita,Italy,79,3,Defence,5,Maldini,Left-back,92,true,https://7a0.com.br/en/copas/1994/ita
1994,United States,ita,Italy,79,3,Midfield,13,D. Baggio,Defensive midfielder,80,false,https://7a0.com.br/en/copas/1994/ita
1994,United States,ita,Italy,79,3,Midfield,14,Berti,Defensive midfielder,78,false,https://7a0.com.br/en/copas/1994/ita
1994,United States,ita,Italy,79,3,Midfield,11,Albertini,Midfielder,85,false,https://7a0.com.br/en/copas/1994/ita
1994,United States,ita,Italy,79,3,Midfield,15,Conte,Midfielder,76,false,https://7a0.com.br/en/copas/1994/ita
1994,United States,ita,Italy,79,3,Midfield,16,Donadoni,Left midfielder,82,false,https://7a0.com.br/en/copas/1994/ita
1994,United States,ita,Italy,79,3,Midfield,17,Evani,Left midfielder,70,false,https://7a0.com.br/en/copas/1994/ita
1994,United States,ita,Italy,79,3,Midfield,10,R. Baggio,Attacking midfielder,92,true,https://7a0.com.br/en/copas/1994/ita
1994,United States,ita,Italy,79,3,Attack,18,Casiraghi,Centre-forward,77,false,https://7a0.com.br/en/copas/1994/ita
1994,United States,ita,Italy,79,3,Attack,19,Massaro,Centre-forward,75,false,https://7a0.com.br/en/copas/1994/ita
1994,United States,ita,Italy,79,3,Attack,20,Signori,Centre-forward,80,false,https://7a0.com.br/en/copas/1994/ita
1994,United States,ita,Italy,79,3,Attack,21,Zola,Left winger,83,false,https://7a0.com.br/en/copas/1994/ita
1994,United States,mex,Mexico,77,2,Goalkeepers,1,Campos,Goalkeeper,87,true,https://7a0.com.br/en/copas/1994/mex
1994,United States,mex,Mexico,77,2,Goalkeepers,12,F. Fernández,Goalkeeper,72,false,https://7a0.com.br/en/copas/1994/mex
1994,United States,mex,Mexico,77,2,Goalkeepers,22,A. Chávez,Goalkeeper,71,false,https://7a0.com.br/en/copas/1994/mex
1994,United States,mex,Mexico,77,2,Defence,18,Salgado,Right-back,71,false,https://7a0.com.br/en/copas/1994/mex
1994,United States,mex,Mexico,77,2,Defence,21,R. Gutiérrez,Right-back,74,false,https://7a0.com.br/en/copas/1994/mex
1994,United States,mex,Mexico,77,2,Defence,2,C. Suárez,Centre-back,82,false,https://7a0.com.br/en/copas/1994/mex
1994,United States,mex,Mexico,77,2,Defence,3,J.D. Ramírez,Centre-back,76,false,https://7a0.com.br/en/copas/1994/mex
1994,United States,mex,Mexico,77,2,Midfield,4,Ambríz,Defensive midfielder,78,false,https://7a0.com.br/en/copas/1994/mex
1994,United States,mex,Mexico,77,2,Midfield,5,R. Ramírez,Defensive midfielder,82,false,https://7a0.com.br/en/copas/1994/mex
1994,United States,mex,Mexico,77,2,Midfield,6,Bernal,Defensive midfielder,76,false,https://7a0.com.br/en/copas/1994/mex
1994,United States,mex,Mexico,77,2,Midfield,20,J. Rodríguez,Defensive midfielder,75,false,https://7a0.com.br/en/copas/1994/mex
1994,United States,mex,Mexico,77,2,Midfield,8,García Aspe,Midfielder,83,false,https://7a0.com.br/en/copas/1994/mex
1994,United States,mex,Mexico,77,2,Midfield,13,J.C. Chávez,Midfielder,72,false,https://7a0.com.br/en/copas/1994/mex
1994,United States,mex,Mexico,77,2,Midfield,14,Del Olmo,Midfielder,74,false,https://7a0.com.br/en/copas/1994/mex
1994,United States,mex,Mexico,77,2,Midfield,15,Espinoza,Midfielder,75,false,https://7a0.com.br/en/copas/1994/mex
1994,United States,mex,Mexico,77,2,Midfield,17,Galindo,Attacking midfielder,77,false,https://7a0.com.br/en/copas/1994/mex
1994,United States,mex,Mexico,77,2,Attack,7,Hermosillo,Centre-forward,79,false,https://7a0.com.br/en/copas/1994/mex
1994,United States,mex,Mexico,77,2,Attack,9,Hugo Sánchez,Centre-forward,91,true,https://7a0.com.br/en/copas/1994/mex
1994,United States,mex,Mexico,77,2,Attack,10,L. García,Centre-forward,84,false,https://7a0.com.br/en/copas/1994/mex
1994,United States,mex,Mexico,77,2,Attack,11,Zague,Centre-forward,79,false,https://7a0.com.br/en/copas/1994/mex
1994,United States,mex,Mexico,77,2,Attack,16,Valdéz,Centre-forward,73,false,https://7a0.com.br/en/copas/1994/mex
1994,United States,mex,Mexico,77,2,Attack,19,Salvador,Centre-forward,73,false,https://7a0.com.br/en/copas/1994/mex
1994,United States,ned,Netherlands,81,3,Goalkeepers,1,De Goey,Goalkeeper,82,false,https://7a0.com.br/en/copas/1994/ned
1994,United States,ned,Netherlands,81,3,Goalkeepers,13,Van der Sar,Goalkeeper,77,false,https://7a0.com.br/en/copas/1994/ned
1994,United States,ned,Netherlands,81,3,Goalkeepers,22,Snelders,Goalkeeper,78,false,https://7a0.com.br/en/copas/1994/ned
1994,United States,ned,Netherlands,81,3,Defence,2,F. de Boer,Right-back,83,false,https://7a0.com.br/en/copas/1994/ned
1994,United States,ned,Netherlands,81,3,Defence,4,R. Koeman,Centre-back,91,true,https://7a0.com.br/en/copas/1994/ned
1994,United States,ned,Netherlands,81,3,Defence,14,Van Gobbel,Centre-back,76,false,https://7a0.com.br/en/copas/1994/ned
1994,United States,ned,Netherlands,81,3,Defence,15,Blind,Centre-back,80,false,https://7a0.com.br/en/copas/1994/ned
1994,United States,ned,Netherlands,81,3,Defence,18,Valckx,Centre-back,77,false,https://7a0.com.br/en/copas/1994/ned
1994,United States,ned,Netherlands,81,3,Defence,21,De Wolf,Centre-back,76,false,https://7a0.com.br/en/copas/1994/ned
1994,United States,ned,Netherlands,81,3,Defence,16,Numan,Left-back,79,false,https://7a0.com.br/en/copas/1994/ned
1994,United States,ned,Netherlands,81,3,Midfield,20,Winter,Defensive midfielder,83,false,https://7a0.com.br/en/copas/1994/ned
1994,United States,ned,Netherlands,81,3,Midfield,6,Wouters,Right midfielder,80,false,https://7a0.com.br/en/copas/1994/ned
1994,United States,ned,Netherlands,81,3,Midfield,3,Rijkaard,Midfielder,87,true,https://7a0.com.br/en/copas/1994/ned
1994,United States,ned,Netherlands,81,3,Midfield,8,Jonk,Midfielder,82,false,https://7a0.com.br/en/copas/1994/ned
1994,United States,ned,Netherlands,81,3,Midfield,5,Witschge,Attacking midfielder,78,false,https://7a0.com.br/en/copas/1994/ned
1994,United States,ned,Netherlands,81,3,Midfield,9,R. de Boer,Attacking midfielder,82,false,https://7a0.com.br/en/copas/1994/ned
1994,United States,ned,Netherlands,81,3,Attack,17,Taument,Right winger,74,false,https://7a0.com.br/en/copas/1994/ned
1994,United States,ned,Netherlands,81,3,Attack,10,Bergkamp,Centre-forward,91,true,https://7a0.com.br/en/copas/1994/ned
1994,United States,ned,Netherlands,81,3,Attack,12,Bosman,Centre-forward,75,false,https://7a0.com.br/en/copas/1994/ned
1994,United States,ned,Netherlands,81,3,Attack,19,Van Vossen,Centre-forward,79,false,https://7a0.com.br/en/copas/1994/ned
1994,United States,ned,Netherlands,81,3,Attack,7,Overmars,Left winger,86,false,https://7a0.com.br/en/copas/1994/ned
1994,United States,ned,Netherlands,81,3,Attack,11,Roy,Left winger,82,false,https://7a0.com.br/en/copas/1994/ned
1994,United States,nga,Nigeria,76,1,Goalkeepers,1,Rufai,Goalkeeper,79,false,https://7a0.com.br/en/copas/1994/nga
1994,United States,nga,Nigeria,76,1,Goalkeepers,16,Agu,Goalkeeper,68,false,https://7a0.com.br/en/copas/1994/nga
1994,United States,nga,Nigeria,76,1,Goalkeepers,22,Agbonavbare,Goalkeeper,66,false,https://7a0.com.br/en/copas/1994/nga
1994,United States,nga,Nigeria,76,1,Defence,2,Eguavoen,Right-back,76,false,https://7a0.com.br/en/copas/1994/nga
1994,United States,nga,Nigeria,76,1,Defence,4,Keshi,Centre-back,78,false,https://7a0.com.br/en/copas/1994/nga
1994,United States,nga,Nigeria,76,1,Defence,5,Okechukwu,Centre-back,76,false,https://7a0.com.br/en/copas/1994/nga
1994,United States,nga,Nigeria,76,1,Defence,6,Nwanu,Centre-back,72,false,https://7a0.com.br/en/copas/1994/nga
1994,United States,nga,Nigeria,76,1,Defence,20,Okafor,Centre-back,72,false,https://7a0.com.br/en/copas/1994/nga
1994,United States,nga,Nigeria,76,1,Defence,3,Iroha,Left-back,75,false,https://7a0.com.br/en/copas/1994/nga
1994,United States,nga,Nigeria,76,1,Defence,19,Emenalo,Left-back,71,false,https://7a0.com.br/en/copas/1994/nga
1994,United States,nga,Nigeria,76,1,Midfield,13,Ezeugo,Defensive midfielder,71,false,https://7a0.com.br/en/copas/1994/nga
1994,United States,nga,Nigeria,76,1,Midfield,21,Adepoju,Defensive midfielder,74,false,https://7a0.com.br/en/copas/1994/nga
1994,United States,nga,Nigeria,76,1,Midfield,8,Oliha,Right midfielder,74,false,https://7a0.com.br/en/copas/1994/nga
1994,United States,nga,Nigeria,76,1,Midfield,10,Okocha,Right midfielder,85,true,https://7a0.com.br/en/copas/1994/nga
1994,United States,nga,Nigeria,76,1,Midfield,15,Oliseh,Right midfielder,77,false,https://7a0.com.br/en/copas/1994/nga
1994,United States,nga,Nigeria,76,1,Midfield,12,Siasia,Attacking midfielder,73,false,https://7a0.com.br/en/copas/1994/nga
1994,United States,nga,Nigeria,76,1,Attack,7,Finidi,Right winger,83,false,https://7a0.com.br/en/copas/1994/nga
1994,United States,nga,Nigeria,76,1,Attack,9,Yekini,Centre-forward,83,false,https://7a0.com.br/en/copas/1994/nga
1994,United States,nga,Nigeria,76,1,Attack,14,Amokachi,Centre-forward,82,false,https://7a0.com.br/en/copas/1994/nga
1994,United States,nga,Nigeria,76,1,Attack,17,Ikpeba,Centre-forward,78,false,https://7a0.com.br/en/copas/1994/nga
1994,United States,nga,Nigeria,76,1,Attack,18,Ekoku,Centre-forward,75,false,https://7a0.com.br/en/copas/1994/nga
1994,United States,nga,Nigeria,76,1,Attack,11,Amunike,Left winger,82,false,https://7a0.com.br/en/copas/1994/nga
1994,United States,nor,Norway,77,1,Goalkeepers,1,Thorstvedt,Goalkeeper,82,false,https://7a0.com.br/en/copas/1994/nor
1994,United States,nor,Norway,77,1,Goalkeepers,12,By Rise,Goalkeeper,73,false,https://7a0.com.br/en/copas/1994/nor
1994,United States,nor,Norway,77,1,Goalkeepers,22,Grodås,Goalkeeper,76,false,https://7a0.com.br/en/copas/1994/nor
1994,United States,nor,Norway,77,1,Defence,2,Halle,Right-back,76,false,https://7a0.com.br/en/copas/1994/nor
1994,United States,nor,Norway,77,1,Defence,3,Bratseth,Centre-back,85,true,https://7a0.com.br/en/copas/1994/nor
1994,United States,nor,Norway,77,1,Defence,4,H. Berg,Centre-back,79,false,https://7a0.com.br/en/copas/1994/nor
1994,United States,nor,Norway,77,1,Defence,18,E. Johnsen,Centre-back,76,false,https://7a0.com.br/en/copas/1994/nor
1994,United States,nor,Norway,77,1,Defence,19,T. Pedersen,Centre-back,74,false,https://7a0.com.br/en/copas/1994/nor
1994,United States,nor,Norway,77,1,Defence,5,Bjørnebye,Left-back,79,false,https://7a0.com.br/en/copas/1994/nor
1994,United States,nor,Norway,77,1,Defence,16,R. Nilsen,Left-back,74,false,https://7a0.com.br/en/copas/1994/nor
1994,United States,nor,Norway,77,1,Midfield,13,Håland,Defensive midfielder,77,false,https://7a0.com.br/en/copas/1994/nor
1994,United States,nor,Norway,77,1,Midfield,8,Leonhardsen,Right midfielder,80,false,https://7a0.com.br/en/copas/1994/nor
1994,United States,nor,Norway,77,1,Midfield,21,Strand,Right midfielder,74,false,https://7a0.com.br/en/copas/1994/nor
1994,United States,nor,Norway,77,1,Midfield,6,Mykland,Midfielder,79,false,https://7a0.com.br/en/copas/1994/nor
1994,United States,nor,Norway,77,1,Midfield,9,Rekdal,Midfielder,81,false,https://7a0.com.br/en/copas/1994/nor
1994,United States,nor,Norway,77,1,Midfield,17,Ingebrigtsen,Midfielder,74,false,https://7a0.com.br/en/copas/1994/nor
1994,United States,nor,Norway,77,1,Midfield,20,Ø. Berg,Midfielder,73,false,https://7a0.com.br/en/copas/1994/nor
1994,United States,nor,Norway,77,1,Midfield,7,Bohinen,Attacking midfielder,80,false,https://7a0.com.br/en/copas/1994/nor
1994,United States,nor,Norway,77,1,Attack,15,J. Flo,Right winger,78,false,https://7a0.com.br/en/copas/1994/nor
1994,United States,nor,Norway,77,1,Attack,10,Fjørtoft,Centre-forward,80,false,https://7a0.com.br/en/copas/1994/nor
1994,United States,nor,Norway,77,1,Attack,14,G. Sørloth,Centre-forward,75,false,https://7a0.com.br/en/copas/1994/nor
1994,United States,nor,Norway,77,1,Attack,11,Mini Jakobsen,Left winger,77,false,https://7a0.com.br/en/copas/1994/nor
1994,United States,rou,Romania,77,2,Goalkeepers,1,Prunea,Goalkeeper,76,false,https://7a0.com.br/en/copas/1994/rou
1994,United States,rou,Romania,77,2,Goalkeepers,12,Stelea,Goalkeeper,75,false,https://7a0.com.br/en/copas/1994/rou
1994,United States,rou,Romania,77,2,Goalkeepers,22,Preda,Goalkeeper,70,false,https://7a0.com.br/en/copas/1994/rou
1994,United States,rou,Romania,77,2,Defence,2,Petrescu,Right-back,82,false,https://7a0.com.br/en/copas/1994/rou
1994,United States,rou,Romania,77,2,Defence,3,Prodan,Centre-back,78,false,https://7a0.com.br/en/copas/1994/rou
1994,United States,rou,Romania,77,2,Defence,4,Belodedici,Centre-back,80,false,https://7a0.com.br/en/copas/1994/rou
1994,United States,rou,Romania,77,2,Defence,14,Mihali,Centre-back,75,false,https://7a0.com.br/en/copas/1994/rou
1994,United States,rou,Romania,77,2,Defence,19,Papură,Centre-back,71,false,https://7a0.com.br/en/copas/1994/rou
1994,United States,rou,Romania,77,2,Defence,13,Selymes,Left-back,76,false,https://7a0.com.br/en/copas/1994/rou
1994,United States,rou,Romania,77,2,Midfield,5,Lupescu,Defensive midfielder,80,false,https://7a0.com.br/en/copas/1994/rou
1994,United States,rou,Romania,77,2,Midfield,6,Popescu,Defensive midfielder,85,true,https://7a0.com.br/en/copas/1994/rou
1994,United States,rou,Romania,77,2,Midfield,8,Chiriță,Defensive midfielder,72,false,https://7a0.com.br/en/copas/1994/rou
1994,United States,rou,Romania,77,2,Midfield,15,Panduru,Defensive midfielder,74,false,https://7a0.com.br/en/copas/1994/rou
1994,United States,rou,Romania,77,2,Midfield,18,Gâlcă,Defensive midfielder,74,false,https://7a0.com.br/en/copas/1994/rou
1994,United States,rou,Romania,77,2,Midfield,7,Munteanu,Midfielder,81,false,https://7a0.com.br/en/copas/1994/rou
1994,United States,rou,Romania,77,2,Midfield,10,Hagi,Attacking midfielder,88,true,https://7a0.com.br/en/copas/1994/rou
1994,United States,rou,Romania,77,2,Midfield,20,Stîngă,Attacking midfielder,74,false,https://7a0.com.br/en/copas/1994/rou
1994,United States,rou,Romania,77,2,Attack,21,Ivan,Right winger,71,false,https://7a0.com.br/en/copas/1994/rou
1994,United States,rou,Romania,77,2,Attack,9,Răducioiu,Centre-forward,83,false,https://7a0.com.br/en/copas/1994/rou
1994,United States,rou,Romania,77,2,Attack,16,Vlădoiu,Centre-forward,72,false,https://7a0.com.br/en/copas/1994/rou
1994,United States,rou,Romania,77,2,Attack,17,Moldovan,Centre-forward,76,false,https://7a0.com.br/en/copas/1994/rou
1994,United States,rou,Romania,77,2,Attack,11,Dumitrescu,Left winger,82,false,https://7a0.com.br/en/copas/1994/rou
1994,United States,swe,Sweden,77,1,Goalkeepers,1,Ravelli,Goalkeeper,82,false,https://7a0.com.br/en/copas/1994/swe
1994,United States,swe,Sweden,77,1,Goalkeepers,12,L. Eriksson,Goalkeeper,71,false,https://7a0.com.br/en/copas/1994/swe
1994,United States,swe,Sweden,77,1,Goalkeepers,22,Hedman,Goalkeeper,72,false,https://7a0.com.br/en/copas/1994/swe
1994,United States,swe,Sweden,77,1,Defence,2,R. Nilsson,Right-back,79,false,https://7a0.com.br/en/copas/1994/swe
1994,United States,swe,Sweden,77,1,Defence,13,M. Nilsson,Right-back,72,false,https://7a0.com.br/en/copas/1994/swe
1994,United States,swe,Sweden,77,1,Defence,3,P. Andersson,Centre-back,80,false,https://7a0.com.br/en/copas/1994/swe
1994,United States,swe,Sweden,77,1,Defence,4,Björklund,Centre-back,78,false,https://7a0.com.br/en/copas/1994/swe
1994,United States,swe,Sweden,77,1,Defence,14,Kåmark,Centre-back,75,false,https://7a0.com.br/en/copas/1994/swe
1994,United States,swe,Sweden,77,1,Defence,15,Lučić,Centre-back,71,false,https://7a0.com.br/en/copas/1994/swe
1994,United States,swe,Sweden,77,1,Defence,20,Erlingmark,Centre-back,70,false,https://7a0.com.br/en/copas/1994/swe
1994,United States,swe,Sweden,77,1,Defence,5,Ljung,Left-back,75,false,https://7a0.com.br/en/copas/1994/swe
1994,United States,swe,Sweden,77,1,Midfield,8,Ingesson,Defensive midfielder,77,false,https://7a0.com.br/en/copas/1994/swe
1994,United States,swe,Sweden,77,1,Midfield,9,Thern,Defensive midfielder,82,false,https://7a0.com.br/en/copas/1994/swe
1994,United States,swe,Sweden,77,1,Midfield,6,Schwarz,Midfielder,81,false,https://7a0.com.br/en/copas/1994/swe
1994,United States,swe,Sweden,77,1,Midfield,17,Rehn,Midfielder,73,false,https://7a0.com.br/en/copas/1994/swe
1994,United States,swe,Sweden,77,1,Midfield,18,Mild,Midfielder,76,false,https://7a0.com.br/en/copas/1994/swe
1994,United States,swe,Sweden,77,1,Attack,7,H. Larsson,Right winger,78,false,https://7a0.com.br/en/copas/1994/swe
1994,United States,swe,Sweden,77,1,Attack,11,Brolin,Right winger,85,true,https://7a0.com.br/en/copas/1994/swe
1994,United States,swe,Sweden,77,1,Attack,10,Dahlin,Centre-forward,82,false,https://7a0.com.br/en/copas/1994/swe
1994,United States,swe,Sweden,77,1,Attack,19,K. Andersson,Centre-forward,83,false,https://7a0.com.br/en/copas/1994/swe
1994,United States,swe,Sweden,77,1,Attack,16,Limpar,Left winger,80,false,https://7a0.com.br/en/copas/1994/swe
1994,United States,swe,Sweden,77,1,Attack,21,Blomqvist,Left winger,76,false,https://7a0.com.br/en/copas/1994/swe
1994,United States,usa,United States,74,0,Goalkeepers,1,Meola,Goalkeeper,78,false,https://7a0.com.br/en/copas/1994/usa
1994,United States,usa,United States,74,0,Goalkeepers,12,Sommer,Goalkeeper,68,false,https://7a0.com.br/en/copas/1994/usa
1994,United States,usa,United States,74,0,Goalkeepers,18,Friedel,Goalkeeper,74,false,https://7a0.com.br/en/copas/1994/usa
1994,United States,usa,United States,74,0,Defence,3,Burns,Right-back,67,false,https://7a0.com.br/en/copas/1994/usa
1994,United States,usa,United States,74,0,Defence,21,Clavijo,Right-back,70,false,https://7a0.com.br/en/copas/1994/usa
1994,United States,usa,United States,74,0,Defence,2,Lapper,Centre-back,66,false,https://7a0.com.br/en/copas/1994/usa
1994,United States,usa,United States,74,0,Defence,4,Kooiman,Centre-back,67,false,https://7a0.com.br/en/copas/1994/usa
1994,United States,usa,United States,74,0,Defence,17,Balboa,Centre-back,79,false,https://7a0.com.br/en/copas/1994/usa
1994,United States,usa,United States,74,0,Defence,22,Lalas,Centre-back,78,false,https://7a0.com.br/en/copas/1994/usa
1994,United States,usa,United States,74,0,Defence,20,Caligiuri,Left-back,73,false,https://7a0.com.br/en/copas/1994/usa
1994,United States,usa,United States,74,0,Midfield,5,Dooley,Defensive midfielder,78,false,https://7a0.com.br/en/copas/1994/usa
1994,United States,usa,United States,74,0,Midfield,6,Harkes,Defensive midfielder,79,false,https://7a0.com.br/en/copas/1994/usa
1994,United States,usa,United States,74,0,Midfield,16,Sorber,Defensive midfielder,70,false,https://7a0.com.br/en/copas/1994/usa
1994,United States,usa,United States,74,0,Midfield,19,Reyna,Defensive midfielder,76,false,https://7a0.com.br/en/copas/1994/usa
1994,United States,usa,United States,74,0,Midfield,7,Pérez,Midfielder,74,false,https://7a0.com.br/en/copas/1994/usa
1994,United States,usa,United States,74,0,Midfield,9,Ramos,Attacking midfielder,80,false,https://7a0.com.br/en/copas/1994/usa
1994,United States,usa,United States,74,0,Attack,8,Stewart,Right winger,77,false,https://7a0.com.br/en/copas/1994/usa
1994,United States,usa,United States,74,0,Attack,13,Jones,Right winger,75,false,https://7a0.com.br/en/copas/1994/usa
1994,United States,usa,United States,74,0,Attack,10,Wegerle,Centre-forward,75,false,https://7a0.com.br/en/copas/1994/usa
1994,United States,usa,United States,74,0,Attack,11,Wynalda,Centre-forward,80,false,https://7a0.com.br/en/copas/1994/usa
1994,United States,usa,United States,74,0,Attack,14,Klopas,Centre-forward,68,false,https://7a0.com.br/en/copas/1994/usa
1994,United States,usa,United States,74,0,Attack,15,Moore,Centre-forward,72,false,https://7a0.com.br/en/copas/1994/usa
1998,France,arg,Argentina,81,3,Goalkeepers,1,Roa,Goalkeeper,82,false,https://7a0.com.br/en/copas/1998/arg
1998,France,arg,Argentina,81,3,Goalkeepers,12,Burgos,Goalkeeper,76,false,https://7a0.com.br/en/copas/1998/arg
1998,France,arg,Argentina,81,3,Goalkeepers,17,Cavallero,Goalkeeper,75,false,https://7a0.com.br/en/copas/1998/arg
1998,France,arg,Argentina,81,3,Defence,14,Vivas,Right-back,77,false,https://7a0.com.br/en/copas/1998/arg
1998,France,arg,Argentina,81,3,Defence,22,Zanetti,Right-back,88,true,https://7a0.com.br/en/copas/1998/arg
1998,France,arg,Argentina,81,3,Defence,2,Ayala,Centre-back,86,false,https://7a0.com.br/en/copas/1998/arg
1998,France,arg,Argentina,81,3,Defence,3,Chamot,Centre-back,82,false,https://7a0.com.br/en/copas/1998/arg
1998,France,arg,Argentina,81,3,Defence,4,Pineda,Centre-back,74,false,https://7a0.com.br/en/copas/1998/arg
1998,France,arg,Argentina,81,3,Defence,6,Sensini,Centre-back,80,false,https://7a0.com.br/en/copas/1998/arg
1998,France,arg,Argentina,81,3,Defence,13,Paz,Centre-back,74,false,https://7a0.com.br/en/copas/1998/arg
1998,France,arg,Argentina,81,3,Midfield,5,Almeyda,Defensive midfielder,82,false,https://7a0.com.br/en/copas/1998/arg
1998,France,arg,Argentina,81,3,Midfield,8,Simeone,Defensive midfielder,85,false,https://7a0.com.br/en/copas/1998/arg
1998,France,arg,Argentina,81,3,Midfield,15,Astrada,Defensive midfielder,76,false,https://7a0.com.br/en/copas/1998/arg
1998,France,arg,Argentina,81,3,Midfield,11,Verón,Midfielder,88,true,https://7a0.com.br/en/copas/1998/arg
1998,France,arg,Argentina,81,3,Midfield,10,Ortega,Attacking midfielder,86,false,https://7a0.com.br/en/copas/1998/arg
1998,France,arg,Argentina,81,3,Midfield,20,Gallardo,Attacking midfielder,80,false,https://7a0.com.br/en/copas/1998/arg
1998,France,arg,Argentina,81,3,Attack,16,Berti,Right winger,75,false,https://7a0.com.br/en/copas/1998/arg
1998,France,arg,Argentina,81,3,Attack,7,C. López,Centre-forward,83,false,https://7a0.com.br/en/copas/1998/arg
1998,France,arg,Argentina,81,3,Attack,9,Batistuta,Centre-forward,92,true,https://7a0.com.br/en/copas/1998/arg
1998,France,arg,Argentina,81,3,Attack,18,Balbo,Centre-forward,79,false,https://7a0.com.br/en/copas/1998/arg
1998,France,arg,Argentina,81,3,Attack,19,Crespo,Centre-forward,84,false,https://7a0.com.br/en/copas/1998/arg
1998,France,arg,Argentina,81,3,Attack,21,Delgado,Centre-forward,76,false,https://7a0.com.br/en/copas/1998/arg
1998,France,bra,Brazil,80,4,Goalkeepers,1,Taffarel,Goalkeeper,83,false,https://7a0.com.br/en/copas/1998/bra
1998,France,bra,Brazil,80,4,Goalkeepers,12,Carlos Germano,Goalkeeper,70,false,https://7a0.com.br/en/copas/1998/bra
1998,France,bra,Brazil,80,4,Goalkeepers,22,Dida,Goalkeeper,76,false,https://7a0.com.br/en/copas/1998/bra
1998,France,bra,Brazil,80,4,Defence,2,Cafu,Right-back,86,true,https://7a0.com.br/en/copas/1998/bra
1998,France,bra,Brazil,80,4,Defence,13,Zé Carlos,Right-back,72,false,https://7a0.com.br/en/copas/1998/bra
1998,France,bra,Brazil,80,4,Defence,3,Aldair,Centre-back,84,false,https://7a0.com.br/en/copas/1998/bra
1998,France,bra,Brazil,80,4,Defence,4,Júnior Baiano,Centre-back,77,false,https://7a0.com.br/en/copas/1998/bra
1998,France,bra,Brazil,80,4,Defence,14,Marcelo Gonçalves,Centre-back,71,false,https://7a0.com.br/en/copas/1998/bra
1998,France,bra,Brazil,80,4,Defence,15,André Cruz,Centre-back,73,false,https://7a0.com.br/en/copas/1998/bra
1998,France,bra,Brazil,80,4,Defence,6,Roberto Carlos,Left-back,89,true,https://7a0.com.br/en/copas/1998/bra
1998,France,bra,Brazil,80,4,Midfield,5,César Sampaio,Defensive midfielder,78,false,https://7a0.com.br/en/copas/1998/bra
1998,France,bra,Brazil,80,4,Midfield,8,Dunga,Defensive midfielder,85,false,https://7a0.com.br/en/copas/1998/bra
1998,France,bra,Brazil,80,4,Midfield,11,Emerson,Defensive midfielder,79,false,https://7a0.com.br/en/copas/1998/bra
1998,France,bra,Brazil,80,4,Midfield,17,Doriva,Defensive midfielder,70,false,https://7a0.com.br/en/copas/1998/bra
1998,France,bra,Brazil,80,4,Midfield,16,Zé Roberto,Left midfielder,79,false,https://7a0.com.br/en/copas/1998/bra
1998,France,bra,Brazil,80,4,Midfield,18,Leonardo,Left midfielder,81,false,https://7a0.com.br/en/copas/1998/bra
1998,France,bra,Brazil,80,4,Midfield,7,Giovanni,Attacking midfielder,76,false,https://7a0.com.br/en/copas/1998/bra
1998,France,bra,Brazil,80,4,Midfield,10,Rivaldo,Attacking midfielder,90,true,https://7a0.com.br/en/copas/1998/bra
1998,France,bra,Brazil,80,4,Attack,9,Ronaldo,Centre-forward,95,true,https://7a0.com.br/en/copas/1998/bra
1998,France,bra,Brazil,80,4,Attack,20,Bebeto,Centre-forward,80,false,https://7a0.com.br/en/copas/1998/bra
1998,France,bra,Brazil,80,4,Attack,21,Edmilton,Centre-forward,79,false,https://7a0.com.br/en/copas/1998/bra
1998,France,bra,Brazil,80,4,Attack,19,Denílson,Left winger,77,false,https://7a0.com.br/en/copas/1998/bra
1998,France,chi,Chile,77,2,Goalkeepers,1,Tapia,Goalkeeper,77,false,https://7a0.com.br/en/copas/1998/chi
1998,France,chi,Chile,77,2,Goalkeepers,12,M. Ramírez,Goalkeeper,73,false,https://7a0.com.br/en/copas/1998/chi
1998,France,chi,Chile,77,2,Goalkeepers,22,Tejas,Goalkeeper,72,false,https://7a0.com.br/en/copas/1998/chi
1998,France,chi,Chile,77,2,Defence,2,Castañeda,Right-back,76,false,https://7a0.com.br/en/copas/1998/chi
1998,France,chi,Chile,77,2,Defence,3,Fuentes,Centre-back,75,false,https://7a0.com.br/en/copas/1998/chi
1998,France,chi,Chile,77,2,Defence,4,Rojas,Centre-back,75,false,https://7a0.com.br/en/copas/1998/chi
1998,France,chi,Chile,77,2,Defence,5,Margas,Centre-back,80,false,https://7a0.com.br/en/copas/1998/chi
1998,France,chi,Chile,77,2,Defence,6,Reyes,Centre-back,77,false,https://7a0.com.br/en/copas/1998/chi
1998,France,chi,Chile,77,2,Midfield,7,Parraguez,Defensive midfielder,75,false,https://7a0.com.br/en/copas/1998/chi
1998,France,chi,Chile,77,2,Midfield,8,Acuña,Defensive midfielder,80,false,https://7a0.com.br/en/copas/1998/chi
1998,France,chi,Chile,77,2,Midfield,14,Mi. Ramírez,Defensive midfielder,75,false,https://7a0.com.br/en/copas/1998/chi
1998,France,chi,Chile,77,2,Midfield,15,Villarroel,Defensive midfielder,74,false,https://7a0.com.br/en/copas/1998/chi
1998,France,chi,Chile,77,2,Midfield,18,Musrri,Defensive midfielder,75,false,https://7a0.com.br/en/copas/1998/chi
1998,France,chi,Chile,77,2,Midfield,17,Vega,Midfielder,76,false,https://7a0.com.br/en/copas/1998/chi
1998,France,chi,Chile,77,2,Midfield,19,Cornejo,Midfielder,74,false,https://7a0.com.br/en/copas/1998/chi
1998,France,chi,Chile,77,2,Midfield,16,Aros,Left midfielder,74,false,https://7a0.com.br/en/copas/1998/chi
1998,France,chi,Chile,77,2,Midfield,10,Sierra,Attacking midfielder,82,false,https://7a0.com.br/en/copas/1998/chi
1998,France,chi,Chile,77,2,Midfield,20,Estay,Attacking midfielder,78,false,https://7a0.com.br/en/copas/1998/chi
1998,France,chi,Chile,77,2,Attack,9,Zamorano,Centre-forward,85,true,https://7a0.com.br/en/copas/1998/chi
1998,France,chi,Chile,77,2,Attack,11,Salas,Centre-forward,86,true,https://7a0.com.br/en/copas/1998/chi
1998,France,chi,Chile,77,2,Attack,13,Neira,Centre-forward,73,false,https://7a0.com.br/en/copas/1998/chi
1998,France,chi,Chile,77,2,Attack,21,Barrera,Centre-forward,73,false,https://7a0.com.br/en/copas/1998/chi
1998,France,col,Colombia,76,2,Goalkeepers,1,Óscar Córdoba,Goalkeeper,82,false,https://7a0.com.br/en/copas/1998/col
1998,France,col,Colombia,76,2,Goalkeepers,12,Calero,Goalkeeper,73,false,https://7a0.com.br/en/copas/1998/col
1998,France,col,Colombia,76,2,Goalkeepers,22,Mondragón,Goalkeeper,78,false,https://7a0.com.br/en/copas/1998/col
1998,France,col,Colombia,76,2,Defence,8,H. Lozano,Right-back,75,false,https://7a0.com.br/en/copas/1998/col
1998,France,col,Colombia,76,2,Defence,16,Moreno,Right-back,72,false,https://7a0.com.br/en/copas/1998/col
1998,France,col,Colombia,76,2,Defence,2,I. Córdoba,Centre-back,79,false,https://7a0.com.br/en/copas/1998/col
1998,France,col,Colombia,76,2,Defence,4,Santa,Centre-back,75,false,https://7a0.com.br/en/copas/1998/col
1998,France,col,Colombia,76,2,Defence,5,Bermúdez,Centre-back,80,false,https://7a0.com.br/en/copas/1998/col
1998,France,col,Colombia,76,2,Defence,3,Palacios,Left-back,67,false,https://7a0.com.br/en/copas/1998/col
1998,France,col,Colombia,76,2,Defence,13,Cabrera,Left-back,75,false,https://7a0.com.br/en/copas/1998/col
1998,France,col,Colombia,76,2,Midfield,6,Mauricio Serna,Defensive midfielder,77,false,https://7a0.com.br/en/copas/1998/col
1998,France,col,Colombia,76,2,Midfield,18,Pérez,Defensive midfielder,73,false,https://7a0.com.br/en/copas/1998/col
1998,France,col,Colombia,76,2,Midfield,19,Freddy Rincón,Defensive midfielder,83,false,https://7a0.com.br/en/copas/1998/col
1998,France,col,Colombia,76,2,Midfield,10,Carlos Valderrama,Midfielder,84,true,https://7a0.com.br/en/copas/1998/col
1998,France,col,Colombia,76,2,Midfield,14,Bolaño,Midfielder,68,false,https://7a0.com.br/en/copas/1998/col
1998,France,col,Colombia,76,2,Midfield,17,A. Estrada,Attacking midfielder,70,false,https://7a0.com.br/en/copas/1998/col
1998,France,col,Colombia,76,2,Attack,7,De Ávila,Centre-forward,76,false,https://7a0.com.br/en/copas/1998/col
1998,France,col,Colombia,76,2,Attack,9,A. Valencia,Centre-forward,78,false,https://7a0.com.br/en/copas/1998/col
1998,France,col,Colombia,76,2,Attack,11,Faustino Asprilla,Centre-forward,86,true,https://7a0.com.br/en/copas/1998/col
1998,France,col,Colombia,76,2,Attack,15,Aristizábal,Centre-forward,79,false,https://7a0.com.br/en/copas/1998/col
1998,France,col,Colombia,76,2,Attack,20,Ricard,Centre-forward,75,false,https://7a0.com.br/en/copas/1998/col
1998,France,col,Colombia,76,2,Attack,21,L. Preciado,Left winger,70,false,https://7a0.com.br/en/copas/1998/col
1998,France,cro,Croatia,78,3,Goalkeepers,1,Ladić,Goalkeeper,80,false,https://7a0.com.br/en/copas/1998/cro
1998,France,cro,Croatia,78,3,Goalkeepers,12,Mrmić,Goalkeeper,71,false,https://7a0.com.br/en/copas/1998/cro
1998,France,cro,Croatia,78,3,Goalkeepers,22,Vasilj,Goalkeeper,69,false,https://7a0.com.br/en/copas/1998/cro
1998,France,cro,Croatia,78,3,Defence,18,Mamić,Right-back,74,false,https://7a0.com.br/en/copas/1998/cro
1998,France,cro,Croatia,78,3,Defence,20,Šimić,Right-back,79,false,https://7a0.com.br/en/copas/1998/cro
1998,France,cro,Croatia,78,3,Defence,4,Štimac,Centre-back,80,false,https://7a0.com.br/en/copas/1998/cro
1998,France,cro,Croatia,78,3,Defence,5,Jurić,Centre-back,74,false,https://7a0.com.br/en/copas/1998/cro
1998,France,cro,Croatia,78,3,Defence,6,Bilić,Centre-back,80,false,https://7a0.com.br/en/copas/1998/cro
1998,France,cro,Croatia,78,3,Defence,15,Tudor,Centre-back,78,false,https://7a0.com.br/en/copas/1998/cro
1998,France,cro,Croatia,78,3,Defence,3,Šerić,Left-back,71,false,https://7a0.com.br/en/copas/1998/cro
1998,France,cro,Croatia,78,3,Defence,17,Jarni,Left-back,83,false,https://7a0.com.br/en/copas/1998/cro
1998,France,cro,Croatia,78,3,Midfield,8,Prosinečki,Defensive midfielder,85,true,https://7a0.com.br/en/copas/1998/cro
1998,France,cro,Croatia,78,3,Midfield,10,Boban,Defensive midfielder,86,true,https://7a0.com.br/en/copas/1998/cro
1998,France,cro,Croatia,78,3,Midfield,13,Stanić,Defensive midfielder,80,false,https://7a0.com.br/en/copas/1998/cro
1998,France,cro,Croatia,78,3,Midfield,14,Soldo,Defensive midfielder,79,false,https://7a0.com.br/en/copas/1998/cro
1998,France,cro,Croatia,78,3,Midfield,21,Jurčić,Defensive midfielder,73,false,https://7a0.com.br/en/copas/1998/cro
1998,France,cro,Croatia,78,3,Midfield,7,Asanović,Attacking midfielder,83,false,https://7a0.com.br/en/copas/1998/cro
1998,France,cro,Croatia,78,3,Midfield,11,Marić,Attacking midfielder,74,false,https://7a0.com.br/en/copas/1998/cro
1998,France,cro,Croatia,78,3,Attack,2,Krpan,Centre-forward,70,false,https://7a0.com.br/en/copas/1998/cro
1998,France,cro,Croatia,78,3,Attack,9,Šuker,Centre-forward,90,true,https://7a0.com.br/en/copas/1998/cro
1998,France,cro,Croatia,78,3,Attack,19,Vlaović,Centre-forward,79,false,https://7a0.com.br/en/copas/1998/cro
1998,France,cro,Croatia,78,3,Attack,16,Kozniku,Left winger,72,false,https://7a0.com.br/en/copas/1998/cro
1998,France,den,Denmark,78,3,Goalkeepers,1,Peter Schmeichel,Goalkeeper,88,true,https://7a0.com.br/en/copas/1998/den
1998,France,den,Denmark,78,3,Goalkeepers,16,Mogens Krogh,Goalkeeper,72,false,https://7a0.com.br/en/copas/1998/den
1998,France,den,Denmark,78,3,Goalkeepers,22,Peter Kjær,Goalkeeper,71,false,https://7a0.com.br/en/copas/1998/den
1998,France,den,Denmark,78,3,Defence,2,Michael Schjønberg,Right-back,76,false,https://7a0.com.br/en/copas/1998/den
1998,France,den,Denmark,78,3,Defence,4,Jes Høgh,Right-back,75,false,https://7a0.com.br/en/copas/1998/den
1998,France,den,Denmark,78,3,Defence,6,Thomas Helveg,Right-back,80,false,https://7a0.com.br/en/copas/1998/den
1998,France,den,Denmark,78,3,Defence,12,Søren Colding,Right-back,73,false,https://7a0.com.br/en/copas/1998/den
1998,France,den,Denmark,78,3,Defence,3,Marc Rieper,Centre-back,78,false,https://7a0.com.br/en/copas/1998/den
1998,France,den,Denmark,78,3,Defence,13,Jacob Laursen,Centre-back,76,false,https://7a0.com.br/en/copas/1998/den
1998,France,den,Denmark,78,3,Defence,20,René Henriksen,Centre-back,77,false,https://7a0.com.br/en/copas/1998/den
1998,France,den,Denmark,78,3,Defence,5,Jan Heintze,Left-back,74,false,https://7a0.com.br/en/copas/1998/den
1998,France,den,Denmark,78,3,Midfield,7,Allan Nielsen,Defensive midfielder,76,false,https://7a0.com.br/en/copas/1998/den
1998,France,den,Denmark,78,3,Midfield,8,Per Frandsen,Defensive midfielder,76,false,https://7a0.com.br/en/copas/1998/den
1998,France,den,Denmark,78,3,Midfield,14,Morten Wieghorst,Defensive midfielder,76,false,https://7a0.com.br/en/copas/1998/den
1998,France,den,Denmark,78,3,Midfield,15,Stig Tøfting,Defensive midfielder,79,false,https://7a0.com.br/en/copas/1998/den
1998,France,den,Denmark,78,3,Midfield,17,Bjarne Goldbæk,Right midfielder,77,false,https://7a0.com.br/en/copas/1998/den
1998,France,den,Denmark,78,3,Midfield,21,Martin Jørgensen,Right midfielder,80,false,https://7a0.com.br/en/copas/1998/den
1998,France,den,Denmark,78,3,Midfield,11,Brian Laudrup,Left midfielder,88,true,https://7a0.com.br/en/copas/1998/den
1998,France,den,Denmark,78,3,Midfield,10,Michael Laudrup,Attacking midfielder,92,true,https://7a0.com.br/en/copas/1998/den
1998,France,den,Denmark,78,3,Attack,9,Miklos Molnar,Left winger,76,false,https://7a0.com.br/en/copas/1998/den
1998,France,den,Denmark,78,3,Attack,18,Peter Møller,Left winger,74,false,https://7a0.com.br/en/copas/1998/den
1998,France,den,Denmark,78,3,Attack,19,Ebbe Sand,Left winger,80,false,https://7a0.com.br/en/copas/1998/den
1998,France,eng,England,81,3,Goalkeepers,1,Seaman,Goalkeeper,86,false,https://7a0.com.br/en/copas/1998/eng
1998,France,eng,England,81,3,Goalkeepers,13,Martyn,Goalkeeper,78,false,https://7a0.com.br/en/copas/1998/eng
1998,France,eng,England,81,3,Goalkeepers,22,Flowers,Goalkeeper,74,false,https://7a0.com.br/en/copas/1998/eng
1998,France,eng,England,81,3,Defence,12,G. Neville,Right-back,81,false,https://7a0.com.br/en/copas/1998/eng
1998,France,eng,England,81,3,Defence,2,Campbell,Centre-back,83,false,https://7a0.com.br/en/copas/1998/eng
1998,France,eng,England,81,3,Defence,5,Adams,Centre-back,85,false,https://7a0.com.br/en/copas/1998/eng
1998,France,eng,England,81,3,Defence,6,Southgate,Centre-back,79,false,https://7a0.com.br/en/copas/1998/eng
1998,France,eng,England,81,3,Defence,18,Keown,Centre-back,79,false,https://7a0.com.br/en/copas/1998/eng
1998,France,eng,England,81,3,Defence,21,R. Ferdinand,Centre-back,79,false,https://7a0.com.br/en/copas/1998/eng
1998,France,eng,England,81,3,Defence,3,Le Saux,Left-back,79,false,https://7a0.com.br/en/copas/1998/eng
1998,France,eng,England,81,3,Midfield,4,Ince,Defensive midfielder,83,false,https://7a0.com.br/en/copas/1998/eng
1998,France,eng,England,81,3,Midfield,7,Beckham,Defensive midfielder,86,true,https://7a0.com.br/en/copas/1998/eng
1998,France,eng,England,81,3,Midfield,8,Batty,Defensive midfielder,78,false,https://7a0.com.br/en/copas/1998/eng
1998,France,eng,England,81,3,Midfield,16,Scholes,Midfielder,85,false,https://7a0.com.br/en/copas/1998/eng
1998,France,eng,England,81,3,Midfield,17,R. Lee,Midfielder,75,false,https://7a0.com.br/en/copas/1998/eng
1998,France,eng,England,81,3,Midfield,15,Merson,Attacking midfielder,79,false,https://7a0.com.br/en/copas/1998/eng
1998,France,eng,England,81,3,Attack,14,Anderton,Right winger,80,false,https://7a0.com.br/en/copas/1998/eng
1998,France,eng,England,81,3,Attack,9,Shearer,Centre-forward,88,true,https://7a0.com.br/en/copas/1998/eng
1998,France,eng,England,81,3,Attack,10,Sheringham,Centre-forward,82,false,https://7a0.com.br/en/copas/1998/eng
1998,France,eng,England,81,3,Attack,19,L. Ferdinand,Centre-forward,79,false,https://7a0.com.br/en/copas/1998/eng
1998,France,eng,England,81,3,Attack,20,Owen,Centre-forward,87,true,https://7a0.com.br/en/copas/1998/eng
1998,France,eng,England,81,3,Attack,11,McManaman,Left winger,80,false,https://7a0.com.br/en/copas/1998/eng
1998,France,fra,France,82,3,Goalkeepers,1,Lama,Goalkeeper,78,false,https://7a0.com.br/en/copas/1998/fra
1998,France,fra,France,82,3,Goalkeepers,16,Barthez,Goalkeeper,88,false,https://7a0.com.br/en/copas/1998/fra
1998,France,fra,France,82,3,Goalkeepers,22,Charbonnier,Goalkeeper,70,false,https://7a0.com.br/en/copas/1998/fra
1998,France,fra,France,82,3,Defence,15,Thuram,Right-back,90,false,https://7a0.com.br/en/copas/1998/fra
1998,France,fra,France,82,3,Defence,5,Blanc,Centre-back,86,false,https://7a0.com.br/en/copas/1998/fra
1998,France,fra,France,82,3,Defence,8,Desailly,Centre-back,90,true,https://7a0.com.br/en/copas/1998/fra
1998,France,fra,France,82,3,Defence,18,Leboeuf,Centre-back,80,false,https://7a0.com.br/en/copas/1998/fra
1998,France,fra,France,82,3,Defence,2,Candela,Left-back,79,false,https://7a0.com.br/en/copas/1998/fra
1998,France,fra,France,82,3,Defence,3,Lizarazu,Left-back,89,false,https://7a0.com.br/en/copas/1998/fra
1998,France,fra,France,82,3,Midfield,4,Vieira,Defensive midfielder,84,false,https://7a0.com.br/en/copas/1998/fra
1998,France,fra,France,82,3,Midfield,7,Deschamps,Defensive midfielder,85,false,https://7a0.com.br/en/copas/1998/fra
1998,France,fra,France,82,3,Midfield,14,Boghossian,Defensive midfielder,78,false,https://7a0.com.br/en/copas/1998/fra
1998,France,fra,France,82,3,Midfield,17,Petit,Defensive midfielder,85,false,https://7a0.com.br/en/copas/1998/fra
1998,France,fra,France,82,3,Midfield,19,Karembeu,Right midfielder,79,false,https://7a0.com.br/en/copas/1998/fra
1998,France,fra,France,82,3,Midfield,10,Zidane,Midfielder,95,true,https://7a0.com.br/en/copas/1998/fra
1998,France,fra,France,82,3,Midfield,11,Pires,Left midfielder,80,false,https://7a0.com.br/en/copas/1998/fra
1998,France,fra,France,82,3,Midfield,6,Djorkaeff,Attacking midfielder,84,false,https://7a0.com.br/en/copas/1998/fra
1998,France,fra,France,82,3,Attack,12,Henry,Right winger,83,true,https://7a0.com.br/en/copas/1998/fra
1998,France,fra,France,82,3,Attack,9,Guivarc'h,Centre-forward,74,false,https://7a0.com.br/en/copas/1998/fra
1998,France,fra,France,82,3,Attack,20,Trezeguet,Centre-forward,80,false,https://7a0.com.br/en/copas/1998/fra
1998,France,fra,France,82,3,Attack,21,Dugarry,Centre-forward,78,false,https://7a0.com.br/en/copas/1998/fra
1998,France,fra,France,82,3,Attack,13,Diomède,Left winger,74,false,https://7a0.com.br/en/copas/1998/fra
1998,France,ger,Germany,80,3,Goalkeepers,1,Köpke,Goalkeeper,84,false,https://7a0.com.br/en/copas/1998/ger
1998,France,ger,Germany,80,3,Goalkeepers,12,Kahn,Goalkeeper,87,true,https://7a0.com.br/en/copas/1998/ger
1998,France,ger,Germany,80,3,Goalkeepers,22,Lehmann,Goalkeeper,78,false,https://7a0.com.br/en/copas/1998/ger
1998,France,ger,Germany,80,3,Defence,14,Babbel,Right-back,81,false,https://7a0.com.br/en/copas/1998/ger
1998,France,ger,Germany,80,3,Defence,19,Reuter,Right-back,78,false,https://7a0.com.br/en/copas/1998/ger
1998,France,ger,Germany,80,3,Defence,2,Wörns,Centre-back,78,false,https://7a0.com.br/en/copas/1998/ger
1998,France,ger,Germany,80,3,Defence,4,Köhler,Centre-back,82,false,https://7a0.com.br/en/copas/1998/ger
1998,France,ger,Germany,80,3,Defence,5,Helmer,Centre-back,78,false,https://7a0.com.br/en/copas/1998/ger
1998,France,ger,Germany,80,3,Defence,8,Matthäus,Centre-back,88,true,https://7a0.com.br/en/copas/1998/ger
1998,France,ger,Germany,80,3,Defence,3,Heinrich,Left-back,75,false,https://7a0.com.br/en/copas/1998/ger
1998,France,ger,Germany,80,3,Defence,17,Ziege,Left-back,82,false,https://7a0.com.br/en/copas/1998/ger
1998,France,ger,Germany,80,3,Defence,21,Tarnat,Left-back,76,false,https://7a0.com.br/en/copas/1998/ger
1998,France,ger,Germany,80,3,Midfield,6,Thon,Defensive midfielder,77,false,https://7a0.com.br/en/copas/1998/ger
1998,France,ger,Germany,80,3,Midfield,10,Häßler,Right midfielder,80,false,https://7a0.com.br/en/copas/1998/ger
1998,France,ger,Germany,80,3,Midfield,13,Jeremies,Right midfielder,77,false,https://7a0.com.br/en/copas/1998/ger
1998,France,ger,Germany,80,3,Midfield,15,Freund,Right midfielder,78,false,https://7a0.com.br/en/copas/1998/ger
1998,France,ger,Germany,80,3,Midfield,16,Hamann,Left midfielder,80,false,https://7a0.com.br/en/copas/1998/ger
1998,France,ger,Germany,80,3,Midfield,7,Möller,Attacking midfielder,83,false,https://7a0.com.br/en/copas/1998/ger
1998,France,ger,Germany,80,3,Attack,9,Kirsten,Centre-forward,78,false,https://7a0.com.br/en/copas/1998/ger
1998,France,ger,Germany,80,3,Attack,11,Marschall,Centre-forward,75,false,https://7a0.com.br/en/copas/1998/ger
1998,France,ger,Germany,80,3,Attack,18,Klinsmann,Centre-forward,86,true,https://7a0.com.br/en/copas/1998/ger
1998,France,ger,Germany,80,3,Attack,20,Bierhoff,Centre-forward,84,false,https://7a0.com.br/en/copas/1998/ger
1998,France,ita,Italy,81,3,Goalkeepers,1,Toldo,Goalkeeper,82,false,https://7a0.com.br/en/copas/1998/ita
1998,France,ita,Italy,81,3,Goalkeepers,12,Pagliuca,Goalkeeper,83,false,https://7a0.com.br/en/copas/1998/ita
1998,France,ita,Italy,81,3,Goalkeepers,22,Buffon,Goalkeeper,80,false,https://7a0.com.br/en/copas/1998/ita
1998,France,ita,Italy,81,3,Defence,7,Pessotto,Right-back,74,false,https://7a0.com.br/en/copas/1998/ita
1998,France,ita,Italy,81,3,Defence,8,Torricelli,Right-back,76,false,https://7a0.com.br/en/copas/1998/ita
1998,France,ita,Italy,81,3,Defence,2,Bergomi,Centre-back,80,false,https://7a0.com.br/en/copas/1998/ita
1998,France,ita,Italy,81,3,Defence,4,Cannavaro,Centre-back,82,false,https://7a0.com.br/en/copas/1998/ita
1998,France,ita,Italy,81,3,Defence,5,Costacurta,Centre-back,82,false,https://7a0.com.br/en/copas/1998/ita
1998,France,ita,Italy,81,3,Defence,6,Nesta,Centre-back,83,false,https://7a0.com.br/en/copas/1998/ita
1998,France,ita,Italy,81,3,Defence,3,Maldini,Left-back,95,true,https://7a0.com.br/en/copas/1998/ita
1998,France,ita,Italy,81,3,Midfield,11,D. Baggio,Defensive midfielder,79,false,https://7a0.com.br/en/copas/1998/ita
1998,France,ita,Italy,81,3,Midfield,14,Di Biagio,Defensive midfielder,78,false,https://7a0.com.br/en/copas/1998/ita
1998,France,ita,Italy,81,3,Midfield,16,Di Matteo,Defensive midfielder,79,false,https://7a0.com.br/en/copas/1998/ita
1998,France,ita,Italy,81,3,Midfield,15,Di Livio,Right midfielder,79,false,https://7a0.com.br/en/copas/1998/ita
1998,France,ita,Italy,81,3,Midfield,9,Albertini,Midfielder,82,false,https://7a0.com.br/en/copas/1998/ita
1998,France,ita,Italy,81,3,Midfield,13,Cois,Midfielder,68,false,https://7a0.com.br/en/copas/1998/ita
1998,France,ita,Italy,81,3,Attack,17,Moriero,Right winger,73,false,https://7a0.com.br/en/copas/1998/ita
1998,France,ita,Italy,81,3,Attack,20,Chiesa,Right winger,80,false,https://7a0.com.br/en/copas/1998/ita
1998,France,ita,Italy,81,3,Attack,10,Del Piero,Centre-forward,89,true,https://7a0.com.br/en/copas/1998/ita
1998,France,ita,Italy,81,3,Attack,18,R. Baggio,Centre-forward,88,true,https://7a0.com.br/en/copas/1998/ita
1998,France,ita,Italy,81,3,Attack,19,Inzaghi,Centre-forward,84,false,https://7a0.com.br/en/copas/1998/ita
1998,France,ita,Italy,81,3,Attack,21,Vieri,Centre-forward,85,false,https://7a0.com.br/en/copas/1998/ita
1998,France,ned,Netherlands,81,2,Goalkeepers,1,Van der Sar,Goalkeeper,86,false,https://7a0.com.br/en/copas/1998/ned
1998,France,ned,Netherlands,81,2,Goalkeepers,18,De Goey,Goalkeeper,76,false,https://7a0.com.br/en/copas/1998/ned
1998,France,ned,Netherlands,81,2,Goalkeepers,22,Hesp,Goalkeeper,70,false,https://7a0.com.br/en/copas/1998/ned
1998,France,ned,Netherlands,81,2,Defence,2,Reiziger,Right-back,82,false,https://7a0.com.br/en/copas/1998/ned
1998,France,ned,Netherlands,81,2,Defence,3,Stam,Centre-back,89,true,https://7a0.com.br/en/copas/1998/ned
1998,France,ned,Netherlands,81,2,Defence,4,F. de Boer,Centre-back,86,false,https://7a0.com.br/en/copas/1998/ned
1998,France,ned,Netherlands,81,2,Defence,13,Ooijer,Centre-back,74,false,https://7a0.com.br/en/copas/1998/ned
1998,France,ned,Netherlands,81,2,Defence,15,Bogarde,Centre-back,73,false,https://7a0.com.br/en/copas/1998/ned
1998,France,ned,Netherlands,81,2,Defence,5,Numan,Left-back,81,false,https://7a0.com.br/en/copas/1998/ned
1998,France,ned,Netherlands,81,2,Defence,19,Van Bronckhorst,Left-back,79,false,https://7a0.com.br/en/copas/1998/ned
1998,France,ned,Netherlands,81,2,Midfield,6,Jonk,Defensive midfielder,80,false,https://7a0.com.br/en/copas/1998/ned
1998,France,ned,Netherlands,81,2,Midfield,10,Seedorf,Defensive midfielder,84,false,https://7a0.com.br/en/copas/1998/ned
1998,France,ned,Netherlands,81,2,Midfield,11,Cocu,Defensive midfielder,83,false,https://7a0.com.br/en/copas/1998/ned
1998,France,ned,Netherlands,81,2,Midfield,16,Davids,Defensive midfielder,86,false,https://7a0.com.br/en/copas/1998/ned
1998,France,ned,Netherlands,81,2,Midfield,20,Winter,Defensive midfielder,77,false,https://7a0.com.br/en/copas/1998/ned
1998,France,ned,Netherlands,81,2,Midfield,12,Zenden,Left midfielder,78,false,https://7a0.com.br/en/copas/1998/ned
1998,France,ned,Netherlands,81,2,Midfield,7,R. de Boer,Attacking midfielder,82,false,https://7a0.com.br/en/copas/1998/ned
1998,France,ned,Netherlands,81,2,Attack,8,Bergkamp,Centre-forward,93,true,https://7a0.com.br/en/copas/1998/ned
1998,France,ned,Netherlands,81,2,Attack,9,Kluivert,Centre-forward,87,false,https://7a0.com.br/en/copas/1998/ned
1998,France,ned,Netherlands,81,2,Attack,17,Van Hooijdonk,Centre-forward,78,false,https://7a0.com.br/en/copas/1998/ned
1998,France,ned,Netherlands,81,2,Attack,21,Hasselbaink,Centre-forward,80,false,https://7a0.com.br/en/copas/1998/ned
1998,France,ned,Netherlands,81,2,Attack,14,Overmars,Left winger,87,false,https://7a0.com.br/en/copas/1998/ned
1998,France,nga,Nigeria,78,2,Goalkeepers,1,Rufai,Goalkeeper,82,false,https://7a0.com.br/en/copas/1998/nga
1998,France,nga,Nigeria,78,2,Goalkeepers,12,W. Okpara,Goalkeeper,70,false,https://7a0.com.br/en/copas/1998/nga
1998,France,nga,Nigeria,78,2,Goalkeepers,22,Baruwa,Goalkeeper,68,false,https://7a0.com.br/en/copas/1998/nga
1998,France,nga,Nigeria,78,2,Defence,2,Oparaku,Right-back,73,false,https://7a0.com.br/en/copas/1998/nga
1998,France,nga,Nigeria,78,2,Defence,17,Eguavoen,Right-back,74,false,https://7a0.com.br/en/copas/1998/nga
1998,France,nga,Nigeria,78,2,Defence,5,Okechukwu,Centre-back,78,false,https://7a0.com.br/en/copas/1998/nga
1998,France,nga,Nigeria,78,2,Defence,6,West,Centre-back,84,false,https://7a0.com.br/en/copas/1998/nga
1998,France,nga,Nigeria,78,2,Defence,16,Okafor,Centre-back,72,false,https://7a0.com.br/en/copas/1998/nga
1998,France,nga,Nigeria,78,2,Defence,21,G. Okpara,Centre-back,71,false,https://7a0.com.br/en/copas/1998/nga
1998,France,nga,Nigeria,78,2,Defence,3,Babayaro,Left-back,80,false,https://7a0.com.br/en/copas/1998/nga
1998,France,nga,Nigeria,78,2,Defence,19,Iroha,Left-back,72,false,https://7a0.com.br/en/copas/1998/nga
1998,France,nga,Nigeria,78,2,Midfield,8,Adepoju,Defensive midfielder,76,false,https://7a0.com.br/en/copas/1998/nga
1998,France,nga,Nigeria,78,2,Midfield,11,Lawal,Defensive midfielder,79,false,https://7a0.com.br/en/copas/1998/nga
1998,France,nga,Nigeria,78,2,Midfield,15,Oliseh,Defensive midfielder,81,false,https://7a0.com.br/en/copas/1998/nga
1998,France,nga,Nigeria,78,2,Midfield,10,Okocha,Attacking midfielder,89,true,https://7a0.com.br/en/copas/1998/nga
1998,France,nga,Nigeria,78,2,Midfield,18,Oruma,Attacking midfielder,77,false,https://7a0.com.br/en/copas/1998/nga
1998,France,nga,Nigeria,78,2,Attack,7,Finidi,Right winger,85,false,https://7a0.com.br/en/copas/1998/nga
1998,France,nga,Nigeria,78,2,Attack,4,Kanu,Centre-forward,88,true,https://7a0.com.br/en/copas/1998/nga
1998,France,nga,Nigeria,78,2,Attack,9,Yekini,Centre-forward,79,false,https://7a0.com.br/en/copas/1998/nga
1998,France,nga,Nigeria,78,2,Attack,14,Amokachi,Centre-forward,82,false,https://7a0.com.br/en/copas/1998/nga
1998,France,nga,Nigeria,78,2,Attack,20,Ikpeba,Centre-forward,81,false,https://7a0.com.br/en/copas/1998/nga
1998,France,nga,Nigeria,78,2,Attack,13,Babangida,Left winger,80,false,https://7a0.com.br/en/copas/1998/nga
1998,France,nor,Norway,78,1,Goalkeepers,1,Grodås,Goalkeeper,79,false,https://7a0.com.br/en/copas/1998/nor
1998,France,nor,Norway,78,1,Goalkeepers,12,Baardsen,Goalkeeper,74,false,https://7a0.com.br/en/copas/1998/nor
1998,France,nor,Norway,78,1,Goalkeepers,22,Myhre,Goalkeeper,75,false,https://7a0.com.br/en/copas/1998/nor
1998,France,nor,Norway,78,1,Defence,2,Halle,Right-back,75,false,https://7a0.com.br/en/copas/1998/nor
1998,France,nor,Norway,78,1,Defence,14,Heggem,Right-back,78,false,https://7a0.com.br/en/copas/1998/nor
1998,France,nor,Norway,78,1,Defence,3,R. Johnsen,Centre-back,84,false,https://7a0.com.br/en/copas/1998/nor
1998,France,nor,Norway,78,1,Defence,4,H. Berg,Centre-back,82,false,https://7a0.com.br/en/copas/1998/nor
1998,France,nor,Norway,78,1,Defence,15,Eggen,Centre-back,76,false,https://7a0.com.br/en/copas/1998/nor
1998,France,nor,Norway,78,1,Defence,19,Hoftun,Centre-back,76,false,https://7a0.com.br/en/copas/1998/nor
1998,France,nor,Norway,78,1,Defence,5,Bjørnebye,Left-back,80,false,https://7a0.com.br/en/copas/1998/nor
1998,France,nor,Norway,78,1,Midfield,13,Riseth,Defensive midfielder,75,false,https://7a0.com.br/en/copas/1998/nor
1998,France,nor,Norway,78,1,Midfield,8,Leonhardsen,Right midfielder,82,false,https://7a0.com.br/en/copas/1998/nor
1998,France,nor,Norway,78,1,Midfield,21,Strand,Right midfielder,75,false,https://7a0.com.br/en/copas/1998/nor
1998,France,nor,Norway,78,1,Midfield,6,Solbakken,Midfielder,77,false,https://7a0.com.br/en/copas/1998/nor
1998,France,nor,Norway,78,1,Midfield,7,Mykland,Midfielder,80,false,https://7a0.com.br/en/copas/1998/nor
1998,France,nor,Norway,78,1,Midfield,10,Rekdal,Midfielder,82,false,https://7a0.com.br/en/copas/1998/nor
1998,France,nor,Norway,78,1,Midfield,11,Rudi,Left midfielder,76,false,https://7a0.com.br/en/copas/1998/nor
1998,France,nor,Norway,78,1,Attack,16,J. Flo,Right winger,75,false,https://7a0.com.br/en/copas/1998/nor
1998,France,nor,Norway,78,1,Attack,9,T.A. Flo,Centre-forward,85,false,https://7a0.com.br/en/copas/1998/nor
1998,France,nor,Norway,78,1,Attack,17,H. Flo,Centre-forward,76,false,https://7a0.com.br/en/copas/1998/nor
1998,France,nor,Norway,78,1,Attack,18,Østenstad,Centre-forward,76,false,https://7a0.com.br/en/copas/1998/nor
1998,France,nor,Norway,78,1,Attack,20,Solskjær,Centre-forward,86,true,https://7a0.com.br/en/copas/1998/nor
1998,France,par,Paraguay,74,2,Goalkeepers,1,Chilavert,Goalkeeper,89,true,https://7a0.com.br/en/copas/1998/par
1998,France,par,Paraguay,74,2,Goalkeepers,12,Aceval,Goalkeeper,67,false,https://7a0.com.br/en/copas/1998/par
1998,France,par,Paraguay,74,2,Goalkeepers,22,Ruiz Díaz,Goalkeeper,67,false,https://7a0.com.br/en/copas/1998/par
1998,France,par,Paraguay,74,2,Defence,2,Arce,Right-back,78,false,https://7a0.com.br/en/copas/1998/par
1998,France,par,Paraguay,74,2,Defence,20,Caniza,Right-back,77,false,https://7a0.com.br/en/copas/1998/par
1998,France,par,Paraguay,74,2,Defence,3,Rivarola,Centre-back,74,false,https://7a0.com.br/en/copas/1998/par
1998,France,par,Paraguay,74,2,Defence,4,Gamarra,Centre-back,88,true,https://7a0.com.br/en/copas/1998/par
1998,France,par,Paraguay,74,2,Defence,5,Ayala,Centre-back,80,false,https://7a0.com.br/en/copas/1998/par
1998,France,par,Paraguay,74,2,Defence,6,Aguilera,Centre-back,68,false,https://7a0.com.br/en/copas/1998/par
1998,France,par,Paraguay,74,2,Defence,11,Sarabia,Centre-back,74,false,https://7a0.com.br/en/copas/1998/par
1998,France,par,Paraguay,74,2,Defence,14,R. Rojas,Centre-back,72,false,https://7a0.com.br/en/copas/1998/par
1998,France,par,Paraguay,74,2,Midfield,13,Paredes,Defensive midfielder,75,false,https://7a0.com.br/en/copas/1998/par
1998,France,par,Paraguay,74,2,Midfield,16,Enciso,Defensive midfielder,71,false,https://7a0.com.br/en/copas/1998/par
1998,France,par,Paraguay,74,2,Midfield,10,Acuña,Midfielder,80,false,https://7a0.com.br/en/copas/1998/par
1998,France,par,Paraguay,74,2,Midfield,7,Yegros,Attacking midfielder,72,false,https://7a0.com.br/en/copas/1998/par
1998,France,par,Paraguay,74,2,Midfield,19,Morales,Attacking midfielder,68,false,https://7a0.com.br/en/copas/1998/par
1998,France,par,Paraguay,74,2,Midfield,21,J. Campos,Attacking midfielder,70,false,https://7a0.com.br/en/copas/1998/par
1998,France,par,Paraguay,74,2,Attack,8,A. Rojas,Centre-forward,70,false,https://7a0.com.br/en/copas/1998/par
1998,France,par,Paraguay,74,2,Attack,9,Cardozo,Centre-forward,82,false,https://7a0.com.br/en/copas/1998/par
1998,France,par,Paraguay,74,2,Attack,15,M. Benítez,Centre-forward,76,false,https://7a0.com.br/en/copas/1998/par
1998,France,par,Paraguay,74,2,Attack,17,Brizuela,Centre-forward,71,false,https://7a0.com.br/en/copas/1998/par
1998,France,par,Paraguay,74,2,Attack,18,C. Ramírez,Centre-forward,69,false,https://7a0.com.br/en/copas/1998/par
1998,France,rou,Romania,79,2,Goalkeepers,1,Stângaciu,Goalkeeper,76,false,https://7a0.com.br/en/copas/1998/rou
1998,France,rou,Romania,79,2,Goalkeepers,12,Stelea,Goalkeeper,79,false,https://7a0.com.br/en/copas/1998/rou
1998,France,rou,Romania,79,2,Goalkeepers,22,Prunea,Goalkeeper,78,false,https://7a0.com.br/en/copas/1998/rou
1998,France,rou,Romania,79,2,Defence,2,Petrescu,Right-back,82,false,https://7a0.com.br/en/copas/1998/rou
1998,France,rou,Romania,79,2,Defence,3,Dulca,Centre-back,76,false,https://7a0.com.br/en/copas/1998/rou
1998,France,rou,Romania,79,2,Defence,4,Doboș,Centre-back,77,false,https://7a0.com.br/en/copas/1998/rou
1998,France,rou,Romania,79,2,Defence,6,Popescu,Centre-back,84,true,https://7a0.com.br/en/copas/1998/rou
1998,France,rou,Romania,79,2,Defence,13,Ciobotariu,Centre-back,76,false,https://7a0.com.br/en/copas/1998/rou
1998,France,rou,Romania,79,2,Defence,18,Filipescu,Centre-back,78,false,https://7a0.com.br/en/copas/1998/rou
1998,France,rou,Romania,79,2,Defence,20,Selymes,Left-back,77,false,https://7a0.com.br/en/copas/1998/rou
1998,France,rou,Romania,79,2,Midfield,5,Gâlcă,Defensive midfielder,79,false,https://7a0.com.br/en/copas/1998/rou
1998,France,rou,Romania,79,2,Midfield,8,Munteanu,Defensive midfielder,81,false,https://7a0.com.br/en/copas/1998/rou
1998,France,rou,Romania,79,2,Midfield,15,Marinescu,Midfielder,74,false,https://7a0.com.br/en/copas/1998/rou
1998,France,rou,Romania,79,2,Midfield,16,G. Popescu,Midfielder,76,false,https://7a0.com.br/en/copas/1998/rou
1998,France,rou,Romania,79,2,Midfield,10,Hagi,Attacking midfielder,89,true,https://7a0.com.br/en/copas/1998/rou
1998,France,rou,Romania,79,2,Midfield,17,Dumitrescu,Attacking midfielder,80,false,https://7a0.com.br/en/copas/1998/rou
1998,France,rou,Romania,79,2,Midfield,19,Stîngă,Attacking midfielder,77,false,https://7a0.com.br/en/copas/1998/rou
1998,France,rou,Romania,79,2,Attack,7,Lăcătuș,Right winger,79,false,https://7a0.com.br/en/copas/1998/rou
1998,France,rou,Romania,79,2,Attack,9,Moldovan,Centre-forward,80,false,https://7a0.com.br/en/copas/1998/rou
1998,France,rou,Romania,79,2,Attack,11,A. Ilie,Centre-forward,82,false,https://7a0.com.br/en/copas/1998/rou
1998,France,rou,Romania,79,2,Attack,14,Niculescu,Centre-forward,74,false,https://7a0.com.br/en/copas/1998/rou
1998,France,rou,Romania,79,2,Attack,21,Craioveanu,Centre-forward,77,false,https://7a0.com.br/en/copas/1998/rou
1998,France,yug,Yugoslavia,79,0,Goalkeepers,1,Kralj,Goalkeeper,78,false,https://7a0.com.br/en/copas/1998/yug
1998,France,yug,Yugoslavia,79,0,Goalkeepers,12,Leković,Goalkeeper,72,false,https://7a0.com.br/en/copas/1998/yug
1998,France,yug,Yugoslavia,79,0,Defence,2,Mirković,Right-back,79,false,https://7a0.com.br/en/copas/1998/yug
1998,France,yug,Yugoslavia,79,0,Defence,16,Petrović,Right-back,75,false,https://7a0.com.br/en/copas/1998/yug
1998,France,yug,Yugoslavia,79,0,Defence,3,Đorović,Centre-back,76,false,https://7a0.com.br/en/copas/1998/yug
1998,France,yug,Yugoslavia,79,0,Defence,5,Đukić,Centre-back,80,false,https://7a0.com.br/en/copas/1998/yug
1998,France,yug,Yugoslavia,79,0,Defence,11,Mihajlović,Centre-back,83,false,https://7a0.com.br/en/copas/1998/yug
1998,France,yug,Yugoslavia,79,0,Defence,13,Komljenović,Centre-back,76,false,https://7a0.com.br/en/copas/1998/yug
1998,France,yug,Yugoslavia,79,0,Defence,14,Saveljić,Centre-back,76,false,https://7a0.com.br/en/copas/1998/yug
1998,France,yug,Yugoslavia,79,0,Midfield,4,Jokanović,Defensive midfielder,79,false,https://7a0.com.br/en/copas/1998/yug
1998,France,yug,Yugoslavia,79,0,Midfield,7,Jugović,Defensive midfielder,82,false,https://7a0.com.br/en/copas/1998/yug
1998,France,yug,Yugoslavia,79,0,Midfield,10,Stojković,Defensive midfielder,84,false,https://7a0.com.br/en/copas/1998/yug
1998,France,yug,Yugoslavia,79,0,Midfield,19,Stević,Defensive midfielder,74,false,https://7a0.com.br/en/copas/1998/yug
1998,France,yug,Yugoslavia,79,0,Midfield,20,Stanković,Defensive midfielder,80,false,https://7a0.com.br/en/copas/1998/yug
1998,France,yug,Yugoslavia,79,0,Midfield,6,Brnović,Midfielder,76,false,https://7a0.com.br/en/copas/1998/yug
1998,France,yug,Yugoslavia,79,0,Midfield,18,Govedarica,Left midfielder,74,false,https://7a0.com.br/en/copas/1998/yug
1998,France,yug,Yugoslavia,79,0,Midfield,8,Savićević,Attacking midfielder,82,false,https://7a0.com.br/en/copas/1998/yug
1998,France,yug,Yugoslavia,79,0,Attack,21,Ognjenović,Right winger,76,false,https://7a0.com.br/en/copas/1998/yug
1998,France,yug,Yugoslavia,79,0,Attack,9,Mijatović,Centre-forward,85,false,https://7a0.com.br/en/copas/1998/yug
1998,France,yug,Yugoslavia,79,0,Attack,17,Milošević,Centre-forward,81,false,https://7a0.com.br/en/copas/1998/yug
1998,France,yug,Yugoslavia,79,0,Attack,22,Kovačević,Centre-forward,81,false,https://7a0.com.br/en/copas/1998/yug
1998,France,yug,Yugoslavia,79,0,Attack,15,Drulović,Left winger,78,false,https://7a0.com.br/en/copas/1998/yug
2002,South Korea/Japan,arg,Argentina,82,3,Goalkeepers,1,Burgos,Goalkeeper,76,false,https://7a0.com.br/en/copas/2002/arg
2002,South Korea/Japan,arg,Argentina,82,3,Goalkeepers,12,Cavallero,Goalkeeper,80,false,https://7a0.com.br/en/copas/2002/arg
2002,South Korea/Japan,arg,Argentina,82,3,Goalkeepers,23,Bonano,Goalkeeper,73,false,https://7a0.com.br/en/copas/2002/arg
2002,South Korea/Japan,arg,Argentina,82,3,Defence,8,Zanetti,Right-back,88,true,https://7a0.com.br/en/copas/2002/arg
2002,South Korea/Japan,arg,Argentina,82,3,Defence,2,Ayala,Centre-back,86,false,https://7a0.com.br/en/copas/2002/arg
2002,South Korea/Japan,arg,Argentina,82,3,Defence,4,Pochettino,Centre-back,78,false,https://7a0.com.br/en/copas/2002/arg
2002,South Korea/Japan,arg,Argentina,82,3,Defence,6,Samuel,Centre-back,84,false,https://7a0.com.br/en/copas/2002/arg
2002,South Korea/Japan,arg,Argentina,82,3,Defence,13,Placente,Centre-back,74,false,https://7a0.com.br/en/copas/2002/arg
2002,South Korea/Japan,arg,Argentina,82,3,Defence,22,Chamot,Centre-back,77,false,https://7a0.com.br/en/copas/2002/arg
2002,South Korea/Japan,arg,Argentina,82,3,Defence,3,Sorín,Left-back,83,false,https://7a0.com.br/en/copas/2002/arg
2002,South Korea/Japan,arg,Argentina,82,3,Midfield,5,Almeyda,Defensive midfielder,78,false,https://7a0.com.br/en/copas/2002/arg
2002,South Korea/Japan,arg,Argentina,82,3,Midfield,11,Verón,Midfielder,90,true,https://7a0.com.br/en/copas/2002/arg
2002,South Korea/Japan,arg,Argentina,82,3,Midfield,14,Simeone,Midfielder,87,false,https://7a0.com.br/en/copas/2002/arg
2002,South Korea/Japan,arg,Argentina,82,3,Midfield,15,Husaín,Midfielder,74,false,https://7a0.com.br/en/copas/2002/arg
2002,South Korea/Japan,arg,Argentina,82,3,Midfield,18,Kily,Midfielder,79,false,https://7a0.com.br/en/copas/2002/arg
2002,South Korea/Japan,arg,Argentina,82,3,Midfield,10,Ortega,Attacking midfielder,84,false,https://7a0.com.br/en/copas/2002/arg
2002,South Korea/Japan,arg,Argentina,82,3,Midfield,16,Aimar,Attacking midfielder,86,false,https://7a0.com.br/en/copas/2002/arg
2002,South Korea/Japan,arg,Argentina,82,3,Midfield,17,G. López,Attacking midfielder,76,false,https://7a0.com.br/en/copas/2002/arg
2002,South Korea/Japan,arg,Argentina,82,3,Midfield,20,Gallardo,Attacking midfielder,80,false,https://7a0.com.br/en/copas/2002/arg
2002,South Korea/Japan,arg,Argentina,82,3,Attack,7,C. López,Centre-forward,81,false,https://7a0.com.br/en/copas/2002/arg
2002,South Korea/Japan,arg,Argentina,82,3,Attack,9,Batistuta,Centre-forward,93,true,https://7a0.com.br/en/copas/2002/arg
2002,South Korea/Japan,arg,Argentina,82,3,Attack,19,Crespo,Centre-forward,88,false,https://7a0.com.br/en/copas/2002/arg
2002,South Korea/Japan,arg,Argentina,82,3,Attack,21,Caniggia,Centre-forward,85,false,https://7a0.com.br/en/copas/2002/arg
2002,South Korea/Japan,bra,Brazil,81,6,Goalkeepers,1,Marcão,Goalkeeper,88,false,https://7a0.com.br/en/copas/2002/bra
2002,South Korea/Japan,bra,Brazil,81,6,Goalkeepers,12,Dida,Goalkeeper,80,false,https://7a0.com.br/en/copas/2002/bra
2002,South Korea/Japan,bra,Brazil,81,6,Goalkeepers,22,Rogério Ceni,Goalkeeper,75,false,https://7a0.com.br/en/copas/2002/bra
2002,South Korea/Japan,bra,Brazil,81,6,Defence,2,Cafu,Right-back,89,true,https://7a0.com.br/en/copas/2002/bra
2002,South Korea/Japan,bra,Brazil,81,6,Defence,13,Belletti,Right-back,76,false,https://7a0.com.br/en/copas/2002/bra
2002,South Korea/Japan,bra,Brazil,81,6,Defence,3,Lúcio,Centre-back,85,false,https://7a0.com.br/en/copas/2002/bra
2002,South Korea/Japan,bra,Brazil,81,6,Defence,4,Roque Júnior,Centre-back,80,false,https://7a0.com.br/en/copas/2002/bra
2002,South Korea/Japan,bra,Brazil,81,6,Defence,5,Edmílson,Centre-back,81,false,https://7a0.com.br/en/copas/2002/bra
2002,South Korea/Japan,bra,Brazil,81,6,Defence,14,Ânderson Polga,Centre-back,71,false,https://7a0.com.br/en/copas/2002/bra
2002,South Korea/Japan,bra,Brazil,81,6,Defence,6,Roberto Carlos,Left-back,91,true,https://7a0.com.br/en/copas/2002/bra
2002,South Korea/Japan,bra,Brazil,81,6,Defence,16,Júnior,Left-back,76,false,https://7a0.com.br/en/copas/2002/bra
2002,South Korea/Japan,bra,Brazil,81,6,Midfield,7,Ricardinho,Defensive midfielder,75,false,https://7a0.com.br/en/copas/2002/bra
2002,South Korea/Japan,bra,Brazil,81,6,Midfield,8,Gilberto Silva,Defensive midfielder,85,false,https://7a0.com.br/en/copas/2002/bra
2002,South Korea/Japan,bra,Brazil,81,6,Midfield,15,Kléberson,Defensive midfielder,76,false,https://7a0.com.br/en/copas/2002/bra
2002,South Korea/Japan,bra,Brazil,81,6,Midfield,18,Vampeta,Defensive midfielder,74,false,https://7a0.com.br/en/copas/2002/bra
2002,South Korea/Japan,bra,Brazil,81,6,Midfield,10,Rivaldo,Attacking midfielder,92,true,https://7a0.com.br/en/copas/2002/bra
2002,South Korea/Japan,bra,Brazil,81,6,Midfield,11,Ronaldinho,Attacking midfielder,90,true,https://7a0.com.br/en/copas/2002/bra
2002,South Korea/Japan,bra,Brazil,81,6,Midfield,19,Juninho Paulista,Attacking midfielder,76,false,https://7a0.com.br/en/copas/2002/bra
2002,South Korea/Japan,bra,Brazil,81,6,Midfield,23,Kaká,Attacking midfielder,78,true,https://7a0.com.br/en/copas/2002/bra
2002,South Korea/Japan,bra,Brazil,81,6,Attack,20,Edílson,Right winger,76,false,https://7a0.com.br/en/copas/2002/bra
2002,South Korea/Japan,bra,Brazil,81,6,Attack,9,Ronaldo,Centre-forward,97,true,https://7a0.com.br/en/copas/2002/bra
2002,South Korea/Japan,bra,Brazil,81,6,Attack,21,Luizão,Centre-forward,75,false,https://7a0.com.br/en/copas/2002/bra
2002,South Korea/Japan,bra,Brazil,81,6,Attack,17,Denílson,Left winger,78,false,https://7a0.com.br/en/copas/2002/bra
2002,South Korea/Japan,cmr,Cameroon,74,2,Goalkeepers,1,Boukar,Goalkeeper,72,false,https://7a0.com.br/en/copas/2002/cmr
2002,South Korea/Japan,cmr,Cameroon,74,2,Goalkeepers,16,Songo'o,Goalkeeper,76,false,https://7a0.com.br/en/copas/2002/cmr
2002,South Korea/Japan,cmr,Cameroon,74,2,Goalkeepers,22,Kameni,Goalkeeper,70,false,https://7a0.com.br/en/copas/2002/cmr
2002,South Korea/Japan,cmr,Cameroon,74,2,Defence,2,Tchato,Right-back,71,false,https://7a0.com.br/en/copas/2002/cmr
2002,South Korea/Japan,cmr,Cameroon,74,2,Defence,12,Lauren,Right-back,81,false,https://7a0.com.br/en/copas/2002/cmr
2002,South Korea/Japan,cmr,Cameroon,74,2,Defence,4,R. Song,Centre-back,82,false,https://7a0.com.br/en/copas/2002/cmr
2002,South Korea/Japan,cmr,Cameroon,74,2,Defence,5,Kalla,Centre-back,73,false,https://7a0.com.br/en/copas/2002/cmr
2002,South Korea/Japan,cmr,Cameroon,74,2,Defence,13,Mettomo,Centre-back,72,false,https://7a0.com.br/en/copas/2002/cmr
2002,South Korea/Japan,cmr,Cameroon,74,2,Defence,3,Womé,Left-back,75,false,https://7a0.com.br/en/copas/2002/cmr
2002,South Korea/Japan,cmr,Cameroon,74,2,Defence,6,Njanka,Left-back,70,false,https://7a0.com.br/en/copas/2002/cmr
2002,South Korea/Japan,cmr,Cameroon,74,2,Midfield,7,Ndo,Defensive midfielder,70,false,https://7a0.com.br/en/copas/2002/cmr
2002,South Korea/Japan,cmr,Cameroon,74,2,Midfield,15,Alnoudji,Defensive midfielder,67,false,https://7a0.com.br/en/copas/2002/cmr
2002,South Korea/Japan,cmr,Cameroon,74,2,Midfield,8,Geremi,Right midfielder,84,false,https://7a0.com.br/en/copas/2002/cmr
2002,South Korea/Japan,cmr,Cameroon,74,2,Midfield,17,Foé,Midfielder,83,true,https://7a0.com.br/en/copas/2002/cmr
2002,South Korea/Japan,cmr,Cameroon,74,2,Midfield,19,Djemba-Djemba,Midfielder,74,false,https://7a0.com.br/en/copas/2002/cmr
2002,South Korea/Japan,cmr,Cameroon,74,2,Midfield,20,Olembé,Left midfielder,74,false,https://7a0.com.br/en/copas/2002/cmr
2002,South Korea/Japan,cmr,Cameroon,74,2,Midfield,14,Epalle,Attacking midfielder,69,false,https://7a0.com.br/en/copas/2002/cmr
2002,South Korea/Japan,cmr,Cameroon,74,2,Midfield,23,Ngom Kome,Attacking midfielder,67,false,https://7a0.com.br/en/copas/2002/cmr
2002,South Korea/Japan,cmr,Cameroon,74,2,Attack,9,Eto'o,Centre-forward,83,true,https://7a0.com.br/en/copas/2002/cmr
2002,South Korea/Japan,cmr,Cameroon,74,2,Attack,10,Mboma,Centre-forward,83,false,https://7a0.com.br/en/copas/2002/cmr
2002,South Korea/Japan,cmr,Cameroon,74,2,Attack,18,Suffo,Centre-forward,72,false,https://7a0.com.br/en/copas/2002/cmr
2002,South Korea/Japan,cmr,Cameroon,74,2,Attack,21,Job,Centre-forward,75,false,https://7a0.com.br/en/copas/2002/cmr
2002,South Korea/Japan,cmr,Cameroon,74,2,Attack,11,N'Diefi,Left winger,68,false,https://7a0.com.br/en/copas/2002/cmr
2002,South Korea/Japan,den,Denmark,77,1,Goalkeepers,1,T. Sørensen,Goalkeeper,80,false,https://7a0.com.br/en/copas/2002/den
2002,South Korea/Japan,den,Denmark,77,1,Goalkeepers,16,P. Kjær,Goalkeeper,71,false,https://7a0.com.br/en/copas/2002/den
2002,South Korea/Japan,den,Denmark,77,1,Goalkeepers,22,J. Christiansen,Goalkeeper,70,false,https://7a0.com.br/en/copas/2002/den
2002,South Korea/Japan,den,Denmark,77,1,Defence,6,Helveg,Right-back,80,false,https://7a0.com.br/en/copas/2002/den
2002,South Korea/Japan,den,Denmark,77,1,Defence,20,Bøgelund,Right-back,72,false,https://7a0.com.br/en/copas/2002/den
2002,South Korea/Japan,den,Denmark,77,1,Defence,3,R. Henriksen,Centre-back,77,false,https://7a0.com.br/en/copas/2002/den
2002,South Korea/Japan,den,Denmark,77,1,Defence,4,Laursen,Centre-back,83,false,https://7a0.com.br/en/copas/2002/den
2002,South Korea/Japan,den,Denmark,77,1,Defence,13,Lustü,Centre-back,70,false,https://7a0.com.br/en/copas/2002/den
2002,South Korea/Japan,den,Denmark,77,1,Defence,5,Heintze,Left-back,74,false,https://7a0.com.br/en/copas/2002/den
2002,South Korea/Japan,den,Denmark,77,1,Defence,12,N. Jensen,Left-back,75,false,https://7a0.com.br/en/copas/2002/den
2002,South Korea/Japan,den,Denmark,77,1,Midfield,2,Tøfting,Defensive midfielder,79,false,https://7a0.com.br/en/copas/2002/den
2002,South Korea/Japan,den,Denmark,77,1,Midfield,15,Michaelsen,Defensive midfielder,72,false,https://7a0.com.br/en/copas/2002/den
2002,South Korea/Japan,den,Denmark,77,1,Midfield,17,Poulsen,Defensive midfielder,76,false,https://7a0.com.br/en/copas/2002/den
2002,South Korea/Japan,den,Denmark,77,1,Midfield,8,Grønkjær,Right midfielder,79,false,https://7a0.com.br/en/copas/2002/den
2002,South Korea/Japan,den,Denmark,77,1,Midfield,10,M. Jørgensen,Right midfielder,80,false,https://7a0.com.br/en/copas/2002/den
2002,South Korea/Japan,den,Denmark,77,1,Midfield,7,Gravesen,Midfielder,82,false,https://7a0.com.br/en/copas/2002/den
2002,South Korea/Japan,den,Denmark,77,1,Midfield,14,C. Jensen,Midfielder,78,false,https://7a0.com.br/en/copas/2002/den
2002,South Korea/Japan,den,Denmark,77,1,Midfield,23,B.S. Nielsen,Attacking midfielder,75,false,https://7a0.com.br/en/copas/2002/den
2002,South Korea/Japan,den,Denmark,77,1,Attack,19,Rommedahl,Right winger,82,false,https://7a0.com.br/en/copas/2002/den
2002,South Korea/Japan,den,Denmark,77,1,Attack,9,Tomasson,Centre-forward,85,true,https://7a0.com.br/en/copas/2002/den
2002,South Korea/Japan,den,Denmark,77,1,Attack,11,E. Sand,Centre-forward,82,false,https://7a0.com.br/en/copas/2002/den
2002,South Korea/Japan,den,Denmark,77,1,Attack,21,P. Madsen,Centre-forward,73,false,https://7a0.com.br/en/copas/2002/den
2002,South Korea/Japan,den,Denmark,77,1,Attack,18,Løvenkrands,Left winger,73,false,https://7a0.com.br/en/copas/2002/den
2002,South Korea/Japan,eng,England,79,3,Goalkeepers,1,Seaman,Goalkeeper,82,false,https://7a0.com.br/en/copas/2002/eng
2002,South Korea/Japan,eng,England,79,3,Goalkeepers,13,Martyn,Goalkeeper,76,false,https://7a0.com.br/en/copas/2002/eng
2002,South Korea/Japan,eng,England,79,3,Goalkeepers,22,D. James,Goalkeeper,75,false,https://7a0.com.br/en/copas/2002/eng
2002,South Korea/Japan,eng,England,79,3,Defence,2,Mills,Right-back,77,false,https://7a0.com.br/en/copas/2002/eng
2002,South Korea/Japan,eng,England,79,3,Defence,5,R. Ferdinand,Centre-back,84,true,https://7a0.com.br/en/copas/2002/eng
2002,South Korea/Japan,eng,England,79,3,Defence,6,Campbell,Centre-back,85,false,https://7a0.com.br/en/copas/2002/eng
2002,South Korea/Japan,eng,England,79,3,Defence,12,Brown,Centre-back,75,false,https://7a0.com.br/en/copas/2002/eng
2002,South Korea/Japan,eng,England,79,3,Defence,15,Keown,Centre-back,78,false,https://7a0.com.br/en/copas/2002/eng
2002,South Korea/Japan,eng,England,79,3,Defence,16,Southgate,Centre-back,80,false,https://7a0.com.br/en/copas/2002/eng
2002,South Korea/Japan,eng,England,79,3,Defence,3,A. Cole,Left-back,82,false,https://7a0.com.br/en/copas/2002/eng
2002,South Korea/Japan,eng,England,79,3,Defence,14,Bridge,Left-back,75,false,https://7a0.com.br/en/copas/2002/eng
2002,South Korea/Japan,eng,England,79,3,Midfield,18,Hargreaves,Defensive midfielder,77,false,https://7a0.com.br/en/copas/2002/eng
2002,South Korea/Japan,eng,England,79,3,Midfield,21,Butt,Defensive midfielder,80,false,https://7a0.com.br/en/copas/2002/eng
2002,South Korea/Japan,eng,England,79,3,Midfield,7,Beckham,Right midfielder,88,true,https://7a0.com.br/en/copas/2002/eng
2002,South Korea/Japan,eng,England,79,3,Midfield,8,Scholes,Midfielder,85,false,https://7a0.com.br/en/copas/2002/eng
2002,South Korea/Japan,eng,England,79,3,Midfield,23,Dyer,Midfielder,76,false,https://7a0.com.br/en/copas/2002/eng
2002,South Korea/Japan,eng,England,79,3,Midfield,19,J. Cole,Attacking midfielder,76,false,https://7a0.com.br/en/copas/2002/eng
2002,South Korea/Japan,eng,England,79,3,Attack,4,Sinclair,Right winger,76,false,https://7a0.com.br/en/copas/2002/eng
2002,South Korea/Japan,eng,England,79,3,Attack,9,Fowler,Centre-forward,79,false,https://7a0.com.br/en/copas/2002/eng
2002,South Korea/Japan,eng,England,79,3,Attack,10,Owen,Centre-forward,87,true,https://7a0.com.br/en/copas/2002/eng
2002,South Korea/Japan,eng,England,79,3,Attack,11,Heskey,Centre-forward,78,false,https://7a0.com.br/en/copas/2002/eng
2002,South Korea/Japan,eng,England,79,3,Attack,17,Sheringham,Centre-forward,78,false,https://7a0.com.br/en/copas/2002/eng
2002,South Korea/Japan,eng,England,79,3,Attack,20,Vassell,Centre-forward,75,false,https://7a0.com.br/en/copas/2002/eng
2002,South Korea/Japan,fra,France,83,3,Goalkeepers,1,Ramé,Goalkeeper,76,false,https://7a0.com.br/en/copas/2002/fra
2002,South Korea/Japan,fra,France,83,3,Goalkeepers,16,Barthez,Goalkeeper,88,false,https://7a0.com.br/en/copas/2002/fra
2002,South Korea/Japan,fra,France,83,3,Defence,2,Candela,Right-back,78,false,https://7a0.com.br/en/copas/2002/fra
2002,South Korea/Japan,fra,France,83,3,Defence,15,Thuram,Right-back,88,false,https://7a0.com.br/en/copas/2002/fra
2002,South Korea/Japan,fra,France,83,3,Defence,19,Sagnol,Right-back,79,false,https://7a0.com.br/en/copas/2002/fra
2002,South Korea/Japan,fra,France,83,3,Defence,5,Christanval,Centre-back,72,false,https://7a0.com.br/en/copas/2002/fra
2002,South Korea/Japan,fra,France,83,3,Defence,8,Desailly,Centre-back,87,false,https://7a0.com.br/en/copas/2002/fra
2002,South Korea/Japan,fra,France,83,3,Defence,18,Leboeuf,Centre-back,80,false,https://7a0.com.br/en/copas/2002/fra
2002,South Korea/Japan,fra,France,83,3,Defence,3,Lizarazu,Left-back,85,false,https://7a0.com.br/en/copas/2002/fra
2002,South Korea/Japan,fra,France,83,3,Defence,13,Silvestre,Left-back,80,false,https://7a0.com.br/en/copas/2002/fra
2002,South Korea/Japan,fra,France,83,3,Midfield,7,Makélélé,Defensive midfielder,87,false,https://7a0.com.br/en/copas/2002/fra
2002,South Korea/Japan,fra,France,83,3,Midfield,14,Boghossian,Defensive midfielder,75,false,https://7a0.com.br/en/copas/2002/fra
2002,South Korea/Japan,fra,France,83,3,Midfield,4,Vieira,Midfielder,90,true,https://7a0.com.br/en/copas/2002/fra
2002,South Korea/Japan,fra,France,83,3,Midfield,10,Zidane,Midfielder,95,true,https://7a0.com.br/en/copas/2002/fra
2002,South Korea/Japan,fra,France,83,3,Midfield,17,Petit,Left midfielder,82,false,https://7a0.com.br/en/copas/2002/fra
2002,South Korea/Japan,fra,France,83,3,Midfield,22,Micoud,Attacking midfielder,76,false,https://7a0.com.br/en/copas/2002/fra
2002,South Korea/Japan,fra,France,83,3,Attack,9,Cissé,Centre-forward,77,false,https://7a0.com.br/en/copas/2002/fra
2002,South Korea/Japan,fra,France,83,3,Attack,12,Henry,Centre-forward,92,true,https://7a0.com.br/en/copas/2002/fra
2002,South Korea/Japan,fra,France,83,3,Attack,20,Trezeguet,Centre-forward,86,false,https://7a0.com.br/en/copas/2002/fra
2002,South Korea/Japan,fra,France,83,3,Attack,21,Dugarry,Centre-forward,79,false,https://7a0.com.br/en/copas/2002/fra
2002,South Korea/Japan,fra,France,83,3,Attack,6,Djorkaeff,Left winger,82,false,https://7a0.com.br/en/copas/2002/fra
2002,South Korea/Japan,fra,France,83,3,Attack,11,Wiltord,Left winger,83,false,https://7a0.com.br/en/copas/2002/fra
2002,South Korea/Japan,ger,Germany,79,3,Goalkeepers,1,Kahn,Goalkeeper,96,true,https://7a0.com.br/en/copas/2002/ger
2002,South Korea/Japan,ger,Germany,79,3,Goalkeepers,12,Lehmann,Goalkeeper,81,false,https://7a0.com.br/en/copas/2002/ger
2002,South Korea/Japan,ger,Germany,79,3,Goalkeepers,23,Butt,Goalkeeper,74,false,https://7a0.com.br/en/copas/2002/ger
2002,South Korea/Japan,ger,Germany,79,3,Defence,2,Linke,Centre-back,79,false,https://7a0.com.br/en/copas/2002/ger
2002,South Korea/Japan,ger,Germany,79,3,Defence,3,Rehmer,Centre-back,76,false,https://7a0.com.br/en/copas/2002/ger
2002,South Korea/Japan,ger,Germany,79,3,Defence,4,Baumann,Centre-back,76,false,https://7a0.com.br/en/copas/2002/ger
2002,South Korea/Japan,ger,Germany,79,3,Defence,21,Metzelder,Centre-back,78,false,https://7a0.com.br/en/copas/2002/ger
2002,South Korea/Japan,ger,Germany,79,3,Defence,6,Ziege,Left-back,80,false,https://7a0.com.br/en/copas/2002/ger
2002,South Korea/Japan,ger,Germany,79,3,Midfield,5,Ramelow,Defensive midfielder,80,false,https://7a0.com.br/en/copas/2002/ger
2002,South Korea/Japan,ger,Germany,79,3,Midfield,8,Hamann,Defensive midfielder,83,false,https://7a0.com.br/en/copas/2002/ger
2002,South Korea/Japan,ger,Germany,79,3,Midfield,15,Kehl,Defensive midfielder,77,false,https://7a0.com.br/en/copas/2002/ger
2002,South Korea/Japan,ger,Germany,79,3,Midfield,16,Jeremies,Defensive midfielder,77,false,https://7a0.com.br/en/copas/2002/ger
2002,South Korea/Japan,ger,Germany,79,3,Midfield,22,Frings,Defensive midfielder,80,false,https://7a0.com.br/en/copas/2002/ger
2002,South Korea/Japan,ger,Germany,79,3,Midfield,13,Ballack,Midfielder,91,true,https://7a0.com.br/en/copas/2002/ger
2002,South Korea/Japan,ger,Germany,79,3,Midfield,18,Böhme,Left midfielder,75,false,https://7a0.com.br/en/copas/2002/ger
2002,South Korea/Japan,ger,Germany,79,3,Midfield,10,Ricken,Attacking midfielder,73,false,https://7a0.com.br/en/copas/2002/ger
2002,South Korea/Japan,ger,Germany,79,3,Attack,19,Schneider,Right winger,80,false,https://7a0.com.br/en/copas/2002/ger
2002,South Korea/Japan,ger,Germany,79,3,Attack,7,Neuville,Centre-forward,78,false,https://7a0.com.br/en/copas/2002/ger
2002,South Korea/Japan,ger,Germany,79,3,Attack,9,Jancker,Centre-forward,74,false,https://7a0.com.br/en/copas/2002/ger
2002,South Korea/Japan,ger,Germany,79,3,Attack,11,Klose,Centre-forward,84,true,https://7a0.com.br/en/copas/2002/ger
2002,South Korea/Japan,ger,Germany,79,3,Attack,14,Asamoah,Centre-forward,74,false,https://7a0.com.br/en/copas/2002/ger
2002,South Korea/Japan,ger,Germany,79,3,Attack,20,Bierhoff,Centre-forward,76,false,https://7a0.com.br/en/copas/2002/ger
2002,South Korea/Japan,ger,Germany,79,3,Attack,17,Bode,Left winger,76,false,https://7a0.com.br/en/copas/2002/ger
2002,South Korea/Japan,irl,Ireland,77,2,Goalkeepers,1,Given,Goalkeeper,82,false,https://7a0.com.br/en/copas/2002/irl
2002,South Korea/Japan,irl,Ireland,77,2,Goalkeepers,16,Kiely,Goalkeeper,74,false,https://7a0.com.br/en/copas/2002/irl
2002,South Korea/Japan,irl,Ireland,77,2,Goalkeepers,23,Kelly,Goalkeeper,73,false,https://7a0.com.br/en/copas/2002/irl
2002,South Korea/Japan,irl,Ireland,77,2,Defence,2,Finnan,Right-back,78,false,https://7a0.com.br/en/copas/2002/irl
2002,South Korea/Japan,irl,Ireland,77,2,Defence,18,Kelly,Right-back,75,false,https://7a0.com.br/en/copas/2002/irl
2002,South Korea/Japan,irl,Ireland,77,2,Defence,4,Cunningham,Centre-back,77,false,https://7a0.com.br/en/copas/2002/irl
2002,South Korea/Japan,irl,Ireland,77,2,Defence,5,Staunton,Centre-back,78,false,https://7a0.com.br/en/copas/2002/irl
2002,South Korea/Japan,irl,Ireland,77,2,Defence,14,Breen,Centre-back,77,false,https://7a0.com.br/en/copas/2002/irl
2002,South Korea/Japan,irl,Ireland,77,2,Defence,15,Dunne,Centre-back,78,false,https://7a0.com.br/en/copas/2002/irl
2002,South Korea/Japan,irl,Ireland,77,2,Defence,20,O'Brien,Centre-back,74,false,https://7a0.com.br/en/copas/2002/irl
2002,South Korea/Japan,irl,Ireland,77,2,Defence,3,Harte,Left-back,78,false,https://7a0.com.br/en/copas/2002/irl
2002,South Korea/Japan,irl,Ireland,77,2,Midfield,7,McAteer,Defensive midfielder,76,false,https://7a0.com.br/en/copas/2002/irl
2002,South Korea/Japan,irl,Ireland,77,2,Midfield,12,Kinsella,Defensive midfielder,76,false,https://7a0.com.br/en/copas/2002/irl
2002,South Korea/Japan,irl,Ireland,77,2,Midfield,22,Carsley,Defensive midfielder,75,false,https://7a0.com.br/en/copas/2002/irl
2002,South Korea/Japan,irl,Ireland,77,2,Midfield,21,Reid,Right midfielder,74,false,https://7a0.com.br/en/copas/2002/irl
2002,South Korea/Japan,irl,Ireland,77,2,Midfield,8,Holland,Midfielder,77,false,https://7a0.com.br/en/copas/2002/irl
2002,South Korea/Japan,irl,Ireland,77,2,Midfield,11,Kilbane,Left midfielder,76,false,https://7a0.com.br/en/copas/2002/irl
2002,South Korea/Japan,irl,Ireland,77,2,Attack,10,Keane,Centre-forward,82,true,https://7a0.com.br/en/copas/2002/irl
2002,South Korea/Japan,irl,Ireland,77,2,Attack,13,Connolly,Centre-forward,74,false,https://7a0.com.br/en/copas/2002/irl
2002,South Korea/Japan,irl,Ireland,77,2,Attack,17,Quinn,Centre-forward,77,false,https://7a0.com.br/en/copas/2002/irl
2002,South Korea/Japan,irl,Ireland,77,2,Attack,19,Morrison,Centre-forward,74,false,https://7a0.com.br/en/copas/2002/irl
2002,South Korea/Japan,irl,Ireland,77,2,Attack,9,Duff,Left winger,82,true,https://7a0.com.br/en/copas/2002/irl
2002,South Korea/Japan,ita,Italy,80,6,Goalkeepers,1,Buffon,Goalkeeper,88,true,https://7a0.com.br/en/copas/2002/ita
2002,South Korea/Japan,ita,Italy,80,6,Goalkeepers,12,Abbiati,Goalkeeper,74,false,https://7a0.com.br/en/copas/2002/ita
2002,South Korea/Japan,ita,Italy,80,6,Goalkeepers,22,Toldo,Goalkeeper,79,false,https://7a0.com.br/en/copas/2002/ita
2002,South Korea/Japan,ita,Italy,80,6,Defence,2,Panucci,Right-back,80,false,https://7a0.com.br/en/copas/2002/ita
2002,South Korea/Japan,ita,Italy,80,6,Defence,19,Zambrotta,Right-back,82,false,https://7a0.com.br/en/copas/2002/ita
2002,South Korea/Japan,ita,Italy,80,6,Defence,5,Cannavaro,Centre-back,86,true,https://7a0.com.br/en/copas/2002/ita
2002,South Korea/Japan,ita,Italy,80,6,Defence,13,Nesta,Centre-back,87,true,https://7a0.com.br/en/copas/2002/ita
2002,South Korea/Japan,ita,Italy,80,6,Defence,15,Iuliano,Centre-back,75,false,https://7a0.com.br/en/copas/2002/ita
2002,South Korea/Japan,ita,Italy,80,6,Defence,23,Materazzi,Centre-back,76,false,https://7a0.com.br/en/copas/2002/ita
2002,South Korea/Japan,ita,Italy,80,6,Defence,3,Maldini,Left-back,88,true,https://7a0.com.br/en/copas/2002/ita
2002,South Korea/Japan,ita,Italy,80,6,Defence,4,Coco,Left-back,76,false,https://7a0.com.br/en/copas/2002/ita
2002,South Korea/Japan,ita,Italy,80,6,Midfield,6,C. Zanetti,Defensive midfielder,77,false,https://7a0.com.br/en/copas/2002/ita
2002,South Korea/Japan,ita,Italy,80,6,Midfield,8,Gattuso,Defensive midfielder,80,false,https://7a0.com.br/en/copas/2002/ita
2002,South Korea/Japan,ita,Italy,80,6,Midfield,14,Di Biagio,Defensive midfielder,77,false,https://7a0.com.br/en/copas/2002/ita
2002,South Korea/Japan,ita,Italy,80,6,Midfield,16,Di Livio,Right midfielder,75,false,https://7a0.com.br/en/copas/2002/ita
2002,South Korea/Japan,ita,Italy,80,6,Midfield,17,Tommasi,Midfielder,78,false,https://7a0.com.br/en/copas/2002/ita
2002,South Korea/Japan,ita,Italy,80,6,Midfield,7,Del Piero,Attacking midfielder,86,true,https://7a0.com.br/en/copas/2002/ita
2002,South Korea/Japan,ita,Italy,80,6,Midfield,10,Totti,Attacking midfielder,89,true,https://7a0.com.br/en/copas/2002/ita
2002,South Korea/Japan,ita,Italy,80,6,Midfield,11,Doni,Attacking midfielder,74,false,https://7a0.com.br/en/copas/2002/ita
2002,South Korea/Japan,ita,Italy,80,6,Attack,9,Inzaghi,Centre-forward,82,false,https://7a0.com.br/en/copas/2002/ita
2002,South Korea/Japan,ita,Italy,80,6,Attack,18,Delvecchio,Centre-forward,74,false,https://7a0.com.br/en/copas/2002/ita
2002,South Korea/Japan,ita,Italy,80,6,Attack,20,Montella,Centre-forward,78,false,https://7a0.com.br/en/copas/2002/ita
2002,South Korea/Japan,ita,Italy,80,6,Attack,21,Vieri,Centre-forward,86,false,https://7a0.com.br/en/copas/2002/ita
2002,South Korea/Japan,jpn,Japan,76,2,Goalkeepers,1,Kawaguchi,Goalkeeper,80,true,https://7a0.com.br/en/copas/2002/jpn
2002,South Korea/Japan,jpn,Japan,76,2,Goalkeepers,12,Narazaki,Goalkeeper,75,false,https://7a0.com.br/en/copas/2002/jpn
2002,South Korea/Japan,jpn,Japan,76,2,Defence,16,K.Nakata,Right-back,74,false,https://7a0.com.br/en/copas/2002/jpn
2002,South Korea/Japan,jpn,Japan,76,2,Defence,2,Akita,Centre-back,74,false,https://7a0.com.br/en/copas/2002/jpn
2002,South Korea/Japan,jpn,Japan,76,2,Defence,3,Matsuda,Centre-back,76,false,https://7a0.com.br/en/copas/2002/jpn
2002,South Korea/Japan,jpn,Japan,76,2,Defence,4,Morioka,Centre-back,73,false,https://7a0.com.br/en/copas/2002/jpn
2002,South Korea/Japan,jpn,Japan,76,2,Defence,17,Miyamoto,Centre-back,78,false,https://7a0.com.br/en/copas/2002/jpn
2002,South Korea/Japan,jpn,Japan,76,2,Defence,6,Hattori,Left-back,73,false,https://7a0.com.br/en/copas/2002/jpn
2002,South Korea/Japan,jpn,Japan,76,2,Midfield,15,Fukunishi,Defensive midfielder,74,false,https://7a0.com.br/en/copas/2002/jpn
2002,South Korea/Japan,jpn,Japan,76,2,Midfield,19,Ogasawara,Defensive midfielder,72,false,https://7a0.com.br/en/copas/2002/jpn
2002,South Korea/Japan,jpn,Japan,76,2,Midfield,21,Toda,Defensive midfielder,73,false,https://7a0.com.br/en/copas/2002/jpn
2002,South Korea/Japan,jpn,Japan,76,2,Midfield,22,Ichikawa,Defensive midfielder,70,false,https://7a0.com.br/en/copas/2002/jpn
2002,South Korea/Japan,jpn,Japan,76,2,Midfield,14,Santos,Right midfielder,79,false,https://7a0.com.br/en/copas/2002/jpn
2002,South Korea/Japan,jpn,Japan,76,2,Midfield,20,Myojin,Right midfielder,71,false,https://7a0.com.br/en/copas/2002/jpn
2002,South Korea/Japan,jpn,Japan,76,2,Midfield,5,Inamoto,Midfielder,79,false,https://7a0.com.br/en/copas/2002/jpn
2002,South Korea/Japan,jpn,Japan,76,2,Midfield,7,Nakata,Midfielder,85,true,https://7a0.com.br/en/copas/2002/jpn
2002,South Korea/Japan,jpn,Japan,76,2,Midfield,18,Ono,Midfielder,80,false,https://7a0.com.br/en/copas/2002/jpn
2002,South Korea/Japan,jpn,Japan,76,2,Attack,8,Morishima,Right winger,74,false,https://7a0.com.br/en/copas/2002/jpn
2002,South Korea/Japan,jpn,Japan,76,2,Attack,9,Nishizawa,Centre-forward,75,false,https://7a0.com.br/en/copas/2002/jpn
2002,South Korea/Japan,jpn,Japan,76,2,Attack,10,Nakayama,Centre-forward,78,false,https://7a0.com.br/en/copas/2002/jpn
2002,South Korea/Japan,jpn,Japan,76,2,Attack,11,Suzuki,Centre-forward,76,false,https://7a0.com.br/en/copas/2002/jpn
2002,South Korea/Japan,jpn,Japan,76,2,Attack,13,Yanagisawa,Centre-forward,75,false,https://7a0.com.br/en/copas/2002/jpn
2002,South Korea/Japan,mex,Mexico,77,3,Goalkeepers,1,Óscar Pérez,Goalkeeper,79,false,https://7a0.com.br/en/copas/2002/mex
2002,South Korea/Japan,mex,Mexico,77,3,Goalkeepers,12,O. Sánchez,Goalkeeper,77,false,https://7a0.com.br/en/copas/2002/mex
2002,South Korea/Japan,mex,Mexico,77,3,Goalkeepers,23,Campos,Goalkeeper,80,false,https://7a0.com.br/en/copas/2002/mex
2002,South Korea/Japan,mex,Mexico,77,3,Defence,2,De Anda,Right-back,72,false,https://7a0.com.br/en/copas/2002/mex
2002,South Korea/Japan,mex,Mexico,77,3,Defence,20,Melvin,Right-back,71,false,https://7a0.com.br/en/copas/2002/mex
2002,South Korea/Japan,mex,Mexico,77,3,Defence,4,Márquez,Centre-back,84,true,https://7a0.com.br/en/copas/2002/mex
2002,South Korea/Japan,mex,Mexico,77,3,Defence,5,Vidrio,Centre-back,74,false,https://7a0.com.br/en/copas/2002/mex
2002,South Korea/Japan,mex,Mexico,77,3,Defence,22,A. Rodríguez,Centre-back,71,false,https://7a0.com.br/en/copas/2002/mex
2002,South Korea/Japan,mex,Mexico,77,3,Defence,16,Carmona,Left-back,75,false,https://7a0.com.br/en/copas/2002/mex
2002,South Korea/Japan,mex,Mexico,77,3,Midfield,3,R. García,Defensive midfielder,74,false,https://7a0.com.br/en/copas/2002/mex
2002,South Korea/Japan,mex,Mexico,77,3,Midfield,6,Torrado,Defensive midfielder,79,false,https://7a0.com.br/en/copas/2002/mex
2002,South Korea/Japan,mex,Mexico,77,3,Midfield,13,Mercado,Defensive midfielder,72,false,https://7a0.com.br/en/copas/2002/mex
2002,South Korea/Japan,mex,Mexico,77,3,Midfield,8,García Aspe,Midfielder,81,false,https://7a0.com.br/en/copas/2002/mex
2002,South Korea/Japan,mex,Mexico,77,3,Midfield,14,Villa,Midfielder,76,false,https://7a0.com.br/en/copas/2002/mex
2002,South Korea/Japan,mex,Mexico,77,3,Midfield,11,Luna,Left midfielder,72,false,https://7a0.com.br/en/copas/2002/mex
2002,South Korea/Japan,mex,Mexico,77,3,Midfield,18,J. Rodríguez,Attacking midfielder,71,false,https://7a0.com.br/en/copas/2002/mex
2002,South Korea/Japan,mex,Mexico,77,3,Attack,9,Borgetti,Centre-forward,84,true,https://7a0.com.br/en/copas/2002/mex
2002,South Korea/Japan,mex,Mexico,77,3,Attack,10,Blanco,Centre-forward,83,true,https://7a0.com.br/en/copas/2002/mex
2002,South Korea/Japan,mex,Mexico,77,3,Attack,15,Hernández,Centre-forward,79,false,https://7a0.com.br/en/copas/2002/mex
2002,South Korea/Japan,mex,Mexico,77,3,Attack,17,Palencia,Centre-forward,77,false,https://7a0.com.br/en/copas/2002/mex
2002,South Korea/Japan,mex,Mexico,77,3,Attack,21,Arellano,Centre-forward,74,false,https://7a0.com.br/en/copas/2002/mex
2002,South Korea/Japan,mex,Mexico,77,3,Attack,7,Morales,Left winger,78,false,https://7a0.com.br/en/copas/2002/mex
2002,South Korea/Japan,nga,Nigeria,77,3,Goalkeepers,1,Shorunmu,Goalkeeper,77,false,https://7a0.com.br/en/copas/2002/nga
2002,South Korea/Japan,nga,Nigeria,77,3,Goalkeepers,12,Ejide,Goalkeeper,74,false,https://7a0.com.br/en/copas/2002/nga
2002,South Korea/Japan,nga,Nigeria,77,3,Goalkeepers,22,Enyeama,Goalkeeper,76,false,https://7a0.com.br/en/copas/2002/nga
2002,South Korea/Japan,nga,Nigeria,77,3,Defence,13,Afolabi,Right-back,77,false,https://7a0.com.br/en/copas/2002/nga
2002,South Korea/Japan,nga,Nigeria,77,3,Defence,2,Yobo,Centre-back,80,false,https://7a0.com.br/en/copas/2002/nga
2002,South Korea/Japan,nga,Nigeria,77,3,Defence,5,Okoronkwo,Centre-back,77,false,https://7a0.com.br/en/copas/2002/nga
2002,South Korea/Japan,nga,Nigeria,77,3,Defence,6,West,Centre-back,82,true,https://7a0.com.br/en/copas/2002/nga
2002,South Korea/Japan,nga,Nigeria,77,3,Defence,15,Christopher,Centre-back,73,false,https://7a0.com.br/en/copas/2002/nga
2002,South Korea/Japan,nga,Nigeria,77,3,Defence,16,Sodje,Centre-back,74,false,https://7a0.com.br/en/copas/2002/nga
2002,South Korea/Japan,nga,Nigeria,77,3,Defence,19,Ejiofor,Centre-back,72,false,https://7a0.com.br/en/copas/2002/nga
2002,South Korea/Japan,nga,Nigeria,77,3,Defence,3,Babayaro,Left-back,80,false,https://7a0.com.br/en/copas/2002/nga
2002,South Korea/Japan,nga,Nigeria,77,3,Defence,14,Udeze,Left-back,76,false,https://7a0.com.br/en/copas/2002/nga
2002,South Korea/Japan,nga,Nigeria,77,3,Midfield,8,Adepoju,Defensive midfielder,79,false,https://7a0.com.br/en/copas/2002/nga
2002,South Korea/Japan,nga,Nigeria,77,3,Midfield,11,Lawal,Defensive midfielder,79,false,https://7a0.com.br/en/copas/2002/nga
2002,South Korea/Japan,nga,Nigeria,77,3,Midfield,20,Obiorah,Defensive midfielder,71,false,https://7a0.com.br/en/copas/2002/nga
2002,South Korea/Japan,nga,Nigeria,77,3,Midfield,7,Ikedia,Right midfielder,74,false,https://7a0.com.br/en/copas/2002/nga
2002,South Korea/Japan,nga,Nigeria,77,3,Midfield,10,Okocha,Midfielder,92,true,https://7a0.com.br/en/copas/2002/nga
2002,South Korea/Japan,nga,Nigeria,77,3,Attack,4,Kanu,Centre-forward,88,true,https://7a0.com.br/en/copas/2002/nga
2002,South Korea/Japan,nga,Nigeria,77,3,Attack,9,Ogbeche,Centre-forward,75,false,https://7a0.com.br/en/copas/2002/nga
2002,South Korea/Japan,nga,Nigeria,77,3,Attack,17,Aghahowa,Centre-forward,77,false,https://7a0.com.br/en/copas/2002/nga
2002,South Korea/Japan,nga,Nigeria,77,3,Attack,18,Akwuegbu,Centre-forward,74,false,https://7a0.com.br/en/copas/2002/nga
2002,South Korea/Japan,nga,Nigeria,77,3,Attack,21,Utaka,Left winger,75,false,https://7a0.com.br/en/copas/2002/nga
2002,South Korea/Japan,nga,Nigeria,77,3,Attack,23,Opabunmi,Left winger,72,false,https://7a0.com.br/en/copas/2002/nga
2002,South Korea/Japan,por,Portugal,78,2,Goalkeepers,1,Vítor Baía,Goalkeeper,80,false,https://7a0.com.br/en/copas/2002/por
2002,South Korea/Japan,por,Portugal,78,2,Goalkeepers,15,Nélson,Goalkeeper,73,false,https://7a0.com.br/en/copas/2002/por
2002,South Korea/Japan,por,Portugal,78,2,Goalkeepers,16,Ricardo Pereira,Goalkeeper,76,false,https://7a0.com.br/en/copas/2002/por
2002,South Korea/Japan,por,Portugal,78,2,Defence,3,Abel Xavier,Right-back,78,false,https://7a0.com.br/en/copas/2002/por
2002,South Korea/Japan,por,Portugal,78,2,Defence,18,Frechaut,Right-back,73,false,https://7a0.com.br/en/copas/2002/por
2002,South Korea/Japan,por,Portugal,78,2,Defence,2,Jorge Costa,Centre-back,81,false,https://7a0.com.br/en/copas/2002/por
2002,South Korea/Japan,por,Portugal,78,2,Defence,5,Fernando Couto,Centre-back,83,false,https://7a0.com.br/en/copas/2002/por
2002,South Korea/Japan,por,Portugal,78,2,Defence,13,Jorge Andrade,Centre-back,76,false,https://7a0.com.br/en/copas/2002/por
2002,South Korea/Japan,por,Portugal,78,2,Defence,4,Caneira,Left-back,74,false,https://7a0.com.br/en/copas/2002/por
2002,South Korea/Japan,por,Portugal,78,2,Defence,23,Rui Jorge,Left-back,75,false,https://7a0.com.br/en/copas/2002/por
2002,South Korea/Japan,por,Portugal,78,2,Midfield,6,Paulo Sousa,Defensive midfielder,80,false,https://7a0.com.br/en/copas/2002/por
2002,South Korea/Japan,por,Portugal,78,2,Midfield,17,Paulo Bento,Defensive midfielder,78,false,https://7a0.com.br/en/copas/2002/por
2002,South Korea/Japan,por,Portugal,78,2,Midfield,20,Petit,Defensive midfielder,78,false,https://7a0.com.br/en/copas/2002/por
2002,South Korea/Japan,por,Portugal,78,2,Midfield,22,Beto,Defensive midfielder,74,false,https://7a0.com.br/en/copas/2002/por
2002,South Korea/Japan,por,Portugal,78,2,Midfield,11,Sérgio Conceição,Right midfielder,82,false,https://7a0.com.br/en/copas/2002/por
2002,South Korea/Japan,por,Portugal,78,2,Midfield,12,Hugo Viana,Midfielder,74,false,https://7a0.com.br/en/copas/2002/por
2002,South Korea/Japan,por,Portugal,78,2,Midfield,14,Pedro Barbosa,Midfielder,75,false,https://7a0.com.br/en/copas/2002/por
2002,South Korea/Japan,por,Portugal,78,2,Midfield,8,João Pinto,Attacking midfielder,80,false,https://7a0.com.br/en/copas/2002/por
2002,South Korea/Japan,por,Portugal,78,2,Midfield,10,Rui Costa,Attacking midfielder,86,true,https://7a0.com.br/en/copas/2002/por
2002,South Korea/Japan,por,Portugal,78,2,Attack,7,Figo,Right winger,89,true,https://7a0.com.br/en/copas/2002/por
2002,South Korea/Japan,por,Portugal,78,2,Attack,19,Capucho,Right winger,75,false,https://7a0.com.br/en/copas/2002/por
2002,South Korea/Japan,por,Portugal,78,2,Attack,9,Pauleta,Centre-forward,83,false,https://7a0.com.br/en/copas/2002/por
2002,South Korea/Japan,por,Portugal,78,2,Attack,21,Nuno Gomes,Centre-forward,82,false,https://7a0.com.br/en/copas/2002/por
2002,South Korea/Japan,sen,Senegal,73,0,Goalkeepers,1,Sylva,Goalkeeper,78,false,https://7a0.com.br/en/copas/2002/sen
2002,South Korea/Japan,sen,Senegal,73,0,Goalkeepers,16,Diallo,Goalkeeper,69,false,https://7a0.com.br/en/copas/2002/sen
2002,South Korea/Japan,sen,Senegal,73,0,Goalkeepers,22,Cissokho,Goalkeeper,66,false,https://7a0.com.br/en/copas/2002/sen
2002,South Korea/Japan,sen,Senegal,73,0,Defence,2,Daf,Right-back,74,false,https://7a0.com.br/en/copas/2002/sen
2002,South Korea/Japan,sen,Senegal,73,0,Defence,17,Coly,Right-back,74,false,https://7a0.com.br/en/copas/2002/sen
2002,South Korea/Japan,sen,Senegal,73,0,Defence,21,Beye,Right-back,72,false,https://7a0.com.br/en/copas/2002/sen
2002,South Korea/Japan,sen,Senegal,73,0,Defence,4,Malick Diop,Centre-back,73,false,https://7a0.com.br/en/copas/2002/sen
2002,South Korea/Japan,sen,Senegal,73,0,Defence,5,N'Dour,Centre-back,71,false,https://7a0.com.br/en/copas/2002/sen
2002,South Korea/Japan,sen,Senegal,73,0,Defence,13,Diatta,Centre-back,75,false,https://7a0.com.br/en/copas/2002/sen
2002,South Korea/Japan,sen,Senegal,73,0,Defence,3,Pape Sarr,Left-back,73,false,https://7a0.com.br/en/copas/2002/sen
2002,South Korea/Japan,sen,Senegal,73,0,Midfield,6,Cissé,Defensive midfielder,77,false,https://7a0.com.br/en/copas/2002/sen
2002,South Korea/Japan,sen,Senegal,73,0,Midfield,12,Faye,Defensive midfielder,73,false,https://7a0.com.br/en/copas/2002/sen
2002,South Korea/Japan,sen,Senegal,73,0,Midfield,15,Diao,Defensive midfielder,76,false,https://7a0.com.br/en/copas/2002/sen
2002,South Korea/Japan,sen,Senegal,73,0,Midfield,19,Bouba Diop,Defensive midfielder,77,false,https://7a0.com.br/en/copas/2002/sen
2002,South Korea/Japan,sen,Senegal,73,0,Midfield,14,M. N'Diaye,Midfielder,70,false,https://7a0.com.br/en/copas/2002/sen
2002,South Korea/Japan,sen,Senegal,73,0,Midfield,23,Makhtar N'Diaye,Midfielder,68,false,https://7a0.com.br/en/copas/2002/sen
2002,South Korea/Japan,sen,Senegal,73,0,Midfield,10,Fadiga,Attacking midfielder,79,false,https://7a0.com.br/en/copas/2002/sen
2002,South Korea/Japan,sen,Senegal,73,0,Midfield,20,S. N'Diaye,Attacking midfielder,71,false,https://7a0.com.br/en/copas/2002/sen
2002,South Korea/Japan,sen,Senegal,73,0,Attack,7,Henri Camara,Right winger,78,false,https://7a0.com.br/en/copas/2002/sen
2002,South Korea/Japan,sen,Senegal,73,0,Attack,8,Traoré,Centre-forward,72,false,https://7a0.com.br/en/copas/2002/sen
2002,South Korea/Japan,sen,Senegal,73,0,Attack,18,Thiaw,Centre-forward,71,false,https://7a0.com.br/en/copas/2002/sen
2002,South Korea/Japan,sen,Senegal,73,0,Attack,9,S. Camara,Left winger,71,false,https://7a0.com.br/en/copas/2002/sen
2002,South Korea/Japan,sen,Senegal,73,0,Attack,11,Diouf,Left winger,82,false,https://7a0.com.br/en/copas/2002/sen
2002,South Korea/Japan,kor,South Korea,75,0,Goalkeepers,1,Lee Woon-jae,Goalkeeper,79,false,https://7a0.com.br/en/copas/2002/kor
2002,South Korea/Japan,kor,South Korea,75,0,Goalkeepers,12,Kim Byung-ji,Goalkeeper,72,false,https://7a0.com.br/en/copas/2002/kor
2002,South Korea/Japan,kor,South Korea,75,0,Goalkeepers,23,Choi Eun-sung,Goalkeeper,68,false,https://7a0.com.br/en/copas/2002/kor
2002,South Korea/Japan,kor,South Korea,75,0,Defence,15,Lee Min-sung,Right-back,71,false,https://7a0.com.br/en/copas/2002/kor
2002,South Korea/Japan,kor,South Korea,75,0,Defence,22,Song Chong-gug,Right-back,74,false,https://7a0.com.br/en/copas/2002/kor
2002,South Korea/Japan,kor,South Korea,75,0,Defence,2,Hyun Young-min,Centre-back,71,false,https://7a0.com.br/en/copas/2002/kor
2002,South Korea/Japan,kor,South Korea,75,0,Defence,4,Choi Jin-cheul,Centre-back,76,false,https://7a0.com.br/en/copas/2002/kor
2002,South Korea/Japan,kor,South Korea,75,0,Defence,7,Kim Tae-young,Centre-back,74,false,https://7a0.com.br/en/copas/2002/kor
2002,South Korea/Japan,kor,South Korea,75,0,Defence,20,Hong Myung-bo,Centre-back,85,false,https://7a0.com.br/en/copas/2002/kor
2002,South Korea/Japan,kor,South Korea,75,0,Defence,10,Lee Young-pyo,Left-back,79,false,https://7a0.com.br/en/copas/2002/kor
2002,South Korea/Japan,kor,South Korea,75,0,Midfield,5,Kim Nam-il,Defensive midfielder,77,false,https://7a0.com.br/en/copas/2002/kor
2002,South Korea/Japan,kor,South Korea,75,0,Midfield,6,Yoo Sang-chul,Defensive midfielder,78,false,https://7a0.com.br/en/copas/2002/kor
2002,South Korea/Japan,kor,South Korea,75,0,Midfield,17,Yoon Jong-hwan,Defensive midfielder,72,false,https://7a0.com.br/en/copas/2002/kor
2002,South Korea/Japan,kor,South Korea,75,0,Midfield,21,Park Ji-sung,Defensive midfielder,81,false,https://7a0.com.br/en/copas/2002/kor
2002,South Korea/Japan,kor,South Korea,75,0,Midfield,3,Choi Sung-yong,Right midfielder,73,false,https://7a0.com.br/en/copas/2002/kor
2002,South Korea/Japan,kor,South Korea,75,0,Midfield,13,Lee Eul-yong,Left midfielder,73,false,https://7a0.com.br/en/copas/2002/kor
2002,South Korea/Japan,kor,South Korea,75,0,Attack,16,Cha Du-ri,Right winger,72,false,https://7a0.com.br/en/copas/2002/kor
2002,South Korea/Japan,kor,South Korea,75,0,Attack,8,Choi Tae-uk,Centre-forward,73,false,https://7a0.com.br/en/copas/2002/kor
2002,South Korea/Japan,kor,South Korea,75,0,Attack,11,Choi Yong-soo,Centre-forward,74,false,https://7a0.com.br/en/copas/2002/kor
2002,South Korea/Japan,kor,South Korea,75,0,Attack,18,Hwang Sun-hong,Centre-forward,76,false,https://7a0.com.br/en/copas/2002/kor
2002,South Korea/Japan,kor,South Korea,75,0,Attack,19,Ahn Jung-hwan,Centre-forward,79,false,https://7a0.com.br/en/copas/2002/kor
2002,South Korea/Japan,kor,South Korea,75,0,Attack,9,Seol Ki-hyeon,Left winger,78,false,https://7a0.com.br/en/copas/2002/kor
2002,South Korea/Japan,kor,South Korea,75,0,Attack,14,Lee Chun-soo,Left winger,76,false,https://7a0.com.br/en/copas/2002/kor
2002,South Korea/Japan,esp,Spain,77,1,Goalkeepers,1,Casillas,Goalkeeper,85,false,https://7a0.com.br/en/copas/2002/esp
2002,South Korea/Japan,esp,Spain,77,1,Goalkeepers,13,Ricardo,Goalkeeper,70,false,https://7a0.com.br/en/copas/2002/esp
2002,South Korea/Japan,esp,Spain,77,1,Goalkeepers,23,Contreras,Goalkeeper,68,false,https://7a0.com.br/en/copas/2002/esp
2002,South Korea/Japan,esp,Spain,77,1,Defence,2,Curro Torres,Right-back,72,false,https://7a0.com.br/en/copas/2002/esp
2002,South Korea/Japan,esp,Spain,77,1,Defence,4,Helguera,Centre-back,80,false,https://7a0.com.br/en/copas/2002/esp
2002,South Korea/Japan,esp,Spain,77,1,Defence,5,Puyol,Centre-back,82,false,https://7a0.com.br/en/copas/2002/esp
2002,South Korea/Japan,esp,Spain,77,1,Defence,6,Hierro,Centre-back,84,false,https://7a0.com.br/en/copas/2002/esp
2002,South Korea/Japan,esp,Spain,77,1,Defence,20,Nadal,Centre-back,76,false,https://7a0.com.br/en/copas/2002/esp
2002,South Korea/Japan,esp,Spain,77,1,Defence,3,Juanfran,Left-back,72,false,https://7a0.com.br/en/copas/2002/esp
2002,South Korea/Japan,esp,Spain,77,1,Defence,15,Romero,Left-back,70,false,https://7a0.com.br/en/copas/2002/esp
2002,South Korea/Japan,esp,Spain,77,1,Midfield,14,Albelda,Defensive midfielder,76,false,https://7a0.com.br/en/copas/2002/esp
2002,South Korea/Japan,esp,Spain,77,1,Midfield,16,Mendieta,Defensive midfielder,81,false,https://7a0.com.br/en/copas/2002/esp
2002,South Korea/Japan,esp,Spain,77,1,Midfield,17,Valerón,Defensive midfielder,80,false,https://7a0.com.br/en/copas/2002/esp
2002,South Korea/Japan,esp,Spain,77,1,Midfield,18,Sergio,Defensive midfielder,73,false,https://7a0.com.br/en/copas/2002/esp
2002,South Korea/Japan,esp,Spain,77,1,Midfield,21,Luis Enrique,Defensive midfielder,79,false,https://7a0.com.br/en/copas/2002/esp
2002,South Korea/Japan,esp,Spain,77,1,Midfield,8,Baraja,Midfielder,78,false,https://7a0.com.br/en/copas/2002/esp
2002,South Korea/Japan,esp,Spain,77,1,Midfield,19,Xavi,Midfielder,78,false,https://7a0.com.br/en/copas/2002/esp
2002,South Korea/Japan,esp,Spain,77,1,Midfield,11,De Pedro,Left midfielder,74,false,https://7a0.com.br/en/copas/2002/esp
2002,South Korea/Japan,esp,Spain,77,1,Attack,22,Joaquín,Right winger,81,false,https://7a0.com.br/en/copas/2002/esp
2002,South Korea/Japan,esp,Spain,77,1,Attack,7,Raúl,Centre-forward,89,true,https://7a0.com.br/en/copas/2002/esp
2002,South Korea/Japan,esp,Spain,77,1,Attack,9,Morientes,Centre-forward,84,false,https://7a0.com.br/en/copas/2002/esp
2002,South Korea/Japan,esp,Spain,77,1,Attack,10,Tristán,Centre-forward,77,false,https://7a0.com.br/en/copas/2002/esp
2002,South Korea/Japan,esp,Spain,77,1,Attack,12,Luque,Left winger,73,false,https://7a0.com.br/en/copas/2002/esp
2002,South Korea/Japan,tur,Turkey,77,0,Goalkeepers,1,Rüştü,Goalkeeper,84,false,https://7a0.com.br/en/copas/2002/tur
2002,South Korea/Japan,tur,Turkey,77,0,Goalkeepers,12,Ömer Çatkıç,Goalkeeper,70,false,https://7a0.com.br/en/copas/2002/tur
2002,South Korea/Japan,tur,Turkey,77,0,Goalkeepers,23,Zafer,Goalkeeper,67,false,https://7a0.com.br/en/copas/2002/tur
2002,South Korea/Japan,tur,Turkey,77,0,Defence,4,Fatih Akyel,Right-back,75,false,https://7a0.com.br/en/copas/2002/tur
2002,South Korea/Japan,tur,Turkey,77,0,Defence,2,Emre Aşık,Centre-back,74,false,https://7a0.com.br/en/copas/2002/tur
2002,South Korea/Japan,tur,Turkey,77,0,Defence,3,Bülent Korkmaz,Centre-back,78,false,https://7a0.com.br/en/copas/2002/tur
2002,South Korea/Japan,tur,Turkey,77,0,Defence,5,Alpay,Centre-back,78,false,https://7a0.com.br/en/copas/2002/tur
2002,South Korea/Japan,tur,Turkey,77,0,Defence,16,Ümit Özat,Centre-back,73,false,https://7a0.com.br/en/copas/2002/tur
2002,South Korea/Japan,tur,Turkey,77,0,Defence,20,Hakan Ünsal,Left-back,75,false,https://7a0.com.br/en/copas/2002/tur
2002,South Korea/Japan,tur,Turkey,77,0,Midfield,7,Okan Buruk,Defensive midfielder,78,false,https://7a0.com.br/en/copas/2002/tur
2002,South Korea/Japan,tur,Turkey,77,0,Midfield,8,Tugay,Defensive midfielder,80,false,https://7a0.com.br/en/copas/2002/tur
2002,South Korea/Japan,tur,Turkey,77,0,Midfield,13,Izzet,Defensive midfielder,76,false,https://7a0.com.br/en/copas/2002/tur
2002,South Korea/Japan,tur,Turkey,77,0,Midfield,18,Ergün Penbe,Defensive midfielder,71,false,https://7a0.com.br/en/copas/2002/tur
2002,South Korea/Japan,tur,Turkey,77,0,Midfield,21,Emre,Defensive midfielder,82,false,https://7a0.com.br/en/copas/2002/tur
2002,South Korea/Japan,tur,Turkey,77,0,Midfield,22,Ümit Davala,Right midfielder,76,false,https://7a0.com.br/en/copas/2002/tur
2002,South Korea/Japan,tur,Turkey,77,0,Midfield,14,Tayfur Havutçu,Left midfielder,73,false,https://7a0.com.br/en/copas/2002/tur
2002,South Korea/Japan,tur,Turkey,77,0,Midfield,19,Abdullah Ercan,Left midfielder,71,false,https://7a0.com.br/en/copas/2002/tur
2002,South Korea/Japan,tur,Turkey,77,0,Midfield,10,Baştürk,Attacking midfielder,80,false,https://7a0.com.br/en/copas/2002/tur
2002,South Korea/Japan,tur,Turkey,77,0,Attack,6,Arif Erdem,Centre-forward,75,false,https://7a0.com.br/en/copas/2002/tur
2002,South Korea/Japan,tur,Turkey,77,0,Attack,9,Hakan Şükür,Centre-forward,86,false,https://7a0.com.br/en/copas/2002/tur
2002,South Korea/Japan,tur,Turkey,77,0,Attack,15,Nihat,Centre-forward,78,false,https://7a0.com.br/en/copas/2002/tur
2002,South Korea/Japan,tur,Turkey,77,0,Attack,17,İlhan Mansız,Centre-forward,80,false,https://7a0.com.br/en/copas/2002/tur
2002,South Korea/Japan,tur,Turkey,77,0,Attack,11,Hasan Şaş,Left winger,85,false,https://7a0.com.br/en/copas/2002/tur
2002,South Korea/Japan,usa,United States,76,0,Goalkeepers,1,Friedel,Goalkeeper,82,false,https://7a0.com.br/en/copas/2002/usa
2002,South Korea/Japan,usa,United States,76,0,Goalkeepers,18,Keller,Goalkeeper,80,false,https://7a0.com.br/en/copas/2002/usa
2002,South Korea/Japan,usa,United States,76,0,Goalkeepers,19,Meola,Goalkeeper,76,false,https://7a0.com.br/en/copas/2002/usa
2002,South Korea/Japan,usa,United States,76,0,Defence,2,Hejduk,Right-back,74,false,https://7a0.com.br/en/copas/2002/usa
2002,South Korea/Japan,usa,United States,76,0,Defence,14,Cherundolo,Right-back,74,false,https://7a0.com.br/en/copas/2002/usa
2002,South Korea/Japan,usa,United States,76,0,Defence,22,Sanneh,Right-back,74,false,https://7a0.com.br/en/copas/2002/usa
2002,South Korea/Japan,usa,United States,76,0,Defence,3,Berhalter,Centre-back,74,false,https://7a0.com.br/en/copas/2002/usa
2002,South Korea/Japan,usa,United States,76,0,Defence,12,Agoos,Centre-back,72,false,https://7a0.com.br/en/copas/2002/usa
2002,South Korea/Japan,usa,United States,76,0,Defence,16,Llamosa,Centre-back,70,false,https://7a0.com.br/en/copas/2002/usa
2002,South Korea/Japan,usa,United States,76,0,Defence,23,Pope,Centre-back,77,false,https://7a0.com.br/en/copas/2002/usa
2002,South Korea/Japan,usa,United States,76,0,Defence,6,Regis,Left-back,71,false,https://7a0.com.br/en/copas/2002/usa
2002,South Korea/Japan,usa,United States,76,0,Midfield,4,Mastroeni,Defensive midfielder,75,false,https://7a0.com.br/en/copas/2002/usa
2002,South Korea/Japan,usa,United States,76,0,Midfield,5,O'Brien,Defensive midfielder,77,false,https://7a0.com.br/en/copas/2002/usa
2002,South Korea/Japan,usa,United States,76,0,Midfield,10,Reyna,Defensive midfielder,82,false,https://7a0.com.br/en/copas/2002/usa
2002,South Korea/Japan,usa,United States,76,0,Midfield,7,Lewis,Left midfielder,75,false,https://7a0.com.br/en/copas/2002/usa
2002,South Korea/Japan,usa,United States,76,0,Attack,8,Stewart,Right winger,76,false,https://7a0.com.br/en/copas/2002/usa
2002,South Korea/Japan,usa,United States,76,0,Attack,13,Jones,Right winger,75,false,https://7a0.com.br/en/copas/2002/usa
2002,South Korea/Japan,usa,United States,76,0,Attack,21,Donovan,Right winger,83,false,https://7a0.com.br/en/copas/2002/usa
2002,South Korea/Japan,usa,United States,76,0,Attack,9,Moore,Centre-forward,71,false,https://7a0.com.br/en/copas/2002/usa
2002,South Korea/Japan,usa,United States,76,0,Attack,11,Mathis,Centre-forward,75,false,https://7a0.com.br/en/copas/2002/usa
2002,South Korea/Japan,usa,United States,76,0,Attack,15,Wolff,Centre-forward,72,false,https://7a0.com.br/en/copas/2002/usa
2002,South Korea/Japan,usa,United States,76,0,Attack,20,McBride,Centre-forward,80,false,https://7a0.com.br/en/copas/2002/usa
2002,South Korea/Japan,usa,United States,76,0,Attack,17,Beasley,Left winger,78,false,https://7a0.com.br/en/copas/2002/usa
2002,South Korea/Japan,uru,Uruguay,76,1,Goalkeepers,1,Carini,Goalkeeper,77,false,https://7a0.com.br/en/copas/2002/uru
2002,South Korea/Japan,uru,Uruguay,76,1,Goalkeepers,12,Munúa,Goalkeeper,74,false,https://7a0.com.br/en/copas/2002/uru
2002,South Korea/Japan,uru,Uruguay,76,1,Goalkeepers,23,Elduayen,Goalkeeper,72,false,https://7a0.com.br/en/copas/2002/uru
2002,South Korea/Japan,uru,Uruguay,76,1,Defence,2,G. Méndez,Right-back,76,false,https://7a0.com.br/en/copas/2002/uru
2002,South Korea/Japan,uru,Uruguay,76,1,Defence,3,Lembo,Centre-back,75,false,https://7a0.com.br/en/copas/2002/uru
2002,South Korea/Japan,uru,Uruguay,76,1,Defence,4,Montero,Centre-back,82,false,https://7a0.com.br/en/copas/2002/uru
2002,South Korea/Japan,uru,Uruguay,76,1,Defence,14,Sorondo,Centre-back,75,false,https://7a0.com.br/en/copas/2002/uru
2002,South Korea/Japan,uru,Uruguay,76,1,Defence,19,Bizera,Centre-back,73,false,https://7a0.com.br/en/copas/2002/uru
2002,South Korea/Japan,uru,Uruguay,76,1,Defence,6,D. Rodríguez,Left-back,76,false,https://7a0.com.br/en/copas/2002/uru
2002,South Korea/Japan,uru,Uruguay,76,1,Midfield,5,P. García,Defensive midfielder,78,false,https://7a0.com.br/en/copas/2002/uru
2002,South Korea/Japan,uru,Uruguay,76,1,Midfield,16,M. Romero,Defensive midfielder,75,false,https://7a0.com.br/en/copas/2002/uru
2002,South Korea/Japan,uru,Uruguay,76,1,Midfield,22,De los Santos,Defensive midfielder,74,false,https://7a0.com.br/en/copas/2002/uru
2002,South Korea/Japan,uru,Uruguay,76,1,Midfield,7,Guigou,Right midfielder,74,false,https://7a0.com.br/en/copas/2002/uru
2002,South Korea/Japan,uru,Uruguay,76,1,Midfield,17,Regueiro,Midfielder,75,false,https://7a0.com.br/en/copas/2002/uru
2002,South Korea/Japan,uru,Uruguay,76,1,Midfield,8,G. Varela,Left midfielder,74,false,https://7a0.com.br/en/copas/2002/uru
2002,South Korea/Japan,uru,Uruguay,76,1,Midfield,10,O'Neill,Attacking midfielder,79,false,https://7a0.com.br/en/copas/2002/uru
2002,South Korea/Japan,uru,Uruguay,76,1,Midfield,15,N. Olivera,Attacking midfielder,74,false,https://7a0.com.br/en/copas/2002/uru
2002,South Korea/Japan,uru,Uruguay,76,1,Midfield,20,Recoba,Attacking midfielder,85,true,https://7a0.com.br/en/copas/2002/uru
2002,South Korea/Japan,uru,Uruguay,76,1,Attack,9,D. Silva,Centre-forward,79,false,https://7a0.com.br/en/copas/2002/uru
2002,South Korea/Japan,uru,Uruguay,76,1,Attack,11,Magallanes,Centre-forward,74,false,https://7a0.com.br/en/copas/2002/uru
2002,South Korea/Japan,uru,Uruguay,76,1,Attack,13,Abreu,Centre-forward,78,false,https://7a0.com.br/en/copas/2002/uru
2002,South Korea/Japan,uru,Uruguay,76,1,Attack,18,R. Morales,Centre-forward,75,false,https://7a0.com.br/en/copas/2002/uru
2002,South Korea/Japan,uru,Uruguay,76,1,Attack,21,Forlán,Centre-forward,78,false,https://7a0.com.br/en/copas/2002/uru
2006,Germany,arg,Argentina,82,2,Goalkeepers,1,Abbondanzieri,Goalkeeper,84,false,https://7a0.com.br/en/copas/2006/arg
2006,Germany,arg,Argentina,82,2,Goalkeepers,12,L. Franco,Goalkeeper,78,false,https://7a0.com.br/en/copas/2006/arg
2006,Germany,arg,Argentina,82,2,Defence,13,Scaloni,Right-back,72,false,https://7a0.com.br/en/copas/2006/arg
2006,Germany,arg,Argentina,82,2,Defence,17,Cufré,Right-back,71,false,https://7a0.com.br/en/copas/2006/arg
2006,Germany,arg,Argentina,82,2,Defence,2,Ayala,Centre-back,86,false,https://7a0.com.br/en/copas/2006/arg
2006,Germany,arg,Argentina,82,2,Defence,4,Coloccini,Centre-back,78,false,https://7a0.com.br/en/copas/2006/arg
2006,Germany,arg,Argentina,82,2,Defence,15,G. Milito,Centre-back,80,false,https://7a0.com.br/en/copas/2006/arg
2006,Germany,arg,Argentina,82,2,Defence,21,Burdisso,Centre-back,80,false,https://7a0.com.br/en/copas/2006/arg
2006,Germany,arg,Argentina,82,2,Defence,3,Sorín,Left-back,82,false,https://7a0.com.br/en/copas/2006/arg
2006,Germany,arg,Argentina,82,2,Defence,6,Heinze,Left-back,85,false,https://7a0.com.br/en/copas/2006/arg
2006,Germany,arg,Argentina,82,2,Midfield,8,Mascherano,Defensive midfielder,86,false,https://7a0.com.br/en/copas/2006/arg
2006,Germany,arg,Argentina,82,2,Midfield,22,L. González,Defensive midfielder,80,false,https://7a0.com.br/en/copas/2006/arg
2006,Germany,arg,Argentina,82,2,Midfield,18,Maxi Rodríguez,Right midfielder,84,false,https://7a0.com.br/en/copas/2006/arg
2006,Germany,arg,Argentina,82,2,Midfield,5,Cambiasso,Midfielder,87,false,https://7a0.com.br/en/copas/2006/arg
2006,Germany,arg,Argentina,82,2,Midfield,10,Riquelme,Midfielder,89,true,https://7a0.com.br/en/copas/2006/arg
2006,Germany,arg,Argentina,82,2,Midfield,16,Aimar,Attacking midfielder,83,false,https://7a0.com.br/en/copas/2006/arg
2006,Germany,arg,Argentina,82,2,Attack,19,Messi,Right winger,88,true,https://7a0.com.br/en/copas/2006/arg
2006,Germany,arg,Argentina,82,2,Attack,7,Saviola,Centre-forward,82,false,https://7a0.com.br/en/copas/2006/arg
2006,Germany,arg,Argentina,82,2,Attack,9,Crespo,Centre-forward,86,false,https://7a0.com.br/en/copas/2006/arg
2006,Germany,arg,Argentina,82,2,Attack,11,Tevez,Centre-forward,88,false,https://7a0.com.br/en/copas/2006/arg
2006,Germany,arg,Argentina,82,2,Attack,14,Palacio,Centre-forward,76,false,https://7a0.com.br/en/copas/2006/arg
2006,Germany,arg,Argentina,82,2,Attack,20,J. Cruz,Centre-forward,79,false,https://7a0.com.br/en/copas/2006/arg
2006,Germany,aus,Australia,75,0,Goalkeepers,1,Schwarzer,Goalkeeper,81,false,https://7a0.com.br/en/copas/2006/aus
2006,Germany,aus,Australia,75,0,Goalkeepers,12,Covic,Goalkeeper,66,false,https://7a0.com.br/en/copas/2006/aus
2006,Germany,aus,Australia,75,0,Goalkeepers,18,Kalac,Goalkeeper,72,false,https://7a0.com.br/en/copas/2006/aus
2006,Germany,aus,Australia,75,0,Defence,7,Emerton,Right-back,78,false,https://7a0.com.br/en/copas/2006/aus
2006,Germany,aus,Australia,75,0,Defence,20,Wilkshire,Right-back,71,false,https://7a0.com.br/en/copas/2006/aus
2006,Germany,aus,Australia,75,0,Defence,2,Neill,Centre-back,79,false,https://7a0.com.br/en/copas/2006/aus
2006,Germany,aus,Australia,75,0,Defence,3,Moore,Centre-back,77,false,https://7a0.com.br/en/copas/2006/aus
2006,Germany,aus,Australia,75,0,Defence,6,Popovic,Centre-back,74,false,https://7a0.com.br/en/copas/2006/aus
2006,Germany,aus,Australia,75,0,Defence,16,Beauchamp,Centre-back,68,false,https://7a0.com.br/en/copas/2006/aus
2006,Germany,aus,Australia,75,0,Defence,11,Lazaridis,Left-back,73,false,https://7a0.com.br/en/copas/2006/aus
2006,Germany,aus,Australia,75,0,Defence,14,Chipperfield,Left-back,74,false,https://7a0.com.br/en/copas/2006/aus
2006,Germany,aus,Australia,75,0,Midfield,4,Cahill,Defensive midfielder,83,false,https://7a0.com.br/en/copas/2006/aus
2006,Germany,aus,Australia,75,0,Midfield,5,Culina,Defensive midfielder,76,false,https://7a0.com.br/en/copas/2006/aus
2006,Germany,aus,Australia,75,0,Midfield,8,Skoko,Defensive midfielder,73,false,https://7a0.com.br/en/copas/2006/aus
2006,Germany,aus,Australia,75,0,Midfield,13,Grella,Defensive midfielder,76,false,https://7a0.com.br/en/copas/2006/aus
2006,Germany,aus,Australia,75,0,Midfield,22,Milligan,Defensive midfielder,67,false,https://7a0.com.br/en/copas/2006/aus
2006,Germany,aus,Australia,75,0,Midfield,23,Bresciano,Defensive midfielder,80,false,https://7a0.com.br/en/copas/2006/aus
2006,Germany,aus,Australia,75,0,Attack,21,Sterjovski,Right winger,72,false,https://7a0.com.br/en/copas/2006/aus
2006,Germany,aus,Australia,75,0,Attack,9,Viduka,Centre-forward,82,false,https://7a0.com.br/en/copas/2006/aus
2006,Germany,aus,Australia,75,0,Attack,15,Aloisi,Centre-forward,74,false,https://7a0.com.br/en/copas/2006/aus
2006,Germany,aus,Australia,75,0,Attack,17,Thompson,Centre-forward,69,false,https://7a0.com.br/en/copas/2006/aus
2006,Germany,aus,Australia,75,0,Attack,19,Kennedy,Centre-forward,71,false,https://7a0.com.br/en/copas/2006/aus
2006,Germany,aus,Australia,75,0,Attack,10,Kewell,Left winger,83,false,https://7a0.com.br/en/copas/2006/aus
2006,Germany,bra,Brazil,84,3,Goalkeepers,1,Dida,Goalkeeper,88,false,https://7a0.com.br/en/copas/2006/bra
2006,Germany,bra,Brazil,84,3,Goalkeepers,12,Rogério Ceni,Goalkeeper,79,false,https://7a0.com.br/en/copas/2006/bra
2006,Germany,bra,Brazil,84,3,Goalkeepers,22,Júlio César,Goalkeeper,82,false,https://7a0.com.br/en/copas/2006/bra
2006,Germany,bra,Brazil,84,3,Defence,2,Cafu,Right-back,87,false,https://7a0.com.br/en/copas/2006/bra
2006,Germany,bra,Brazil,84,3,Defence,13,Cicinho,Right-back,80,false,https://7a0.com.br/en/copas/2006/bra
2006,Germany,bra,Brazil,84,3,Defence,16,Gilberto,Right-back,76,false,https://7a0.com.br/en/copas/2006/bra
2006,Germany,bra,Brazil,84,3,Defence,3,Lúcio,Centre-back,88,false,https://7a0.com.br/en/copas/2006/bra
2006,Germany,bra,Brazil,84,3,Defence,4,Juan,Centre-back,83,false,https://7a0.com.br/en/copas/2006/bra
2006,Germany,bra,Brazil,84,3,Defence,14,Luisão,Centre-back,81,false,https://7a0.com.br/en/copas/2006/bra
2006,Germany,bra,Brazil,84,3,Defence,15,Cris,Centre-back,79,false,https://7a0.com.br/en/copas/2006/bra
2006,Germany,bra,Brazil,84,3,Defence,6,Roberto Carlos,Left-back,88,false,https://7a0.com.br/en/copas/2006/bra
2006,Germany,bra,Brazil,84,3,Midfield,17,Gilberto Silva,Defensive midfielder,83,false,https://7a0.com.br/en/copas/2006/bra
2006,Germany,bra,Brazil,84,3,Midfield,18,Mineiro,Defensive midfielder,76,false,https://7a0.com.br/en/copas/2006/bra
2006,Germany,bra,Brazil,84,3,Midfield,5,Emerson,Right midfielder,81,false,https://7a0.com.br/en/copas/2006/bra
2006,Germany,bra,Brazil,84,3,Midfield,19,Juninho,Midfielder,83,false,https://7a0.com.br/en/copas/2006/bra
2006,Germany,bra,Brazil,84,3,Midfield,20,Ricardinho,Midfielder,76,false,https://7a0.com.br/en/copas/2006/bra
2006,Germany,bra,Brazil,84,3,Midfield,11,Zé Roberto,Left midfielder,82,false,https://7a0.com.br/en/copas/2006/bra
2006,Germany,bra,Brazil,84,3,Midfield,8,Kaká,Attacking midfielder,92,true,https://7a0.com.br/en/copas/2006/bra
2006,Germany,bra,Brazil,84,3,Midfield,10,Ronaldinho,Attacking midfielder,95,true,https://7a0.com.br/en/copas/2006/bra
2006,Germany,bra,Brazil,84,3,Attack,7,Adriano,Centre-forward,88,false,https://7a0.com.br/en/copas/2006/bra
2006,Germany,bra,Brazil,84,3,Attack,9,Ronaldo,Centre-forward,93,true,https://7a0.com.br/en/copas/2006/bra
2006,Germany,bra,Brazil,84,3,Attack,21,Fred,Centre-forward,78,false,https://7a0.com.br/en/copas/2006/bra
2006,Germany,bra,Brazil,84,3,Attack,23,Robinho,Left winger,84,false,https://7a0.com.br/en/copas/2006/bra
2006,Germany,cze,Czech Republic,78,2,Goalkeepers,1,Čech,Goalkeeper,88,true,https://7a0.com.br/en/copas/2006/cze
2006,Germany,cze,Czech Republic,78,2,Goalkeepers,16,Blažek,Goalkeeper,74,false,https://7a0.com.br/en/copas/2006/cze
2006,Germany,cze,Czech Republic,78,2,Goalkeepers,23,Kinský,Goalkeeper,72,false,https://7a0.com.br/en/copas/2006/cze
2006,Germany,cze,Czech Republic,78,2,Defence,2,Grygera,Right-back,79,false,https://7a0.com.br/en/copas/2006/cze
2006,Germany,cze,Czech Republic,78,2,Defence,13,Jiránek,Centre-back,77,false,https://7a0.com.br/en/copas/2006/cze
2006,Germany,cze,Czech Republic,78,2,Defence,21,Ujfaluši,Centre-back,80,false,https://7a0.com.br/en/copas/2006/cze
2006,Germany,cze,Czech Republic,78,2,Defence,22,Rozehnal,Centre-back,77,false,https://7a0.com.br/en/copas/2006/cze
2006,Germany,cze,Czech Republic,78,2,Defence,3,Mareš,Left-back,74,false,https://7a0.com.br/en/copas/2006/cze
2006,Germany,cze,Czech Republic,78,2,Defence,6,Jankulovski,Left-back,81,false,https://7a0.com.br/en/copas/2006/cze
2006,Germany,cze,Czech Republic,78,2,Midfield,4,Galásek,Defensive midfielder,79,false,https://7a0.com.br/en/copas/2006/cze
2006,Germany,cze,Czech Republic,78,2,Midfield,5,Kováč,Defensive midfielder,76,false,https://7a0.com.br/en/copas/2006/cze
2006,Germany,cze,Czech Republic,78,2,Midfield,10,Rosický,Defensive midfielder,85,false,https://7a0.com.br/en/copas/2006/cze
2006,Germany,cze,Czech Republic,78,2,Midfield,14,Jarolím,Defensive midfielder,76,false,https://7a0.com.br/en/copas/2006/cze
2006,Germany,cze,Czech Republic,78,2,Midfield,19,Polák,Defensive midfielder,76,false,https://7a0.com.br/en/copas/2006/cze
2006,Germany,cze,Czech Republic,78,2,Midfield,11,Nedvěd,Midfielder,88,true,https://7a0.com.br/en/copas/2006/cze
2006,Germany,cze,Czech Republic,78,2,Midfield,20,Plašil,Midfielder,75,false,https://7a0.com.br/en/copas/2006/cze
2006,Germany,cze,Czech Republic,78,2,Midfield,18,Heinz,Left midfielder,74,false,https://7a0.com.br/en/copas/2006/cze
2006,Germany,cze,Czech Republic,78,2,Attack,7,Sionko,Right winger,76,false,https://7a0.com.br/en/copas/2006/cze
2006,Germany,cze,Czech Republic,78,2,Attack,8,Poborský,Right winger,82,false,https://7a0.com.br/en/copas/2006/cze
2006,Germany,cze,Czech Republic,78,2,Attack,9,Koller,Centre-forward,82,false,https://7a0.com.br/en/copas/2006/cze
2006,Germany,cze,Czech Republic,78,2,Attack,12,Lokvenc,Centre-forward,75,false,https://7a0.com.br/en/copas/2006/cze
2006,Germany,cze,Czech Republic,78,2,Attack,15,Baroš,Centre-forward,81,false,https://7a0.com.br/en/copas/2006/cze
2006,Germany,cze,Czech Republic,78,2,Attack,17,Štajner,Left winger,74,false,https://7a0.com.br/en/copas/2006/cze
2006,Germany,ecu,Ecuador,76,3,Goalkeepers,1,Villafuerte,Goalkeeper,73,false,https://7a0.com.br/en/copas/2006/ecu
2006,Germany,ecu,Ecuador,76,3,Goalkeepers,12,Mora,Goalkeeper,78,false,https://7a0.com.br/en/copas/2006/ecu
2006,Germany,ecu,Ecuador,76,3,Goalkeepers,22,Lanza,Goalkeeper,71,false,https://7a0.com.br/en/copas/2006/ecu
2006,Germany,ecu,Ecuador,76,3,Defence,4,De la Cruz,Right-back,78,false,https://7a0.com.br/en/copas/2006/ecu
2006,Germany,ecu,Ecuador,76,3,Defence,18,Reasco,Right-back,76,false,https://7a0.com.br/en/copas/2006/ecu
2006,Germany,ecu,Ecuador,76,3,Defence,2,Guagua,Centre-back,74,false,https://7a0.com.br/en/copas/2006/ecu
2006,Germany,ecu,Ecuador,76,3,Defence,3,Hurtado,Centre-back,80,true,https://7a0.com.br/en/copas/2006/ecu
2006,Germany,ecu,Ecuador,76,3,Defence,5,Perlaza,Centre-back,72,false,https://7a0.com.br/en/copas/2006/ecu
2006,Germany,ecu,Ecuador,76,3,Defence,17,Espinoza,Centre-back,77,false,https://7a0.com.br/en/copas/2006/ecu
2006,Germany,ecu,Ecuador,76,3,Defence,13,Ambrosi,Left-back,73,false,https://7a0.com.br/en/copas/2006/ecu
2006,Germany,ecu,Ecuador,76,3,Midfield,6,Urrutia,Defensive midfielder,74,false,https://7a0.com.br/en/copas/2006/ecu
2006,Germany,ecu,Ecuador,76,3,Midfield,14,Castillo,Defensive midfielder,77,false,https://7a0.com.br/en/copas/2006/ecu
2006,Germany,ecu,Ecuador,76,3,Midfield,15,Ayoví,Defensive midfielder,76,false,https://7a0.com.br/en/copas/2006/ecu
2006,Germany,ecu,Ecuador,76,3,Midfield,20,E. Tenorio,Defensive midfielder,77,false,https://7a0.com.br/en/copas/2006/ecu
2006,Germany,ecu,Ecuador,76,3,Midfield,7,Lara,Attacking midfielder,73,false,https://7a0.com.br/en/copas/2006/ecu
2006,Germany,ecu,Ecuador,76,3,Midfield,8,Méndez,Attacking midfielder,80,false,https://7a0.com.br/en/copas/2006/ecu
2006,Germany,ecu,Ecuador,76,3,Midfield,19,Saritama,Attacking midfielder,73,false,https://7a0.com.br/en/copas/2006/ecu
2006,Germany,ecu,Ecuador,76,3,Attack,16,A. Valencia,Right winger,83,true,https://7a0.com.br/en/copas/2006/ecu
2006,Germany,ecu,Ecuador,76,3,Attack,9,Borja,Centre-forward,73,false,https://7a0.com.br/en/copas/2006/ecu
2006,Germany,ecu,Ecuador,76,3,Attack,10,Kaviedes,Centre-forward,78,false,https://7a0.com.br/en/copas/2006/ecu
2006,Germany,ecu,Ecuador,76,3,Attack,11,Delgado,Centre-forward,80,true,https://7a0.com.br/en/copas/2006/ecu
2006,Germany,ecu,Ecuador,76,3,Attack,21,C. Tenorio,Centre-forward,78,false,https://7a0.com.br/en/copas/2006/ecu
2006,Germany,ecu,Ecuador,76,3,Attack,23,Benítez,Centre-forward,75,false,https://7a0.com.br/en/copas/2006/ecu
2006,Germany,eng,England,82,3,Goalkeepers,1,Robinson,Goalkeeper,82,false,https://7a0.com.br/en/copas/2006/eng
2006,Germany,eng,England,82,3,Goalkeepers,13,D. James,Goalkeeper,78,false,https://7a0.com.br/en/copas/2006/eng
2006,Germany,eng,England,82,3,Goalkeepers,22,Carson,Goalkeeper,72,false,https://7a0.com.br/en/copas/2006/eng
2006,Germany,eng,England,82,3,Defence,2,G. Neville,Right-back,82,false,https://7a0.com.br/en/copas/2006/eng
2006,Germany,eng,England,82,3,Defence,5,R. Ferdinand,Centre-back,87,false,https://7a0.com.br/en/copas/2006/eng
2006,Germany,eng,England,82,3,Defence,6,Terry,Centre-back,88,false,https://7a0.com.br/en/copas/2006/eng
2006,Germany,eng,England,82,3,Defence,12,Campbell,Centre-back,83,false,https://7a0.com.br/en/copas/2006/eng
2006,Germany,eng,England,82,3,Defence,15,Carragher,Centre-back,82,false,https://7a0.com.br/en/copas/2006/eng
2006,Germany,eng,England,82,3,Defence,3,A. Cole,Left-back,87,false,https://7a0.com.br/en/copas/2006/eng
2006,Germany,eng,England,82,3,Defence,14,Bridge,Left-back,76,false,https://7a0.com.br/en/copas/2006/eng
2006,Germany,eng,England,82,3,Midfield,7,Beckham,Defensive midfielder,89,true,https://7a0.com.br/en/copas/2006/eng
2006,Germany,eng,England,82,3,Midfield,18,Carrick,Defensive midfielder,78,false,https://7a0.com.br/en/copas/2006/eng
2006,Germany,eng,England,82,3,Midfield,16,Hargreaves,Right midfielder,80,false,https://7a0.com.br/en/copas/2006/eng
2006,Germany,eng,England,82,3,Midfield,8,Lampard,Midfielder,89,false,https://7a0.com.br/en/copas/2006/eng
2006,Germany,eng,England,82,3,Midfield,17,Jenas,Midfielder,76,false,https://7a0.com.br/en/copas/2006/eng
2006,Germany,eng,England,82,3,Midfield,4,Gerrard,Left midfielder,91,true,https://7a0.com.br/en/copas/2006/eng
2006,Germany,eng,England,82,3,Attack,19,Lennon,Right winger,76,false,https://7a0.com.br/en/copas/2006/eng
2006,Germany,eng,England,82,3,Attack,23,Walcott,Right winger,73,false,https://7a0.com.br/en/copas/2006/eng
2006,Germany,eng,England,82,3,Attack,9,Rooney,Centre-forward,90,true,https://7a0.com.br/en/copas/2006/eng
2006,Germany,eng,England,82,3,Attack,10,Owen,Centre-forward,84,false,https://7a0.com.br/en/copas/2006/eng
2006,Germany,eng,England,82,3,Attack,21,Crouch,Centre-forward,76,false,https://7a0.com.br/en/copas/2006/eng
2006,Germany,eng,England,82,3,Attack,11,J. Cole,Left winger,81,false,https://7a0.com.br/en/copas/2006/eng
2006,Germany,fra,France,81,2,Goalkeepers,1,Landreau,Goalkeeper,76,false,https://7a0.com.br/en/copas/2006/fra
2006,Germany,fra,France,81,2,Goalkeepers,16,Barthez,Goalkeeper,80,false,https://7a0.com.br/en/copas/2006/fra
2006,Germany,fra,France,81,2,Goalkeepers,23,Coupet,Goalkeeper,81,false,https://7a0.com.br/en/copas/2006/fra
2006,Germany,fra,France,81,2,Defence,19,Sagnol,Right-back,83,false,https://7a0.com.br/en/copas/2006/fra
2006,Germany,fra,France,81,2,Defence,21,Chimbonda,Right-back,75,false,https://7a0.com.br/en/copas/2006/fra
2006,Germany,fra,France,81,2,Defence,2,Boumsong,Centre-back,78,false,https://7a0.com.br/en/copas/2006/fra
2006,Germany,fra,France,81,2,Defence,5,Gallas,Centre-back,83,false,https://7a0.com.br/en/copas/2006/fra
2006,Germany,fra,France,81,2,Defence,13,Silvestre,Centre-back,78,false,https://7a0.com.br/en/copas/2006/fra
2006,Germany,fra,France,81,2,Defence,15,Thuram,Centre-back,84,false,https://7a0.com.br/en/copas/2006/fra
2006,Germany,fra,France,81,2,Defence,17,Givet,Centre-back,75,false,https://7a0.com.br/en/copas/2006/fra
2006,Germany,fra,France,81,2,Defence,3,Abidal,Left-back,82,false,https://7a0.com.br/en/copas/2006/fra
2006,Germany,fra,France,81,2,Midfield,4,Vieira,Defensive midfielder,87,false,https://7a0.com.br/en/copas/2006/fra
2006,Germany,fra,France,81,2,Midfield,6,Makélélé,Defensive midfielder,85,false,https://7a0.com.br/en/copas/2006/fra
2006,Germany,fra,France,81,2,Midfield,8,Dhorasoo,Defensive midfielder,74,false,https://7a0.com.br/en/copas/2006/fra
2006,Germany,fra,France,81,2,Midfield,18,A. Diarra,Defensive midfielder,76,false,https://7a0.com.br/en/copas/2006/fra
2006,Germany,fra,France,81,2,Midfield,10,Zidane,Midfielder,94,true,https://7a0.com.br/en/copas/2006/fra
2006,Germany,fra,France,81,2,Midfield,7,Malouda,Left midfielder,81,false,https://7a0.com.br/en/copas/2006/fra
2006,Germany,fra,France,81,2,Attack,9,Govou,Right winger,77,false,https://7a0.com.br/en/copas/2006/fra
2006,Germany,fra,France,81,2,Attack,11,Wiltord,Right winger,76,false,https://7a0.com.br/en/copas/2006/fra
2006,Germany,fra,France,81,2,Attack,12,Henry,Centre-forward,90,true,https://7a0.com.br/en/copas/2006/fra
2006,Germany,fra,France,81,2,Attack,14,Saha,Centre-forward,78,false,https://7a0.com.br/en/copas/2006/fra
2006,Germany,fra,France,81,2,Attack,20,Trezeguet,Centre-forward,83,false,https://7a0.com.br/en/copas/2006/fra
2006,Germany,fra,France,81,2,Attack,22,Ribéry,Left winger,80,false,https://7a0.com.br/en/copas/2006/fra
2006,Germany,ger,Germany,81,3,Goalkeepers,1,Lehmann,Goalkeeper,87,false,https://7a0.com.br/en/copas/2006/ger
2006,Germany,ger,Germany,81,3,Goalkeepers,12,Kahn,Goalkeeper,91,true,https://7a0.com.br/en/copas/2006/ger
2006,Germany,ger,Germany,81,3,Goalkeepers,23,Hildebrand,Goalkeeper,76,false,https://7a0.com.br/en/copas/2006/ger
2006,Germany,ger,Germany,81,3,Defence,3,Friedrich,Right-back,80,false,https://7a0.com.br/en/copas/2006/ger
2006,Germany,ger,Germany,81,3,Defence,16,Lahm,Right-back,86,false,https://7a0.com.br/en/copas/2006/ger
2006,Germany,ger,Germany,81,3,Defence,4,Huth,Centre-back,78,false,https://7a0.com.br/en/copas/2006/ger
2006,Germany,ger,Germany,81,3,Defence,6,Nowotny,Centre-back,77,false,https://7a0.com.br/en/copas/2006/ger
2006,Germany,ger,Germany,81,3,Defence,17,Mertesacker,Centre-back,81,false,https://7a0.com.br/en/copas/2006/ger
2006,Germany,ger,Germany,81,3,Defence,21,Metzelder,Centre-back,82,false,https://7a0.com.br/en/copas/2006/ger
2006,Germany,ger,Germany,81,3,Defence,2,Jansen,Left-back,76,false,https://7a0.com.br/en/copas/2006/ger
2006,Germany,ger,Germany,81,3,Midfield,5,Kehl,Right midfielder,79,false,https://7a0.com.br/en/copas/2006/ger
2006,Germany,ger,Germany,81,3,Midfield,8,Frings,Right midfielder,84,false,https://7a0.com.br/en/copas/2006/ger
2006,Germany,ger,Germany,81,3,Midfield,13,Ballack,Midfielder,90,true,https://7a0.com.br/en/copas/2006/ger
2006,Germany,ger,Germany,81,3,Midfield,18,Borowski,Midfielder,78,false,https://7a0.com.br/en/copas/2006/ger
2006,Germany,ger,Germany,81,3,Midfield,7,Schweinsteiger,Left midfielder,85,false,https://7a0.com.br/en/copas/2006/ger
2006,Germany,ger,Germany,81,3,Midfield,15,Hitzlsperger,Left midfielder,78,false,https://7a0.com.br/en/copas/2006/ger
2006,Germany,ger,Germany,81,3,Attack,19,Schneider,Right winger,80,false,https://7a0.com.br/en/copas/2006/ger
2006,Germany,ger,Germany,81,3,Attack,22,Odonkor,Right winger,76,false,https://7a0.com.br/en/copas/2006/ger
2006,Germany,ger,Germany,81,3,Attack,9,Hanke,Centre-forward,74,false,https://7a0.com.br/en/copas/2006/ger
2006,Germany,ger,Germany,81,3,Attack,10,Neuville,Centre-forward,79,false,https://7a0.com.br/en/copas/2006/ger
2006,Germany,ger,Germany,81,3,Attack,11,Klose,Centre-forward,88,true,https://7a0.com.br/en/copas/2006/ger
2006,Germany,ger,Germany,81,3,Attack,20,Podolski,Centre-forward,86,false,https://7a0.com.br/en/copas/2006/ger
2006,Germany,ita,Italy,82,6,Goalkeepers,1,Buffon,Goalkeeper,95,true,https://7a0.com.br/en/copas/2006/ita
2006,Germany,ita,Italy,82,6,Goalkeepers,12,Peruzzi,Goalkeeper,76,false,https://7a0.com.br/en/copas/2006/ita
2006,Germany,ita,Italy,82,6,Goalkeepers,14,Amelia,Goalkeeper,70,false,https://7a0.com.br/en/copas/2006/ita
2006,Germany,ita,Italy,82,6,Defence,2,Zaccardo,Right-back,73,false,https://7a0.com.br/en/copas/2006/ita
2006,Germany,ita,Italy,82,6,Defence,19,Zambrotta,Right-back,85,false,https://7a0.com.br/en/copas/2006/ita
2006,Germany,ita,Italy,82,6,Defence,22,Oddo,Right-back,74,false,https://7a0.com.br/en/copas/2006/ita
2006,Germany,ita,Italy,82,6,Defence,5,Cannavaro,Centre-back,97,true,https://7a0.com.br/en/copas/2006/ita
2006,Germany,ita,Italy,82,6,Defence,6,Barzagli,Centre-back,76,false,https://7a0.com.br/en/copas/2006/ita
2006,Germany,ita,Italy,82,6,Defence,13,Nesta,Centre-back,90,true,https://7a0.com.br/en/copas/2006/ita
2006,Germany,ita,Italy,82,6,Defence,23,Materazzi,Centre-back,81,false,https://7a0.com.br/en/copas/2006/ita
2006,Germany,ita,Italy,82,6,Defence,3,Grosso,Left-back,85,false,https://7a0.com.br/en/copas/2006/ita
2006,Germany,ita,Italy,82,6,Midfield,4,De Rossi,Defensive midfielder,81,false,https://7a0.com.br/en/copas/2006/ita
2006,Germany,ita,Italy,82,6,Midfield,8,Gattuso,Defensive midfielder,83,false,https://7a0.com.br/en/copas/2006/ita
2006,Germany,ita,Italy,82,6,Midfield,17,Barone,Midfielder,70,false,https://7a0.com.br/en/copas/2006/ita
2006,Germany,ita,Italy,82,6,Midfield,21,Pirlo,Midfielder,91,true,https://7a0.com.br/en/copas/2006/ita
2006,Germany,ita,Italy,82,6,Midfield,20,Perrotta,Left midfielder,78,false,https://7a0.com.br/en/copas/2006/ita
2006,Germany,ita,Italy,82,6,Midfield,10,Totti,Attacking midfielder,90,true,https://7a0.com.br/en/copas/2006/ita
2006,Germany,ita,Italy,82,6,Attack,16,Camoranesi,Right winger,80,false,https://7a0.com.br/en/copas/2006/ita
2006,Germany,ita,Italy,82,6,Attack,7,Del Piero,Centre-forward,84,true,https://7a0.com.br/en/copas/2006/ita
2006,Germany,ita,Italy,82,6,Attack,9,Toni,Centre-forward,83,false,https://7a0.com.br/en/copas/2006/ita
2006,Germany,ita,Italy,82,6,Attack,11,Gilardino,Centre-forward,78,false,https://7a0.com.br/en/copas/2006/ita
2006,Germany,ita,Italy,82,6,Attack,15,Iaquinta,Centre-forward,76,false,https://7a0.com.br/en/copas/2006/ita
2006,Germany,ita,Italy,82,6,Attack,18,Inzaghi,Centre-forward,81,false,https://7a0.com.br/en/copas/2006/ita
2006,Germany,civ,Ivory Coast,77,1,Goalkeepers,1,Tizié,Goalkeeper,75,false,https://7a0.com.br/en/copas/2006/civ
2006,Germany,civ,Ivory Coast,77,1,Goalkeepers,16,Gnanhouan,Goalkeeper,72,false,https://7a0.com.br/en/copas/2006/civ
2006,Germany,civ,Ivory Coast,77,1,Goalkeepers,23,Barry,Goalkeeper,75,false,https://7a0.com.br/en/copas/2006/civ
2006,Germany,civ,Ivory Coast,77,1,Defence,20,Demel,Right-back,76,false,https://7a0.com.br/en/copas/2006/civ
2006,Germany,civ,Ivory Coast,77,1,Defence,21,Eboué,Right-back,79,false,https://7a0.com.br/en/copas/2006/civ
2006,Germany,civ,Ivory Coast,77,1,Defence,4,Kolo Touré,Centre-back,84,false,https://7a0.com.br/en/copas/2006/civ
2006,Germany,civ,Ivory Coast,77,1,Defence,6,Kouassi,Centre-back,74,false,https://7a0.com.br/en/copas/2006/civ
2006,Germany,civ,Ivory Coast,77,1,Defence,12,Méïté,Centre-back,77,false,https://7a0.com.br/en/copas/2006/civ
2006,Germany,civ,Ivory Coast,77,1,Defence,13,Zoro,Centre-back,74,false,https://7a0.com.br/en/copas/2006/civ
2006,Germany,civ,Ivory Coast,77,1,Defence,17,Domoraud,Centre-back,74,false,https://7a0.com.br/en/copas/2006/civ
2006,Germany,civ,Ivory Coast,77,1,Defence,3,Boka,Left-back,79,false,https://7a0.com.br/en/copas/2006/civ
2006,Germany,civ,Ivory Coast,77,1,Midfield,5,Zokora,Defensive midfielder,81,false,https://7a0.com.br/en/copas/2006/civ
2006,Germany,civ,Ivory Coast,77,1,Midfield,7,Faé,Defensive midfielder,76,false,https://7a0.com.br/en/copas/2006/civ
2006,Germany,civ,Ivory Coast,77,1,Midfield,10,Yapi Yapo,Midfielder,75,false,https://7a0.com.br/en/copas/2006/civ
2006,Germany,civ,Ivory Coast,77,1,Midfield,19,Yaya Touré,Midfielder,83,false,https://7a0.com.br/en/copas/2006/civ
2006,Germany,civ,Ivory Coast,77,1,Midfield,22,Romaric,Midfielder,75,false,https://7a0.com.br/en/copas/2006/civ
2006,Germany,civ,Ivory Coast,77,1,Midfield,8,B. Kalou,Left midfielder,77,false,https://7a0.com.br/en/copas/2006/civ
2006,Germany,civ,Ivory Coast,77,1,Attack,2,Akalé,Right winger,74,false,https://7a0.com.br/en/copas/2006/civ
2006,Germany,civ,Ivory Coast,77,1,Attack,18,Kader Keïta,Right winger,79,false,https://7a0.com.br/en/copas/2006/civ
2006,Germany,civ,Ivory Coast,77,1,Attack,9,Arouna Koné,Centre-forward,77,false,https://7a0.com.br/en/copas/2006/civ
2006,Germany,civ,Ivory Coast,77,1,Attack,11,Drogba,Centre-forward,88,true,https://7a0.com.br/en/copas/2006/civ
2006,Germany,civ,Ivory Coast,77,1,Attack,15,Dindane,Centre-forward,79,false,https://7a0.com.br/en/copas/2006/civ
2006,Germany,civ,Ivory Coast,77,1,Attack,14,Bakari Koné,Left winger,77,false,https://7a0.com.br/en/copas/2006/civ
2006,Germany,ned,Netherlands,79,3,Goalkeepers,1,Van der Sar,Goalkeeper,85,true,https://7a0.com.br/en/copas/2006/ned
2006,Germany,ned,Netherlands,79,3,Goalkeepers,22,Timmer,Goalkeeper,72,false,https://7a0.com.br/en/copas/2006/ned
2006,Germany,ned,Netherlands,79,3,Goalkeepers,23,Stekelenburg,Goalkeeper,74,false,https://7a0.com.br/en/copas/2006/ned
2006,Germany,ned,Netherlands,79,3,Defence,3,Boulahrouz,Right-back,78,false,https://7a0.com.br/en/copas/2006/ned
2006,Germany,ned,Netherlands,79,3,Defence,12,Kromkamp,Right-back,74,false,https://7a0.com.br/en/copas/2006/ned
2006,Germany,ned,Netherlands,79,3,Defence,2,Jaliens,Centre-back,74,false,https://7a0.com.br/en/copas/2006/ned
2006,Germany,ned,Netherlands,79,3,Defence,4,Mathijsen,Centre-back,79,false,https://7a0.com.br/en/copas/2006/ned
2006,Germany,ned,Netherlands,79,3,Defence,13,Ooijer,Centre-back,78,false,https://7a0.com.br/en/copas/2006/ned
2006,Germany,ned,Netherlands,79,3,Defence,14,Heitinga,Centre-back,78,false,https://7a0.com.br/en/copas/2006/ned
2006,Germany,ned,Netherlands,79,3,Defence,5,Van Bronckhorst,Left-back,82,false,https://7a0.com.br/en/copas/2006/ned
2006,Germany,ned,Netherlands,79,3,Defence,15,De Cler,Left-back,73,false,https://7a0.com.br/en/copas/2006/ned
2006,Germany,ned,Netherlands,79,3,Midfield,6,Landzaat,Defensive midfielder,77,false,https://7a0.com.br/en/copas/2006/ned
2006,Germany,ned,Netherlands,79,3,Midfield,16,Maduro,Defensive midfielder,74,false,https://7a0.com.br/en/copas/2006/ned
2006,Germany,ned,Netherlands,79,3,Midfield,18,Van Bommel,Defensive midfielder,81,false,https://7a0.com.br/en/copas/2006/ned
2006,Germany,ned,Netherlands,79,3,Midfield,8,Cocu,Midfielder,81,false,https://7a0.com.br/en/copas/2006/ned
2006,Germany,ned,Netherlands,79,3,Midfield,10,Van der Vaart,Attacking midfielder,83,false,https://7a0.com.br/en/copas/2006/ned
2006,Germany,ned,Netherlands,79,3,Midfield,20,Sneijder,Attacking midfielder,83,false,https://7a0.com.br/en/copas/2006/ned
2006,Germany,ned,Netherlands,79,3,Attack,7,Kuyt,Centre-forward,79,false,https://7a0.com.br/en/copas/2006/ned
2006,Germany,ned,Netherlands,79,3,Attack,9,Van Nistelrooy,Centre-forward,87,true,https://7a0.com.br/en/copas/2006/ned
2006,Germany,ned,Netherlands,79,3,Attack,19,Vennegoor of Hesselink,Centre-forward,76,false,https://7a0.com.br/en/copas/2006/ned
2006,Germany,ned,Netherlands,79,3,Attack,11,Robben,Left winger,86,true,https://7a0.com.br/en/copas/2006/ned
2006,Germany,ned,Netherlands,79,3,Attack,17,Van Persie,Left winger,80,false,https://7a0.com.br/en/copas/2006/ned
2006,Germany,ned,Netherlands,79,3,Attack,21,Babel,Left winger,76,false,https://7a0.com.br/en/copas/2006/ned
2006,Germany,por,Portugal,79,3,Goalkeepers,1,Ricardo,Goalkeeper,83,false,https://7a0.com.br/en/copas/2006/por
2006,Germany,por,Portugal,79,3,Goalkeepers,12,Quim,Goalkeeper,74,false,https://7a0.com.br/en/copas/2006/por
2006,Germany,por,Portugal,79,3,Goalkeepers,22,Paulo Santos,Goalkeeper,66,false,https://7a0.com.br/en/copas/2006/por
2006,Germany,por,Portugal,79,3,Defence,2,Paulo Ferreira,Right-back,80,false,https://7a0.com.br/en/copas/2006/por
2006,Germany,por,Portugal,79,3,Defence,13,Miguel,Right-back,79,false,https://7a0.com.br/en/copas/2006/por
2006,Germany,por,Portugal,79,3,Defence,4,Ricardo Costa,Centre-back,68,false,https://7a0.com.br/en/copas/2006/por
2006,Germany,por,Portugal,79,3,Defence,5,Meira,Centre-back,78,false,https://7a0.com.br/en/copas/2006/por
2006,Germany,por,Portugal,79,3,Defence,16,Ricardo Carvalho,Centre-back,88,false,https://7a0.com.br/en/copas/2006/por
2006,Germany,por,Portugal,79,3,Defence,3,Caneira,Left-back,74,false,https://7a0.com.br/en/copas/2006/por
2006,Germany,por,Portugal,79,3,Defence,14,Nuno Valente,Left-back,74,false,https://7a0.com.br/en/copas/2006/por
2006,Germany,por,Portugal,79,3,Midfield,6,Costinha,Defensive midfielder,80,false,https://7a0.com.br/en/copas/2006/por
2006,Germany,por,Portugal,79,3,Midfield,8,Petit,Defensive midfielder,78,false,https://7a0.com.br/en/copas/2006/por
2006,Germany,por,Portugal,79,3,Midfield,18,Maniche,Defensive midfielder,86,false,https://7a0.com.br/en/copas/2006/por
2006,Germany,por,Portugal,79,3,Midfield,7,Figo,Right midfielder,88,true,https://7a0.com.br/en/copas/2006/por
2006,Germany,por,Portugal,79,3,Midfield,10,Hugo Viana,Midfielder,71,false,https://7a0.com.br/en/copas/2006/por
2006,Germany,por,Portugal,79,3,Midfield,19,Tiago,Midfielder,78,false,https://7a0.com.br/en/copas/2006/por
2006,Germany,por,Portugal,79,3,Midfield,20,Deco,Midfielder,87,true,https://7a0.com.br/en/copas/2006/por
2006,Germany,por,Portugal,79,3,Midfield,15,Boa Morte,Left midfielder,72,false,https://7a0.com.br/en/copas/2006/por
2006,Germany,por,Portugal,79,3,Attack,17,Cristiano Ronaldo,Right winger,85,true,https://7a0.com.br/en/copas/2006/por
2006,Germany,por,Portugal,79,3,Attack,9,Pauleta,Centre-forward,83,false,https://7a0.com.br/en/copas/2006/por
2006,Germany,por,Portugal,79,3,Attack,21,Nuno Gomes,Centre-forward,78,false,https://7a0.com.br/en/copas/2006/por
2006,Germany,por,Portugal,79,3,Attack,23,Postiga,Centre-forward,74,false,https://7a0.com.br/en/copas/2006/por
2006,Germany,por,Portugal,79,3,Attack,11,Simão,Left winger,82,false,https://7a0.com.br/en/copas/2006/por
2006,Germany,esp,Spain,80,1,Goalkeepers,1,Casillas,Goalkeeper,88,false,https://7a0.com.br/en/copas/2006/esp
2006,Germany,esp,Spain,80,1,Goalkeepers,19,Cañizares,Goalkeeper,76,false,https://7a0.com.br/en/copas/2006/esp
2006,Germany,esp,Spain,80,1,Goalkeepers,23,Reina,Goalkeeper,74,false,https://7a0.com.br/en/copas/2006/esp
2006,Germany,esp,Spain,80,1,Defence,2,Salgado,Right-back,79,false,https://7a0.com.br/en/copas/2006/esp
2006,Germany,esp,Spain,80,1,Defence,15,Ramos,Right-back,81,false,https://7a0.com.br/en/copas/2006/esp
2006,Germany,esp,Spain,80,1,Defence,4,Marchena,Centre-back,79,false,https://7a0.com.br/en/copas/2006/esp
2006,Germany,esp,Spain,80,1,Defence,5,Puyol,Centre-back,85,false,https://7a0.com.br/en/copas/2006/esp
2006,Germany,esp,Spain,80,1,Defence,20,Juanito,Centre-back,75,false,https://7a0.com.br/en/copas/2006/esp
2006,Germany,esp,Spain,80,1,Defence,22,Ibáñez,Centre-back,75,false,https://7a0.com.br/en/copas/2006/esp
2006,Germany,esp,Spain,80,1,Defence,3,Pernía,Left-back,77,false,https://7a0.com.br/en/copas/2006/esp
2006,Germany,esp,Spain,80,1,Defence,12,Antonio López,Left-back,75,false,https://7a0.com.br/en/copas/2006/esp
2006,Germany,esp,Spain,80,1,Midfield,6,Albelda,Defensive midfielder,79,false,https://7a0.com.br/en/copas/2006/esp
2006,Germany,esp,Spain,80,1,Midfield,14,Xabi Alonso,Defensive midfielder,83,false,https://7a0.com.br/en/copas/2006/esp
2006,Germany,esp,Spain,80,1,Midfield,16,Senna,Defensive midfielder,78,false,https://7a0.com.br/en/copas/2006/esp
2006,Germany,esp,Spain,80,1,Midfield,8,Xavi,Midfielder,88,false,https://7a0.com.br/en/copas/2006/esp
2006,Germany,esp,Spain,80,1,Midfield,13,Iniesta,Midfielder,82,false,https://7a0.com.br/en/copas/2006/esp
2006,Germany,esp,Spain,80,1,Midfield,18,Fàbregas,Midfielder,81,false,https://7a0.com.br/en/copas/2006/esp
2006,Germany,esp,Spain,80,1,Midfield,11,Luis García,Attacking midfielder,78,false,https://7a0.com.br/en/copas/2006/esp
2006,Germany,esp,Spain,80,1,Attack,17,Joaquín,Right winger,80,false,https://7a0.com.br/en/copas/2006/esp
2006,Germany,esp,Spain,80,1,Attack,7,Raúl,Centre-forward,86,true,https://7a0.com.br/en/copas/2006/esp
2006,Germany,esp,Spain,80,1,Attack,9,Torres,Centre-forward,84,false,https://7a0.com.br/en/copas/2006/esp
2006,Germany,esp,Spain,80,1,Attack,21,Villa,Centre-forward,84,false,https://7a0.com.br/en/copas/2006/esp
2006,Germany,esp,Spain,80,1,Attack,10,Reyes,Left winger,80,false,https://7a0.com.br/en/copas/2006/esp
2006,Germany,swe,Sweden,78,2,Goalkeepers,1,Isaksson,Goalkeeper,83,false,https://7a0.com.br/en/copas/2006/swe
2006,Germany,swe,Sweden,78,2,Goalkeepers,12,Alvbåge,Goalkeeper,68,false,https://7a0.com.br/en/copas/2006/swe
2006,Germany,swe,Sweden,78,2,Goalkeepers,23,Shaaban,Goalkeeper,70,false,https://7a0.com.br/en/copas/2006/swe
2006,Germany,swe,Sweden,78,2,Defence,2,M. Nilsson,Right-back,80,false,https://7a0.com.br/en/copas/2006/swe
2006,Germany,swe,Sweden,78,2,Defence,3,Mellberg,Centre-back,84,false,https://7a0.com.br/en/copas/2006/swe
2006,Germany,swe,Sweden,78,2,Defence,4,Lučić,Centre-back,78,false,https://7a0.com.br/en/copas/2006/swe
2006,Germany,swe,Sweden,78,2,Defence,13,P. Hansson,Centre-back,74,false,https://7a0.com.br/en/copas/2006/swe
2006,Germany,swe,Sweden,78,2,Defence,15,K. Svensson,Centre-back,73,false,https://7a0.com.br/en/copas/2006/swe
2006,Germany,swe,Sweden,78,2,Defence,5,Edman,Left-back,80,false,https://7a0.com.br/en/copas/2006/swe
2006,Germany,swe,Sweden,78,2,Defence,14,Stenman,Left-back,72,false,https://7a0.com.br/en/copas/2006/swe
2006,Germany,swe,Sweden,78,2,Midfield,6,Linderoth,Defensive midfielder,80,false,https://7a0.com.br/en/copas/2006/swe
2006,Germany,swe,Sweden,78,2,Midfield,19,Andersson,Defensive midfielder,76,false,https://7a0.com.br/en/copas/2006/swe
2006,Germany,swe,Sweden,78,2,Midfield,7,Alexandersson,Right midfielder,79,false,https://7a0.com.br/en/copas/2006/swe
2006,Germany,swe,Sweden,78,2,Midfield,9,Ljungberg,Right midfielder,84,false,https://7a0.com.br/en/copas/2006/swe
2006,Germany,swe,Sweden,78,2,Midfield,18,Jonson,Right midfielder,75,false,https://7a0.com.br/en/copas/2006/swe
2006,Germany,swe,Sweden,78,2,Midfield,16,Källström,Midfielder,82,false,https://7a0.com.br/en/copas/2006/swe
2006,Germany,swe,Sweden,78,2,Midfield,8,A. Svensson,Attacking midfielder,78,false,https://7a0.com.br/en/copas/2006/swe
2006,Germany,swe,Sweden,78,2,Attack,21,Wilhelmsson,Right winger,79,false,https://7a0.com.br/en/copas/2006/swe
2006,Germany,swe,Sweden,78,2,Attack,10,Ibrahimović,Centre-forward,87,true,https://7a0.com.br/en/copas/2006/swe
2006,Germany,swe,Sweden,78,2,Attack,11,H. Larsson,Centre-forward,86,true,https://7a0.com.br/en/copas/2006/swe
2006,Germany,swe,Sweden,78,2,Attack,17,Elmander,Centre-forward,77,false,https://7a0.com.br/en/copas/2006/swe
2006,Germany,swe,Sweden,78,2,Attack,20,Allbäck,Centre-forward,78,false,https://7a0.com.br/en/copas/2006/swe
2006,Germany,swe,Sweden,78,2,Attack,22,Rosenberg,Centre-forward,73,false,https://7a0.com.br/en/copas/2006/swe
2006,Germany,sui,Switzerland,76,1,Goalkeepers,1,Zuberbühler,Goalkeeper,79,false,https://7a0.com.br/en/copas/2006/sui
2006,Germany,sui,Switzerland,76,1,Goalkeepers,12,Benaglio,Goalkeeper,76,false,https://7a0.com.br/en/copas/2006/sui
2006,Germany,sui,Switzerland,76,1,Goalkeepers,21,Coltorti,Goalkeeper,71,false,https://7a0.com.br/en/copas/2006/sui
2006,Germany,sui,Switzerland,76,1,Defence,23,P. Degen,Right-back,74,false,https://7a0.com.br/en/copas/2006/sui
2006,Germany,sui,Switzerland,76,1,Defence,2,Djourou,Centre-back,75,false,https://7a0.com.br/en/copas/2006/sui
2006,Germany,sui,Switzerland,76,1,Defence,4,Senderos,Centre-back,79,false,https://7a0.com.br/en/copas/2006/sui
2006,Germany,sui,Switzerland,76,1,Defence,13,Grichting,Centre-back,74,false,https://7a0.com.br/en/copas/2006/sui
2006,Germany,sui,Switzerland,76,1,Defence,20,Müller,Centre-back,77,false,https://7a0.com.br/en/copas/2006/sui
2006,Germany,sui,Switzerland,76,1,Defence,3,Magnin,Left-back,77,false,https://7a0.com.br/en/copas/2006/sui
2006,Germany,sui,Switzerland,76,1,Defence,17,Spycher,Left-back,76,false,https://7a0.com.br/en/copas/2006/sui
2006,Germany,sui,Switzerland,76,1,Midfield,5,Margairaz,Defensive midfielder,73,false,https://7a0.com.br/en/copas/2006/sui
2006,Germany,sui,Switzerland,76,1,Midfield,6,Vogel,Defensive midfielder,80,false,https://7a0.com.br/en/copas/2006/sui
2006,Germany,sui,Switzerland,76,1,Midfield,8,Wicky,Defensive midfielder,78,false,https://7a0.com.br/en/copas/2006/sui
2006,Germany,sui,Switzerland,76,1,Midfield,15,Džemaili,Defensive midfielder,73,false,https://7a0.com.br/en/copas/2006/sui
2006,Germany,sui,Switzerland,76,1,Midfield,19,Behrami,Defensive midfielder,74,false,https://7a0.com.br/en/copas/2006/sui
2006,Germany,sui,Switzerland,76,1,Midfield,16,Barnetta,Right midfielder,80,false,https://7a0.com.br/en/copas/2006/sui
2006,Germany,sui,Switzerland,76,1,Midfield,7,Cabanas,Midfielder,76,false,https://7a0.com.br/en/copas/2006/sui
2006,Germany,sui,Switzerland,76,1,Midfield,22,Yakin,Attacking midfielder,78,false,https://7a0.com.br/en/copas/2006/sui
2006,Germany,sui,Switzerland,76,1,Attack,10,Gygax,Right winger,75,false,https://7a0.com.br/en/copas/2006/sui
2006,Germany,sui,Switzerland,76,1,Attack,14,D. Degen,Right winger,72,false,https://7a0.com.br/en/copas/2006/sui
2006,Germany,sui,Switzerland,76,1,Attack,9,Frei,Centre-forward,84,true,https://7a0.com.br/en/copas/2006/sui
2006,Germany,sui,Switzerland,76,1,Attack,11,Streller,Centre-forward,78,false,https://7a0.com.br/en/copas/2006/sui
2006,Germany,sui,Switzerland,76,1,Attack,18,Lustrinelli,Centre-forward,71,false,https://7a0.com.br/en/copas/2006/sui
2006,Germany,ukr,Ukraine,77,1,Goalkeepers,1,Shovkovskyi,Goalkeeper,82,false,https://7a0.com.br/en/copas/2006/ukr
2006,Germany,ukr,Ukraine,77,1,Goalkeepers,12,Pyatov,Goalkeeper,73,false,https://7a0.com.br/en/copas/2006/ukr
2006,Germany,ukr,Ukraine,77,1,Goalkeepers,23,Shust,Goalkeeper,70,false,https://7a0.com.br/en/copas/2006/ukr
2006,Germany,ukr,Ukraine,77,1,Defence,3,Yatsenko,Right-back,71,false,https://7a0.com.br/en/copas/2006/ukr
2006,Germany,ukr,Ukraine,77,1,Defence,5,Yezerskiy,Right-back,76,false,https://7a0.com.br/en/copas/2006/ukr
2006,Germany,ukr,Ukraine,77,1,Defence,6,Rusol,Centre-back,78,false,https://7a0.com.br/en/copas/2006/ukr
2006,Germany,ukr,Ukraine,77,1,Defence,13,Chyhrynskyi,Centre-back,73,false,https://7a0.com.br/en/copas/2006/ukr
2006,Germany,ukr,Ukraine,77,1,Defence,17,Vashchuk,Centre-back,77,false,https://7a0.com.br/en/copas/2006/ukr
2006,Germany,ukr,Ukraine,77,1,Defence,22,Sviderskyi,Centre-back,73,false,https://7a0.com.br/en/copas/2006/ukr
2006,Germany,ukr,Ukraine,77,1,Defence,2,Nesmachniy,Left-back,78,false,https://7a0.com.br/en/copas/2006/ukr
2006,Germany,ukr,Ukraine,77,1,Midfield,4,Tymoshchuk,Defensive midfielder,84,false,https://7a0.com.br/en/copas/2006/ukr
2006,Germany,ukr,Ukraine,77,1,Midfield,8,Shelayev,Defensive midfielder,76,false,https://7a0.com.br/en/copas/2006/ukr
2006,Germany,ukr,Ukraine,77,1,Midfield,14,Husin,Defensive midfielder,77,false,https://7a0.com.br/en/copas/2006/ukr
2006,Germany,ukr,Ukraine,77,1,Midfield,21,Rotan,Defensive midfielder,76,false,https://7a0.com.br/en/copas/2006/ukr
2006,Germany,ukr,Ukraine,77,1,Midfield,18,Nazarenko,Right midfielder,75,false,https://7a0.com.br/en/copas/2006/ukr
2006,Germany,ukr,Ukraine,77,1,Midfield,19,Kalynychenko,Left midfielder,77,false,https://7a0.com.br/en/copas/2006/ukr
2006,Germany,ukr,Ukraine,77,1,Attack,9,Husyev,Right winger,79,false,https://7a0.com.br/en/copas/2006/ukr
2006,Germany,ukr,Ukraine,77,1,Attack,7,Shevchenko,Centre-forward,89,true,https://7a0.com.br/en/copas/2006/ukr
2006,Germany,ukr,Ukraine,77,1,Attack,10,Voronin,Centre-forward,81,false,https://7a0.com.br/en/copas/2006/ukr
2006,Germany,ukr,Ukraine,77,1,Attack,11,Rebrov,Centre-forward,80,false,https://7a0.com.br/en/copas/2006/ukr
2006,Germany,ukr,Ukraine,77,1,Attack,15,Milevskyi,Centre-forward,74,false,https://7a0.com.br/en/copas/2006/ukr
2006,Germany,ukr,Ukraine,77,1,Attack,20,Byelik,Centre-forward,72,false,https://7a0.com.br/en/copas/2006/ukr
2006,Germany,ukr,Ukraine,77,1,Attack,16,Vorobey,Left winger,76,false,https://7a0.com.br/en/copas/2006/ukr
2010,South Africa,arg,Argentina,81,2,Goalkeepers,1,Pozo,Goalkeeper,68,false,https://7a0.com.br/en/copas/2010/arg
2010,South Africa,arg,Argentina,81,2,Goalkeepers,21,Andújar,Goalkeeper,76,false,https://7a0.com.br/en/copas/2010/arg
2010,South Africa,arg,Argentina,81,2,Goalkeepers,22,Romero,Goalkeeper,82,false,https://7a0.com.br/en/copas/2010/arg
2010,South Africa,arg,Argentina,81,2,Defence,12,Garcé,Right-back,72,false,https://7a0.com.br/en/copas/2010/arg
2010,South Africa,arg,Argentina,81,2,Defence,17,Jonás Bravo,Right-back,77,false,https://7a0.com.br/en/copas/2010/arg
2010,South Africa,arg,Argentina,81,2,Defence,2,Demichelis,Centre-back,82,false,https://7a0.com.br/en/copas/2010/arg
2010,South Africa,arg,Argentina,81,2,Defence,4,Burdisso,Centre-back,78,false,https://7a0.com.br/en/copas/2010/arg
2010,South Africa,arg,Argentina,81,2,Defence,13,Samuel,Centre-back,81,false,https://7a0.com.br/en/copas/2010/arg
2010,South Africa,arg,Argentina,81,2,Defence,15,Otamendi,Centre-back,78,false,https://7a0.com.br/en/copas/2010/arg
2010,South Africa,arg,Argentina,81,2,Defence,3,C. Rodríguez,Left-back,75,false,https://7a0.com.br/en/copas/2010/arg
2010,South Africa,arg,Argentina,81,2,Defence,6,Heinze,Left-back,83,false,https://7a0.com.br/en/copas/2010/arg
2010,South Africa,arg,Argentina,81,2,Midfield,14,Mascherano,Defensive midfielder,88,true,https://7a0.com.br/en/copas/2010/arg
2010,South Africa,arg,Argentina,81,2,Midfield,8,Verón,Midfielder,84,false,https://7a0.com.br/en/copas/2010/arg
2010,South Africa,arg,Argentina,81,2,Midfield,20,Maxi Rodríguez,Attacking midfielder,82,false,https://7a0.com.br/en/copas/2010/arg
2010,South Africa,arg,Argentina,81,2,Midfield,23,Pastore,Attacking midfielder,74,false,https://7a0.com.br/en/copas/2010/arg
2010,South Africa,arg,Argentina,81,2,Attack,10,Messi,Right winger,93,true,https://7a0.com.br/en/copas/2010/arg
2010,South Africa,arg,Argentina,81,2,Attack,9,Higuaín,Centre-forward,87,false,https://7a0.com.br/en/copas/2010/arg
2010,South Africa,arg,Argentina,81,2,Attack,11,Tevez,Centre-forward,88,false,https://7a0.com.br/en/copas/2010/arg
2010,South Africa,arg,Argentina,81,2,Attack,16,Agüero,Centre-forward,87,false,https://7a0.com.br/en/copas/2010/arg
2010,South Africa,arg,Argentina,81,2,Attack,18,Palermo,Centre-forward,78,false,https://7a0.com.br/en/copas/2010/arg
2010,South Africa,arg,Argentina,81,2,Attack,19,Milito,Centre-forward,87,false,https://7a0.com.br/en/copas/2010/arg
2010,South Africa,arg,Argentina,81,2,Attack,7,Di María,Left winger,86,false,https://7a0.com.br/en/copas/2010/arg
2010,South Africa,bra,Brazil,82,2,Goalkeepers,1,Júlio César,Goalkeeper,88,true,https://7a0.com.br/en/copas/2010/bra
2010,South Africa,bra,Brazil,82,2,Goalkeepers,12,Gomes,Goalkeeper,75,false,https://7a0.com.br/en/copas/2010/bra
2010,South Africa,bra,Brazil,82,2,Goalkeepers,22,Doni,Goalkeeper,70,false,https://7a0.com.br/en/copas/2010/bra
2010,South Africa,bra,Brazil,82,2,Defence,2,Maicon,Right-back,88,false,https://7a0.com.br/en/copas/2010/bra
2010,South Africa,bra,Brazil,82,2,Defence,13,Dani Alves,Right-back,86,false,https://7a0.com.br/en/copas/2010/bra
2010,South Africa,bra,Brazil,82,2,Defence,3,Lúcio,Centre-back,86,false,https://7a0.com.br/en/copas/2010/bra
2010,South Africa,bra,Brazil,82,2,Defence,4,Juan,Centre-back,82,false,https://7a0.com.br/en/copas/2010/bra
2010,South Africa,bra,Brazil,82,2,Defence,14,Luisão,Centre-back,80,false,https://7a0.com.br/en/copas/2010/bra
2010,South Africa,bra,Brazil,82,2,Defence,15,Thiago Silva,Centre-back,84,false,https://7a0.com.br/en/copas/2010/bra
2010,South Africa,bra,Brazil,82,2,Defence,6,Michel Bastos,Left-back,81,false,https://7a0.com.br/en/copas/2010/bra
2010,South Africa,bra,Brazil,82,2,Defence,16,Gilberto,Left-back,78,false,https://7a0.com.br/en/copas/2010/bra
2010,South Africa,bra,Brazil,82,2,Midfield,5,Felipe Melo,Defensive midfielder,81,false,https://7a0.com.br/en/copas/2010/bra
2010,South Africa,bra,Brazil,82,2,Midfield,8,Gilberto Silva,Defensive midfielder,80,false,https://7a0.com.br/en/copas/2010/bra
2010,South Africa,bra,Brazil,82,2,Midfield,17,Josué,Defensive midfielder,78,false,https://7a0.com.br/en/copas/2010/bra
2010,South Africa,bra,Brazil,82,2,Midfield,10,Kaká,Midfielder,91,true,https://7a0.com.br/en/copas/2010/bra
2010,South Africa,bra,Brazil,82,2,Midfield,18,Ramires,Midfielder,81,false,https://7a0.com.br/en/copas/2010/bra
2010,South Africa,bra,Brazil,82,2,Midfield,20,Kléberson,Midfielder,75,false,https://7a0.com.br/en/copas/2010/bra
2010,South Africa,bra,Brazil,82,2,Midfield,7,Elano,Attacking midfielder,85,false,https://7a0.com.br/en/copas/2010/bra
2010,South Africa,bra,Brazil,82,2,Attack,9,Luís Fabiano,Centre-forward,85,false,https://7a0.com.br/en/copas/2010/bra
2010,South Africa,bra,Brazil,82,2,Attack,11,Robinho,Centre-forward,86,false,https://7a0.com.br/en/copas/2010/bra
2010,South Africa,bra,Brazil,82,2,Attack,19,Júlio Baptista,Centre-forward,79,false,https://7a0.com.br/en/copas/2010/bra
2010,South Africa,bra,Brazil,82,2,Attack,21,Nilmar,Centre-forward,79,false,https://7a0.com.br/en/copas/2010/bra
2010,South Africa,chi,Chile,78,2,Goalkeepers,1,Bravo,Goalkeeper,83,true,https://7a0.com.br/en/copas/2010/chi
2010,South Africa,chi,Chile,78,2,Goalkeepers,12,Pinto,Goalkeeper,72,false,https://7a0.com.br/en/copas/2010/chi
2010,South Africa,chi,Chile,78,2,Defence,2,Fuentes,Right-back,72,false,https://7a0.com.br/en/copas/2010/chi
2010,South Africa,chi,Chile,78,2,Defence,4,Isla,Right-back,82,false,https://7a0.com.br/en/copas/2010/chi
2010,South Africa,chi,Chile,78,2,Defence,3,Ponce,Centre-back,74,false,https://7a0.com.br/en/copas/2010/chi
2010,South Africa,chi,Chile,78,2,Defence,5,Contreras,Centre-back,77,false,https://7a0.com.br/en/copas/2010/chi
2010,South Africa,chi,Chile,78,2,Defence,17,Medel,Centre-back,82,false,https://7a0.com.br/en/copas/2010/chi
2010,South Africa,chi,Chile,78,2,Defence,18,Jara,Centre-back,79,false,https://7a0.com.br/en/copas/2010/chi
2010,South Africa,chi,Chile,78,2,Defence,19,Fierro,Centre-back,73,false,https://7a0.com.br/en/copas/2010/chi
2010,South Africa,chi,Chile,78,2,Defence,15,Beausejour,Left-back,79,false,https://7a0.com.br/en/copas/2010/chi
2010,South Africa,chi,Chile,78,2,Midfield,6,Carmona,Defensive midfielder,75,false,https://7a0.com.br/en/copas/2010/chi
2010,South Africa,chi,Chile,78,2,Midfield,8,Vidal,Defensive midfielder,86,false,https://7a0.com.br/en/copas/2010/chi
2010,South Africa,chi,Chile,78,2,Midfield,13,Estrada,Defensive midfielder,74,false,https://7a0.com.br/en/copas/2010/chi
2010,South Africa,chi,Chile,78,2,Midfield,20,Millar,Midfielder,74,false,https://7a0.com.br/en/copas/2010/chi
2010,South Africa,chi,Chile,78,2,Midfield,10,Valdivia,Attacking midfielder,83,false,https://7a0.com.br/en/copas/2010/chi
2010,South Africa,chi,Chile,78,2,Midfield,14,M. Fernández,Attacking midfielder,79,false,https://7a0.com.br/en/copas/2010/chi
2010,South Africa,chi,Chile,78,2,Attack,11,M. González,Right winger,78,false,https://7a0.com.br/en/copas/2010/chi
2010,South Africa,chi,Chile,78,2,Attack,9,Suazo,Centre-forward,82,false,https://7a0.com.br/en/copas/2010/chi
2010,South Africa,chi,Chile,78,2,Attack,22,Paredes,Centre-forward,76,false,https://7a0.com.br/en/copas/2010/chi
2010,South Africa,chi,Chile,78,2,Attack,7,Alexis,Left winger,87,true,https://7a0.com.br/en/copas/2010/chi
2010,South Africa,chi,Chile,78,2,Attack,16,Orellana,Left winger,76,false,https://7a0.com.br/en/copas/2010/chi
2010,South Africa,chi,Chile,78,2,Attack,21,Tello,Left winger,75,false,https://7a0.com.br/en/copas/2010/chi
2010,South Africa,eng,England,80,3,Goalkeepers,1,D. James,Goalkeeper,77,false,https://7a0.com.br/en/copas/2010/eng
2010,South Africa,eng,England,80,3,Goalkeepers,12,Green,Goalkeeper,75,false,https://7a0.com.br/en/copas/2010/eng
2010,South Africa,eng,England,80,3,Goalkeepers,23,Hart,Goalkeeper,78,false,https://7a0.com.br/en/copas/2010/eng
2010,South Africa,eng,England,80,3,Defence,2,Johnson,Right-back,80,false,https://7a0.com.br/en/copas/2010/eng
2010,South Africa,eng,England,80,3,Defence,5,Dawson,Centre-back,73,false,https://7a0.com.br/en/copas/2010/eng
2010,South Africa,eng,England,80,3,Defence,6,Terry,Centre-back,86,false,https://7a0.com.br/en/copas/2010/eng
2010,South Africa,eng,England,80,3,Defence,15,Upson,Centre-back,74,false,https://7a0.com.br/en/copas/2010/eng
2010,South Africa,eng,England,80,3,Defence,18,Carragher,Centre-back,82,false,https://7a0.com.br/en/copas/2010/eng
2010,South Africa,eng,England,80,3,Defence,20,L. King,Centre-back,76,false,https://7a0.com.br/en/copas/2010/eng
2010,South Africa,eng,England,80,3,Defence,3,A. Cole,Left-back,87,false,https://7a0.com.br/en/copas/2010/eng
2010,South Africa,eng,England,80,3,Midfield,14,Barry,Defensive midfielder,80,false,https://7a0.com.br/en/copas/2010/eng
2010,South Africa,eng,England,80,3,Midfield,22,Carrick,Defensive midfielder,79,false,https://7a0.com.br/en/copas/2010/eng
2010,South Africa,eng,England,80,3,Midfield,16,Milner,Right midfielder,79,false,https://7a0.com.br/en/copas/2010/eng
2010,South Africa,eng,England,80,3,Midfield,8,Lampard,Midfielder,87,true,https://7a0.com.br/en/copas/2010/eng
2010,South Africa,eng,England,80,3,Midfield,4,Gerrard,Left midfielder,88,true,https://7a0.com.br/en/copas/2010/eng
2010,South Africa,eng,England,80,3,Attack,7,Lennon,Right winger,78,false,https://7a0.com.br/en/copas/2010/eng
2010,South Africa,eng,England,80,3,Attack,17,Wright-Phillips,Right winger,76,false,https://7a0.com.br/en/copas/2010/eng
2010,South Africa,eng,England,80,3,Attack,9,Crouch,Centre-forward,73,false,https://7a0.com.br/en/copas/2010/eng
2010,South Africa,eng,England,80,3,Attack,10,Rooney,Centre-forward,88,true,https://7a0.com.br/en/copas/2010/eng
2010,South Africa,eng,England,80,3,Attack,19,Defoe,Centre-forward,80,false,https://7a0.com.br/en/copas/2010/eng
2010,South Africa,eng,England,80,3,Attack,21,Heskey,Centre-forward,74,false,https://7a0.com.br/en/copas/2010/eng
2010,South Africa,eng,England,80,3,Attack,11,J. Cole,Left winger,80,false,https://7a0.com.br/en/copas/2010/eng
2010,South Africa,fra,France,79,1,Goalkeepers,1,Lloris,Goalkeeper,82,false,https://7a0.com.br/en/copas/2010/fra
2010,South Africa,fra,France,79,1,Goalkeepers,16,Mandanda,Goalkeeper,78,false,https://7a0.com.br/en/copas/2010/fra
2010,South Africa,fra,France,79,1,Goalkeepers,23,Carrasso,Goalkeeper,72,false,https://7a0.com.br/en/copas/2010/fra
2010,South Africa,fra,France,79,1,Defence,2,Sagna,Right-back,79,false,https://7a0.com.br/en/copas/2010/fra
2010,South Africa,fra,France,79,1,Defence,4,Réveillère,Right-back,75,false,https://7a0.com.br/en/copas/2010/fra
2010,South Africa,fra,France,79,1,Defence,5,Gallas,Centre-back,81,false,https://7a0.com.br/en/copas/2010/fra
2010,South Africa,fra,France,79,1,Defence,6,Planus,Centre-back,74,false,https://7a0.com.br/en/copas/2010/fra
2010,South Africa,fra,France,79,1,Defence,17,Squillaci,Centre-back,76,false,https://7a0.com.br/en/copas/2010/fra
2010,South Africa,fra,France,79,1,Defence,3,Abidal,Left-back,82,false,https://7a0.com.br/en/copas/2010/fra
2010,South Africa,fra,France,79,1,Defence,13,Evra,Left-back,82,false,https://7a0.com.br/en/copas/2010/fra
2010,South Africa,fra,France,79,1,Defence,22,Clichy,Left-back,77,false,https://7a0.com.br/en/copas/2010/fra
2010,South Africa,fra,France,79,1,Midfield,14,Toulalan,Defensive midfielder,79,false,https://7a0.com.br/en/copas/2010/fra
2010,South Africa,fra,France,79,1,Midfield,18,A. Diarra,Defensive midfielder,78,false,https://7a0.com.br/en/copas/2010/fra
2010,South Africa,fra,France,79,1,Midfield,19,Diaby,Midfielder,77,false,https://7a0.com.br/en/copas/2010/fra
2010,South Africa,fra,France,79,1,Midfield,15,Malouda,Left midfielder,83,false,https://7a0.com.br/en/copas/2010/fra
2010,South Africa,fra,France,79,1,Midfield,8,Gourcuff,Attacking midfielder,81,false,https://7a0.com.br/en/copas/2010/fra
2010,South Africa,fra,France,79,1,Midfield,20,Valbuena,Attacking midfielder,77,false,https://7a0.com.br/en/copas/2010/fra
2010,South Africa,fra,France,79,1,Attack,10,Govou,Right winger,77,false,https://7a0.com.br/en/copas/2010/fra
2010,South Africa,fra,France,79,1,Attack,9,Cissé,Centre-forward,76,false,https://7a0.com.br/en/copas/2010/fra
2010,South Africa,fra,France,79,1,Attack,11,Gignac,Centre-forward,76,false,https://7a0.com.br/en/copas/2010/fra
2010,South Africa,fra,France,79,1,Attack,12,Henry,Centre-forward,82,true,https://7a0.com.br/en/copas/2010/fra
2010,South Africa,fra,France,79,1,Attack,21,Anelka,Centre-forward,81,false,https://7a0.com.br/en/copas/2010/fra
2010,South Africa,fra,France,79,1,Attack,7,Ribéry,Left winger,86,false,https://7a0.com.br/en/copas/2010/fra
2010,South Africa,ger,Germany,79,3,Goalkeepers,1,Neuer,Goalkeeper,82,false,https://7a0.com.br/en/copas/2010/ger
2010,South Africa,ger,Germany,79,3,Goalkeepers,12,Wiese,Goalkeeper,74,false,https://7a0.com.br/en/copas/2010/ger
2010,South Africa,ger,Germany,79,3,Goalkeepers,22,Butt,Goalkeeper,73,false,https://7a0.com.br/en/copas/2010/ger
2010,South Africa,ger,Germany,79,3,Defence,16,Lahm,Right-back,86,true,https://7a0.com.br/en/copas/2010/ger
2010,South Africa,ger,Germany,79,3,Defence,20,Boateng,Right-back,78,false,https://7a0.com.br/en/copas/2010/ger
2010,South Africa,ger,Germany,79,3,Defence,3,Friedrich,Centre-back,78,false,https://7a0.com.br/en/copas/2010/ger
2010,South Africa,ger,Germany,79,3,Defence,5,Tasci,Centre-back,74,false,https://7a0.com.br/en/copas/2010/ger
2010,South Africa,ger,Germany,79,3,Defence,14,Badstuber,Centre-back,76,false,https://7a0.com.br/en/copas/2010/ger
2010,South Africa,ger,Germany,79,3,Defence,17,Mertesacker,Centre-back,81,false,https://7a0.com.br/en/copas/2010/ger
2010,South Africa,ger,Germany,79,3,Defence,2,Jansen,Left-back,75,false,https://7a0.com.br/en/copas/2010/ger
2010,South Africa,ger,Germany,79,3,Defence,4,Aogo,Left-back,74,false,https://7a0.com.br/en/copas/2010/ger
2010,South Africa,ger,Germany,79,3,Midfield,6,Khedira,Defensive midfielder,82,false,https://7a0.com.br/en/copas/2010/ger
2010,South Africa,ger,Germany,79,3,Midfield,7,Schweinsteiger,Defensive midfielder,87,true,https://7a0.com.br/en/copas/2010/ger
2010,South Africa,ger,Germany,79,3,Midfield,18,Kroos,Midfielder,77,false,https://7a0.com.br/en/copas/2010/ger
2010,South Africa,ger,Germany,79,3,Midfield,15,Trochowski,Left midfielder,74,false,https://7a0.com.br/en/copas/2010/ger
2010,South Africa,ger,Germany,79,3,Midfield,21,Marin,Left midfielder,72,false,https://7a0.com.br/en/copas/2010/ger
2010,South Africa,ger,Germany,79,3,Midfield,8,Özil,Attacking midfielder,85,false,https://7a0.com.br/en/copas/2010/ger
2010,South Africa,ger,Germany,79,3,Attack,13,T. Müller,Right winger,83,false,https://7a0.com.br/en/copas/2010/ger
2010,South Africa,ger,Germany,79,3,Attack,9,Kießling,Centre-forward,75,false,https://7a0.com.br/en/copas/2010/ger
2010,South Africa,ger,Germany,79,3,Attack,11,Klose,Centre-forward,85,true,https://7a0.com.br/en/copas/2010/ger
2010,South Africa,ger,Germany,79,3,Attack,19,Cacau,Centre-forward,75,false,https://7a0.com.br/en/copas/2010/ger
2010,South Africa,ger,Germany,79,3,Attack,23,Gómez,Centre-forward,79,false,https://7a0.com.br/en/copas/2010/ger
2010,South Africa,ger,Germany,79,3,Attack,10,Podolski,Left winger,82,false,https://7a0.com.br/en/copas/2010/ger
2010,South Africa,gha,Ghana,73,0,Goalkeepers,1,Agyei,Goalkeeper,67,false,https://7a0.com.br/en/copas/2010/gha
2010,South Africa,gha,Ghana,73,0,Goalkeepers,16,Ahorlu,Goalkeeper,64,false,https://7a0.com.br/en/copas/2010/gha
2010,South Africa,gha,Ghana,73,0,Goalkeepers,22,Kingson,Goalkeeper,74,false,https://7a0.com.br/en/copas/2010/gha
2010,South Africa,gha,Ghana,73,0,Defence,4,Paintsil,Right-back,75,false,https://7a0.com.br/en/copas/2010/gha
2010,South Africa,gha,Ghana,73,0,Defence,7,Inkoom,Right-back,73,false,https://7a0.com.br/en/copas/2010/gha
2010,South Africa,gha,Ghana,73,0,Defence,17,I. Ayew,Right-back,66,false,https://7a0.com.br/en/copas/2010/gha
2010,South Africa,gha,Ghana,73,0,Defence,5,J. Mensah,Centre-back,77,false,https://7a0.com.br/en/copas/2010/gha
2010,South Africa,gha,Ghana,73,0,Defence,8,Jo. Mensah,Centre-back,71,false,https://7a0.com.br/en/copas/2010/gha
2010,South Africa,gha,Ghana,73,0,Defence,15,Vorsah,Centre-back,71,false,https://7a0.com.br/en/copas/2010/gha
2010,South Africa,gha,Ghana,73,0,Defence,19,Addy,Centre-back,66,false,https://7a0.com.br/en/copas/2010/gha
2010,South Africa,gha,Ghana,73,0,Defence,2,Sarpei,Left-back,74,false,https://7a0.com.br/en/copas/2010/gha
2010,South Africa,gha,Ghana,73,0,Midfield,6,Annan,Defensive midfielder,76,false,https://7a0.com.br/en/copas/2010/gha
2010,South Africa,gha,Ghana,73,0,Midfield,9,D. Boateng,Defensive midfielder,72,false,https://7a0.com.br/en/copas/2010/gha
2010,South Africa,gha,Ghana,73,0,Midfield,23,K-P. Boateng,Defensive midfielder,78,false,https://7a0.com.br/en/copas/2010/gha
2010,South Africa,gha,Ghana,73,0,Midfield,11,Muntari,Midfielder,79,false,https://7a0.com.br/en/copas/2010/gha
2010,South Africa,gha,Ghana,73,0,Midfield,21,K. Asamoah,Midfielder,77,false,https://7a0.com.br/en/copas/2010/gha
2010,South Africa,gha,Ghana,73,0,Midfield,10,Appiah,Attacking midfielder,76,false,https://7a0.com.br/en/copas/2010/gha
2010,South Africa,gha,Ghana,73,0,Attack,20,Owusu-Abeyie,Right winger,71,false,https://7a0.com.br/en/copas/2010/gha
2010,South Africa,gha,Ghana,73,0,Attack,3,Gyan,Centre-forward,81,false,https://7a0.com.br/en/copas/2010/gha
2010,South Africa,gha,Ghana,73,0,Attack,12,Tagoe,Centre-forward,70,false,https://7a0.com.br/en/copas/2010/gha
2010,South Africa,gha,Ghana,73,0,Attack,14,Amoah,Centre-forward,70,false,https://7a0.com.br/en/copas/2010/gha
2010,South Africa,gha,Ghana,73,0,Attack,18,Adiyiah,Centre-forward,68,false,https://7a0.com.br/en/copas/2010/gha
2010,South Africa,gha,Ghana,73,0,Attack,13,A. Ayew,Left winger,76,false,https://7a0.com.br/en/copas/2010/gha
2010,South Africa,gre,Greece,76,1,Goalkeepers,1,Chalkias,Goalkeeper,75,false,https://7a0.com.br/en/copas/2010/gre
2010,South Africa,gre,Greece,76,1,Goalkeepers,12,Tzorvas,Goalkeeper,76,false,https://7a0.com.br/en/copas/2010/gre
2010,South Africa,gre,Greece,76,1,Goalkeepers,13,Sifakis,Goalkeeper,74,false,https://7a0.com.br/en/copas/2010/gre
2010,South Africa,gre,Greece,76,1,Defence,2,Seitaridis,Right-back,76,false,https://7a0.com.br/en/copas/2010/gre
2010,South Africa,gre,Greece,76,1,Defence,15,Torosidis,Right-back,78,false,https://7a0.com.br/en/copas/2010/gre
2010,South Africa,gre,Greece,76,1,Defence,5,Moras,Centre-back,75,false,https://7a0.com.br/en/copas/2010/gre
2010,South Africa,gre,Greece,76,1,Defence,8,Papadopoulos,Centre-back,78,false,https://7a0.com.br/en/copas/2010/gre
2010,South Africa,gre,Greece,76,1,Defence,11,Vyntra,Centre-back,75,false,https://7a0.com.br/en/copas/2010/gre
2010,South Africa,gre,Greece,76,1,Defence,16,Kyrgiakos,Centre-back,77,false,https://7a0.com.br/en/copas/2010/gre
2010,South Africa,gre,Greece,76,1,Defence,19,Sokratis,Centre-back,79,false,https://7a0.com.br/en/copas/2010/gre
2010,South Africa,gre,Greece,76,1,Defence,22,Malezas,Centre-back,73,false,https://7a0.com.br/en/copas/2010/gre
2010,South Africa,gre,Greece,76,1,Defence,3,Patsatzoglou,Left-back,73,false,https://7a0.com.br/en/copas/2010/gre
2010,South Africa,gre,Greece,76,1,Defence,4,Spyropoulos,Left-back,74,false,https://7a0.com.br/en/copas/2010/gre
2010,South Africa,gre,Greece,76,1,Midfield,6,Tziolis,Defensive midfielder,75,false,https://7a0.com.br/en/copas/2010/gre
2010,South Africa,gre,Greece,76,1,Midfield,21,Katsouranis,Defensive midfielder,80,false,https://7a0.com.br/en/copas/2010/gre
2010,South Africa,gre,Greece,76,1,Midfield,23,Prittas,Defensive midfielder,72,false,https://7a0.com.br/en/copas/2010/gre
2010,South Africa,gre,Greece,76,1,Midfield,10,Karagounis,Midfielder,83,true,https://7a0.com.br/en/copas/2010/gre
2010,South Africa,gre,Greece,76,1,Midfield,18,Ninis,Left midfielder,74,false,https://7a0.com.br/en/copas/2010/gre
2010,South Africa,gre,Greece,76,1,Attack,14,Salpingidis,Right winger,77,false,https://7a0.com.br/en/copas/2010/gre
2010,South Africa,gre,Greece,76,1,Attack,9,Charisteas,Centre-forward,79,false,https://7a0.com.br/en/copas/2010/gre
2010,South Africa,gre,Greece,76,1,Attack,17,Gekas,Centre-forward,77,false,https://7a0.com.br/en/copas/2010/gre
2010,South Africa,gre,Greece,76,1,Attack,20,Kapetanos,Centre-forward,73,false,https://7a0.com.br/en/copas/2010/gre
2010,South Africa,gre,Greece,76,1,Attack,7,Samaras,Left winger,82,false,https://7a0.com.br/en/copas/2010/gre
2010,South Africa,ita,Italy,79,3,Goalkeepers,1,Buffon,Goalkeeper,88,true,https://7a0.com.br/en/copas/2010/ita
2010,South Africa,ita,Italy,79,3,Goalkeepers,12,Marchetti,Goalkeeper,76,false,https://7a0.com.br/en/copas/2010/ita
2010,South Africa,ita,Italy,79,3,Goalkeepers,14,De Sanctis,Goalkeeper,72,false,https://7a0.com.br/en/copas/2010/ita
2010,South Africa,ita,Italy,79,3,Defence,2,Maggio,Right-back,77,false,https://7a0.com.br/en/copas/2010/ita
2010,South Africa,ita,Italy,79,3,Defence,19,Zambrotta,Right-back,82,false,https://7a0.com.br/en/copas/2010/ita
2010,South Africa,ita,Italy,79,3,Defence,4,Chiellini,Centre-back,84,false,https://7a0.com.br/en/copas/2010/ita
2010,South Africa,ita,Italy,79,3,Defence,5,Cannavaro,Centre-back,84,true,https://7a0.com.br/en/copas/2010/ita
2010,South Africa,ita,Italy,79,3,Defence,13,Bocchetti,Centre-back,74,false,https://7a0.com.br/en/copas/2010/ita
2010,South Africa,ita,Italy,79,3,Defence,23,Bonucci,Centre-back,76,false,https://7a0.com.br/en/copas/2010/ita
2010,South Africa,ita,Italy,79,3,Defence,3,Criscito,Left-back,76,false,https://7a0.com.br/en/copas/2010/ita
2010,South Africa,ita,Italy,79,3,Midfield,6,De Rossi,Defensive midfielder,85,false,https://7a0.com.br/en/copas/2010/ita
2010,South Africa,ita,Italy,79,3,Midfield,8,Gattuso,Defensive midfielder,80,false,https://7a0.com.br/en/copas/2010/ita
2010,South Africa,ita,Italy,79,3,Midfield,17,Palombo,Defensive midfielder,75,false,https://7a0.com.br/en/copas/2010/ita
2010,South Africa,ita,Italy,79,3,Midfield,7,Simone Pepe,Right midfielder,76,false,https://7a0.com.br/en/copas/2010/ita
2010,South Africa,ita,Italy,79,3,Midfield,16,Camoranesi,Right midfielder,78,false,https://7a0.com.br/en/copas/2010/ita
2010,South Africa,ita,Italy,79,3,Midfield,15,Marchisio,Midfielder,78,false,https://7a0.com.br/en/copas/2010/ita
2010,South Africa,ita,Italy,79,3,Midfield,21,Pirlo,Midfielder,89,true,https://7a0.com.br/en/copas/2010/ita
2010,South Africa,ita,Italy,79,3,Midfield,22,Montolivo,Midfielder,77,false,https://7a0.com.br/en/copas/2010/ita
2010,South Africa,ita,Italy,79,3,Attack,9,Iaquinta,Centre-forward,78,false,https://7a0.com.br/en/copas/2010/ita
2010,South Africa,ita,Italy,79,3,Attack,10,Di Natale,Centre-forward,82,false,https://7a0.com.br/en/copas/2010/ita
2010,South Africa,ita,Italy,79,3,Attack,11,Gilardino,Centre-forward,78,false,https://7a0.com.br/en/copas/2010/ita
2010,South Africa,ita,Italy,79,3,Attack,18,Quagliarella,Centre-forward,77,false,https://7a0.com.br/en/copas/2010/ita
2010,South Africa,ita,Italy,79,3,Attack,20,Pazzini,Centre-forward,75,false,https://7a0.com.br/en/copas/2010/ita
2010,South Africa,civ,Ivory Coast,78,1,Goalkeepers,1,Barry,Goalkeeper,77,false,https://7a0.com.br/en/copas/2010/civ
2010,South Africa,civ,Ivory Coast,78,1,Goalkeepers,16,Zogbo,Goalkeeper,74,false,https://7a0.com.br/en/copas/2010/civ
2010,South Africa,civ,Ivory Coast,78,1,Goalkeepers,23,Yeboah,Goalkeeper,70,false,https://7a0.com.br/en/copas/2010/civ
2010,South Africa,civ,Ivory Coast,78,1,Defence,20,Demel,Right-back,77,false,https://7a0.com.br/en/copas/2010/civ
2010,South Africa,civ,Ivory Coast,78,1,Defence,21,Eboué,Right-back,80,false,https://7a0.com.br/en/copas/2010/civ
2010,South Africa,civ,Ivory Coast,78,1,Defence,2,Angoua,Centre-back,73,false,https://7a0.com.br/en/copas/2010/civ
2010,South Africa,civ,Ivory Coast,78,1,Defence,4,Kolo Touré,Centre-back,84,false,https://7a0.com.br/en/copas/2010/civ
2010,South Africa,civ,Ivory Coast,78,1,Defence,6,Gohouri,Centre-back,74,false,https://7a0.com.br/en/copas/2010/civ
2010,South Africa,civ,Ivory Coast,78,1,Defence,22,Bamba,Centre-back,75,false,https://7a0.com.br/en/copas/2010/civ
2010,South Africa,civ,Ivory Coast,78,1,Defence,3,Boka,Left-back,80,false,https://7a0.com.br/en/copas/2010/civ
2010,South Africa,civ,Ivory Coast,78,1,Defence,17,Tiéné,Left-back,76,false,https://7a0.com.br/en/copas/2010/civ
2010,South Africa,civ,Ivory Coast,78,1,Midfield,5,Zokora,Defensive midfielder,81,false,https://7a0.com.br/en/copas/2010/civ
2010,South Africa,civ,Ivory Coast,78,1,Midfield,9,Tioté,Defensive midfielder,80,false,https://7a0.com.br/en/copas/2010/civ
2010,South Africa,civ,Ivory Coast,78,1,Midfield,12,Gosso,Defensive midfielder,74,false,https://7a0.com.br/en/copas/2010/civ
2010,South Africa,civ,Ivory Coast,78,1,Midfield,14,E. Koné,Defensive midfielder,73,false,https://7a0.com.br/en/copas/2010/civ
2010,South Africa,civ,Ivory Coast,78,1,Midfield,13,Romaric,Midfielder,76,false,https://7a0.com.br/en/copas/2010/civ
2010,South Africa,civ,Ivory Coast,78,1,Midfield,19,Yaya Touré,Midfielder,86,false,https://7a0.com.br/en/copas/2010/civ
2010,South Africa,civ,Ivory Coast,78,1,Attack,10,Gervinho,Right winger,80,false,https://7a0.com.br/en/copas/2010/civ
2010,South Africa,civ,Ivory Coast,78,1,Attack,18,Kader Keïta,Right winger,79,false,https://7a0.com.br/en/copas/2010/civ
2010,South Africa,civ,Ivory Coast,78,1,Attack,7,Doumbia,Centre-forward,78,false,https://7a0.com.br/en/copas/2010/civ
2010,South Africa,civ,Ivory Coast,78,1,Attack,11,Drogba,Centre-forward,88,true,https://7a0.com.br/en/copas/2010/civ
2010,South Africa,civ,Ivory Coast,78,1,Attack,15,Dindane,Centre-forward,78,false,https://7a0.com.br/en/copas/2010/civ
2010,South Africa,civ,Ivory Coast,78,1,Attack,8,Kalou,Left winger,81,false,https://7a0.com.br/en/copas/2010/civ
2010,South Africa,jpn,Japan,76,2,Goalkeepers,1,Narazaki,Goalkeeper,77,false,https://7a0.com.br/en/copas/2010/jpn
2010,South Africa,jpn,Japan,76,2,Goalkeepers,21,Kawashima,Goalkeeper,75,false,https://7a0.com.br/en/copas/2010/jpn
2010,South Africa,jpn,Japan,76,2,Goalkeepers,23,Kawaguchi,Goalkeeper,76,false,https://7a0.com.br/en/copas/2010/jpn
2010,South Africa,jpn,Japan,76,2,Defence,2,Komano,Right-back,74,false,https://7a0.com.br/en/copas/2010/jpn
2010,South Africa,jpn,Japan,76,2,Defence,22,Uchida,Right-back,78,false,https://7a0.com.br/en/copas/2010/jpn
2010,South Africa,jpn,Japan,76,2,Defence,3,Tulio Tanaka,Centre-back,75,false,https://7a0.com.br/en/copas/2010/jpn
2010,South Africa,jpn,Japan,76,2,Defence,4,Nakazawa,Centre-back,78,true,https://7a0.com.br/en/copas/2010/jpn
2010,South Africa,jpn,Japan,76,2,Defence,5,Iwamasa,Centre-back,71,false,https://7a0.com.br/en/copas/2010/jpn
2010,South Africa,jpn,Japan,76,2,Defence,6,Abe,Centre-back,74,false,https://7a0.com.br/en/copas/2010/jpn
2010,South Africa,jpn,Japan,76,2,Defence,11,Konno,Centre-back,74,false,https://7a0.com.br/en/copas/2010/jpn
2010,South Africa,jpn,Japan,76,2,Defence,16,Nagatomo,Left-back,81,false,https://7a0.com.br/en/copas/2010/jpn
2010,South Africa,jpn,Japan,76,2,Midfield,15,Hasebe,Defensive midfielder,75,false,https://7a0.com.br/en/copas/2010/jpn
2010,South Africa,jpn,Japan,76,2,Midfield,18,Endo,Defensive midfielder,77,false,https://7a0.com.br/en/copas/2010/jpn
2010,South Africa,jpn,Japan,76,2,Midfield,19,Inamoto,Defensive midfielder,73,false,https://7a0.com.br/en/copas/2010/jpn
2010,South Africa,jpn,Japan,76,2,Midfield,12,K. Nakamura,Midfielder,71,false,https://7a0.com.br/en/copas/2010/jpn
2010,South Africa,jpn,Japan,76,2,Midfield,9,Nakamura,Attacking midfielder,86,true,https://7a0.com.br/en/copas/2010/jpn
2010,South Africa,jpn,Japan,76,2,Midfield,10,Matsui,Attacking midfielder,76,false,https://7a0.com.br/en/copas/2010/jpn
2010,South Africa,jpn,Japan,76,2,Attack,7,Okazaki,Centre-forward,76,false,https://7a0.com.br/en/copas/2010/jpn
2010,South Africa,jpn,Japan,76,2,Attack,8,Honda,Centre-forward,82,false,https://7a0.com.br/en/copas/2010/jpn
2010,South Africa,jpn,Japan,76,2,Attack,13,Okubo,Centre-forward,76,false,https://7a0.com.br/en/copas/2010/jpn
2010,South Africa,jpn,Japan,76,2,Attack,14,Tamada,Centre-forward,73,false,https://7a0.com.br/en/copas/2010/jpn
2010,South Africa,jpn,Japan,76,2,Attack,17,Morimoto,Centre-forward,71,false,https://7a0.com.br/en/copas/2010/jpn
2010,South Africa,jpn,Japan,76,2,Attack,20,Yano,Centre-forward,70,false,https://7a0.com.br/en/copas/2010/jpn
2010,South Africa,mex,Mexico,76,0,Goalkeepers,1,Óscar Pérez,Goalkeeper,74,false,https://7a0.com.br/en/copas/2010/mex
2010,South Africa,mex,Mexico,76,0,Goalkeepers,13,Ochoa,Goalkeeper,78,false,https://7a0.com.br/en/copas/2010/mex
2010,South Africa,mex,Mexico,76,0,Goalkeepers,23,Michel,Goalkeeper,70,false,https://7a0.com.br/en/copas/2010/mex
2010,South Africa,mex,Mexico,76,0,Defence,12,Aguilar,Right-back,73,false,https://7a0.com.br/en/copas/2010/mex
2010,South Africa,mex,Mexico,76,0,Defence,16,Juárez,Right-back,73,false,https://7a0.com.br/en/copas/2010/mex
2010,South Africa,mex,Mexico,76,0,Defence,2,F. Rodríguez,Centre-back,76,false,https://7a0.com.br/en/copas/2010/mex
2010,South Africa,mex,Mexico,76,0,Defence,4,Márquez,Centre-back,85,false,https://7a0.com.br/en/copas/2010/mex
2010,South Africa,mex,Mexico,76,0,Defence,5,Osorio,Centre-back,75,false,https://7a0.com.br/en/copas/2010/mex
2010,South Africa,mex,Mexico,76,0,Defence,15,Moreno,Centre-back,76,false,https://7a0.com.br/en/copas/2010/mex
2010,South Africa,mex,Mexico,76,0,Defence,19,Magallón,Centre-back,72,false,https://7a0.com.br/en/copas/2010/mex
2010,South Africa,mex,Mexico,76,0,Defence,3,Salcido,Left-back,79,false,https://7a0.com.br/en/copas/2010/mex
2010,South Africa,mex,Mexico,76,0,Defence,20,Torres Nilo,Left-back,71,false,https://7a0.com.br/en/copas/2010/mex
2010,South Africa,mex,Mexico,76,0,Midfield,6,Torrado,Defensive midfielder,76,false,https://7a0.com.br/en/copas/2010/mex
2010,South Africa,mex,Mexico,76,0,Midfield,8,Castro,Defensive midfielder,73,false,https://7a0.com.br/en/copas/2010/mex
2010,South Africa,mex,Mexico,76,0,Midfield,18,Guardado,Left midfielder,81,false,https://7a0.com.br/en/copas/2010/mex
2010,South Africa,mex,Mexico,76,0,Midfield,21,Bautista,Left midfielder,73,false,https://7a0.com.br/en/copas/2010/mex
2010,South Africa,mex,Mexico,76,0,Midfield,10,Blanco,Attacking midfielder,80,false,https://7a0.com.br/en/copas/2010/mex
2010,South Africa,mex,Mexico,76,0,Attack,7,Barrera,Right winger,76,false,https://7a0.com.br/en/copas/2010/mex
2010,South Africa,mex,Mexico,76,0,Attack,17,G. dos Santos,Right winger,82,false,https://7a0.com.br/en/copas/2010/mex
2010,South Africa,mex,Mexico,76,0,Attack,22,Medina,Right winger,73,false,https://7a0.com.br/en/copas/2010/mex
2010,South Africa,mex,Mexico,76,0,Attack,9,Franco,Centre-forward,75,false,https://7a0.com.br/en/copas/2010/mex
2010,South Africa,mex,Mexico,76,0,Attack,14,J. Hernández,Centre-forward,81,false,https://7a0.com.br/en/copas/2010/mex
2010,South Africa,mex,Mexico,76,0,Attack,11,Vela,Left winger,80,false,https://7a0.com.br/en/copas/2010/mex
2010,South Africa,ned,Netherlands,79,3,Goalkeepers,1,Stekelenburg,Goalkeeper,82,false,https://7a0.com.br/en/copas/2010/ned
2010,South Africa,ned,Netherlands,79,3,Goalkeepers,16,Vorm,Goalkeeper,74,false,https://7a0.com.br/en/copas/2010/ned
2010,South Africa,ned,Netherlands,79,3,Goalkeepers,22,Boschker,Goalkeeper,68,false,https://7a0.com.br/en/copas/2010/ned
2010,South Africa,ned,Netherlands,79,3,Defence,2,Van der Wiel,Right-back,80,false,https://7a0.com.br/en/copas/2010/ned
2010,South Africa,ned,Netherlands,79,3,Defence,3,Heitinga,Centre-back,80,false,https://7a0.com.br/en/copas/2010/ned
2010,South Africa,ned,Netherlands,79,3,Defence,4,Mathijsen,Centre-back,78,false,https://7a0.com.br/en/copas/2010/ned
2010,South Africa,ned,Netherlands,79,3,Defence,12,Boulahrouz,Centre-back,73,false,https://7a0.com.br/en/copas/2010/ned
2010,South Africa,ned,Netherlands,79,3,Defence,13,Ooijer,Centre-back,73,false,https://7a0.com.br/en/copas/2010/ned
2010,South Africa,ned,Netherlands,79,3,Defence,5,Van Bronckhorst,Left-back,81,false,https://7a0.com.br/en/copas/2010/ned
2010,South Africa,ned,Netherlands,79,3,Defence,15,Braafheid,Left-back,72,false,https://7a0.com.br/en/copas/2010/ned
2010,South Africa,ned,Netherlands,79,3,Midfield,6,Van Bommel,Defensive midfielder,83,false,https://7a0.com.br/en/copas/2010/ned
2010,South Africa,ned,Netherlands,79,3,Midfield,8,De Jong,Defensive midfielder,82,false,https://7a0.com.br/en/copas/2010/ned
2010,South Africa,ned,Netherlands,79,3,Midfield,14,De Zeeuw,Defensive midfielder,75,false,https://7a0.com.br/en/copas/2010/ned
2010,South Africa,ned,Netherlands,79,3,Midfield,18,Schaars,Midfielder,73,false,https://7a0.com.br/en/copas/2010/ned
2010,South Africa,ned,Netherlands,79,3,Midfield,20,Afellay,Left midfielder,77,false,https://7a0.com.br/en/copas/2010/ned
2010,South Africa,ned,Netherlands,79,3,Midfield,10,Sneijder,Attacking midfielder,92,true,https://7a0.com.br/en/copas/2010/ned
2010,South Africa,ned,Netherlands,79,3,Midfield,23,Van der Vaart,Attacking midfielder,84,false,https://7a0.com.br/en/copas/2010/ned
2010,South Africa,ned,Netherlands,79,3,Attack,7,Kuyt,Right winger,82,false,https://7a0.com.br/en/copas/2010/ned
2010,South Africa,ned,Netherlands,79,3,Attack,11,Robben,Right winger,92,true,https://7a0.com.br/en/copas/2010/ned
2010,South Africa,ned,Netherlands,79,3,Attack,9,Van Persie,Centre-forward,88,true,https://7a0.com.br/en/copas/2010/ned
2010,South Africa,ned,Netherlands,79,3,Attack,21,Huntelaar,Centre-forward,83,false,https://7a0.com.br/en/copas/2010/ned
2010,South Africa,ned,Netherlands,79,3,Attack,17,Elia,Left winger,75,false,https://7a0.com.br/en/copas/2010/ned
2010,South Africa,ned,Netherlands,79,3,Attack,19,Babel,Left winger,76,false,https://7a0.com.br/en/copas/2010/ned
2010,South Africa,par,Paraguay,75,0,Goalkeepers,1,Villar,Goalkeeper,80,false,https://7a0.com.br/en/copas/2010/par
2010,South Africa,par,Paraguay,75,0,Goalkeepers,12,D. Barreto,Goalkeeper,71,false,https://7a0.com.br/en/copas/2010/par
2010,South Africa,par,Paraguay,75,0,Goalkeepers,22,Bobadilla,Goalkeeper,70,false,https://7a0.com.br/en/copas/2010/par
2010,South Africa,par,Paraguay,75,0,Defence,4,Caniza,Right-back,75,false,https://7a0.com.br/en/copas/2010/par
2010,South Africa,par,Paraguay,75,0,Defence,6,Bonet,Right-back,74,false,https://7a0.com.br/en/copas/2010/par
2010,South Africa,par,Paraguay,75,0,Defence,2,Verón,Centre-back,73,false,https://7a0.com.br/en/copas/2010/par
2010,South Africa,par,Paraguay,75,0,Defence,5,J.C. Cáceres,Centre-back,77,false,https://7a0.com.br/en/copas/2010/par
2010,South Africa,par,Paraguay,75,0,Defence,14,Da Silva,Centre-back,78,false,https://7a0.com.br/en/copas/2010/par
2010,South Africa,par,Paraguay,75,0,Defence,21,Alcaraz,Centre-back,75,false,https://7a0.com.br/en/copas/2010/par
2010,South Africa,par,Paraguay,75,0,Defence,3,Morel,Left-back,76,false,https://7a0.com.br/en/copas/2010/par
2010,South Africa,par,Paraguay,75,0,Defence,17,Torres,Left-back,72,false,https://7a0.com.br/en/copas/2010/par
2010,South Africa,par,Paraguay,75,0,Midfield,8,É. Barreto,Defensive midfielder,76,false,https://7a0.com.br/en/copas/2010/par
2010,South Africa,par,Paraguay,75,0,Midfield,13,Vera,Defensive midfielder,74,false,https://7a0.com.br/en/copas/2010/par
2010,South Africa,par,Paraguay,75,0,Midfield,15,V. Cáceres,Defensive midfielder,74,false,https://7a0.com.br/en/copas/2010/par
2010,South Africa,par,Paraguay,75,0,Midfield,16,Riveros,Midfielder,79,false,https://7a0.com.br/en/copas/2010/par
2010,South Africa,par,Paraguay,75,0,Midfield,20,Ortigoza,Midfielder,73,false,https://7a0.com.br/en/copas/2010/par
2010,South Africa,par,Paraguay,75,0,Midfield,11,Santana,Left midfielder,75,false,https://7a0.com.br/en/copas/2010/par
2010,South Africa,par,Paraguay,75,0,Attack,10,Benítez,Right winger,73,false,https://7a0.com.br/en/copas/2010/par
2010,South Africa,par,Paraguay,75,0,Attack,7,Cardozo,Centre-forward,81,false,https://7a0.com.br/en/copas/2010/par
2010,South Africa,par,Paraguay,75,0,Attack,9,Santa Cruz,Centre-forward,82,false,https://7a0.com.br/en/copas/2010/par
2010,South Africa,par,Paraguay,75,0,Attack,19,Barrios,Centre-forward,78,false,https://7a0.com.br/en/copas/2010/par
2010,South Africa,par,Paraguay,75,0,Attack,23,Gamarra,Centre-forward,68,false,https://7a0.com.br/en/copas/2010/par
2010,South Africa,par,Paraguay,75,0,Attack,18,Valdez,Left winger,80,false,https://7a0.com.br/en/copas/2010/par
2010,South Africa,por,Portugal,78,2,Goalkeepers,1,Eduardo,Goalkeeper,79,false,https://7a0.com.br/en/copas/2010/por
2010,South Africa,por,Portugal,78,2,Goalkeepers,12,Beto,Goalkeeper,73,false,https://7a0.com.br/en/copas/2010/por
2010,South Africa,por,Portugal,78,2,Goalkeepers,22,Daniel Fernandes,Goalkeeper,70,false,https://7a0.com.br/en/copas/2010/por
2010,South Africa,por,Portugal,78,2,Defence,3,Paulo Ferreira,Right-back,77,false,https://7a0.com.br/en/copas/2010/por
2010,South Africa,por,Portugal,78,2,Defence,13,Miguel,Right-back,76,false,https://7a0.com.br/en/copas/2010/por
2010,South Africa,por,Portugal,78,2,Defence,2,Bruno Alves,Centre-back,80,false,https://7a0.com.br/en/copas/2010/por
2010,South Africa,por,Portugal,78,2,Defence,4,Rolando,Centre-back,76,false,https://7a0.com.br/en/copas/2010/por
2010,South Africa,por,Portugal,78,2,Defence,6,Ricardo Carvalho,Centre-back,85,false,https://7a0.com.br/en/copas/2010/por
2010,South Africa,por,Portugal,78,2,Defence,15,Pepe,Centre-back,84,false,https://7a0.com.br/en/copas/2010/por
2010,South Africa,por,Portugal,78,2,Defence,21,Ricardo Costa,Centre-back,74,false,https://7a0.com.br/en/copas/2010/por
2010,South Africa,por,Portugal,78,2,Defence,5,Duda,Left-back,74,false,https://7a0.com.br/en/copas/2010/por
2010,South Africa,por,Portugal,78,2,Defence,23,Coentrão,Left-back,78,false,https://7a0.com.br/en/copas/2010/por
2010,South Africa,por,Portugal,78,2,Midfield,8,Pedro Mendes,Defensive midfielder,75,false,https://7a0.com.br/en/copas/2010/por
2010,South Africa,por,Portugal,78,2,Midfield,14,Miguel Veloso,Defensive midfielder,77,false,https://7a0.com.br/en/copas/2010/por
2010,South Africa,por,Portugal,78,2,Midfield,17,Amorim,Defensive midfielder,72,false,https://7a0.com.br/en/copas/2010/por
2010,South Africa,por,Portugal,78,2,Midfield,16,Meireles,Midfielder,82,false,https://7a0.com.br/en/copas/2010/por
2010,South Africa,por,Portugal,78,2,Midfield,19,Tiago,Midfielder,80,false,https://7a0.com.br/en/copas/2010/por
2010,South Africa,por,Portugal,78,2,Midfield,10,Danny,Attacking midfielder,78,false,https://7a0.com.br/en/copas/2010/por
2010,South Africa,por,Portugal,78,2,Midfield,20,Deco,Attacking midfielder,84,true,https://7a0.com.br/en/copas/2010/por
2010,South Africa,por,Portugal,78,2,Attack,9,Liédson,Centre-forward,76,false,https://7a0.com.br/en/copas/2010/por
2010,South Africa,por,Portugal,78,2,Attack,18,Hugo Almeida,Centre-forward,77,false,https://7a0.com.br/en/copas/2010/por
2010,South Africa,por,Portugal,78,2,Attack,7,Cristiano Ronaldo,Left winger,91,true,https://7a0.com.br/en/copas/2010/por
2010,South Africa,por,Portugal,78,2,Attack,11,Simão,Left winger,81,false,https://7a0.com.br/en/copas/2010/por
2010,South Africa,rsa,South Africa,72,0,Goalkeepers,1,Moeneeb Josephs,Goalkeeper,68,false,https://7a0.com.br/en/copas/2010/rsa
2010,South Africa,rsa,South Africa,72,0,Goalkeepers,16,Itumeleng Khune,Goalkeeper,76,false,https://7a0.com.br/en/copas/2010/rsa
2010,South Africa,rsa,South Africa,72,0,Goalkeepers,22,Shu-Aib Walters,Goalkeeper,66,false,https://7a0.com.br/en/copas/2010/rsa
2010,South Africa,rsa,South Africa,72,0,Defence,2,Siboniso Gaxa,Right-back,71,false,https://7a0.com.br/en/copas/2010/rsa
2010,South Africa,rsa,South Africa,72,0,Defence,5,Anele Ngcongca,Right-back,71,false,https://7a0.com.br/en/copas/2010/rsa
2010,South Africa,rsa,South Africa,72,0,Defence,4,Aaron Mokoena,Centre-back,74,false,https://7a0.com.br/en/copas/2010/rsa
2010,South Africa,rsa,South Africa,72,0,Defence,14,Matthew Booth,Centre-back,70,false,https://7a0.com.br/en/copas/2010/rsa
2010,South Africa,rsa,South Africa,72,0,Defence,20,Bongani Khumalo,Centre-back,72,false,https://7a0.com.br/en/copas/2010/rsa
2010,South Africa,rsa,South Africa,72,0,Defence,21,Siyabonga Sangweni,Centre-back,69,false,https://7a0.com.br/en/copas/2010/rsa
2010,South Africa,rsa,South Africa,72,0,Defence,3,Tsepo Masilela,Left-back,71,false,https://7a0.com.br/en/copas/2010/rsa
2010,South Africa,rsa,South Africa,72,0,Defence,15,Lucas Thwala,Left-back,69,false,https://7a0.com.br/en/copas/2010/rsa
2010,South Africa,rsa,South Africa,72,0,Midfield,6,MacBeth Sibaya,Defensive midfielder,73,false,https://7a0.com.br/en/copas/2010/rsa
2010,South Africa,rsa,South Africa,72,0,Midfield,12,Reneilwe Letsholonyane,Defensive midfielder,71,false,https://7a0.com.br/en/copas/2010/rsa
2010,South Africa,rsa,South Africa,72,0,Midfield,13,Kagisho Dikgacoi,Defensive midfielder,72,false,https://7a0.com.br/en/copas/2010/rsa
2010,South Africa,rsa,South Africa,72,0,Midfield,23,Thanduyise Khuboni,Right midfielder,68,false,https://7a0.com.br/en/copas/2010/rsa
2010,South Africa,rsa,South Africa,72,0,Midfield,7,Lance Davids,Midfielder,69,false,https://7a0.com.br/en/copas/2010/rsa
2010,South Africa,rsa,South Africa,72,0,Midfield,10,Steven Pienaar,Attacking midfielder,80,false,https://7a0.com.br/en/copas/2010/rsa
2010,South Africa,rsa,South Africa,72,0,Midfield,11,Teko Modise,Attacking midfielder,74,false,https://7a0.com.br/en/copas/2010/rsa
2010,South Africa,rsa,South Africa,72,0,Midfield,19,Surprise Moriri,Attacking midfielder,70,false,https://7a0.com.br/en/copas/2010/rsa
2010,South Africa,rsa,South Africa,72,0,Attack,9,Katlego Mphela,Centre-forward,75,false,https://7a0.com.br/en/copas/2010/rsa
2010,South Africa,rsa,South Africa,72,0,Attack,17,Bernard Parker,Centre-forward,73,false,https://7a0.com.br/en/copas/2010/rsa
2010,South Africa,rsa,South Africa,72,0,Attack,18,Siyabonga Nomvethe,Centre-forward,71,false,https://7a0.com.br/en/copas/2010/rsa
2010,South Africa,rsa,South Africa,72,0,Attack,8,Siphiwe Tshabalala,Left winger,76,false,https://7a0.com.br/en/copas/2010/rsa
2010,South Africa,kor,South Korea,78,6,Goalkeepers,1,Lee Woon-jae,Goalkeeper,82,true,https://7a0.com.br/en/copas/2010/kor
2010,South Africa,kor,South Korea,78,6,Goalkeepers,18,Jung Sung-ryong,Goalkeeper,78,false,https://7a0.com.br/en/copas/2010/kor
2010,South Africa,kor,South Korea,78,6,Goalkeepers,21,Kim Young-kwang,Goalkeeper,74,false,https://7a0.com.br/en/copas/2010/kor
2010,South Africa,kor,South Korea,78,6,Defence,2,Oh Beom-seok,Right-back,76,false,https://7a0.com.br/en/copas/2010/kor
2010,South Africa,kor,South Korea,78,6,Defence,15,Kim Dong-jin,Right-back,76,false,https://7a0.com.br/en/copas/2010/kor
2010,South Africa,kor,South Korea,78,6,Defence,22,Cha Du-ri,Right-back,77,false,https://7a0.com.br/en/copas/2010/kor
2010,South Africa,kor,South Korea,78,6,Defence,3,Kim Hyung-il,Centre-back,70,false,https://7a0.com.br/en/copas/2010/kor
2010,South Africa,kor,South Korea,78,6,Defence,4,Cho Yong-hyung,Centre-back,75,false,https://7a0.com.br/en/copas/2010/kor
2010,South Africa,kor,South Korea,78,6,Defence,14,Lee Jung-soo,Centre-back,81,false,https://7a0.com.br/en/copas/2010/kor
2010,South Africa,kor,South Korea,78,6,Defence,23,Kang Min-soo,Centre-back,73,false,https://7a0.com.br/en/copas/2010/kor
2010,South Africa,kor,South Korea,78,6,Defence,12,Lee Young-pyo,Left-back,82,true,https://7a0.com.br/en/copas/2010/kor
2010,South Africa,kor,South Korea,78,6,Midfield,5,Kim Nam-il,Defensive midfielder,78,false,https://7a0.com.br/en/copas/2010/kor
2010,South Africa,kor,South Korea,78,6,Midfield,6,Kim Bo-kyung,Defensive midfielder,74,false,https://7a0.com.br/en/copas/2010/kor
2010,South Africa,kor,South Korea,78,6,Midfield,16,Ki Sung-yueng,Defensive midfielder,84,true,https://7a0.com.br/en/copas/2010/kor
2010,South Africa,kor,South Korea,78,6,Midfield,8,Kim Jung-woo,Midfielder,75,false,https://7a0.com.br/en/copas/2010/kor
2010,South Africa,kor,South Korea,78,6,Midfield,7,Park Ji-sung,Left midfielder,88,true,https://7a0.com.br/en/copas/2010/kor
2010,South Africa,kor,South Korea,78,6,Midfield,13,Kim Jae-sung,Left midfielder,78,false,https://7a0.com.br/en/copas/2010/kor
2010,South Africa,kor,South Korea,78,6,Attack,17,Lee Chung-yong,Right winger,80,false,https://7a0.com.br/en/copas/2010/kor
2010,South Africa,kor,South Korea,78,6,Attack,9,Ahn Jung-hwan,Centre-forward,80,true,https://7a0.com.br/en/copas/2010/kor
2010,South Africa,kor,South Korea,78,6,Attack,10,Park Chu-young,Centre-forward,82,false,https://7a0.com.br/en/copas/2010/kor
2010,South Africa,kor,South Korea,78,6,Attack,20,Lee Dong-gook,Centre-forward,80,true,https://7a0.com.br/en/copas/2010/kor
2010,South Africa,kor,South Korea,78,6,Attack,11,Lee Seung-yeoul,Left winger,71,false,https://7a0.com.br/en/copas/2010/kor
2010,South Africa,kor,South Korea,78,6,Attack,19,Yeom Ki-hun,Left winger,76,false,https://7a0.com.br/en/copas/2010/kor
2010,South Africa,esp,Spain,84,5,Goalkeepers,1,Casillas,Goalkeeper,94,true,https://7a0.com.br/en/copas/2010/esp
2010,South Africa,esp,Spain,84,5,Goalkeepers,12,Valdés,Goalkeeper,80,false,https://7a0.com.br/en/copas/2010/esp
2010,South Africa,esp,Spain,84,5,Goalkeepers,23,Reina,Goalkeeper,80,false,https://7a0.com.br/en/copas/2010/esp
2010,South Africa,esp,Spain,84,5,Defence,15,Ramos,Right-back,91,true,https://7a0.com.br/en/copas/2010/esp
2010,South Africa,esp,Spain,84,5,Defence,17,Arbeloa,Right-back,76,false,https://7a0.com.br/en/copas/2010/esp
2010,South Africa,esp,Spain,84,5,Defence,2,Albiol,Centre-back,76,false,https://7a0.com.br/en/copas/2010/esp
2010,South Africa,esp,Spain,84,5,Defence,3,Piqué,Centre-back,89,false,https://7a0.com.br/en/copas/2010/esp
2010,South Africa,esp,Spain,84,5,Defence,4,Marchena,Centre-back,76,false,https://7a0.com.br/en/copas/2010/esp
2010,South Africa,esp,Spain,84,5,Defence,5,Puyol,Centre-back,92,true,https://7a0.com.br/en/copas/2010/esp
2010,South Africa,esp,Spain,84,5,Defence,11,Capdevila,Left-back,78,false,https://7a0.com.br/en/copas/2010/esp
2010,South Africa,esp,Spain,84,5,Midfield,10,Fàbregas,Defensive midfielder,84,false,https://7a0.com.br/en/copas/2010/esp
2010,South Africa,esp,Spain,84,5,Midfield,16,Busquets,Defensive midfielder,84,false,https://7a0.com.br/en/copas/2010/esp
2010,South Africa,esp,Spain,84,5,Midfield,20,Javi Martínez,Defensive midfielder,75,false,https://7a0.com.br/en/copas/2010/esp
2010,South Africa,esp,Spain,84,5,Midfield,21,D. Silva,Right midfielder,85,false,https://7a0.com.br/en/copas/2010/esp
2010,South Africa,esp,Spain,84,5,Midfield,8,Xavi,Midfielder,94,true,https://7a0.com.br/en/copas/2010/esp
2010,South Africa,esp,Spain,84,5,Midfield,14,Xabi Alonso,Midfielder,88,false,https://7a0.com.br/en/copas/2010/esp
2010,South Africa,esp,Spain,84,5,Midfield,13,Mata,Left midfielder,78,false,https://7a0.com.br/en/copas/2010/esp
2010,South Africa,esp,Spain,84,5,Midfield,6,Iniesta,Attacking midfielder,93,true,https://7a0.com.br/en/copas/2010/esp
2010,South Africa,esp,Spain,84,5,Attack,18,Pedro,Right winger,80,false,https://7a0.com.br/en/copas/2010/esp
2010,South Africa,esp,Spain,84,5,Attack,22,Navas,Right winger,79,false,https://7a0.com.br/en/copas/2010/esp
2010,South Africa,esp,Spain,84,5,Attack,7,Villa,Centre-forward,91,false,https://7a0.com.br/en/copas/2010/esp
2010,South Africa,esp,Spain,84,5,Attack,9,Torres,Centre-forward,83,false,https://7a0.com.br/en/copas/2010/esp
2010,South Africa,esp,Spain,84,5,Attack,19,Llorente,Centre-forward,78,false,https://7a0.com.br/en/copas/2010/esp
2010,South Africa,uru,Uruguay,76,2,Goalkeepers,1,Muslera,Goalkeeper,82,false,https://7a0.com.br/en/copas/2010/uru
2010,South Africa,uru,Uruguay,76,2,Goalkeepers,12,Castillo,Goalkeeper,67,false,https://7a0.com.br/en/copas/2010/uru
2010,South Africa,uru,Uruguay,76,2,Goalkeepers,23,M. Silva,Goalkeeper,68,false,https://7a0.com.br/en/copas/2010/uru
2010,South Africa,uru,Uruguay,76,2,Defence,4,Fucile,Right-back,76,false,https://7a0.com.br/en/copas/2010/uru
2010,South Africa,uru,Uruguay,76,2,Defence,16,Maxi Pereira,Right-back,79,false,https://7a0.com.br/en/copas/2010/uru
2010,South Africa,uru,Uruguay,76,2,Defence,22,Cáceres,Right-back,76,false,https://7a0.com.br/en/copas/2010/uru
2010,South Africa,uru,Uruguay,76,2,Defence,2,Lugano,Centre-back,81,false,https://7a0.com.br/en/copas/2010/uru
2010,South Africa,uru,Uruguay,76,2,Defence,3,Godín,Centre-back,83,false,https://7a0.com.br/en/copas/2010/uru
2010,South Africa,uru,Uruguay,76,2,Defence,6,Victorino,Centre-back,72,false,https://7a0.com.br/en/copas/2010/uru
2010,South Africa,uru,Uruguay,76,2,Defence,19,Scotti,Centre-back,71,false,https://7a0.com.br/en/copas/2010/uru
2010,South Africa,uru,Uruguay,76,2,Defence,11,Á. Pereira,Left-back,78,false,https://7a0.com.br/en/copas/2010/uru
2010,South Africa,uru,Uruguay,76,2,Midfield,5,Gargano,Defensive midfielder,77,false,https://7a0.com.br/en/copas/2010/uru
2010,South Africa,uru,Uruguay,76,2,Midfield,8,Eguren,Defensive midfielder,74,false,https://7a0.com.br/en/copas/2010/uru
2010,South Africa,uru,Uruguay,76,2,Midfield,15,D. Pérez,Defensive midfielder,76,false,https://7a0.com.br/en/copas/2010/uru
2010,South Africa,uru,Uruguay,76,2,Midfield,17,Arévalo Ríos,Defensive midfielder,75,false,https://7a0.com.br/en/copas/2010/uru
2010,South Africa,uru,Uruguay,76,2,Midfield,18,I. González,Defensive midfielder,70,false,https://7a0.com.br/en/copas/2010/uru
2010,South Africa,uru,Uruguay,76,2,Midfield,20,Á. Fernández,Left midfielder,70,false,https://7a0.com.br/en/copas/2010/uru
2010,South Africa,uru,Uruguay,76,2,Midfield,14,Lodeiro,Attacking midfielder,72,false,https://7a0.com.br/en/copas/2010/uru
2010,South Africa,uru,Uruguay,76,2,Attack,21,S. Fernández,Right winger,69,false,https://7a0.com.br/en/copas/2010/uru
2010,South Africa,uru,Uruguay,76,2,Attack,7,Cavani,Centre-forward,83,false,https://7a0.com.br/en/copas/2010/uru
2010,South Africa,uru,Uruguay,76,2,Attack,9,Suárez,Centre-forward,86,true,https://7a0.com.br/en/copas/2010/uru
2010,South Africa,uru,Uruguay,76,2,Attack,10,Forlán,Centre-forward,92,true,https://7a0.com.br/en/copas/2010/uru
2010,South Africa,uru,Uruguay,76,2,Attack,13,Abreu,Centre-forward,73,false,https://7a0.com.br/en/copas/2010/uru
2014,Brazil,alg,Algeria,77,0,Goalkeepers,1,Si Mohamed,Goalkeeper,73,false,https://7a0.com.br/en/copas/2014/alg
2014,Brazil,alg,Algeria,77,0,Goalkeepers,16,Zemmamouche,Goalkeeper,73,false,https://7a0.com.br/en/copas/2014/alg
2014,Brazil,alg,Algeria,77,0,Goalkeepers,23,M'Bolhi,Goalkeeper,80,false,https://7a0.com.br/en/copas/2014/alg
2014,Brazil,alg,Algeria,77,0,Defence,17,Cadamuro,Right-back,73,false,https://7a0.com.br/en/copas/2014/alg
2014,Brazil,alg,Algeria,77,0,Defence,2,Bougherra,Centre-back,78,false,https://7a0.com.br/en/copas/2014/alg
2014,Brazil,alg,Algeria,77,0,Defence,4,Belkalem,Centre-back,74,false,https://7a0.com.br/en/copas/2014/alg
2014,Brazil,alg,Algeria,77,0,Defence,5,Halliche,Centre-back,76,false,https://7a0.com.br/en/copas/2014/alg
2014,Brazil,alg,Algeria,77,0,Defence,12,Medjani,Centre-back,76,false,https://7a0.com.br/en/copas/2014/alg
2014,Brazil,alg,Algeria,77,0,Defence,20,Mandi,Centre-back,77,false,https://7a0.com.br/en/copas/2014/alg
2014,Brazil,alg,Algeria,77,0,Defence,3,Ghoulam,Left-back,79,false,https://7a0.com.br/en/copas/2014/alg
2014,Brazil,alg,Algeria,77,0,Defence,6,Mesbah,Left-back,75,false,https://7a0.com.br/en/copas/2014/alg
2014,Brazil,alg,Algeria,77,0,Midfield,7,Yebda,Defensive midfielder,76,false,https://7a0.com.br/en/copas/2014/alg
2014,Brazil,alg,Algeria,77,0,Midfield,8,Lacen,Defensive midfielder,76,false,https://7a0.com.br/en/copas/2014/alg
2014,Brazil,alg,Algeria,77,0,Midfield,10,Feghouli,Defensive midfielder,81,false,https://7a0.com.br/en/copas/2014/alg
2014,Brazil,alg,Algeria,77,0,Midfield,14,Bentaleb,Defensive midfielder,78,false,https://7a0.com.br/en/copas/2014/alg
2014,Brazil,alg,Algeria,77,0,Midfield,22,Mostefa,Defensive midfielder,74,false,https://7a0.com.br/en/copas/2014/alg
2014,Brazil,alg,Algeria,77,0,Midfield,19,Taïder,Midfielder,76,false,https://7a0.com.br/en/copas/2014/alg
2014,Brazil,alg,Algeria,77,0,Midfield,18,Djabou,Left midfielder,76,false,https://7a0.com.br/en/copas/2014/alg
2014,Brazil,alg,Algeria,77,0,Midfield,11,Brahimi,Attacking midfielder,81,false,https://7a0.com.br/en/copas/2014/alg
2014,Brazil,alg,Algeria,77,0,Attack,21,Mahrez,Right winger,82,false,https://7a0.com.br/en/copas/2014/alg
2014,Brazil,alg,Algeria,77,0,Attack,9,Ghilas,Centre-forward,74,false,https://7a0.com.br/en/copas/2014/alg
2014,Brazil,alg,Algeria,77,0,Attack,13,Slimani,Centre-forward,81,false,https://7a0.com.br/en/copas/2014/alg
2014,Brazil,alg,Algeria,77,0,Attack,15,Soudani,Centre-forward,78,false,https://7a0.com.br/en/copas/2014/alg
2014,Brazil,arg,Argentina,79,1,Goalkeepers,1,Romero,Goalkeeper,80,false,https://7a0.com.br/en/copas/2014/arg
2014,Brazil,arg,Argentina,79,1,Goalkeepers,12,Orión,Goalkeeper,70,false,https://7a0.com.br/en/copas/2014/arg
2014,Brazil,arg,Argentina,79,1,Goalkeepers,21,Andújar,Goalkeeper,71,false,https://7a0.com.br/en/copas/2014/arg
2014,Brazil,arg,Argentina,79,1,Defence,4,Zabaleta,Right-back,82,false,https://7a0.com.br/en/copas/2014/arg
2014,Brazil,arg,Argentina,79,1,Defence,2,Garay,Centre-back,82,false,https://7a0.com.br/en/copas/2014/arg
2014,Brazil,arg,Argentina,79,1,Defence,3,Campagnaro,Centre-back,74,false,https://7a0.com.br/en/copas/2014/arg
2014,Brazil,arg,Argentina,79,1,Defence,15,Demichelis,Centre-back,78,false,https://7a0.com.br/en/copas/2014/arg
2014,Brazil,arg,Argentina,79,1,Defence,16,Rojo,Centre-back,78,false,https://7a0.com.br/en/copas/2014/arg
2014,Brazil,arg,Argentina,79,1,Defence,17,F. Fernández,Centre-back,76,false,https://7a0.com.br/en/copas/2014/arg
2014,Brazil,arg,Argentina,79,1,Defence,23,Basanta,Left-back,73,false,https://7a0.com.br/en/copas/2014/arg
2014,Brazil,arg,Argentina,79,1,Midfield,8,Enzo Pérez,Defensive midfielder,76,false,https://7a0.com.br/en/copas/2014/arg
2014,Brazil,arg,Argentina,79,1,Midfield,13,A. Fernández,Defensive midfielder,74,false,https://7a0.com.br/en/copas/2014/arg
2014,Brazil,arg,Argentina,79,1,Midfield,14,Mascherano,Defensive midfielder,87,false,https://7a0.com.br/en/copas/2014/arg
2014,Brazil,arg,Argentina,79,1,Midfield,7,Di María,Right midfielder,88,false,https://7a0.com.br/en/copas/2014/arg
2014,Brazil,arg,Argentina,79,1,Midfield,11,Maxi Rodríguez,Right midfielder,75,false,https://7a0.com.br/en/copas/2014/arg
2014,Brazil,arg,Argentina,79,1,Midfield,5,Gago,Midfielder,78,false,https://7a0.com.br/en/copas/2014/arg
2014,Brazil,arg,Argentina,79,1,Midfield,6,Biglia,Midfielder,79,false,https://7a0.com.br/en/copas/2014/arg
2014,Brazil,arg,Argentina,79,1,Midfield,19,R. Álvarez,Attacking midfielder,72,false,https://7a0.com.br/en/copas/2014/arg
2014,Brazil,arg,Argentina,79,1,Attack,10,Messi,Right winger,96,true,https://7a0.com.br/en/copas/2014/arg
2014,Brazil,arg,Argentina,79,1,Attack,9,Higuaín,Centre-forward,84,false,https://7a0.com.br/en/copas/2014/arg
2014,Brazil,arg,Argentina,79,1,Attack,18,Palacio,Centre-forward,77,false,https://7a0.com.br/en/copas/2014/arg
2014,Brazil,arg,Argentina,79,1,Attack,20,Agüero,Centre-forward,87,false,https://7a0.com.br/en/copas/2014/arg
2014,Brazil,arg,Argentina,79,1,Attack,22,Lavezzi,Left winger,79,false,https://7a0.com.br/en/copas/2014/arg
2014,Brazil,bel,Belgium,79,1,Goalkeepers,1,Courtois,Goalkeeper,86,false,https://7a0.com.br/en/copas/2014/bel
2014,Brazil,bel,Belgium,79,1,Goalkeepers,12,Mignolet,Goalkeeper,77,false,https://7a0.com.br/en/copas/2014/bel
2014,Brazil,bel,Belgium,79,1,Goalkeepers,13,Bossut,Goalkeeper,68,false,https://7a0.com.br/en/copas/2014/bel
2014,Brazil,bel,Belgium,79,1,Defence,21,Vanden Borre,Right-back,74,false,https://7a0.com.br/en/copas/2014/bel
2014,Brazil,bel,Belgium,79,1,Defence,2,Alderweireld,Centre-back,83,false,https://7a0.com.br/en/copas/2014/bel
2014,Brazil,bel,Belgium,79,1,Defence,3,Vermaelen,Centre-back,80,false,https://7a0.com.br/en/copas/2014/bel
2014,Brazil,bel,Belgium,79,1,Defence,4,Kompany,Centre-back,86,false,https://7a0.com.br/en/copas/2014/bel
2014,Brazil,bel,Belgium,79,1,Defence,5,Vertonghen,Centre-back,83,false,https://7a0.com.br/en/copas/2014/bel
2014,Brazil,bel,Belgium,79,1,Defence,15,Van Buyten,Centre-back,78,false,https://7a0.com.br/en/copas/2014/bel
2014,Brazil,bel,Belgium,79,1,Defence,18,Lombaerts,Centre-back,76,false,https://7a0.com.br/en/copas/2014/bel
2014,Brazil,bel,Belgium,79,1,Defence,23,Ciman,Centre-back,74,false,https://7a0.com.br/en/copas/2014/bel
2014,Brazil,bel,Belgium,79,1,Midfield,6,Witsel,Defensive midfielder,83,false,https://7a0.com.br/en/copas/2014/bel
2014,Brazil,bel,Belgium,79,1,Midfield,8,Fellaini,Defensive midfielder,80,false,https://7a0.com.br/en/copas/2014/bel
2014,Brazil,bel,Belgium,79,1,Midfield,16,Defour,Midfielder,76,false,https://7a0.com.br/en/copas/2014/bel
2014,Brazil,bel,Belgium,79,1,Midfield,19,Dembélé,Midfielder,80,false,https://7a0.com.br/en/copas/2014/bel
2014,Brazil,bel,Belgium,79,1,Midfield,7,De Bruyne,Attacking midfielder,83,false,https://7a0.com.br/en/copas/2014/bel
2014,Brazil,bel,Belgium,79,1,Attack,11,Mirallas,Right winger,78,false,https://7a0.com.br/en/copas/2014/bel
2014,Brazil,bel,Belgium,79,1,Attack,20,Januzaj,Right winger,75,false,https://7a0.com.br/en/copas/2014/bel
2014,Brazil,bel,Belgium,79,1,Attack,9,Lukaku,Centre-forward,83,false,https://7a0.com.br/en/copas/2014/bel
2014,Brazil,bel,Belgium,79,1,Attack,17,Origi,Centre-forward,74,false,https://7a0.com.br/en/copas/2014/bel
2014,Brazil,bel,Belgium,79,1,Attack,10,E. Hazard,Left winger,87,true,https://7a0.com.br/en/copas/2014/bel
2014,Brazil,bel,Belgium,79,1,Attack,14,Mertens,Left winger,81,false,https://7a0.com.br/en/copas/2014/bel
2014,Brazil,bel,Belgium,79,1,Attack,22,Chadli,Left winger,78,false,https://7a0.com.br/en/copas/2014/bel
2014,Brazil,bra,Brazil,81,3,Goalkeepers,1,Jefferson,Goalkeeper,75,false,https://7a0.com.br/en/copas/2014/bra
2014,Brazil,bra,Brazil,81,3,Goalkeepers,12,Júlio César,Goalkeeper,82,false,https://7a0.com.br/en/copas/2014/bra
2014,Brazil,bra,Brazil,81,3,Goalkeepers,22,Victor,Goalkeeper,74,false,https://7a0.com.br/en/copas/2014/bra
2014,Brazil,bra,Brazil,81,3,Defence,2,D. Alves,Right-back,88,true,https://7a0.com.br/en/copas/2014/bra
2014,Brazil,bra,Brazil,81,3,Defence,23,Maicon,Right-back,76,false,https://7a0.com.br/en/copas/2014/bra
2014,Brazil,bra,Brazil,81,3,Defence,3,Thiago Silva,Centre-back,91,true,https://7a0.com.br/en/copas/2014/bra
2014,Brazil,bra,Brazil,81,3,Defence,4,David Luiz,Centre-back,86,false,https://7a0.com.br/en/copas/2014/bra
2014,Brazil,bra,Brazil,81,3,Defence,13,Dante,Centre-back,79,false,https://7a0.com.br/en/copas/2014/bra
2014,Brazil,bra,Brazil,81,3,Defence,15,Henrique,Centre-back,72,false,https://7a0.com.br/en/copas/2014/bra
2014,Brazil,bra,Brazil,81,3,Defence,6,Marcelo,Left-back,88,false,https://7a0.com.br/en/copas/2014/bra
2014,Brazil,bra,Brazil,81,3,Defence,14,Maxwell,Left-back,74,false,https://7a0.com.br/en/copas/2014/bra
2014,Brazil,bra,Brazil,81,3,Midfield,5,Fernandinho,Defensive midfielder,81,false,https://7a0.com.br/en/copas/2014/bra
2014,Brazil,bra,Brazil,81,3,Midfield,16,Ramires,Defensive midfielder,78,false,https://7a0.com.br/en/copas/2014/bra
2014,Brazil,bra,Brazil,81,3,Midfield,17,L. Gustavo,Defensive midfielder,82,false,https://7a0.com.br/en/copas/2014/bra
2014,Brazil,bra,Brazil,81,3,Midfield,8,Paulinho,Midfielder,79,false,https://7a0.com.br/en/copas/2014/bra
2014,Brazil,bra,Brazil,81,3,Midfield,18,Hernanes,Left midfielder,80,false,https://7a0.com.br/en/copas/2014/bra
2014,Brazil,bra,Brazil,81,3,Midfield,11,Oscar,Attacking midfielder,85,false,https://7a0.com.br/en/copas/2014/bra
2014,Brazil,bra,Brazil,81,3,Attack,19,Willian,Right winger,80,false,https://7a0.com.br/en/copas/2014/bra
2014,Brazil,bra,Brazil,81,3,Attack,7,Hulk,Centre-forward,83,false,https://7a0.com.br/en/copas/2014/bra
2014,Brazil,bra,Brazil,81,3,Attack,9,Fred,Centre-forward,77,false,https://7a0.com.br/en/copas/2014/bra
2014,Brazil,bra,Brazil,81,3,Attack,21,Jô,Centre-forward,74,false,https://7a0.com.br/en/copas/2014/bra
2014,Brazil,bra,Brazil,81,3,Attack,10,Neymar,Left winger,93,true,https://7a0.com.br/en/copas/2014/bra
2014,Brazil,bra,Brazil,81,3,Attack,20,Bernard,Left winger,78,false,https://7a0.com.br/en/copas/2014/bra
2014,Brazil,chi,Chile,77,2,Goalkeepers,1,Bravo,Goalkeeper,86,false,https://7a0.com.br/en/copas/2014/chi
2014,Brazil,chi,Chile,77,2,Goalkeepers,12,Toselli,Goalkeeper,70,false,https://7a0.com.br/en/copas/2014/chi
2014,Brazil,chi,Chile,77,2,Goalkeepers,23,Herrera,Goalkeeper,71,false,https://7a0.com.br/en/copas/2014/chi
2014,Brazil,chi,Chile,77,2,Defence,4,Isla,Right-back,80,false,https://7a0.com.br/en/copas/2014/chi
2014,Brazil,chi,Chile,77,2,Defence,13,Rojas,Centre-back,74,false,https://7a0.com.br/en/copas/2014/chi
2014,Brazil,chi,Chile,77,2,Defence,17,Medel,Centre-back,82,false,https://7a0.com.br/en/copas/2014/chi
2014,Brazil,chi,Chile,77,2,Defence,18,Jara,Centre-back,77,false,https://7a0.com.br/en/copas/2014/chi
2014,Brazil,chi,Chile,77,2,Defence,2,Mena,Left-back,77,false,https://7a0.com.br/en/copas/2014/chi
2014,Brazil,chi,Chile,77,2,Defence,3,Albornoz,Left-back,72,false,https://7a0.com.br/en/copas/2014/chi
2014,Brazil,chi,Chile,77,2,Midfield,5,F. Silva,Defensive midfielder,74,false,https://7a0.com.br/en/copas/2014/chi
2014,Brazil,chi,Chile,77,2,Midfield,6,Carmona,Defensive midfielder,76,false,https://7a0.com.br/en/copas/2014/chi
2014,Brazil,chi,Chile,77,2,Midfield,8,Vidal,Defensive midfielder,87,true,https://7a0.com.br/en/copas/2014/chi
2014,Brazil,chi,Chile,77,2,Midfield,20,Aránguiz,Defensive midfielder,80,false,https://7a0.com.br/en/copas/2014/chi
2014,Brazil,chi,Chile,77,2,Midfield,21,M. Díaz,Defensive midfielder,79,false,https://7a0.com.br/en/copas/2014/chi
2014,Brazil,chi,Chile,77,2,Midfield,19,Fuenzalida,Right midfielder,73,false,https://7a0.com.br/en/copas/2014/chi
2014,Brazil,chi,Chile,77,2,Midfield,16,F. Gutiérrez,Midfielder,73,false,https://7a0.com.br/en/copas/2014/chi
2014,Brazil,chi,Chile,77,2,Midfield,14,Orellana,Left midfielder,75,false,https://7a0.com.br/en/copas/2014/chi
2014,Brazil,chi,Chile,77,2,Midfield,15,Beausejour,Left midfielder,78,false,https://7a0.com.br/en/copas/2014/chi
2014,Brazil,chi,Chile,77,2,Midfield,10,Valdivia,Attacking midfielder,79,false,https://7a0.com.br/en/copas/2014/chi
2014,Brazil,chi,Chile,77,2,Attack,7,Alexis,Right winger,88,true,https://7a0.com.br/en/copas/2014/chi
2014,Brazil,chi,Chile,77,2,Attack,9,Pinilla,Centre-forward,76,false,https://7a0.com.br/en/copas/2014/chi
2014,Brazil,chi,Chile,77,2,Attack,11,Vargas,Centre-forward,82,false,https://7a0.com.br/en/copas/2014/chi
2014,Brazil,chi,Chile,77,2,Attack,22,Paredes,Centre-forward,73,false,https://7a0.com.br/en/copas/2014/chi
2014,Brazil,col,Colombia,78,1,Goalkeepers,1,Ospina,Goalkeeper,83,false,https://7a0.com.br/en/copas/2014/col
2014,Brazil,col,Colombia,78,1,Goalkeepers,12,Vargas,Goalkeeper,71,false,https://7a0.com.br/en/copas/2014/col
2014,Brazil,col,Colombia,78,1,Goalkeepers,22,Mondragón,Goalkeeper,70,false,https://7a0.com.br/en/copas/2014/col
2014,Brazil,col,Colombia,78,1,Defence,4,Arias,Right-back,78,false,https://7a0.com.br/en/copas/2014/col
2014,Brazil,col,Colombia,78,1,Defence,18,Zúñiga,Right-back,77,false,https://7a0.com.br/en/copas/2014/col
2014,Brazil,col,Colombia,78,1,Defence,2,Zapata,Centre-back,79,false,https://7a0.com.br/en/copas/2014/col
2014,Brazil,col,Colombia,78,1,Defence,3,Yepes,Centre-back,81,false,https://7a0.com.br/en/copas/2014/col
2014,Brazil,col,Colombia,78,1,Defence,16,Balanta,Centre-back,74,false,https://7a0.com.br/en/copas/2014/col
2014,Brazil,col,Colombia,78,1,Defence,23,Valdés,Centre-back,73,false,https://7a0.com.br/en/copas/2014/col
2014,Brazil,col,Colombia,78,1,Defence,7,Armero,Left-back,78,false,https://7a0.com.br/en/copas/2014/col
2014,Brazil,col,Colombia,78,1,Midfield,6,C. Sánchez,Defensive midfielder,78,false,https://7a0.com.br/en/copas/2014/col
2014,Brazil,col,Colombia,78,1,Midfield,8,Aguilar,Defensive midfielder,78,false,https://7a0.com.br/en/copas/2014/col
2014,Brazil,col,Colombia,78,1,Midfield,13,Guarín,Defensive midfielder,82,false,https://7a0.com.br/en/copas/2014/col
2014,Brazil,col,Colombia,78,1,Midfield,15,Mejía,Defensive midfielder,74,false,https://7a0.com.br/en/copas/2014/col
2014,Brazil,col,Colombia,78,1,Midfield,5,Carbonero,Left midfielder,71,false,https://7a0.com.br/en/copas/2014/col
2014,Brazil,col,Colombia,78,1,Midfield,10,James,Attacking midfielder,93,true,https://7a0.com.br/en/copas/2014/col
2014,Brazil,col,Colombia,78,1,Midfield,20,Quintero,Attacking midfielder,77,false,https://7a0.com.br/en/copas/2014/col
2014,Brazil,col,Colombia,78,1,Attack,11,Ju. Cuadrado,Right winger,84,false,https://7a0.com.br/en/copas/2014/col
2014,Brazil,col,Colombia,78,1,Attack,9,Teo,Centre-forward,80,false,https://7a0.com.br/en/copas/2014/col
2014,Brazil,col,Colombia,78,1,Attack,17,Bacca,Centre-forward,80,false,https://7a0.com.br/en/copas/2014/col
2014,Brazil,col,Colombia,78,1,Attack,19,A. Ramos,Centre-forward,77,false,https://7a0.com.br/en/copas/2014/col
2014,Brazil,col,Colombia,78,1,Attack,21,J. Martínez,Centre-forward,82,false,https://7a0.com.br/en/copas/2014/col
2014,Brazil,col,Colombia,78,1,Attack,14,Ibarbo,Left winger,74,false,https://7a0.com.br/en/copas/2014/col
2014,Brazil,crc,Costa Rica,74,1,Goalkeepers,1,Keylor Navas,Goalkeeper,88,true,https://7a0.com.br/en/copas/2014/crc
2014,Brazil,crc,Costa Rica,74,1,Goalkeepers,18,Pemberton,Goalkeeper,68,false,https://7a0.com.br/en/copas/2014/crc
2014,Brazil,crc,Costa Rica,74,1,Goalkeepers,23,Cambronero,Goalkeeper,66,false,https://7a0.com.br/en/copas/2014/crc
2014,Brazil,crc,Costa Rica,74,1,Defence,8,Myrie,Right-back,71,false,https://7a0.com.br/en/copas/2014/crc
2014,Brazil,crc,Costa Rica,74,1,Defence,16,Gamboa,Right-back,74,false,https://7a0.com.br/en/copas/2014/crc
2014,Brazil,crc,Costa Rica,74,1,Defence,2,Acosta,Centre-back,74,false,https://7a0.com.br/en/copas/2014/crc
2014,Brazil,crc,Costa Rica,74,1,Defence,3,González,Centre-back,78,false,https://7a0.com.br/en/copas/2014/crc
2014,Brazil,crc,Costa Rica,74,1,Defence,4,Umaña,Centre-back,75,false,https://7a0.com.br/en/copas/2014/crc
2014,Brazil,crc,Costa Rica,74,1,Defence,6,Óscar Duarte,Centre-back,75,false,https://7a0.com.br/en/copas/2014/crc
2014,Brazil,crc,Costa Rica,74,1,Defence,12,Francis,Left-back,71,false,https://7a0.com.br/en/copas/2014/crc
2014,Brazil,crc,Costa Rica,74,1,Defence,15,Díaz,Left-back,74,false,https://7a0.com.br/en/copas/2014/crc
2014,Brazil,crc,Costa Rica,74,1,Defence,19,Miller,Left-back,72,false,https://7a0.com.br/en/copas/2014/crc
2014,Brazil,crc,Costa Rica,74,1,Midfield,5,Celso Borges,Defensive midfielder,78,false,https://7a0.com.br/en/copas/2014/crc
2014,Brazil,crc,Costa Rica,74,1,Midfield,13,Óscar Granados,Defensive midfielder,68,false,https://7a0.com.br/en/copas/2014/crc
2014,Brazil,crc,Costa Rica,74,1,Midfield,17,Tejeda,Defensive midfielder,74,false,https://7a0.com.br/en/copas/2014/crc
2014,Brazil,crc,Costa Rica,74,1,Midfield,22,Cubero,Defensive midfielder,70,false,https://7a0.com.br/en/copas/2014/crc
2014,Brazil,crc,Costa Rica,74,1,Midfield,7,Christian Bolaños,Right midfielder,76,false,https://7a0.com.br/en/copas/2014/crc
2014,Brazil,crc,Costa Rica,74,1,Midfield,11,Barrantes,Left midfielder,72,false,https://7a0.com.br/en/copas/2014/crc
2014,Brazil,crc,Costa Rica,74,1,Midfield,20,Calvo,Left midfielder,70,false,https://7a0.com.br/en/copas/2014/crc
2014,Brazil,crc,Costa Rica,74,1,Midfield,10,Bryan Ruiz,Attacking midfielder,80,false,https://7a0.com.br/en/copas/2014/crc
2014,Brazil,crc,Costa Rica,74,1,Attack,9,Joel Campbell,Right winger,79,false,https://7a0.com.br/en/copas/2014/crc
2014,Brazil,crc,Costa Rica,74,1,Attack,14,Brenes,Centre-forward,71,false,https://7a0.com.br/en/copas/2014/crc
2014,Brazil,crc,Costa Rica,74,1,Attack,21,Ureña,Centre-forward,73,false,https://7a0.com.br/en/copas/2014/crc
2014,Brazil,fra,France,80,2,Goalkeepers,1,Lloris,Goalkeeper,86,true,https://7a0.com.br/en/copas/2014/fra
2014,Brazil,fra,France,80,2,Goalkeepers,16,Ruffier,Goalkeeper,74,false,https://7a0.com.br/en/copas/2014/fra
2014,Brazil,fra,France,80,2,Goalkeepers,23,Landreau,Goalkeeper,72,false,https://7a0.com.br/en/copas/2014/fra
2014,Brazil,fra,France,80,2,Defence,2,Debuchy,Right-back,78,false,https://7a0.com.br/en/copas/2014/fra
2014,Brazil,fra,France,80,2,Defence,15,Sagna,Right-back,79,false,https://7a0.com.br/en/copas/2014/fra
2014,Brazil,fra,France,80,2,Defence,4,Varane,Centre-back,85,false,https://7a0.com.br/en/copas/2014/fra
2014,Brazil,fra,France,80,2,Defence,5,Sakho,Centre-back,79,false,https://7a0.com.br/en/copas/2014/fra
2014,Brazil,fra,France,80,2,Defence,13,Mangala,Centre-back,77,false,https://7a0.com.br/en/copas/2014/fra
2014,Brazil,fra,France,80,2,Defence,21,Koscielny,Centre-back,81,false,https://7a0.com.br/en/copas/2014/fra
2014,Brazil,fra,France,80,2,Defence,3,Evra,Left-back,82,false,https://7a0.com.br/en/copas/2014/fra
2014,Brazil,fra,France,80,2,Defence,17,Digne,Left-back,73,false,https://7a0.com.br/en/copas/2014/fra
2014,Brazil,fra,France,80,2,Midfield,12,Mavuba,Defensive midfielder,75,false,https://7a0.com.br/en/copas/2014/fra
2014,Brazil,fra,France,80,2,Midfield,18,Sissoko,Defensive midfielder,79,false,https://7a0.com.br/en/copas/2014/fra
2014,Brazil,fra,France,80,2,Midfield,22,Schneiderlin,Defensive midfielder,78,false,https://7a0.com.br/en/copas/2014/fra
2014,Brazil,fra,France,80,2,Midfield,6,Cabaye,Midfielder,82,false,https://7a0.com.br/en/copas/2014/fra
2014,Brazil,fra,France,80,2,Midfield,14,Matuidi,Midfielder,83,false,https://7a0.com.br/en/copas/2014/fra
2014,Brazil,fra,France,80,2,Midfield,19,Pogba,Midfielder,86,false,https://7a0.com.br/en/copas/2014/fra
2014,Brazil,fra,France,80,2,Midfield,8,Valbuena,Left midfielder,80,false,https://7a0.com.br/en/copas/2014/fra
2014,Brazil,fra,France,80,2,Attack,9,Giroud,Centre-forward,82,false,https://7a0.com.br/en/copas/2014/fra
2014,Brazil,fra,France,80,2,Attack,10,Benzema,Centre-forward,88,true,https://7a0.com.br/en/copas/2014/fra
2014,Brazil,fra,France,80,2,Attack,20,Rémy,Centre-forward,78,false,https://7a0.com.br/en/copas/2014/fra
2014,Brazil,fra,France,80,2,Attack,11,Griezmann,Left winger,82,false,https://7a0.com.br/en/copas/2014/fra
2014,Brazil,ger,Germany,82,6,Goalkeepers,1,Neuer,Goalkeeper,99,true,https://7a0.com.br/en/copas/2014/ger
2014,Brazil,ger,Germany,82,6,Goalkeepers,12,Zieler,Goalkeeper,72,false,https://7a0.com.br/en/copas/2014/ger
2014,Brazil,ger,Germany,82,6,Goalkeepers,22,Weidenfeller,Goalkeeper,74,false,https://7a0.com.br/en/copas/2014/ger
2014,Brazil,ger,Germany,82,6,Defence,2,Großkreutz,Right-back,73,false,https://7a0.com.br/en/copas/2014/ger
2014,Brazil,ger,Germany,82,6,Defence,15,Durm,Right-back,70,false,https://7a0.com.br/en/copas/2014/ger
2014,Brazil,ger,Germany,82,6,Defence,16,Lahm,Right-back,91,true,https://7a0.com.br/en/copas/2014/ger
2014,Brazil,ger,Germany,82,6,Defence,3,Ginter,Centre-back,73,false,https://7a0.com.br/en/copas/2014/ger
2014,Brazil,ger,Germany,82,6,Defence,4,Höwedes,Centre-back,82,false,https://7a0.com.br/en/copas/2014/ger
2014,Brazil,ger,Germany,82,6,Defence,5,Hummels,Centre-back,89,false,https://7a0.com.br/en/copas/2014/ger
2014,Brazil,ger,Germany,82,6,Defence,17,Mertesacker,Centre-back,82,false,https://7a0.com.br/en/copas/2014/ger
2014,Brazil,ger,Germany,82,6,Defence,20,Boateng,Centre-back,88,false,https://7a0.com.br/en/copas/2014/ger
2014,Brazil,ger,Germany,82,6,Defence,21,Mustafi,Centre-back,74,false,https://7a0.com.br/en/copas/2014/ger
2014,Brazil,ger,Germany,82,6,Midfield,6,Khedira,Defensive midfielder,86,false,https://7a0.com.br/en/copas/2014/ger
2014,Brazil,ger,Germany,82,6,Midfield,7,Schweinsteiger,Defensive midfielder,88,true,https://7a0.com.br/en/copas/2014/ger
2014,Brazil,ger,Germany,82,6,Midfield,18,Kroos,Defensive midfielder,91,true,https://7a0.com.br/en/copas/2014/ger
2014,Brazil,ger,Germany,82,6,Midfield,23,Kramer,Defensive midfielder,73,false,https://7a0.com.br/en/copas/2014/ger
2014,Brazil,ger,Germany,82,6,Midfield,8,Özil,Attacking midfielder,87,false,https://7a0.com.br/en/copas/2014/ger
2014,Brazil,ger,Germany,82,6,Attack,13,T. Müller,Right winger,92,true,https://7a0.com.br/en/copas/2014/ger
2014,Brazil,ger,Germany,82,6,Attack,11,Klose,Centre-forward,86,true,https://7a0.com.br/en/copas/2014/ger
2014,Brazil,ger,Germany,82,6,Attack,9,Schürrle,Left winger,80,false,https://7a0.com.br/en/copas/2014/ger
2014,Brazil,ger,Germany,82,6,Attack,10,Podolski,Left winger,80,false,https://7a0.com.br/en/copas/2014/ger
2014,Brazil,ger,Germany,82,6,Attack,14,Draxler,Left winger,77,false,https://7a0.com.br/en/copas/2014/ger
2014,Brazil,ger,Germany,82,6,Attack,19,Götze,Left winger,84,false,https://7a0.com.br/en/copas/2014/ger
2014,Brazil,gha,Ghana,77,2,Goalkeepers,1,Adams,Goalkeeper,66,false,https://7a0.com.br/en/copas/2014/gha
2014,Brazil,gha,Ghana,77,2,Goalkeepers,12,Kwarasey,Goalkeeper,73,false,https://7a0.com.br/en/copas/2014/gha
2014,Brazil,gha,Ghana,77,2,Goalkeepers,16,Dauda,Goalkeeper,76,false,https://7a0.com.br/en/copas/2014/gha
2014,Brazil,gha,Ghana,77,2,Defence,2,Inkoom,Right-back,72,false,https://7a0.com.br/en/copas/2014/gha
2014,Brazil,gha,Ghana,77,2,Defence,4,Opare,Right-back,74,false,https://7a0.com.br/en/copas/2014/gha
2014,Brazil,gha,Ghana,77,2,Defence,23,Afful,Right-back,76,false,https://7a0.com.br/en/copas/2014/gha
2014,Brazil,gha,Ghana,77,2,Defence,15,Sumaila,Centre-back,71,false,https://7a0.com.br/en/copas/2014/gha
2014,Brazil,gha,Ghana,77,2,Defence,19,Jo. Mensah,Centre-back,75,false,https://7a0.com.br/en/copas/2014/gha
2014,Brazil,gha,Ghana,77,2,Defence,21,Boye,Centre-back,76,false,https://7a0.com.br/en/copas/2014/gha
2014,Brazil,gha,Ghana,77,2,Midfield,5,Essien,Defensive midfielder,82,true,https://7a0.com.br/en/copas/2014/gha
2014,Brazil,gha,Ghana,77,2,Midfield,6,Acquah,Defensive midfielder,74,false,https://7a0.com.br/en/copas/2014/gha
2014,Brazil,gha,Ghana,77,2,Midfield,8,Badu,Defensive midfielder,77,false,https://7a0.com.br/en/copas/2014/gha
2014,Brazil,gha,Ghana,77,2,Midfield,17,Rabiu,Defensive midfielder,73,false,https://7a0.com.br/en/copas/2014/gha
2014,Brazil,gha,Ghana,77,2,Midfield,22,Wakaso,Defensive midfielder,78,false,https://7a0.com.br/en/copas/2014/gha
2014,Brazil,gha,Ghana,77,2,Midfield,9,K-P. Boateng,Midfielder,84,false,https://7a0.com.br/en/copas/2014/gha
2014,Brazil,gha,Ghana,77,2,Midfield,11,Muntari,Midfielder,80,false,https://7a0.com.br/en/copas/2014/gha
2014,Brazil,gha,Ghana,77,2,Midfield,20,K. Asamoah,Left midfielder,85,false,https://7a0.com.br/en/copas/2014/gha
2014,Brazil,gha,Ghana,77,2,Attack,10,A. Ayew,Right winger,84,false,https://7a0.com.br/en/copas/2014/gha
2014,Brazil,gha,Ghana,77,2,Attack,3,Gyan,Centre-forward,83,true,https://7a0.com.br/en/copas/2014/gha
2014,Brazil,gha,Ghana,77,2,Attack,13,J. Ayew,Centre-forward,79,false,https://7a0.com.br/en/copas/2014/gha
2014,Brazil,gha,Ghana,77,2,Attack,18,Waris,Centre-forward,74,false,https://7a0.com.br/en/copas/2014/gha
2014,Brazil,gha,Ghana,77,2,Attack,7,Atsu,Left winger,79,false,https://7a0.com.br/en/copas/2014/gha
2014,Brazil,gre,Greece,77,1,Goalkeepers,1,Karnezis,Goalkeeper,78,false,https://7a0.com.br/en/copas/2014/gre
2014,Brazil,gre,Greece,77,1,Goalkeepers,12,Glykos,Goalkeeper,73,false,https://7a0.com.br/en/copas/2014/gre
2014,Brazil,gre,Greece,77,1,Goalkeepers,13,Kapino,Goalkeeper,73,false,https://7a0.com.br/en/copas/2014/gre
2014,Brazil,gre,Greece,77,1,Defence,15,Torosidis,Right-back,78,false,https://7a0.com.br/en/copas/2014/gre
2014,Brazil,gre,Greece,77,1,Defence,4,Manolas,Centre-back,80,false,https://7a0.com.br/en/copas/2014/gre
2014,Brazil,gre,Greece,77,1,Defence,5,Moras,Centre-back,74,false,https://7a0.com.br/en/copas/2014/gre
2014,Brazil,gre,Greece,77,1,Defence,11,Vyntra,Centre-back,75,false,https://7a0.com.br/en/copas/2014/gre
2014,Brazil,gre,Greece,77,1,Defence,19,Sokratis,Centre-back,82,false,https://7a0.com.br/en/copas/2014/gre
2014,Brazil,gre,Greece,77,1,Defence,3,Tzavellas,Left-back,76,false,https://7a0.com.br/en/copas/2014/gre
2014,Brazil,gre,Greece,77,1,Defence,20,Holebas,Left-back,76,false,https://7a0.com.br/en/copas/2014/gre
2014,Brazil,gre,Greece,77,1,Midfield,6,Tziolis,Defensive midfielder,75,false,https://7a0.com.br/en/copas/2014/gre
2014,Brazil,gre,Greece,77,1,Midfield,21,Katsouranis,Defensive midfielder,78,false,https://7a0.com.br/en/copas/2014/gre
2014,Brazil,gre,Greece,77,1,Midfield,22,Samaris,Defensive midfielder,77,false,https://7a0.com.br/en/copas/2014/gre
2014,Brazil,gre,Greece,77,1,Midfield,23,Tachtsidis,Defensive midfielder,74,false,https://7a0.com.br/en/copas/2014/gre
2014,Brazil,gre,Greece,77,1,Midfield,2,Maniatis,Right midfielder,76,false,https://7a0.com.br/en/copas/2014/gre
2014,Brazil,gre,Greece,77,1,Midfield,8,Kone,Midfielder,76,false,https://7a0.com.br/en/copas/2014/gre
2014,Brazil,gre,Greece,77,1,Midfield,10,Karagounis,Midfielder,80,true,https://7a0.com.br/en/copas/2014/gre
2014,Brazil,gre,Greece,77,1,Midfield,16,Christodoulopoulos,Left midfielder,75,false,https://7a0.com.br/en/copas/2014/gre
2014,Brazil,gre,Greece,77,1,Attack,14,Salpingidis,Right winger,76,false,https://7a0.com.br/en/copas/2014/gre
2014,Brazil,gre,Greece,77,1,Attack,18,Fetfatzidis,Right winger,75,false,https://7a0.com.br/en/copas/2014/gre
2014,Brazil,gre,Greece,77,1,Attack,9,Mitroglou,Centre-forward,79,false,https://7a0.com.br/en/copas/2014/gre
2014,Brazil,gre,Greece,77,1,Attack,17,Gekas,Centre-forward,75,false,https://7a0.com.br/en/copas/2014/gre
2014,Brazil,gre,Greece,77,1,Attack,7,Samaras,Left winger,81,false,https://7a0.com.br/en/copas/2014/gre
2014,Brazil,ita,Italy,79,0,Goalkeepers,1,Buffon,Goalkeeper,85,false,https://7a0.com.br/en/copas/2014/ita
2014,Brazil,ita,Italy,79,0,Goalkeepers,12,Perin,Goalkeeper,74,false,https://7a0.com.br/en/copas/2014/ita
2014,Brazil,ita,Italy,79,0,Goalkeepers,22,Sirigu,Goalkeeper,78,false,https://7a0.com.br/en/copas/2014/ita
2014,Brazil,ita,Italy,79,0,Defence,2,De Sciglio,Right-back,77,false,https://7a0.com.br/en/copas/2014/ita
2014,Brazil,ita,Italy,79,0,Defence,4,Darmian,Right-back,76,false,https://7a0.com.br/en/copas/2014/ita
2014,Brazil,ita,Italy,79,0,Defence,7,Abate,Right-back,77,false,https://7a0.com.br/en/copas/2014/ita
2014,Brazil,ita,Italy,79,0,Defence,3,Chiellini,Centre-back,85,false,https://7a0.com.br/en/copas/2014/ita
2014,Brazil,ita,Italy,79,0,Defence,13,Astori,Centre-back,75,false,https://7a0.com.br/en/copas/2014/ita
2014,Brazil,ita,Italy,79,0,Defence,15,Barzagli,Centre-back,82,false,https://7a0.com.br/en/copas/2014/ita
2014,Brazil,ita,Italy,79,0,Defence,19,Bonucci,Centre-back,82,false,https://7a0.com.br/en/copas/2014/ita
2014,Brazil,ita,Italy,79,0,Defence,20,Paletta,Centre-back,74,false,https://7a0.com.br/en/copas/2014/ita
2014,Brazil,ita,Italy,79,0,Midfield,5,T. Motta,Defensive midfielder,79,false,https://7a0.com.br/en/copas/2014/ita
2014,Brazil,ita,Italy,79,0,Midfield,16,De Rossi,Defensive midfielder,82,false,https://7a0.com.br/en/copas/2014/ita
2014,Brazil,ita,Italy,79,0,Midfield,6,Candreva,Right midfielder,77,false,https://7a0.com.br/en/copas/2014/ita
2014,Brazil,ita,Italy,79,0,Midfield,8,Marchisio,Midfielder,82,false,https://7a0.com.br/en/copas/2014/ita
2014,Brazil,ita,Italy,79,0,Midfield,14,Verratti,Midfielder,81,false,https://7a0.com.br/en/copas/2014/ita
2014,Brazil,ita,Italy,79,0,Midfield,18,Parolo,Midfielder,77,false,https://7a0.com.br/en/copas/2014/ita
2014,Brazil,ita,Italy,79,0,Midfield,21,Pirlo,Midfielder,87,false,https://7a0.com.br/en/copas/2014/ita
2014,Brazil,ita,Italy,79,0,Midfield,10,Cassano,Attacking midfielder,78,false,https://7a0.com.br/en/copas/2014/ita
2014,Brazil,ita,Italy,79,0,Attack,11,Cerci,Right winger,77,false,https://7a0.com.br/en/copas/2014/ita
2014,Brazil,ita,Italy,79,0,Attack,9,Balotelli,Centre-forward,82,false,https://7a0.com.br/en/copas/2014/ita
2014,Brazil,ita,Italy,79,0,Attack,17,Immobile,Centre-forward,77,false,https://7a0.com.br/en/copas/2014/ita
2014,Brazil,ita,Italy,79,0,Attack,23,Insigne,Left winger,78,false,https://7a0.com.br/en/copas/2014/ita
2014,Brazil,civ,Ivory Coast,77,1,Goalkeepers,1,Barry,Goalkeeper,76,false,https://7a0.com.br/en/copas/2014/civ
2014,Brazil,civ,Ivory Coast,77,1,Goalkeepers,16,Gbohouo,Goalkeeper,73,false,https://7a0.com.br/en/copas/2014/civ
2014,Brazil,civ,Ivory Coast,77,1,Goalkeepers,23,Mandé,Goalkeeper,71,false,https://7a0.com.br/en/copas/2014/civ
2014,Brazil,civ,Ivory Coast,77,1,Defence,7,Akpa Akpro,Right-back,73,false,https://7a0.com.br/en/copas/2014/civ
2014,Brazil,civ,Ivory Coast,77,1,Defence,17,Aurier,Right-back,81,false,https://7a0.com.br/en/copas/2014/civ
2014,Brazil,civ,Ivory Coast,77,1,Defence,2,Viera,Centre-back,72,false,https://7a0.com.br/en/copas/2014/civ
2014,Brazil,civ,Ivory Coast,77,1,Defence,4,Kolo Touré,Centre-back,81,false,https://7a0.com.br/en/copas/2014/civ
2014,Brazil,civ,Ivory Coast,77,1,Defence,5,Zokora,Centre-back,78,false,https://7a0.com.br/en/copas/2014/civ
2014,Brazil,civ,Ivory Coast,77,1,Defence,22,Bamba,Centre-back,77,false,https://7a0.com.br/en/copas/2014/civ
2014,Brazil,civ,Ivory Coast,77,1,Defence,3,Boka,Left-back,77,false,https://7a0.com.br/en/copas/2014/civ
2014,Brazil,civ,Ivory Coast,77,1,Defence,18,Djakpa,Left-back,74,false,https://7a0.com.br/en/copas/2014/civ
2014,Brazil,civ,Ivory Coast,77,1,Midfield,9,Tioté,Defensive midfielder,80,false,https://7a0.com.br/en/copas/2014/civ
2014,Brazil,civ,Ivory Coast,77,1,Midfield,14,Diomandé,Defensive midfielder,74,false,https://7a0.com.br/en/copas/2014/civ
2014,Brazil,civ,Ivory Coast,77,1,Midfield,20,Serey Dié,Defensive midfielder,76,false,https://7a0.com.br/en/copas/2014/civ
2014,Brazil,civ,Ivory Coast,77,1,Midfield,19,Yaya Touré,Midfielder,88,false,https://7a0.com.br/en/copas/2014/civ
2014,Brazil,civ,Ivory Coast,77,1,Attack,10,Gervinho,Right winger,81,false,https://7a0.com.br/en/copas/2014/civ
2014,Brazil,civ,Ivory Coast,77,1,Attack,11,Drogba,Centre-forward,82,true,https://7a0.com.br/en/copas/2014/civ
2014,Brazil,civ,Ivory Coast,77,1,Attack,12,Bony,Centre-forward,82,false,https://7a0.com.br/en/copas/2014/civ
2014,Brazil,civ,Ivory Coast,77,1,Attack,13,Ya Konan,Centre-forward,75,false,https://7a0.com.br/en/copas/2014/civ
2014,Brazil,civ,Ivory Coast,77,1,Attack,21,Sio,Centre-forward,75,false,https://7a0.com.br/en/copas/2014/civ
2014,Brazil,civ,Ivory Coast,77,1,Attack,6,Bolly,Left winger,72,false,https://7a0.com.br/en/copas/2014/civ
2014,Brazil,civ,Ivory Coast,77,1,Attack,8,Kalou,Left winger,80,false,https://7a0.com.br/en/copas/2014/civ
2014,Brazil,civ,Ivory Coast,77,1,Attack,15,Gradel,Left winger,78,false,https://7a0.com.br/en/copas/2014/civ
2014,Brazil,mex,Mexico,79,1,Goalkeepers,1,Corona,Goalkeeper,78,false,https://7a0.com.br/en/copas/2014/mex
2014,Brazil,mex,Mexico,79,1,Goalkeepers,12,Talavera,Goalkeeper,76,false,https://7a0.com.br/en/copas/2014/mex
2014,Brazil,mex,Mexico,79,1,Goalkeepers,13,Ochoa,Goalkeeper,84,false,https://7a0.com.br/en/copas/2014/mex
2014,Brazil,mex,Mexico,79,1,Defence,7,Layun,Right-back,79,false,https://7a0.com.br/en/copas/2014/mex
2014,Brazil,mex,Mexico,79,1,Defence,22,Aguilar,Right-back,79,false,https://7a0.com.br/en/copas/2014/mex
2014,Brazil,mex,Mexico,79,1,Defence,2,F. Rodríguez,Centre-back,78,false,https://7a0.com.br/en/copas/2014/mex
2014,Brazil,mex,Mexico,79,1,Defence,4,Márquez,Centre-back,83,true,https://7a0.com.br/en/copas/2014/mex
2014,Brazil,mex,Mexico,79,1,Defence,5,Reyes,Centre-back,76,false,https://7a0.com.br/en/copas/2014/mex
2014,Brazil,mex,Mexico,79,1,Defence,15,Moreno,Centre-back,81,false,https://7a0.com.br/en/copas/2014/mex
2014,Brazil,mex,Mexico,79,1,Defence,3,Salcido,Left-back,77,false,https://7a0.com.br/en/copas/2014/mex
2014,Brazil,mex,Mexico,79,1,Defence,16,Ponce,Left-back,73,false,https://7a0.com.br/en/copas/2014/mex
2014,Brazil,mex,Mexico,79,1,Midfield,6,Herrera,Defensive midfielder,83,false,https://7a0.com.br/en/copas/2014/mex
2014,Brazil,mex,Mexico,79,1,Midfield,21,Pena,Defensive midfielder,76,false,https://7a0.com.br/en/copas/2014/mex
2014,Brazil,mex,Mexico,79,1,Midfield,23,Vazquez,Defensive midfielder,77,false,https://7a0.com.br/en/copas/2014/mex
2014,Brazil,mex,Mexico,79,1,Midfield,18,Guardado,Left midfielder,83,false,https://7a0.com.br/en/copas/2014/mex
2014,Brazil,mex,Mexico,79,1,Midfield,8,Fabian,Attacking midfielder,76,false,https://7a0.com.br/en/copas/2014/mex
2014,Brazil,mex,Mexico,79,1,Midfield,10,G. dos Santos,Attacking midfielder,83,false,https://7a0.com.br/en/copas/2014/mex
2014,Brazil,mex,Mexico,79,1,Attack,17,Brizuela,Right winger,74,false,https://7a0.com.br/en/copas/2014/mex
2014,Brazil,mex,Mexico,79,1,Attack,9,Jiménez,Centre-forward,78,false,https://7a0.com.br/en/copas/2014/mex
2014,Brazil,mex,Mexico,79,1,Attack,11,Pulido,Centre-forward,74,false,https://7a0.com.br/en/copas/2014/mex
2014,Brazil,mex,Mexico,79,1,Attack,14,J. Hernández,Centre-forward,84,false,https://7a0.com.br/en/copas/2014/mex
2014,Brazil,mex,Mexico,79,1,Attack,19,Peralta,Centre-forward,81,false,https://7a0.com.br/en/copas/2014/mex
2014,Brazil,mex,Mexico,79,1,Attack,20,Aquino,Left winger,75,false,https://7a0.com.br/en/copas/2014/mex
2014,Brazil,ned,Netherlands,81,3,Goalkeepers,1,Cillessen,Goalkeeper,82,false,https://7a0.com.br/en/copas/2014/ned
2014,Brazil,ned,Netherlands,81,3,Goalkeepers,22,Vorm,Goalkeeper,78,false,https://7a0.com.br/en/copas/2014/ned
2014,Brazil,ned,Netherlands,81,3,Goalkeepers,23,Krul,Goalkeeper,80,false,https://7a0.com.br/en/copas/2014/ned
2014,Brazil,ned,Netherlands,81,3,Defence,7,Janmaat,Right-back,79,false,https://7a0.com.br/en/copas/2014/ned
2014,Brazil,ned,Netherlands,81,3,Defence,12,Verhaegh,Right-back,75,false,https://7a0.com.br/en/copas/2014/ned
2014,Brazil,ned,Netherlands,81,3,Defence,2,Vlaar,Centre-back,82,false,https://7a0.com.br/en/copas/2014/ned
2014,Brazil,ned,Netherlands,81,3,Defence,3,De Vrij,Centre-back,84,false,https://7a0.com.br/en/copas/2014/ned
2014,Brazil,ned,Netherlands,81,3,Defence,4,Martins Indi,Centre-back,78,false,https://7a0.com.br/en/copas/2014/ned
2014,Brazil,ned,Netherlands,81,3,Defence,13,Veltman,Centre-back,76,false,https://7a0.com.br/en/copas/2014/ned
2014,Brazil,ned,Netherlands,81,3,Defence,5,Blind,Left-back,83,false,https://7a0.com.br/en/copas/2014/ned
2014,Brazil,ned,Netherlands,81,3,Midfield,6,De Jong,Defensive midfielder,82,false,https://7a0.com.br/en/copas/2014/ned
2014,Brazil,ned,Netherlands,81,3,Midfield,16,Clasie,Defensive midfielder,75,false,https://7a0.com.br/en/copas/2014/ned
2014,Brazil,ned,Netherlands,81,3,Midfield,18,Fer,Defensive midfielder,76,false,https://7a0.com.br/en/copas/2014/ned
2014,Brazil,ned,Netherlands,81,3,Midfield,20,Wijnaldum,Defensive midfielder,82,false,https://7a0.com.br/en/copas/2014/ned
2014,Brazil,ned,Netherlands,81,3,Midfield,15,Kuyt,Right midfielder,81,false,https://7a0.com.br/en/copas/2014/ned
2014,Brazil,ned,Netherlands,81,3,Midfield,8,De Guzman,Midfielder,77,false,https://7a0.com.br/en/copas/2014/ned
2014,Brazil,ned,Netherlands,81,3,Midfield,10,Sneijder,Midfielder,88,true,https://7a0.com.br/en/copas/2014/ned
2014,Brazil,ned,Netherlands,81,3,Attack,11,Robben,Right winger,91,true,https://7a0.com.br/en/copas/2014/ned
2014,Brazil,ned,Netherlands,81,3,Attack,9,Van Persie,Centre-forward,87,true,https://7a0.com.br/en/copas/2014/ned
2014,Brazil,ned,Netherlands,81,3,Attack,19,Huntelaar,Centre-forward,84,false,https://7a0.com.br/en/copas/2014/ned
2014,Brazil,ned,Netherlands,81,3,Attack,17,Lens,Left winger,76,false,https://7a0.com.br/en/copas/2014/ned
2014,Brazil,ned,Netherlands,81,3,Attack,21,Depay,Left winger,80,false,https://7a0.com.br/en/copas/2014/ned
2014,Brazil,nga,Nigeria,76,2,Goalkeepers,1,Enyeama,Goalkeeper,84,true,https://7a0.com.br/en/copas/2014/nga
2014,Brazil,nga,Nigeria,76,2,Goalkeepers,16,Ejide,Goalkeeper,72,false,https://7a0.com.br/en/copas/2014/nga
2014,Brazil,nga,Nigeria,76,2,Goalkeepers,21,Agbim,Goalkeeper,70,false,https://7a0.com.br/en/copas/2014/nga
2014,Brazil,nga,Nigeria,76,2,Defence,12,Odunlami,Right-back,70,false,https://7a0.com.br/en/copas/2014/nga
2014,Brazil,nga,Nigeria,76,2,Defence,2,Yobo,Centre-back,80,false,https://7a0.com.br/en/copas/2014/nga
2014,Brazil,nga,Nigeria,76,2,Defence,5,Ambrose,Centre-back,79,false,https://7a0.com.br/en/copas/2014/nga
2014,Brazil,nga,Nigeria,76,2,Defence,6,Egwuekwe,Centre-back,74,false,https://7a0.com.br/en/copas/2014/nga
2014,Brazil,nga,Nigeria,76,2,Defence,14,Oboabona,Centre-back,76,false,https://7a0.com.br/en/copas/2014/nga
2014,Brazil,nga,Nigeria,76,2,Defence,22,Omeruo,Centre-back,77,false,https://7a0.com.br/en/copas/2014/nga
2014,Brazil,nga,Nigeria,76,2,Defence,13,Oshaniwa,Left-back,74,false,https://7a0.com.br/en/copas/2014/nga
2014,Brazil,nga,Nigeria,76,2,Midfield,4,Gabriel,Defensive midfielder,73,false,https://7a0.com.br/en/copas/2014/nga
2014,Brazil,nga,Nigeria,76,2,Midfield,10,Mikel,Defensive midfielder,83,true,https://7a0.com.br/en/copas/2014/nga
2014,Brazil,nga,Nigeria,76,2,Midfield,17,Onazi,Defensive midfielder,78,false,https://7a0.com.br/en/copas/2014/nga
2014,Brazil,nga,Nigeria,76,2,Midfield,3,Uzoenyi,Left midfielder,73,false,https://7a0.com.br/en/copas/2014/nga
2014,Brazil,nga,Nigeria,76,2,Midfield,18,Babatunde,Left midfielder,72,false,https://7a0.com.br/en/copas/2014/nga
2014,Brazil,nga,Nigeria,76,2,Attack,11,Moses,Right winger,82,false,https://7a0.com.br/en/copas/2014/nga
2014,Brazil,nga,Nigeria,76,2,Attack,8,Odemwingie,Centre-forward,79,false,https://7a0.com.br/en/copas/2014/nga
2014,Brazil,nga,Nigeria,76,2,Attack,9,Emenike,Centre-forward,81,false,https://7a0.com.br/en/copas/2014/nga
2014,Brazil,nga,Nigeria,76,2,Attack,19,Nwofor,Centre-forward,73,false,https://7a0.com.br/en/copas/2014/nga
2014,Brazil,nga,Nigeria,76,2,Attack,20,Uchebo,Centre-forward,72,false,https://7a0.com.br/en/copas/2014/nga
2014,Brazil,nga,Nigeria,76,2,Attack,23,Ameobi,Centre-forward,75,false,https://7a0.com.br/en/copas/2014/nga
2014,Brazil,nga,Nigeria,76,2,Attack,7,Musa,Left winger,83,false,https://7a0.com.br/en/copas/2014/nga
2014,Brazil,por,Portugal,78,1,Goalkeepers,1,Eduardo,Goalkeeper,76,false,https://7a0.com.br/en/copas/2014/por
2014,Brazil,por,Portugal,78,1,Goalkeepers,12,Rui Patrício,Goalkeeper,82,false,https://7a0.com.br/en/copas/2014/por
2014,Brazil,por,Portugal,78,1,Goalkeepers,22,Beto,Goalkeeper,72,false,https://7a0.com.br/en/copas/2014/por
2014,Brazil,por,Portugal,78,1,Defence,19,André Almeida,Right-back,74,false,https://7a0.com.br/en/copas/2014/por
2014,Brazil,por,Portugal,78,1,Defence,21,João Pereira,Right-back,76,false,https://7a0.com.br/en/copas/2014/por
2014,Brazil,por,Portugal,78,1,Defence,2,Bruno Alves,Centre-back,79,false,https://7a0.com.br/en/copas/2014/por
2014,Brazil,por,Portugal,78,1,Defence,3,Pepe,Centre-back,85,false,https://7a0.com.br/en/copas/2014/por
2014,Brazil,por,Portugal,78,1,Defence,13,Ricardo Costa,Centre-back,75,false,https://7a0.com.br/en/copas/2014/por
2014,Brazil,por,Portugal,78,1,Defence,14,Luís Neto,Centre-back,74,false,https://7a0.com.br/en/copas/2014/por
2014,Brazil,por,Portugal,78,1,Defence,5,Coentrão,Left-back,81,false,https://7a0.com.br/en/copas/2014/por
2014,Brazil,por,Portugal,78,1,Midfield,4,Miguel Veloso,Defensive midfielder,77,false,https://7a0.com.br/en/copas/2014/por
2014,Brazil,por,Portugal,78,1,Midfield,6,William Carvalho,Defensive midfielder,79,false,https://7a0.com.br/en/copas/2014/por
2014,Brazil,por,Portugal,78,1,Midfield,20,Amorim,Defensive midfielder,75,false,https://7a0.com.br/en/copas/2014/por
2014,Brazil,por,Portugal,78,1,Midfield,10,Vieirinha,Right midfielder,74,false,https://7a0.com.br/en/copas/2014/por
2014,Brazil,por,Portugal,78,1,Midfield,8,Moutinho,Midfielder,83,false,https://7a0.com.br/en/copas/2014/por
2014,Brazil,por,Portugal,78,1,Midfield,16,Meireles,Midfielder,79,false,https://7a0.com.br/en/copas/2014/por
2014,Brazil,por,Portugal,78,1,Midfield,15,Rafa Silva,Attacking midfielder,75,false,https://7a0.com.br/en/copas/2014/por
2014,Brazil,por,Portugal,78,1,Attack,17,Nani,Right winger,80,false,https://7a0.com.br/en/copas/2014/por
2014,Brazil,por,Portugal,78,1,Attack,18,Varela,Right winger,75,false,https://7a0.com.br/en/copas/2014/por
2014,Brazil,por,Portugal,78,1,Attack,9,Hugo Almeida,Centre-forward,77,false,https://7a0.com.br/en/copas/2014/por
2014,Brazil,por,Portugal,78,1,Attack,11,Éder,Centre-forward,74,false,https://7a0.com.br/en/copas/2014/por
2014,Brazil,por,Portugal,78,1,Attack,23,Postiga,Centre-forward,77,false,https://7a0.com.br/en/copas/2014/por
2014,Brazil,por,Portugal,78,1,Attack,7,Cristiano Ronaldo,Left winger,94,true,https://7a0.com.br/en/copas/2014/por
2014,Brazil,esp,Spain,83,0,Goalkeepers,1,Casillas,Goalkeeper,84,false,https://7a0.com.br/en/copas/2014/esp
2014,Brazil,esp,Spain,83,0,Goalkeepers,13,De Gea,Goalkeeper,82,false,https://7a0.com.br/en/copas/2014/esp
2014,Brazil,esp,Spain,83,0,Goalkeepers,23,Reina,Goalkeeper,77,false,https://7a0.com.br/en/copas/2014/esp
2014,Brazil,esp,Spain,83,0,Defence,5,Juanfran,Right-back,79,false,https://7a0.com.br/en/copas/2014/esp
2014,Brazil,esp,Spain,83,0,Defence,22,Azpilicueta,Right-back,80,false,https://7a0.com.br/en/copas/2014/esp
2014,Brazil,esp,Spain,83,0,Defence,2,Albiol,Centre-back,79,false,https://7a0.com.br/en/copas/2014/esp
2014,Brazil,esp,Spain,83,0,Defence,3,Piqué,Centre-back,85,false,https://7a0.com.br/en/copas/2014/esp
2014,Brazil,esp,Spain,83,0,Defence,15,Ramos,Centre-back,87,false,https://7a0.com.br/en/copas/2014/esp
2014,Brazil,esp,Spain,83,0,Defence,18,Jordi Alba,Left-back,83,false,https://7a0.com.br/en/copas/2014/esp
2014,Brazil,esp,Spain,83,0,Midfield,4,Javi Martínez,Defensive midfielder,82,false,https://7a0.com.br/en/copas/2014/esp
2014,Brazil,esp,Spain,83,0,Midfield,14,Xabi Alonso,Defensive midfielder,85,false,https://7a0.com.br/en/copas/2014/esp
2014,Brazil,esp,Spain,83,0,Midfield,16,Busquets,Defensive midfielder,85,false,https://7a0.com.br/en/copas/2014/esp
2014,Brazil,esp,Spain,83,0,Midfield,6,Iniesta,Midfielder,88,false,https://7a0.com.br/en/copas/2014/esp
2014,Brazil,esp,Spain,83,0,Midfield,8,Xavi,Midfielder,84,false,https://7a0.com.br/en/copas/2014/esp
2014,Brazil,esp,Spain,83,0,Midfield,10,Fàbregas,Midfielder,84,false,https://7a0.com.br/en/copas/2014/esp
2014,Brazil,esp,Spain,83,0,Midfield,17,Koke,Midfielder,80,false,https://7a0.com.br/en/copas/2014/esp
2014,Brazil,esp,Spain,83,0,Midfield,12,Mata,Attacking midfielder,83,false,https://7a0.com.br/en/copas/2014/esp
2014,Brazil,esp,Spain,83,0,Midfield,20,Cazorla,Attacking midfielder,82,false,https://7a0.com.br/en/copas/2014/esp
2014,Brazil,esp,Spain,83,0,Midfield,21,D. Silva,Attacking midfielder,86,false,https://7a0.com.br/en/copas/2014/esp
2014,Brazil,esp,Spain,83,0,Attack,11,Pedro,Right winger,82,false,https://7a0.com.br/en/copas/2014/esp
2014,Brazil,esp,Spain,83,0,Attack,7,Villa,Centre-forward,82,false,https://7a0.com.br/en/copas/2014/esp
2014,Brazil,esp,Spain,83,0,Attack,9,Torres,Centre-forward,79,false,https://7a0.com.br/en/copas/2014/esp
2014,Brazil,esp,Spain,83,0,Attack,19,D. Costa,Centre-forward,84,false,https://7a0.com.br/en/copas/2014/esp
2014,Brazil,sui,Switzerland,77,0,Goalkeepers,1,Benaglio,Goalkeeper,80,false,https://7a0.com.br/en/copas/2014/sui
2014,Brazil,sui,Switzerland,77,0,Goalkeepers,12,Sommer,Goalkeeper,79,false,https://7a0.com.br/en/copas/2014/sui
2014,Brazil,sui,Switzerland,77,0,Goalkeepers,21,Bürki,Goalkeeper,75,false,https://7a0.com.br/en/copas/2014/sui
2014,Brazil,sui,Switzerland,77,0,Defence,2,Lichtsteiner,Right-back,82,false,https://7a0.com.br/en/copas/2014/sui
2014,Brazil,sui,Switzerland,77,0,Defence,6,Lang,Right-back,74,false,https://7a0.com.br/en/copas/2014/sui
2014,Brazil,sui,Switzerland,77,0,Defence,4,Senderos,Centre-back,76,false,https://7a0.com.br/en/copas/2014/sui
2014,Brazil,sui,Switzerland,77,0,Defence,5,von Bergen,Centre-back,75,false,https://7a0.com.br/en/copas/2014/sui
2014,Brazil,sui,Switzerland,77,0,Defence,20,Djourou,Centre-back,76,false,https://7a0.com.br/en/copas/2014/sui
2014,Brazil,sui,Switzerland,77,0,Defence,22,Schär,Centre-back,78,false,https://7a0.com.br/en/copas/2014/sui
2014,Brazil,sui,Switzerland,77,0,Defence,3,Ziegler,Left-back,74,false,https://7a0.com.br/en/copas/2014/sui
2014,Brazil,sui,Switzerland,77,0,Defence,13,R. Rodríguez,Left-back,80,false,https://7a0.com.br/en/copas/2014/sui
2014,Brazil,sui,Switzerland,77,0,Midfield,8,Inler,Defensive midfielder,80,false,https://7a0.com.br/en/copas/2014/sui
2014,Brazil,sui,Switzerland,77,0,Midfield,11,Behrami,Defensive midfielder,78,false,https://7a0.com.br/en/copas/2014/sui
2014,Brazil,sui,Switzerland,77,0,Midfield,15,Džemaili,Defensive midfielder,76,false,https://7a0.com.br/en/copas/2014/sui
2014,Brazil,sui,Switzerland,77,0,Midfield,16,G. Fernandes,Defensive midfielder,76,false,https://7a0.com.br/en/copas/2014/sui
2014,Brazil,sui,Switzerland,77,0,Midfield,7,Barnetta,Right midfielder,79,false,https://7a0.com.br/en/copas/2014/sui
2014,Brazil,sui,Switzerland,77,0,Midfield,10,Xhaka,Midfielder,80,false,https://7a0.com.br/en/copas/2014/sui
2014,Brazil,sui,Switzerland,77,0,Attack,18,Mehmedi,Right winger,76,false,https://7a0.com.br/en/copas/2014/sui
2014,Brazil,sui,Switzerland,77,0,Attack,23,Shaqiri,Right winger,83,false,https://7a0.com.br/en/copas/2014/sui
2014,Brazil,sui,Switzerland,77,0,Attack,9,Seferović,Centre-forward,76,false,https://7a0.com.br/en/copas/2014/sui
2014,Brazil,sui,Switzerland,77,0,Attack,17,Gavranović,Centre-forward,74,false,https://7a0.com.br/en/copas/2014/sui
2014,Brazil,sui,Switzerland,77,0,Attack,19,Drmić,Centre-forward,77,false,https://7a0.com.br/en/copas/2014/sui
2014,Brazil,sui,Switzerland,77,0,Attack,14,Stocker,Left winger,75,false,https://7a0.com.br/en/copas/2014/sui
2014,Brazil,usa,United States,76,0,Goalkeepers,1,Howard,Goalkeeper,84,false,https://7a0.com.br/en/copas/2014/usa
2014,Brazil,usa,United States,76,0,Goalkeepers,12,Guzan,Goalkeeper,77,false,https://7a0.com.br/en/copas/2014/usa
2014,Brazil,usa,United States,76,0,Goalkeepers,22,Rimando,Goalkeeper,72,false,https://7a0.com.br/en/copas/2014/usa
2014,Brazil,usa,United States,76,0,Defence,2,Yedlin,Right-back,74,false,https://7a0.com.br/en/copas/2014/usa
2014,Brazil,usa,United States,76,0,Defence,21,Chandler,Right-back,74,false,https://7a0.com.br/en/copas/2014/usa
2014,Brazil,usa,United States,76,0,Defence,23,Fabian Johnson,Right-back,77,false,https://7a0.com.br/en/copas/2014/usa
2014,Brazil,usa,United States,76,0,Defence,3,Omar Gonzalez,Centre-back,76,false,https://7a0.com.br/en/copas/2014/usa
2014,Brazil,usa,United States,76,0,Defence,5,Besler,Centre-back,77,false,https://7a0.com.br/en/copas/2014/usa
2014,Brazil,usa,United States,76,0,Defence,6,Brooks,Centre-back,75,false,https://7a0.com.br/en/copas/2014/usa
2014,Brazil,usa,United States,76,0,Defence,20,Cameron,Centre-back,76,false,https://7a0.com.br/en/copas/2014/usa
2014,Brazil,usa,United States,76,0,Defence,7,Beasley,Left-back,76,false,https://7a0.com.br/en/copas/2014/usa
2014,Brazil,usa,United States,76,0,Midfield,13,Jermaine Jones,Defensive midfielder,79,false,https://7a0.com.br/en/copas/2014/usa
2014,Brazil,usa,United States,76,0,Midfield,15,Beckerman,Defensive midfielder,75,false,https://7a0.com.br/en/copas/2014/usa
2014,Brazil,usa,United States,76,0,Midfield,11,Bedoya,Right midfielder,75,false,https://7a0.com.br/en/copas/2014/usa
2014,Brazil,usa,United States,76,0,Midfield,19,Zusi,Right midfielder,76,false,https://7a0.com.br/en/copas/2014/usa
2014,Brazil,usa,United States,76,0,Midfield,4,Bradley,Midfielder,80,false,https://7a0.com.br/en/copas/2014/usa
2014,Brazil,usa,United States,76,0,Midfield,10,Diskerud,Midfielder,74,false,https://7a0.com.br/en/copas/2014/usa
2014,Brazil,usa,United States,76,0,Midfield,14,Brad Davis,Left midfielder,74,false,https://7a0.com.br/en/copas/2014/usa
2014,Brazil,usa,United States,76,0,Midfield,8,Dempsey,Attacking midfielder,82,false,https://7a0.com.br/en/copas/2014/usa
2014,Brazil,usa,United States,76,0,Attack,9,Jóhannsson,Centre-forward,75,false,https://7a0.com.br/en/copas/2014/usa
2014,Brazil,usa,United States,76,0,Attack,17,Altidore,Centre-forward,78,false,https://7a0.com.br/en/copas/2014/usa
2014,Brazil,usa,United States,76,0,Attack,18,Wondolowski,Centre-forward,74,false,https://7a0.com.br/en/copas/2014/usa
2014,Brazil,usa,United States,76,0,Attack,16,Green,Left winger,72,false,https://7a0.com.br/en/copas/2014/usa
2014,Brazil,uru,Uruguay,80,2,Goalkeepers,1,Muslera,Goalkeeper,85,false,https://7a0.com.br/en/copas/2014/uru
2014,Brazil,uru,Uruguay,80,2,Goalkeepers,12,R. Muñoz,Goalkeeper,70,false,https://7a0.com.br/en/copas/2014/uru
2014,Brazil,uru,Uruguay,80,2,Defence,4,Fucile,Right-back,76,false,https://7a0.com.br/en/copas/2014/uru
2014,Brazil,uru,Uruguay,80,2,Defence,16,Maxi Pereira,Right-back,81,false,https://7a0.com.br/en/copas/2014/uru
2014,Brazil,uru,Uruguay,80,2,Defence,2,Lugano,Centre-back,82,false,https://7a0.com.br/en/copas/2014/uru
2014,Brazil,uru,Uruguay,80,2,Defence,3,Godín,Centre-back,90,true,https://7a0.com.br/en/copas/2014/uru
2014,Brazil,uru,Uruguay,80,2,Defence,13,Giménez,Centre-back,74,false,https://7a0.com.br/en/copas/2014/uru
2014,Brazil,uru,Uruguay,80,2,Defence,19,Coates,Centre-back,74,false,https://7a0.com.br/en/copas/2014/uru
2014,Brazil,uru,Uruguay,80,2,Defence,22,Cáceres,Centre-back,81,false,https://7a0.com.br/en/copas/2014/uru
2014,Brazil,uru,Uruguay,80,2,Defence,6,Á. Pereira,Left-back,79,false,https://7a0.com.br/en/copas/2014/uru
2014,Brazil,uru,Uruguay,80,2,Midfield,5,Gargano,Defensive midfielder,77,false,https://7a0.com.br/en/copas/2014/uru
2014,Brazil,uru,Uruguay,80,2,Midfield,17,Arévalo Ríos,Defensive midfielder,82,false,https://7a0.com.br/en/copas/2014/uru
2014,Brazil,uru,Uruguay,80,2,Midfield,20,A. González,Defensive midfielder,75,false,https://7a0.com.br/en/copas/2014/uru
2014,Brazil,uru,Uruguay,80,2,Midfield,18,G. Ramírez,Right midfielder,78,false,https://7a0.com.br/en/copas/2014/uru
2014,Brazil,uru,Uruguay,80,2,Midfield,15,D. Pérez,Midfielder,78,false,https://7a0.com.br/en/copas/2014/uru
2014,Brazil,uru,Uruguay,80,2,Midfield,7,C. Rodríguez,Left midfielder,80,false,https://7a0.com.br/en/copas/2014/uru
2014,Brazil,uru,Uruguay,80,2,Midfield,14,Lodeiro,Attacking midfielder,77,false,https://7a0.com.br/en/copas/2014/uru
2014,Brazil,uru,Uruguay,80,2,Attack,8,A. Hernández,Centre-forward,76,false,https://7a0.com.br/en/copas/2014/uru
2014,Brazil,uru,Uruguay,80,2,Attack,9,Suárez,Centre-forward,91,true,https://7a0.com.br/en/copas/2014/uru
2014,Brazil,uru,Uruguay,80,2,Attack,10,Forlán,Centre-forward,83,false,https://7a0.com.br/en/copas/2014/uru
2014,Brazil,uru,Uruguay,80,2,Attack,11,Stuani,Centre-forward,75,false,https://7a0.com.br/en/copas/2014/uru
2014,Brazil,uru,Uruguay,80,2,Attack,21,Cavani,Centre-forward,89,false,https://7a0.com.br/en/copas/2014/uru
2018,Russia,arg,Argentina,81,3,Goalkeepers,1,Guzmán,Goalkeeper,79,false,https://7a0.com.br/en/copas/2018/arg
2018,Russia,arg,Argentina,81,3,Goalkeepers,12,Armani,Goalkeeper,82,false,https://7a0.com.br/en/copas/2018/arg
2018,Russia,arg,Argentina,81,3,Goalkeepers,23,Caballero,Goalkeeper,78,false,https://7a0.com.br/en/copas/2018/arg
2018,Russia,arg,Argentina,81,3,Defence,2,Mercado,Right-back,78,false,https://7a0.com.br/en/copas/2018/arg
2018,Russia,arg,Argentina,81,3,Defence,6,Fazio,Centre-back,76,false,https://7a0.com.br/en/copas/2018/arg
2018,Russia,arg,Argentina,81,3,Defence,14,Mascherano,Centre-back,85,false,https://7a0.com.br/en/copas/2018/arg
2018,Russia,arg,Argentina,81,3,Defence,16,Rojo,Centre-back,78,false,https://7a0.com.br/en/copas/2018/arg
2018,Russia,arg,Argentina,81,3,Defence,17,Otamendi,Centre-back,86,false,https://7a0.com.br/en/copas/2018/arg
2018,Russia,arg,Argentina,81,3,Defence,3,Tagliafico,Left-back,82,false,https://7a0.com.br/en/copas/2018/arg
2018,Russia,arg,Argentina,81,3,Defence,4,Ansaldi,Left-back,76,false,https://7a0.com.br/en/copas/2018/arg
2018,Russia,arg,Argentina,81,3,Midfield,5,Biglia,Midfielder,80,false,https://7a0.com.br/en/copas/2018/arg
2018,Russia,arg,Argentina,81,3,Midfield,7,Banega,Midfielder,81,false,https://7a0.com.br/en/copas/2018/arg
2018,Russia,arg,Argentina,81,3,Midfield,15,Enzo Pérez,Midfielder,77,false,https://7a0.com.br/en/copas/2018/arg
2018,Russia,arg,Argentina,81,3,Midfield,20,Lo Celso,Midfielder,78,false,https://7a0.com.br/en/copas/2018/arg
2018,Russia,arg,Argentina,81,3,Attack,10,Messi,Right winger,94,true,https://7a0.com.br/en/copas/2018/arg
2018,Russia,arg,Argentina,81,3,Attack,13,Meza,Right winger,75,false,https://7a0.com.br/en/copas/2018/arg
2018,Russia,arg,Argentina,81,3,Attack,18,Salvio,Right winger,76,false,https://7a0.com.br/en/copas/2018/arg
2018,Russia,arg,Argentina,81,3,Attack,22,Pavón,Right winger,77,false,https://7a0.com.br/en/copas/2018/arg
2018,Russia,arg,Argentina,81,3,Attack,9,Higuaín,Centre-forward,86,false,https://7a0.com.br/en/copas/2018/arg
2018,Russia,arg,Argentina,81,3,Attack,19,Agüero,Centre-forward,89,true,https://7a0.com.br/en/copas/2018/arg
2018,Russia,arg,Argentina,81,3,Attack,11,Di María,Left winger,88,true,https://7a0.com.br/en/copas/2018/arg
2018,Russia,arg,Argentina,81,3,Attack,21,Dybala,Left winger,85,false,https://7a0.com.br/en/copas/2018/arg
2018,Russia,bel,Belgium,79,2,Goalkeepers,1,Courtois,Goalkeeper,89,false,https://7a0.com.br/en/copas/2018/bel
2018,Russia,bel,Belgium,79,2,Goalkeepers,12,Mignolet,Goalkeeper,74,false,https://7a0.com.br/en/copas/2018/bel
2018,Russia,bel,Belgium,79,2,Goalkeepers,13,Casteels,Goalkeeper,72,false,https://7a0.com.br/en/copas/2018/bel
2018,Russia,bel,Belgium,79,2,Defence,15,Meunier,Right-back,79,false,https://7a0.com.br/en/copas/2018/bel
2018,Russia,bel,Belgium,79,2,Defence,2,Alderweireld,Centre-back,84,false,https://7a0.com.br/en/copas/2018/bel
2018,Russia,bel,Belgium,79,2,Defence,3,Vermaelen,Centre-back,76,false,https://7a0.com.br/en/copas/2018/bel
2018,Russia,bel,Belgium,79,2,Defence,4,Kompany,Centre-back,85,false,https://7a0.com.br/en/copas/2018/bel
2018,Russia,bel,Belgium,79,2,Defence,5,Vertonghen,Centre-back,83,false,https://7a0.com.br/en/copas/2018/bel
2018,Russia,bel,Belgium,79,2,Defence,20,Boyata,Centre-back,72,false,https://7a0.com.br/en/copas/2018/bel
2018,Russia,bel,Belgium,79,2,Defence,23,Dendoncker,Centre-back,71,false,https://7a0.com.br/en/copas/2018/bel
2018,Russia,bel,Belgium,79,2,Midfield,6,Witsel,Defensive midfielder,82,false,https://7a0.com.br/en/copas/2018/bel
2018,Russia,bel,Belgium,79,2,Midfield,7,De Bruyne,Defensive midfielder,91,true,https://7a0.com.br/en/copas/2018/bel
2018,Russia,bel,Belgium,79,2,Midfield,8,Fellaini,Defensive midfielder,77,false,https://7a0.com.br/en/copas/2018/bel
2018,Russia,bel,Belgium,79,2,Midfield,17,Tielemans,Defensive midfielder,75,false,https://7a0.com.br/en/copas/2018/bel
2018,Russia,bel,Belgium,79,2,Midfield,19,Dembélé,Defensive midfielder,78,false,https://7a0.com.br/en/copas/2018/bel
2018,Russia,bel,Belgium,79,2,Midfield,11,Carrasco,Left midfielder,78,false,https://7a0.com.br/en/copas/2018/bel
2018,Russia,bel,Belgium,79,2,Midfield,16,T. Hazard,Left midfielder,76,false,https://7a0.com.br/en/copas/2018/bel
2018,Russia,bel,Belgium,79,2,Midfield,22,Chadli,Left midfielder,74,false,https://7a0.com.br/en/copas/2018/bel
2018,Russia,bel,Belgium,79,2,Attack,14,Mertens,Right winger,83,false,https://7a0.com.br/en/copas/2018/bel
2018,Russia,bel,Belgium,79,2,Attack,18,Januzaj,Right winger,73,false,https://7a0.com.br/en/copas/2018/bel
2018,Russia,bel,Belgium,79,2,Attack,9,Lukaku,Centre-forward,85,false,https://7a0.com.br/en/copas/2018/bel
2018,Russia,bel,Belgium,79,2,Attack,21,Batshuayi,Centre-forward,75,false,https://7a0.com.br/en/copas/2018/bel
2018,Russia,bel,Belgium,79,2,Attack,10,E. Hazard,Left winger,92,true,https://7a0.com.br/en/copas/2018/bel
2018,Russia,bra,Brazil,82,3,Goalkeepers,1,Alisson,Goalkeeper,91,true,https://7a0.com.br/en/copas/2018/bra
2018,Russia,bra,Brazil,82,3,Goalkeepers,16,Cássio,Goalkeeper,79,false,https://7a0.com.br/en/copas/2018/bra
2018,Russia,bra,Brazil,82,3,Goalkeepers,23,Ederson,Goalkeeper,85,false,https://7a0.com.br/en/copas/2018/bra
2018,Russia,bra,Brazil,82,3,Defence,14,Danilo,Right-back,78,false,https://7a0.com.br/en/copas/2018/bra
2018,Russia,bra,Brazil,82,3,Defence,22,Fagner,Right-back,76,false,https://7a0.com.br/en/copas/2018/bra
2018,Russia,bra,Brazil,82,3,Defence,2,Thiago Silva,Centre-back,88,true,https://7a0.com.br/en/copas/2018/bra
2018,Russia,bra,Brazil,82,3,Defence,3,Miranda,Centre-back,82,false,https://7a0.com.br/en/copas/2018/bra
2018,Russia,bra,Brazil,82,3,Defence,4,Geromel,Centre-back,72,false,https://7a0.com.br/en/copas/2018/bra
2018,Russia,bra,Brazil,82,3,Defence,13,Marquinhos,Centre-back,85,false,https://7a0.com.br/en/copas/2018/bra
2018,Russia,bra,Brazil,82,3,Defence,6,Filipe Luís,Left-back,80,false,https://7a0.com.br/en/copas/2018/bra
2018,Russia,bra,Brazil,82,3,Defence,12,Marcelo,Left-back,88,false,https://7a0.com.br/en/copas/2018/bra
2018,Russia,bra,Brazil,82,3,Midfield,5,Casemiro,Defensive midfielder,87,false,https://7a0.com.br/en/copas/2018/bra
2018,Russia,bra,Brazil,82,3,Midfield,17,Fernandinho,Defensive midfielder,80,false,https://7a0.com.br/en/copas/2018/bra
2018,Russia,bra,Brazil,82,3,Midfield,15,Paulinho,Midfielder,81,false,https://7a0.com.br/en/copas/2018/bra
2018,Russia,bra,Brazil,82,3,Midfield,8,R. Augusto,Left midfielder,79,false,https://7a0.com.br/en/copas/2018/bra
2018,Russia,bra,Brazil,82,3,Midfield,11,Coutinho,Attacking midfielder,88,false,https://7a0.com.br/en/copas/2018/bra
2018,Russia,bra,Brazil,82,3,Attack,7,D. Costa,Right winger,81,false,https://7a0.com.br/en/copas/2018/bra
2018,Russia,bra,Brazil,82,3,Attack,19,Willian,Right winger,80,false,https://7a0.com.br/en/copas/2018/bra
2018,Russia,bra,Brazil,82,3,Attack,9,Gabriel Jesus,Centre-forward,84,false,https://7a0.com.br/en/copas/2018/bra
2018,Russia,bra,Brazil,82,3,Attack,20,Firmino,Centre-forward,83,false,https://7a0.com.br/en/copas/2018/bra
2018,Russia,bra,Brazil,82,3,Attack,10,Neymar,Left winger,93,true,https://7a0.com.br/en/copas/2018/bra
2018,Russia,bra,Brazil,82,3,Attack,21,Taison,Left winger,74,false,https://7a0.com.br/en/copas/2018/bra
2018,Russia,col,Colombia,78,2,Goalkeepers,1,Ospina,Goalkeeper,81,false,https://7a0.com.br/en/copas/2018/col
2018,Russia,col,Colombia,78,2,Goalkeepers,12,Vargas,Goalkeeper,74,false,https://7a0.com.br/en/copas/2018/col
2018,Russia,col,Colombia,78,2,Goalkeepers,22,Jo. Cuadrado,Goalkeeper,72,false,https://7a0.com.br/en/copas/2018/col
2018,Russia,col,Colombia,78,2,Defence,4,Arias,Right-back,80,false,https://7a0.com.br/en/copas/2018/col
2018,Russia,col,Colombia,78,2,Defence,2,Zapata,Centre-back,79,false,https://7a0.com.br/en/copas/2018/col
2018,Russia,col,Colombia,78,2,Defence,3,Murillo,Centre-back,76,false,https://7a0.com.br/en/copas/2018/col
2018,Russia,col,Colombia,78,2,Defence,13,Mina,Centre-back,81,false,https://7a0.com.br/en/copas/2018/col
2018,Russia,col,Colombia,78,2,Defence,23,D. Sánchez,Centre-back,82,false,https://7a0.com.br/en/copas/2018/col
2018,Russia,col,Colombia,78,2,Defence,17,Mojica,Left-back,75,false,https://7a0.com.br/en/copas/2018/col
2018,Russia,col,Colombia,78,2,Defence,18,F. Díaz,Left-back,73,false,https://7a0.com.br/en/copas/2018/col
2018,Russia,col,Colombia,78,2,Midfield,5,Barrios,Defensive midfielder,79,false,https://7a0.com.br/en/copas/2018/col
2018,Russia,col,Colombia,78,2,Midfield,6,C. Sánchez,Defensive midfielder,79,false,https://7a0.com.br/en/copas/2018/col
2018,Russia,col,Colombia,78,2,Midfield,15,Uribe,Defensive midfielder,77,false,https://7a0.com.br/en/copas/2018/col
2018,Russia,col,Colombia,78,2,Midfield,16,Lerma,Defensive midfielder,78,false,https://7a0.com.br/en/copas/2018/col
2018,Russia,col,Colombia,78,2,Midfield,8,Aguilar,Midfielder,77,false,https://7a0.com.br/en/copas/2018/col
2018,Russia,col,Colombia,78,2,Midfield,10,James,Attacking midfielder,87,true,https://7a0.com.br/en/copas/2018/col
2018,Russia,col,Colombia,78,2,Midfield,20,Quintero,Attacking midfielder,79,false,https://7a0.com.br/en/copas/2018/col
2018,Russia,col,Colombia,78,2,Attack,11,Ju. Cuadrado,Right winger,82,false,https://7a0.com.br/en/copas/2018/col
2018,Russia,col,Colombia,78,2,Attack,7,Bacca,Centre-forward,79,false,https://7a0.com.br/en/copas/2018/col
2018,Russia,col,Colombia,78,2,Attack,9,Falcao,Centre-forward,84,true,https://7a0.com.br/en/copas/2018/col
2018,Russia,col,Colombia,78,2,Attack,19,Borja,Centre-forward,76,false,https://7a0.com.br/en/copas/2018/col
2018,Russia,col,Colombia,78,2,Attack,14,Muriel,Left winger,78,false,https://7a0.com.br/en/copas/2018/col
2018,Russia,col,Colombia,78,2,Attack,21,Izquierdo,Left winger,76,false,https://7a0.com.br/en/copas/2018/col
2018,Russia,cro,Croatia,79,1,Goalkeepers,1,Livaković,Goalkeeper,76,false,https://7a0.com.br/en/copas/2018/cro
2018,Russia,cro,Croatia,79,1,Goalkeepers,12,Lovre Kalinić,Goalkeeper,72,false,https://7a0.com.br/en/copas/2018/cro
2018,Russia,cro,Croatia,79,1,Goalkeepers,23,Subašić,Goalkeeper,80,false,https://7a0.com.br/en/copas/2018/cro
2018,Russia,cro,Croatia,79,1,Defence,2,Vrsaljko,Right-back,81,false,https://7a0.com.br/en/copas/2018/cro
2018,Russia,cro,Croatia,79,1,Defence,13,Jedvaj,Right-back,74,false,https://7a0.com.br/en/copas/2018/cro
2018,Russia,cro,Croatia,79,1,Defence,5,Ćorluka,Centre-back,78,false,https://7a0.com.br/en/copas/2018/cro
2018,Russia,cro,Croatia,79,1,Defence,6,Lovren,Centre-back,81,false,https://7a0.com.br/en/copas/2018/cro
2018,Russia,cro,Croatia,79,1,Defence,15,Ćaleta-Car,Centre-back,76,false,https://7a0.com.br/en/copas/2018/cro
2018,Russia,cro,Croatia,79,1,Defence,21,Vida,Centre-back,80,false,https://7a0.com.br/en/copas/2018/cro
2018,Russia,cro,Croatia,79,1,Defence,3,Strinić,Left-back,77,false,https://7a0.com.br/en/copas/2018/cro
2018,Russia,cro,Croatia,79,1,Defence,22,Pivarić,Left-back,74,false,https://7a0.com.br/en/copas/2018/cro
2018,Russia,cro,Croatia,79,1,Midfield,7,Rakitić,Defensive midfielder,85,false,https://7a0.com.br/en/copas/2018/cro
2018,Russia,cro,Croatia,79,1,Midfield,8,Kovačić,Defensive midfielder,82,false,https://7a0.com.br/en/copas/2018/cro
2018,Russia,cro,Croatia,79,1,Midfield,10,Modrić,Defensive midfielder,95,true,https://7a0.com.br/en/copas/2018/cro
2018,Russia,cro,Croatia,79,1,Midfield,11,Brozović,Defensive midfielder,82,false,https://7a0.com.br/en/copas/2018/cro
2018,Russia,cro,Croatia,79,1,Midfield,14,Bradarić,Defensive midfielder,73,false,https://7a0.com.br/en/copas/2018/cro
2018,Russia,cro,Croatia,79,1,Midfield,19,Badelj,Defensive midfielder,76,false,https://7a0.com.br/en/copas/2018/cro
2018,Russia,cro,Croatia,79,1,Attack,18,Rebić,Right winger,79,false,https://7a0.com.br/en/copas/2018/cro
2018,Russia,cro,Croatia,79,1,Attack,9,Kramarić,Centre-forward,80,false,https://7a0.com.br/en/copas/2018/cro
2018,Russia,cro,Croatia,79,1,Attack,16,Nikola Kalinić,Centre-forward,77,false,https://7a0.com.br/en/copas/2018/cro
2018,Russia,cro,Croatia,79,1,Attack,17,Mandžukić,Centre-forward,84,false,https://7a0.com.br/en/copas/2018/cro
2018,Russia,cro,Croatia,79,1,Attack,4,Perišić,Left winger,84,false,https://7a0.com.br/en/copas/2018/cro
2018,Russia,cro,Croatia,79,1,Attack,20,Pjaca,Left winger,74,false,https://7a0.com.br/en/copas/2018/cro
2018,Russia,egy,Egypt,75,1,Goalkeepers,1,El-Hadary,Goalkeeper,75,false,https://7a0.com.br/en/copas/2018/egy
2018,Russia,egy,Egypt,75,1,Goalkeepers,16,Ekramy,Goalkeeper,72,false,https://7a0.com.br/en/copas/2018/egy
2018,Russia,egy,Egypt,75,1,Goalkeepers,23,El-Shenawy,Goalkeeper,77,false,https://7a0.com.br/en/copas/2018/egy
2018,Russia,egy,Egypt,75,1,Defence,3,Elmohamady,Right-back,76,false,https://7a0.com.br/en/copas/2018/egy
2018,Russia,egy,Egypt,75,1,Defence,4,Gaber,Right-back,74,false,https://7a0.com.br/en/copas/2018/egy
2018,Russia,egy,Egypt,75,1,Defence,7,Fathy,Right-back,76,false,https://7a0.com.br/en/copas/2018/egy
2018,Russia,egy,Egypt,75,1,Defence,2,Gabr,Centre-back,74,false,https://7a0.com.br/en/copas/2018/egy
2018,Russia,egy,Egypt,75,1,Defence,6,Hegazi,Centre-back,78,false,https://7a0.com.br/en/copas/2018/egy
2018,Russia,egy,Egypt,75,1,Defence,15,Hamdy,Centre-back,72,false,https://7a0.com.br/en/copas/2018/egy
2018,Russia,egy,Egypt,75,1,Defence,20,Samir,Centre-back,72,false,https://7a0.com.br/en/copas/2018/egy
2018,Russia,egy,Egypt,75,1,Defence,12,Ashraf,Left-back,72,false,https://7a0.com.br/en/copas/2018/egy
2018,Russia,egy,Egypt,75,1,Defence,13,Abdel Shafy,Left-back,74,false,https://7a0.com.br/en/copas/2018/egy
2018,Russia,egy,Egypt,75,1,Midfield,5,Morsy,Defensive midfielder,74,false,https://7a0.com.br/en/copas/2018/egy
2018,Russia,egy,Egypt,75,1,Midfield,8,Hamed,Defensive midfielder,77,false,https://7a0.com.br/en/copas/2018/egy
2018,Russia,egy,Egypt,75,1,Midfield,17,Elneny,Defensive midfielder,78,false,https://7a0.com.br/en/copas/2018/egy
2018,Russia,egy,Egypt,75,1,Midfield,19,El-Said,Midfielder,76,false,https://7a0.com.br/en/copas/2018/egy
2018,Russia,egy,Egypt,75,1,Midfield,18,Shikabala,Left midfielder,73,false,https://7a0.com.br/en/copas/2018/egy
2018,Russia,egy,Egypt,75,1,Attack,10,Salah,Right winger,91,true,https://7a0.com.br/en/copas/2018/egy
2018,Russia,egy,Egypt,75,1,Attack,22,Warda,Right winger,73,false,https://7a0.com.br/en/copas/2018/egy
2018,Russia,egy,Egypt,75,1,Attack,9,Mohsen,Centre-forward,73,false,https://7a0.com.br/en/copas/2018/egy
2018,Russia,egy,Egypt,75,1,Attack,11,Kahraba,Left winger,74,false,https://7a0.com.br/en/copas/2018/egy
2018,Russia,egy,Egypt,75,1,Attack,14,Sobhi,Left winger,75,false,https://7a0.com.br/en/copas/2018/egy
2018,Russia,egy,Egypt,75,1,Attack,21,Trézéguet,Left winger,77,false,https://7a0.com.br/en/copas/2018/egy
2018,Russia,eng,England,77,0,Goalkeepers,1,Pickford,Goalkeeper,78,false,https://7a0.com.br/en/copas/2018/eng
2018,Russia,eng,England,77,0,Goalkeepers,13,Butland,Goalkeeper,74,false,https://7a0.com.br/en/copas/2018/eng
2018,Russia,eng,England,77,0,Goalkeepers,23,Pope,Goalkeeper,72,false,https://7a0.com.br/en/copas/2018/eng
2018,Russia,eng,England,77,0,Defence,2,Walker,Right-back,84,false,https://7a0.com.br/en/copas/2018/eng
2018,Russia,eng,England,77,0,Defence,12,Trippier,Right-back,80,false,https://7a0.com.br/en/copas/2018/eng
2018,Russia,eng,England,77,0,Defence,22,Alexander-Arnold,Right-back,78,false,https://7a0.com.br/en/copas/2018/eng
2018,Russia,eng,England,77,0,Defence,5,Stones,Centre-back,80,false,https://7a0.com.br/en/copas/2018/eng
2018,Russia,eng,England,77,0,Defence,6,Maguire,Centre-back,80,false,https://7a0.com.br/en/copas/2018/eng
2018,Russia,eng,England,77,0,Defence,15,Cahill,Centre-back,74,false,https://7a0.com.br/en/copas/2018/eng
2018,Russia,eng,England,77,0,Defence,16,Jones,Centre-back,70,false,https://7a0.com.br/en/copas/2018/eng
2018,Russia,eng,England,77,0,Defence,3,Rose,Left-back,76,false,https://7a0.com.br/en/copas/2018/eng
2018,Russia,eng,England,77,0,Defence,18,Ashley Young,Left-back,74,false,https://7a0.com.br/en/copas/2018/eng
2018,Russia,eng,England,77,0,Midfield,4,Dier,Defensive midfielder,74,false,https://7a0.com.br/en/copas/2018/eng
2018,Russia,eng,England,77,0,Midfield,8,J. Henderson,Defensive midfielder,76,false,https://7a0.com.br/en/copas/2018/eng
2018,Russia,eng,England,77,0,Midfield,21,Loftus-Cheek,Defensive midfielder,72,false,https://7a0.com.br/en/copas/2018/eng
2018,Russia,eng,England,77,0,Midfield,17,Delph,Midfielder,72,false,https://7a0.com.br/en/copas/2018/eng
2018,Russia,eng,England,77,0,Midfield,20,Dele Alli,Midfielder,80,false,https://7a0.com.br/en/copas/2018/eng
2018,Russia,eng,England,77,0,Midfield,7,Lingard,Attacking midfielder,75,false,https://7a0.com.br/en/copas/2018/eng
2018,Russia,eng,England,77,0,Attack,9,Kane,Centre-forward,90,false,https://7a0.com.br/en/copas/2018/eng
2018,Russia,eng,England,77,0,Attack,11,Vardy,Centre-forward,76,false,https://7a0.com.br/en/copas/2018/eng
2018,Russia,eng,England,77,0,Attack,14,Welbeck,Centre-forward,72,false,https://7a0.com.br/en/copas/2018/eng
2018,Russia,eng,England,77,0,Attack,10,Sterling,Left winger,84,false,https://7a0.com.br/en/copas/2018/eng
2018,Russia,eng,England,77,0,Attack,19,Rashford,Left winger,78,false,https://7a0.com.br/en/copas/2018/eng
2018,Russia,fra,France,82,1,Goalkeepers,1,Lloris,Goalkeeper,86,false,https://7a0.com.br/en/copas/2018/fra
2018,Russia,fra,France,82,1,Goalkeepers,16,Mandanda,Goalkeeper,77,false,https://7a0.com.br/en/copas/2018/fra
2018,Russia,fra,France,82,1,Goalkeepers,23,Areola,Goalkeeper,73,false,https://7a0.com.br/en/copas/2018/fra
2018,Russia,fra,France,82,1,Defence,2,Pavard,Right-back,81,false,https://7a0.com.br/en/copas/2018/fra
2018,Russia,fra,France,82,1,Defence,19,Sidibé,Right-back,78,false,https://7a0.com.br/en/copas/2018/fra
2018,Russia,fra,France,82,1,Defence,3,Kimpembe,Centre-back,78,false,https://7a0.com.br/en/copas/2018/fra
2018,Russia,fra,France,82,1,Defence,4,Varane,Centre-back,89,false,https://7a0.com.br/en/copas/2018/fra
2018,Russia,fra,France,82,1,Defence,5,Umtiti,Centre-back,85,false,https://7a0.com.br/en/copas/2018/fra
2018,Russia,fra,France,82,1,Defence,17,Rami,Centre-back,75,false,https://7a0.com.br/en/copas/2018/fra
2018,Russia,fra,France,82,1,Defence,21,Lucas Hernandez,Left-back,82,false,https://7a0.com.br/en/copas/2018/fra
2018,Russia,fra,France,82,1,Defence,22,Mendy,Left-back,77,false,https://7a0.com.br/en/copas/2018/fra
2018,Russia,fra,France,82,1,Midfield,6,Pogba,Defensive midfielder,90,false,https://7a0.com.br/en/copas/2018/fra
2018,Russia,fra,France,82,1,Midfield,12,Tolisso,Defensive midfielder,79,false,https://7a0.com.br/en/copas/2018/fra
2018,Russia,fra,France,82,1,Midfield,13,Kanté,Defensive midfielder,91,false,https://7a0.com.br/en/copas/2018/fra
2018,Russia,fra,France,82,1,Midfield,15,Nzonzi,Defensive midfielder,77,false,https://7a0.com.br/en/copas/2018/fra
2018,Russia,fra,France,82,1,Midfield,8,Lemar,Left midfielder,78,false,https://7a0.com.br/en/copas/2018/fra
2018,Russia,fra,France,82,1,Midfield,14,Matuidi,Left midfielder,82,false,https://7a0.com.br/en/copas/2018/fra
2018,Russia,fra,France,82,1,Midfield,18,Fekir,Attacking midfielder,79,false,https://7a0.com.br/en/copas/2018/fra
2018,Russia,fra,France,82,1,Attack,10,Mbappé,Right winger,94,true,https://7a0.com.br/en/copas/2018/fra
2018,Russia,fra,France,82,1,Attack,11,Dembélé,Right winger,79,false,https://7a0.com.br/en/copas/2018/fra
2018,Russia,fra,France,82,1,Attack,20,Thauvin,Right winger,77,false,https://7a0.com.br/en/copas/2018/fra
2018,Russia,fra,France,82,1,Attack,7,Griezmann,Centre-forward,90,false,https://7a0.com.br/en/copas/2018/fra
2018,Russia,fra,France,82,1,Attack,9,Giroud,Centre-forward,82,false,https://7a0.com.br/en/copas/2018/fra
2018,Russia,ger,Germany,82,3,Goalkeepers,1,Neuer,Goalkeeper,89,true,https://7a0.com.br/en/copas/2018/ger
2018,Russia,ger,Germany,82,3,Goalkeepers,12,Trapp,Goalkeeper,77,false,https://7a0.com.br/en/copas/2018/ger
2018,Russia,ger,Germany,82,3,Goalkeepers,22,ter Stegen,Goalkeeper,85,false,https://7a0.com.br/en/copas/2018/ger
2018,Russia,ger,Germany,82,3,Defence,18,Kimmich,Right-back,85,false,https://7a0.com.br/en/copas/2018/ger
2018,Russia,ger,Germany,82,3,Defence,4,Ginter,Centre-back,79,false,https://7a0.com.br/en/copas/2018/ger
2018,Russia,ger,Germany,82,3,Defence,5,Hummels,Centre-back,86,false,https://7a0.com.br/en/copas/2018/ger
2018,Russia,ger,Germany,82,3,Defence,15,Süle,Centre-back,80,false,https://7a0.com.br/en/copas/2018/ger
2018,Russia,ger,Germany,82,3,Defence,16,Rüdiger,Centre-back,80,false,https://7a0.com.br/en/copas/2018/ger
2018,Russia,ger,Germany,82,3,Defence,17,Boateng,Centre-back,84,false,https://7a0.com.br/en/copas/2018/ger
2018,Russia,ger,Germany,82,3,Defence,2,Plattenhardt,Left-back,76,false,https://7a0.com.br/en/copas/2018/ger
2018,Russia,ger,Germany,82,3,Defence,3,Hector,Left-back,79,false,https://7a0.com.br/en/copas/2018/ger
2018,Russia,ger,Germany,82,3,Midfield,6,Khedira,Defensive midfielder,81,false,https://7a0.com.br/en/copas/2018/ger
2018,Russia,ger,Germany,82,3,Midfield,14,Goretzka,Defensive midfielder,80,false,https://7a0.com.br/en/copas/2018/ger
2018,Russia,ger,Germany,82,3,Midfield,19,Rudy,Defensive midfielder,76,false,https://7a0.com.br/en/copas/2018/ger
2018,Russia,ger,Germany,82,3,Midfield,8,Kroos,Midfielder,88,true,https://7a0.com.br/en/copas/2018/ger
2018,Russia,ger,Germany,82,3,Midfield,21,Gündogan,Midfielder,83,false,https://7a0.com.br/en/copas/2018/ger
2018,Russia,ger,Germany,82,3,Midfield,20,Brandt,Left midfielder,78,false,https://7a0.com.br/en/copas/2018/ger
2018,Russia,ger,Germany,82,3,Midfield,7,Draxler,Attacking midfielder,80,false,https://7a0.com.br/en/copas/2018/ger
2018,Russia,ger,Germany,82,3,Midfield,10,Özil,Attacking midfielder,85,false,https://7a0.com.br/en/copas/2018/ger
2018,Russia,ger,Germany,82,3,Midfield,11,Reus,Attacking midfielder,84,false,https://7a0.com.br/en/copas/2018/ger
2018,Russia,ger,Germany,82,3,Midfield,13,T. Müller,Attacking midfielder,85,true,https://7a0.com.br/en/copas/2018/ger
2018,Russia,ger,Germany,82,3,Attack,9,Werner,Centre-forward,82,false,https://7a0.com.br/en/copas/2018/ger
2018,Russia,ger,Germany,82,3,Attack,23,Gómez,Centre-forward,79,false,https://7a0.com.br/en/copas/2018/ger
2018,Russia,jpn,Japan,77,0,Goalkeepers,1,Kawashima,Goalkeeper,76,false,https://7a0.com.br/en/copas/2018/jpn
2018,Russia,jpn,Japan,77,0,Goalkeepers,12,Higashiguchi,Goalkeeper,73,false,https://7a0.com.br/en/copas/2018/jpn
2018,Russia,jpn,Japan,77,0,Goalkeepers,23,Nakamura,Goalkeeper,71,false,https://7a0.com.br/en/copas/2018/jpn
2018,Russia,jpn,Japan,77,0,Defence,19,Sakai H.,Right-back,79,false,https://7a0.com.br/en/copas/2018/jpn
2018,Russia,jpn,Japan,77,0,Defence,2,Ueda,Centre-back,72,false,https://7a0.com.br/en/copas/2018/jpn
2018,Russia,jpn,Japan,77,0,Defence,3,Shoji,Centre-back,78,false,https://7a0.com.br/en/copas/2018/jpn
2018,Russia,jpn,Japan,77,0,Defence,20,Makino,Centre-back,73,false,https://7a0.com.br/en/copas/2018/jpn
2018,Russia,jpn,Japan,77,0,Defence,22,Yoshida,Centre-back,81,false,https://7a0.com.br/en/copas/2018/jpn
2018,Russia,jpn,Japan,77,0,Defence,5,Nagatomo,Left-back,81,false,https://7a0.com.br/en/copas/2018/jpn
2018,Russia,jpn,Japan,77,0,Defence,21,Sakai G.,Left-back,75,false,https://7a0.com.br/en/copas/2018/jpn
2018,Russia,jpn,Japan,77,0,Midfield,6,Endō,Defensive midfielder,73,false,https://7a0.com.br/en/copas/2018/jpn
2018,Russia,jpn,Japan,77,0,Midfield,7,Shibasaki,Defensive midfielder,79,false,https://7a0.com.br/en/copas/2018/jpn
2018,Russia,jpn,Japan,77,0,Midfield,16,Yamaguchi,Defensive midfielder,76,false,https://7a0.com.br/en/copas/2018/jpn
2018,Russia,jpn,Japan,77,0,Midfield,17,Hasebe,Defensive midfielder,80,false,https://7a0.com.br/en/copas/2018/jpn
2018,Russia,jpn,Japan,77,0,Midfield,8,Haraguchi,Right midfielder,78,false,https://7a0.com.br/en/copas/2018/jpn
2018,Russia,jpn,Japan,77,0,Midfield,18,Oshima,Midfielder,73,false,https://7a0.com.br/en/copas/2018/jpn
2018,Russia,jpn,Japan,77,0,Midfield,4,Honda,Attacking midfielder,83,false,https://7a0.com.br/en/copas/2018/jpn
2018,Russia,jpn,Japan,77,0,Midfield,10,Kagawa,Attacking midfielder,82,false,https://7a0.com.br/en/copas/2018/jpn
2018,Russia,jpn,Japan,77,0,Attack,9,Okazaki,Centre-forward,80,false,https://7a0.com.br/en/copas/2018/jpn
2018,Russia,jpn,Japan,77,0,Attack,13,Muto,Centre-forward,75,false,https://7a0.com.br/en/copas/2018/jpn
2018,Russia,jpn,Japan,77,0,Attack,15,Osako,Centre-forward,79,false,https://7a0.com.br/en/copas/2018/jpn
2018,Russia,jpn,Japan,77,0,Attack,11,Usami,Left winger,74,false,https://7a0.com.br/en/copas/2018/jpn
2018,Russia,jpn,Japan,77,0,Attack,14,Inui,Left winger,80,false,https://7a0.com.br/en/copas/2018/jpn
2018,Russia,mar,Morocco,77,2,Goalkeepers,1,Bono,Goalkeeper,80,false,https://7a0.com.br/en/copas/2018/mar
2018,Russia,mar,Morocco,77,2,Goalkeepers,12,Tagnaouti,Goalkeeper,70,false,https://7a0.com.br/en/copas/2018/mar
2018,Russia,mar,Morocco,77,2,Goalkeepers,21,Munir Mohamedi,Goalkeeper,74,false,https://7a0.com.br/en/copas/2018/mar
2018,Russia,mar,Morocco,77,2,Defence,2,Hakimi,Right-back,83,false,https://7a0.com.br/en/copas/2018/mar
2018,Russia,mar,Morocco,77,2,Defence,15,Baaha,Right-back,71,false,https://7a0.com.br/en/copas/2018/mar
2018,Russia,mar,Morocco,77,2,Defence,4,M. Da Costa,Centre-back,76,false,https://7a0.com.br/en/copas/2018/mar
2018,Russia,mar,Morocco,77,2,Defence,5,Benatia,Centre-back,84,true,https://7a0.com.br/en/copas/2018/mar
2018,Russia,mar,Morocco,77,2,Defence,6,Saïss,Centre-back,78,false,https://7a0.com.br/en/copas/2018/mar
2018,Russia,mar,Morocco,77,2,Defence,22,Benoun,Centre-back,72,false,https://7a0.com.br/en/copas/2018/mar
2018,Russia,mar,Morocco,77,2,Defence,3,Mendyl,Left-back,73,false,https://7a0.com.br/en/copas/2018/mar
2018,Russia,mar,Morocco,77,2,Midfield,8,El Ahmadi,Defensive midfielder,78,false,https://7a0.com.br/en/copas/2018/mar
2018,Russia,mar,Morocco,77,2,Midfield,19,S. Amrabat,Defensive midfielder,77,false,https://7a0.com.br/en/copas/2018/mar
2018,Russia,mar,Morocco,77,2,Midfield,10,Fajr,Midfielder,79,false,https://7a0.com.br/en/copas/2018/mar
2018,Russia,mar,Morocco,77,2,Midfield,14,Belhanda,Midfielder,79,false,https://7a0.com.br/en/copas/2018/mar
2018,Russia,mar,Morocco,77,2,Midfield,11,Boussoufa,Attacking midfielder,80,true,https://7a0.com.br/en/copas/2018/mar
2018,Russia,mar,Morocco,77,2,Midfield,16,A. Harit,Attacking midfielder,76,false,https://7a0.com.br/en/copas/2018/mar
2018,Russia,mar,Morocco,77,2,Attack,7,Ziyech,Right winger,86,false,https://7a0.com.br/en/copas/2018/mar
2018,Russia,mar,Morocco,77,2,Attack,13,Dirar,Right winger,77,false,https://7a0.com.br/en/copas/2018/mar
2018,Russia,mar,Morocco,77,2,Attack,9,El Kaabi,Centre-forward,74,false,https://7a0.com.br/en/copas/2018/mar
2018,Russia,mar,Morocco,77,2,Attack,17,Boutaib,Centre-forward,72,false,https://7a0.com.br/en/copas/2018/mar
2018,Russia,mar,Morocco,77,2,Attack,20,Bouhaddouz,Centre-forward,71,false,https://7a0.com.br/en/copas/2018/mar
2018,Russia,mar,Morocco,77,2,Attack,18,Carcela,Left winger,75,false,https://7a0.com.br/en/copas/2018/mar
2018,Russia,mar,Morocco,77,2,Attack,23,N. Amrabat,Left winger,76,false,https://7a0.com.br/en/copas/2018/mar
2018,Russia,per,Peru,74,0,Goalkeepers,1,Pedro Gallese,Goalkeeper,75,false,https://7a0.com.br/en/copas/2018/per
2018,Russia,per,Peru,74,0,Goalkeepers,12,Carlos Cáceda,Goalkeeper,69,false,https://7a0.com.br/en/copas/2018/per
2018,Russia,per,Peru,74,0,Goalkeepers,21,José Carvallo,Goalkeeper,68,false,https://7a0.com.br/en/copas/2018/per
2018,Russia,per,Peru,74,0,Defence,3,Aldo Corzo,Right-back,73,false,https://7a0.com.br/en/copas/2018/per
2018,Russia,per,Peru,74,0,Defence,17,Luis Advíncula,Right-back,76,false,https://7a0.com.br/en/copas/2018/per
2018,Russia,per,Peru,74,0,Defence,2,Alberto Rodríguez,Centre-back,74,false,https://7a0.com.br/en/copas/2018/per
2018,Russia,per,Peru,74,0,Defence,4,Anderson Santamaría,Centre-back,72,false,https://7a0.com.br/en/copas/2018/per
2018,Russia,per,Peru,74,0,Defence,5,Miguel Araujo,Centre-back,72,false,https://7a0.com.br/en/copas/2018/per
2018,Russia,per,Peru,74,0,Defence,15,Christian Ramos,Centre-back,73,false,https://7a0.com.br/en/copas/2018/per
2018,Russia,per,Peru,74,0,Defence,6,Miguel Trauco,Left-back,74,false,https://7a0.com.br/en/copas/2018/per
2018,Russia,per,Peru,74,0,Defence,22,Nilson Loyola,Left-back,72,false,https://7a0.com.br/en/copas/2018/per
2018,Russia,per,Peru,74,0,Midfield,13,Renato Tapia,Defensive midfielder,76,false,https://7a0.com.br/en/copas/2018/per
2018,Russia,per,Peru,74,0,Midfield,16,Wilder Cartagena,Defensive midfielder,72,false,https://7a0.com.br/en/copas/2018/per
2018,Russia,per,Peru,74,0,Midfield,23,Pedro Aquino,Defensive midfielder,74,false,https://7a0.com.br/en/copas/2018/per
2018,Russia,per,Peru,74,0,Midfield,14,Andy Polo,Right midfielder,73,false,https://7a0.com.br/en/copas/2018/per
2018,Russia,per,Peru,74,0,Midfield,19,Yoshimar Yotún,Midfielder,76,false,https://7a0.com.br/en/copas/2018/per
2018,Russia,per,Peru,74,0,Midfield,7,Paolo Hurtado,Attacking midfielder,73,false,https://7a0.com.br/en/copas/2018/per
2018,Russia,per,Peru,74,0,Midfield,8,Christian Cueva,Attacking midfielder,77,false,https://7a0.com.br/en/copas/2018/per
2018,Russia,per,Peru,74,0,Attack,10,Jefferson Farfán,Right winger,78,false,https://7a0.com.br/en/copas/2018/per
2018,Russia,per,Peru,74,0,Attack,18,André Carrillo,Right winger,77,false,https://7a0.com.br/en/copas/2018/per
2018,Russia,per,Peru,74,0,Attack,9,Paolo Guerrero,Centre-forward,80,false,https://7a0.com.br/en/copas/2018/per
2018,Russia,per,Peru,74,0,Attack,11,Raúl Ruidíaz,Centre-forward,74,false,https://7a0.com.br/en/copas/2018/per
2018,Russia,per,Peru,74,0,Attack,20,Edison Flores,Left winger,74,false,https://7a0.com.br/en/copas/2018/per
2018,Russia,pol,Poland,78,1,Goalkeepers,1,Szczęsny,Goalkeeper,83,false,https://7a0.com.br/en/copas/2018/pol
2018,Russia,pol,Poland,78,1,Goalkeepers,22,Fabiański,Goalkeeper,81,false,https://7a0.com.br/en/copas/2018/pol
2018,Russia,pol,Poland,78,1,Defence,18,Bereszyński,Right-back,75,false,https://7a0.com.br/en/copas/2018/pol
2018,Russia,pol,Poland,78,1,Defence,20,Piszczek,Right-back,81,false,https://7a0.com.br/en/copas/2018/pol
2018,Russia,pol,Poland,78,1,Defence,2,Pazdan,Centre-back,76,false,https://7a0.com.br/en/copas/2018/pol
2018,Russia,pol,Poland,78,1,Defence,3,Jędrzejczyk,Centre-back,75,false,https://7a0.com.br/en/copas/2018/pol
2018,Russia,pol,Poland,78,1,Defence,4,Cionek,Centre-back,73,false,https://7a0.com.br/en/copas/2018/pol
2018,Russia,pol,Poland,78,1,Defence,5,Bednarek,Centre-back,77,false,https://7a0.com.br/en/copas/2018/pol
2018,Russia,pol,Poland,78,1,Defence,15,Glik,Centre-back,81,false,https://7a0.com.br/en/copas/2018/pol
2018,Russia,pol,Poland,78,1,Defence,13,Rybus,Left-back,76,false,https://7a0.com.br/en/copas/2018/pol
2018,Russia,pol,Poland,78,1,Midfield,6,Góralski,Defensive midfielder,74,false,https://7a0.com.br/en/copas/2018/pol
2018,Russia,pol,Poland,78,1,Midfield,10,Krychowiak,Defensive midfielder,80,false,https://7a0.com.br/en/copas/2018/pol
2018,Russia,pol,Poland,78,1,Midfield,8,Linetty,Midfielder,75,false,https://7a0.com.br/en/copas/2018/pol
2018,Russia,pol,Poland,78,1,Midfield,21,Kurzawa,Midfielder,71,false,https://7a0.com.br/en/copas/2018/pol
2018,Russia,pol,Poland,78,1,Midfield,19,Zieliński,Attacking midfielder,83,false,https://7a0.com.br/en/copas/2018/pol
2018,Russia,pol,Poland,78,1,Attack,16,Błaszczykowski,Right winger,80,false,https://7a0.com.br/en/copas/2018/pol
2018,Russia,pol,Poland,78,1,Attack,7,Milik,Centre-forward,81,false,https://7a0.com.br/en/copas/2018/pol
2018,Russia,pol,Poland,78,1,Attack,9,Lewandowski,Centre-forward,90,true,https://7a0.com.br/en/copas/2018/pol
2018,Russia,pol,Poland,78,1,Attack,14,Teodorczyk,Centre-forward,72,false,https://7a0.com.br/en/copas/2018/pol
2018,Russia,pol,Poland,78,1,Attack,23,Kownacki,Centre-forward,72,false,https://7a0.com.br/en/copas/2018/pol
2018,Russia,pol,Poland,78,1,Attack,11,Grosicki,Left winger,79,false,https://7a0.com.br/en/copas/2018/pol
2018,Russia,pol,Poland,78,1,Attack,17,Peszko,Left winger,72,false,https://7a0.com.br/en/copas/2018/pol
2018,Russia,por,Portugal,77,1,Goalkeepers,1,Rui Patrício,Goalkeeper,84,false,https://7a0.com.br/en/copas/2018/por
2018,Russia,por,Portugal,77,1,Goalkeepers,12,Anthony Lopes,Goalkeeper,76,false,https://7a0.com.br/en/copas/2018/por
2018,Russia,por,Portugal,77,1,Goalkeepers,22,Beto,Goalkeeper,66,false,https://7a0.com.br/en/copas/2018/por
2018,Russia,por,Portugal,77,1,Defence,15,Ricardo Pereira,Right-back,77,false,https://7a0.com.br/en/copas/2018/por
2018,Russia,por,Portugal,77,1,Defence,21,Cédric,Right-back,74,false,https://7a0.com.br/en/copas/2018/por
2018,Russia,por,Portugal,77,1,Defence,2,Bruno Alves,Centre-back,74,false,https://7a0.com.br/en/copas/2018/por
2018,Russia,por,Portugal,77,1,Defence,3,Pepe,Centre-back,84,false,https://7a0.com.br/en/copas/2018/por
2018,Russia,por,Portugal,77,1,Defence,6,José Fonte,Centre-back,74,false,https://7a0.com.br/en/copas/2018/por
2018,Russia,por,Portugal,77,1,Defence,13,Rúben Dias,Centre-back,77,false,https://7a0.com.br/en/copas/2018/por
2018,Russia,por,Portugal,77,1,Defence,5,Guerreiro,Left-back,81,false,https://7a0.com.br/en/copas/2018/por
2018,Russia,por,Portugal,77,1,Defence,19,Mário Rui,Left-back,71,false,https://7a0.com.br/en/copas/2018/por
2018,Russia,por,Portugal,77,1,Midfield,8,Moutinho,Defensive midfielder,82,false,https://7a0.com.br/en/copas/2018/por
2018,Russia,por,Portugal,77,1,Midfield,10,João Mário,Defensive midfielder,75,false,https://7a0.com.br/en/copas/2018/por
2018,Russia,por,Portugal,77,1,Midfield,14,William Carvalho,Defensive midfielder,79,false,https://7a0.com.br/en/copas/2018/por
2018,Russia,por,Portugal,77,1,Midfield,16,Bruno Fernandes,Defensive midfielder,78,false,https://7a0.com.br/en/copas/2018/por
2018,Russia,por,Portugal,77,1,Midfield,11,Bernardo Silva,Right midfielder,84,false,https://7a0.com.br/en/copas/2018/por
2018,Russia,por,Portugal,77,1,Midfield,4,Manuel Fernandes,Midfielder,72,false,https://7a0.com.br/en/copas/2018/por
2018,Russia,por,Portugal,77,1,Midfield,23,Adrien Silva,Midfielder,73,false,https://7a0.com.br/en/copas/2018/por
2018,Russia,por,Portugal,77,1,Attack,18,Gelson Martins,Right winger,75,false,https://7a0.com.br/en/copas/2018/por
2018,Russia,por,Portugal,77,1,Attack,20,Quaresma,Right winger,77,false,https://7a0.com.br/en/copas/2018/por
2018,Russia,por,Portugal,77,1,Attack,7,Cristiano Ronaldo,Centre-forward,93,true,https://7a0.com.br/en/copas/2018/por
2018,Russia,por,Portugal,77,1,Attack,9,André Silva,Centre-forward,76,false,https://7a0.com.br/en/copas/2018/por
2018,Russia,por,Portugal,77,1,Attack,17,Gonçalo Guedes,Left winger,76,false,https://7a0.com.br/en/copas/2018/por
2018,Russia,rus,Russia,76,0,Goalkeepers,1,Akinfeev,Goalkeeper,82,false,https://7a0.com.br/en/copas/2018/rus
2018,Russia,rus,Russia,76,0,Goalkeepers,12,Lunyov,Goalkeeper,72,false,https://7a0.com.br/en/copas/2018/rus
2018,Russia,rus,Russia,76,0,Goalkeepers,20,Gabulov,Goalkeeper,70,false,https://7a0.com.br/en/copas/2018/rus
2018,Russia,rus,Russia,76,0,Defence,2,Fernandes,Right-back,78,false,https://7a0.com.br/en/copas/2018/rus
2018,Russia,rus,Russia,76,0,Defence,23,Smolnikov,Right-back,74,false,https://7a0.com.br/en/copas/2018/rus
2018,Russia,rus,Russia,76,0,Defence,3,Kutepov,Centre-back,75,false,https://7a0.com.br/en/copas/2018/rus
2018,Russia,rus,Russia,76,0,Defence,4,Ignashevich,Centre-back,77,false,https://7a0.com.br/en/copas/2018/rus
2018,Russia,rus,Russia,76,0,Defence,5,Semyonov,Centre-back,71,false,https://7a0.com.br/en/copas/2018/rus
2018,Russia,rus,Russia,76,0,Defence,14,Granat,Centre-back,72,false,https://7a0.com.br/en/copas/2018/rus
2018,Russia,rus,Russia,76,0,Defence,13,Kudryashov,Left-back,74,false,https://7a0.com.br/en/copas/2018/rus
2018,Russia,rus,Russia,76,0,Defence,18,Zhirkov,Left-back,78,false,https://7a0.com.br/en/copas/2018/rus
2018,Russia,rus,Russia,76,0,Midfield,7,Kuzyayev,Defensive midfielder,76,false,https://7a0.com.br/en/copas/2018/rus
2018,Russia,rus,Russia,76,0,Midfield,8,Gazinsky,Defensive midfielder,73,false,https://7a0.com.br/en/copas/2018/rus
2018,Russia,rus,Russia,76,0,Midfield,11,Zobnin,Defensive midfielder,76,false,https://7a0.com.br/en/copas/2018/rus
2018,Russia,rus,Russia,76,0,Midfield,16,An. Miranchuk,Midfielder,71,false,https://7a0.com.br/en/copas/2018/rus
2018,Russia,rus,Russia,76,0,Midfield,21,Yerokhin,Midfielder,72,false,https://7a0.com.br/en/copas/2018/rus
2018,Russia,rus,Russia,76,0,Midfield,6,Cheryshev,Left midfielder,80,false,https://7a0.com.br/en/copas/2018/rus
2018,Russia,rus,Russia,76,0,Midfield,9,Dzagoev,Attacking midfielder,78,false,https://7a0.com.br/en/copas/2018/rus
2018,Russia,rus,Russia,76,0,Midfield,15,Al. Miranchuk,Attacking midfielder,76,false,https://7a0.com.br/en/copas/2018/rus
2018,Russia,rus,Russia,76,0,Midfield,17,Golovin,Attacking midfielder,83,false,https://7a0.com.br/en/copas/2018/rus
2018,Russia,rus,Russia,76,0,Attack,19,Samedov,Right winger,74,false,https://7a0.com.br/en/copas/2018/rus
2018,Russia,rus,Russia,76,0,Attack,10,Smolov,Centre-forward,77,false,https://7a0.com.br/en/copas/2018/rus
2018,Russia,rus,Russia,76,0,Attack,22,Dzyuba,Centre-forward,80,false,https://7a0.com.br/en/copas/2018/rus
2018,Russia,sen,Senegal,78,1,Goalkeepers,1,Diallo,Goalkeeper,77,false,https://7a0.com.br/en/copas/2018/sen
2018,Russia,sen,Senegal,78,1,Goalkeepers,16,K. N'Diaye,Goalkeeper,76,false,https://7a0.com.br/en/copas/2018/sen
2018,Russia,sen,Senegal,78,1,Goalkeepers,23,Gomis,Goalkeeper,73,false,https://7a0.com.br/en/copas/2018/sen
2018,Russia,sen,Senegal,78,1,Defence,21,Gassama,Right-back,77,false,https://7a0.com.br/en/copas/2018/sen
2018,Russia,sen,Senegal,78,1,Defence,22,Wagué,Right-back,76,false,https://7a0.com.br/en/copas/2018/sen
2018,Russia,sen,Senegal,78,1,Defence,3,Koulibaly,Centre-back,85,false,https://7a0.com.br/en/copas/2018/sen
2018,Russia,sen,Senegal,78,1,Defence,4,Mbodji,Centre-back,79,false,https://7a0.com.br/en/copas/2018/sen
2018,Russia,sen,Senegal,78,1,Defence,6,S. Sané,Centre-back,79,false,https://7a0.com.br/en/copas/2018/sen
2018,Russia,sen,Senegal,78,1,Defence,2,Mbengué,Left-back,75,false,https://7a0.com.br/en/copas/2018/sen
2018,Russia,sen,Senegal,78,1,Defence,12,Sabaly,Left-back,78,false,https://7a0.com.br/en/copas/2018/sen
2018,Russia,sen,Senegal,78,1,Midfield,5,Gana Gueye,Defensive midfielder,81,false,https://7a0.com.br/en/copas/2018/sen
2018,Russia,sen,Senegal,78,1,Midfield,8,Kouyaté,Defensive midfielder,80,false,https://7a0.com.br/en/copas/2018/sen
2018,Russia,sen,Senegal,78,1,Midfield,11,N'Doye,Defensive midfielder,76,false,https://7a0.com.br/en/copas/2018/sen
2018,Russia,sen,Senegal,78,1,Midfield,13,A. N'Diaye,Defensive midfielder,77,false,https://7a0.com.br/en/copas/2018/sen
2018,Russia,sen,Senegal,78,1,Midfield,17,B. N'Diaye,Midfielder,79,false,https://7a0.com.br/en/copas/2018/sen
2018,Russia,sen,Senegal,78,1,Attack,18,I. Sarr,Right winger,78,false,https://7a0.com.br/en/copas/2018/sen
2018,Russia,sen,Senegal,78,1,Attack,7,Sow,Centre-forward,76,false,https://7a0.com.br/en/copas/2018/sen
2018,Russia,sen,Senegal,78,1,Attack,9,M. B. Diouf,Centre-forward,78,false,https://7a0.com.br/en/copas/2018/sen
2018,Russia,sen,Senegal,78,1,Attack,14,Konaté,Centre-forward,76,false,https://7a0.com.br/en/copas/2018/sen
2018,Russia,sen,Senegal,78,1,Attack,15,Sakho,Centre-forward,76,false,https://7a0.com.br/en/copas/2018/sen
2018,Russia,sen,Senegal,78,1,Attack,19,Niang,Centre-forward,78,false,https://7a0.com.br/en/copas/2018/sen
2018,Russia,sen,Senegal,78,1,Attack,10,Mané,Left winger,87,true,https://7a0.com.br/en/copas/2018/sen
2018,Russia,sen,Senegal,78,1,Attack,20,Baldé,Left winger,79,false,https://7a0.com.br/en/copas/2018/sen
2018,Russia,kor,South Korea,74,0,Goalkeepers,1,Kim Seung-gyu,Goalkeeper,75,false,https://7a0.com.br/en/copas/2018/kor
2018,Russia,kor,South Korea,74,0,Goalkeepers,21,Kim Jin-hyeon,Goalkeeper,73,false,https://7a0.com.br/en/copas/2018/kor
2018,Russia,kor,South Korea,74,0,Goalkeepers,23,Jo Hyeon-woo,Goalkeeper,77,false,https://7a0.com.br/en/copas/2018/kor
2018,Russia,kor,South Korea,74,0,Defence,2,Lee Yong,Right-back,73,false,https://7a0.com.br/en/copas/2018/kor
2018,Russia,kor,South Korea,74,0,Defence,12,Kim Min-woo,Right-back,72,false,https://7a0.com.br/en/copas/2018/kor
2018,Russia,kor,South Korea,74,0,Defence,3,Jung Seung-hyun,Centre-back,70,false,https://7a0.com.br/en/copas/2018/kor
2018,Russia,kor,South Korea,74,0,Defence,4,Oh Ban-suk,Centre-back,68,false,https://7a0.com.br/en/copas/2018/kor
2018,Russia,kor,South Korea,74,0,Defence,19,Kim Young-gwon,Centre-back,77,false,https://7a0.com.br/en/copas/2018/kor
2018,Russia,kor,South Korea,74,0,Defence,20,Jang Hyun-soo,Centre-back,75,false,https://7a0.com.br/en/copas/2018/kor
2018,Russia,kor,South Korea,74,0,Defence,22,Go Yo-han,Centre-back,72,false,https://7a0.com.br/en/copas/2018/kor
2018,Russia,kor,South Korea,74,0,Defence,5,Yun Young-sun,Left-back,69,false,https://7a0.com.br/en/copas/2018/kor
2018,Russia,kor,South Korea,74,0,Defence,6,Park Joo-ho,Left-back,74,false,https://7a0.com.br/en/copas/2018/kor
2018,Russia,kor,South Korea,74,0,Defence,14,Hong Chul,Left-back,71,false,https://7a0.com.br/en/copas/2018/kor
2018,Russia,kor,South Korea,74,0,Midfield,8,Ju Se-jong,Defensive midfielder,71,false,https://7a0.com.br/en/copas/2018/kor
2018,Russia,kor,South Korea,74,0,Midfield,15,Jung Woo-young,Defensive midfielder,74,false,https://7a0.com.br/en/copas/2018/kor
2018,Russia,kor,South Korea,74,0,Midfield,16,Ki Sung-yueng,Defensive midfielder,80,false,https://7a0.com.br/en/copas/2018/kor
2018,Russia,kor,South Korea,74,0,Midfield,10,Lee Seung-woo,Attacking midfielder,70,false,https://7a0.com.br/en/copas/2018/kor
2018,Russia,kor,South Korea,74,0,Midfield,13,Koo Ja-cheol,Attacking midfielder,79,false,https://7a0.com.br/en/copas/2018/kor
2018,Russia,kor,South Korea,74,0,Midfield,17,Lee Jae-sung,Attacking midfielder,75,false,https://7a0.com.br/en/copas/2018/kor
2018,Russia,kor,South Korea,74,0,Attack,9,Kim Shin-wook,Centre-forward,76,false,https://7a0.com.br/en/copas/2018/kor
2018,Russia,kor,South Korea,74,0,Attack,11,Hwang Hee-chan,Centre-forward,76,false,https://7a0.com.br/en/copas/2018/kor
2018,Russia,kor,South Korea,74,0,Attack,7,Son Heung-min,Left winger,87,false,https://7a0.com.br/en/copas/2018/kor
2018,Russia,kor,South Korea,74,0,Attack,18,Moon Seon-min,Left winger,70,false,https://7a0.com.br/en/copas/2018/kor
2018,Russia,esp,Spain,84,2,Goalkeepers,1,De Gea,Goalkeeper,85,false,https://7a0.com.br/en/copas/2018/esp
2018,Russia,esp,Spain,84,2,Goalkeepers,13,Kepa,Goalkeeper,76,false,https://7a0.com.br/en/copas/2018/esp
2018,Russia,esp,Spain,84,2,Goalkeepers,23,S. Rico,Goalkeeper,74,false,https://7a0.com.br/en/copas/2018/esp
2018,Russia,esp,Spain,84,2,Defence,2,Carvajal,Right-back,85,false,https://7a0.com.br/en/copas/2018/esp
2018,Russia,esp,Spain,84,2,Defence,14,Azpilicueta,Right-back,83,false,https://7a0.com.br/en/copas/2018/esp
2018,Russia,esp,Spain,84,2,Defence,3,Piqué,Centre-back,88,false,https://7a0.com.br/en/copas/2018/esp
2018,Russia,esp,Spain,84,2,Defence,4,Nacho,Centre-back,82,false,https://7a0.com.br/en/copas/2018/esp
2018,Russia,esp,Spain,84,2,Defence,15,Ramos,Centre-back,91,true,https://7a0.com.br/en/copas/2018/esp
2018,Russia,esp,Spain,84,2,Defence,16,Monreal,Left-back,79,false,https://7a0.com.br/en/copas/2018/esp
2018,Russia,esp,Spain,84,2,Defence,18,Jordi Alba,Left-back,87,false,https://7a0.com.br/en/copas/2018/esp
2018,Russia,esp,Spain,84,2,Midfield,5,Busquets,Defensive midfielder,90,false,https://7a0.com.br/en/copas/2018/esp
2018,Russia,esp,Spain,84,2,Midfield,8,Koke,Defensive midfielder,83,false,https://7a0.com.br/en/copas/2018/esp
2018,Russia,esp,Spain,84,2,Midfield,6,Iniesta,Midfielder,91,true,https://7a0.com.br/en/copas/2018/esp
2018,Russia,esp,Spain,84,2,Midfield,7,Saúl,Midfielder,80,false,https://7a0.com.br/en/copas/2018/esp
2018,Russia,esp,Spain,84,2,Midfield,10,Thiago,Midfielder,86,false,https://7a0.com.br/en/copas/2018/esp
2018,Russia,esp,Spain,84,2,Midfield,21,D. Silva,Midfielder,89,false,https://7a0.com.br/en/copas/2018/esp
2018,Russia,esp,Spain,84,2,Midfield,22,Isco,Midfielder,86,false,https://7a0.com.br/en/copas/2018/esp
2018,Russia,esp,Spain,84,2,Attack,11,L. Vázquez,Right winger,79,false,https://7a0.com.br/en/copas/2018/esp
2018,Russia,esp,Spain,84,2,Attack,20,Asensio,Right winger,84,false,https://7a0.com.br/en/copas/2018/esp
2018,Russia,esp,Spain,84,2,Attack,9,Rodrigo,Centre-forward,80,false,https://7a0.com.br/en/copas/2018/esp
2018,Russia,esp,Spain,84,2,Attack,17,Aspas,Centre-forward,81,false,https://7a0.com.br/en/copas/2018/esp
2018,Russia,esp,Spain,84,2,Attack,19,D. Costa,Centre-forward,85,false,https://7a0.com.br/en/copas/2018/esp
2018,Russia,swe,Sweden,77,2,Goalkeepers,1,Olsen,Goalkeeper,81,false,https://7a0.com.br/en/copas/2018/swe
2018,Russia,swe,Sweden,77,2,Goalkeepers,12,Johnsson,Goalkeeper,72,false,https://7a0.com.br/en/copas/2018/swe
2018,Russia,swe,Sweden,77,2,Goalkeepers,23,Nordfeldt,Goalkeeper,75,false,https://7a0.com.br/en/copas/2018/swe
2018,Russia,swe,Sweden,77,2,Defence,2,Lustig,Right-back,78,false,https://7a0.com.br/en/copas/2018/swe
2018,Russia,swe,Sweden,77,2,Defence,16,Krafth,Right-back,73,false,https://7a0.com.br/en/copas/2018/swe
2018,Russia,swe,Sweden,77,2,Defence,3,Lindelöf,Centre-back,84,true,https://7a0.com.br/en/copas/2018/swe
2018,Russia,swe,Sweden,77,2,Defence,4,Granqvist,Centre-back,83,false,https://7a0.com.br/en/copas/2018/swe
2018,Russia,swe,Sweden,77,2,Defence,14,Helander,Centre-back,75,false,https://7a0.com.br/en/copas/2018/swe
2018,Russia,swe,Sweden,77,2,Defence,18,Jansson,Centre-back,80,false,https://7a0.com.br/en/copas/2018/swe
2018,Russia,swe,Sweden,77,2,Defence,5,M. Olsson,Left-back,76,false,https://7a0.com.br/en/copas/2018/swe
2018,Russia,swe,Sweden,77,2,Defence,6,Augustinsson,Left-back,79,false,https://7a0.com.br/en/copas/2018/swe
2018,Russia,swe,Sweden,77,2,Midfield,7,S. Larsson,Defensive midfielder,77,false,https://7a0.com.br/en/copas/2018/swe
2018,Russia,swe,Sweden,77,2,Midfield,8,Ekdal,Defensive midfielder,78,false,https://7a0.com.br/en/copas/2018/swe
2018,Russia,swe,Sweden,77,2,Midfield,13,G. Svensson,Defensive midfielder,74,false,https://7a0.com.br/en/copas/2018/swe
2018,Russia,swe,Sweden,77,2,Midfield,19,Rohden,Defensive midfielder,74,false,https://7a0.com.br/en/copas/2018/swe
2018,Russia,swe,Sweden,77,2,Midfield,21,Durmaz,Right midfielder,75,false,https://7a0.com.br/en/copas/2018/swe
2018,Russia,swe,Sweden,77,2,Midfield,15,Hiljemark,Midfielder,73,false,https://7a0.com.br/en/copas/2018/swe
2018,Russia,swe,Sweden,77,2,Attack,17,Claesson,Right winger,79,false,https://7a0.com.br/en/copas/2018/swe
2018,Russia,swe,Sweden,77,2,Attack,9,Berg,Centre-forward,82,false,https://7a0.com.br/en/copas/2018/swe
2018,Russia,swe,Sweden,77,2,Attack,11,Guidetti,Centre-forward,77,false,https://7a0.com.br/en/copas/2018/swe
2018,Russia,swe,Sweden,77,2,Attack,20,Toivonen,Centre-forward,78,false,https://7a0.com.br/en/copas/2018/swe
2018,Russia,swe,Sweden,77,2,Attack,22,Kiese Thelin,Centre-forward,74,false,https://7a0.com.br/en/copas/2018/swe
2018,Russia,swe,Sweden,77,2,Attack,10,Forsberg,Left winger,85,true,https://7a0.com.br/en/copas/2018/swe
2018,Russia,sui,Switzerland,77,0,Goalkeepers,1,Sommer,Goalkeeper,83,false,https://7a0.com.br/en/copas/2018/sui
2018,Russia,sui,Switzerland,77,0,Goalkeepers,12,Mvogo,Goalkeeper,73,false,https://7a0.com.br/en/copas/2018/sui
2018,Russia,sui,Switzerland,77,0,Goalkeepers,21,Bürki,Goalkeeper,78,false,https://7a0.com.br/en/copas/2018/sui
2018,Russia,sui,Switzerland,77,0,Defence,2,Lichtsteiner,Right-back,80,false,https://7a0.com.br/en/copas/2018/sui
2018,Russia,sui,Switzerland,77,0,Defence,6,Lang,Right-back,75,false,https://7a0.com.br/en/copas/2018/sui
2018,Russia,sui,Switzerland,77,0,Defence,4,Elvedi,Centre-back,77,false,https://7a0.com.br/en/copas/2018/sui
2018,Russia,sui,Switzerland,77,0,Defence,5,Akanji,Centre-back,80,false,https://7a0.com.br/en/copas/2018/sui
2018,Russia,sui,Switzerland,77,0,Defence,20,Djourou,Centre-back,75,false,https://7a0.com.br/en/copas/2018/sui
2018,Russia,sui,Switzerland,77,0,Defence,22,Schär,Centre-back,79,false,https://7a0.com.br/en/copas/2018/sui
2018,Russia,sui,Switzerland,77,0,Defence,3,Moubandje,Left-back,72,false,https://7a0.com.br/en/copas/2018/sui
2018,Russia,sui,Switzerland,77,0,Defence,13,R. Rodríguez,Left-back,81,false,https://7a0.com.br/en/copas/2018/sui
2018,Russia,sui,Switzerland,77,0,Midfield,8,Freuler,Defensive midfielder,78,false,https://7a0.com.br/en/copas/2018/sui
2018,Russia,sui,Switzerland,77,0,Midfield,11,Behrami,Defensive midfielder,76,false,https://7a0.com.br/en/copas/2018/sui
2018,Russia,sui,Switzerland,77,0,Midfield,15,Džemaili,Defensive midfielder,75,false,https://7a0.com.br/en/copas/2018/sui
2018,Russia,sui,Switzerland,77,0,Midfield,16,G. Fernandes,Defensive midfielder,74,false,https://7a0.com.br/en/copas/2018/sui
2018,Russia,sui,Switzerland,77,0,Midfield,17,Zakaria,Defensive midfielder,78,false,https://7a0.com.br/en/copas/2018/sui
2018,Russia,sui,Switzerland,77,0,Midfield,10,Xhaka,Midfielder,83,false,https://7a0.com.br/en/copas/2018/sui
2018,Russia,sui,Switzerland,77,0,Midfield,14,Zuber,Left midfielder,76,false,https://7a0.com.br/en/copas/2018/sui
2018,Russia,sui,Switzerland,77,0,Attack,23,Shaqiri,Right winger,83,false,https://7a0.com.br/en/copas/2018/sui
2018,Russia,sui,Switzerland,77,0,Attack,7,Embolo,Centre-forward,77,false,https://7a0.com.br/en/copas/2018/sui
2018,Russia,sui,Switzerland,77,0,Attack,9,Seferović,Centre-forward,78,false,https://7a0.com.br/en/copas/2018/sui
2018,Russia,sui,Switzerland,77,0,Attack,18,Gavranović,Centre-forward,75,false,https://7a0.com.br/en/copas/2018/sui
2018,Russia,sui,Switzerland,77,0,Attack,19,Drmić,Centre-forward,75,false,https://7a0.com.br/en/copas/2018/sui
2018,Russia,uru,Uruguay,78,3,Goalkeepers,1,Muslera,Goalkeeper,80,false,https://7a0.com.br/en/copas/2018/uru
2018,Russia,uru,Uruguay,78,3,Goalkeepers,12,Campaña,Goalkeeper,72,false,https://7a0.com.br/en/copas/2018/uru
2018,Russia,uru,Uruguay,78,3,Goalkeepers,23,M. Silva,Goalkeeper,74,false,https://7a0.com.br/en/copas/2018/uru
2018,Russia,uru,Uruguay,78,3,Defence,4,Varela,Right-back,75,false,https://7a0.com.br/en/copas/2018/uru
2018,Russia,uru,Uruguay,78,3,Defence,16,Maxi Pereira,Right-back,77,false,https://7a0.com.br/en/copas/2018/uru
2018,Russia,uru,Uruguay,78,3,Defence,2,Giménez,Centre-back,82,false,https://7a0.com.br/en/copas/2018/uru
2018,Russia,uru,Uruguay,78,3,Defence,3,Godín,Centre-back,86,true,https://7a0.com.br/en/copas/2018/uru
2018,Russia,uru,Uruguay,78,3,Defence,19,Coates,Centre-back,76,false,https://7a0.com.br/en/copas/2018/uru
2018,Russia,uru,Uruguay,78,3,Defence,22,Cáceres,Centre-back,78,false,https://7a0.com.br/en/copas/2018/uru
2018,Russia,uru,Uruguay,78,3,Defence,13,G. Silva,Left-back,74,false,https://7a0.com.br/en/copas/2018/uru
2018,Russia,uru,Uruguay,78,3,Defence,17,Laxalt,Left-back,77,false,https://7a0.com.br/en/copas/2018/uru
2018,Russia,uru,Uruguay,78,3,Midfield,5,Sánchez,Defensive midfielder,78,false,https://7a0.com.br/en/copas/2018/uru
2018,Russia,uru,Uruguay,78,3,Midfield,6,Bentancur,Defensive midfielder,81,false,https://7a0.com.br/en/copas/2018/uru
2018,Russia,uru,Uruguay,78,3,Midfield,14,Torreira,Defensive midfielder,81,false,https://7a0.com.br/en/copas/2018/uru
2018,Russia,uru,Uruguay,78,3,Midfield,8,Nández,Right midfielder,78,false,https://7a0.com.br/en/copas/2018/uru
2018,Russia,uru,Uruguay,78,3,Midfield,15,Vecino,Midfielder,80,false,https://7a0.com.br/en/copas/2018/uru
2018,Russia,uru,Uruguay,78,3,Midfield,7,C. Rodríguez,Left midfielder,77,false,https://7a0.com.br/en/copas/2018/uru
2018,Russia,uru,Uruguay,78,3,Midfield,10,De Arrascaeta,Attacking midfielder,79,false,https://7a0.com.br/en/copas/2018/uru
2018,Russia,uru,Uruguay,78,3,Attack,9,Suárez,Centre-forward,88,true,https://7a0.com.br/en/copas/2018/uru
2018,Russia,uru,Uruguay,78,3,Attack,11,Stuani,Centre-forward,77,false,https://7a0.com.br/en/copas/2018/uru
2018,Russia,uru,Uruguay,78,3,Attack,18,M. Gómez,Centre-forward,75,false,https://7a0.com.br/en/copas/2018/uru
2018,Russia,uru,Uruguay,78,3,Attack,21,Cavani,Centre-forward,87,true,https://7a0.com.br/en/copas/2018/uru
2018,Russia,uru,Uruguay,78,3,Attack,20,Urretaviscaya,Left winger,73,false,https://7a0.com.br/en/copas/2018/uru
2022,Qatar,arg,Argentina,80,1,Goalkeepers,1,Armani,Goalkeeper,75,false,https://7a0.com.br/en/copas/2022/arg
2022,Qatar,arg,Argentina,80,1,Goalkeepers,12,Rulli,Goalkeeper,72,false,https://7a0.com.br/en/copas/2022/arg
2022,Qatar,arg,Argentina,80,1,Goalkeepers,23,E. Martínez,Goalkeeper,92,false,https://7a0.com.br/en/copas/2022/arg
2022,Qatar,arg,Argentina,80,1,Defence,2,Foyth,Right-back,77,false,https://7a0.com.br/en/copas/2022/arg
2022,Qatar,arg,Argentina,80,1,Defence,4,Montiel,Right-back,76,false,https://7a0.com.br/en/copas/2022/arg
2022,Qatar,arg,Argentina,80,1,Defence,26,Molina,Right-back,78,false,https://7a0.com.br/en/copas/2022/arg
2022,Qatar,arg,Argentina,80,1,Defence,6,Pezzella,Centre-back,75,false,https://7a0.com.br/en/copas/2022/arg
2022,Qatar,arg,Argentina,80,1,Defence,13,C. Romero,Centre-back,84,false,https://7a0.com.br/en/copas/2022/arg
2022,Qatar,arg,Argentina,80,1,Defence,19,Otamendi,Centre-back,81,false,https://7a0.com.br/en/copas/2022/arg
2022,Qatar,arg,Argentina,80,1,Defence,25,L. Martínez,Centre-back,80,false,https://7a0.com.br/en/copas/2022/arg
2022,Qatar,arg,Argentina,80,1,Defence,3,Tagliafico,Left-back,79,false,https://7a0.com.br/en/copas/2022/arg
2022,Qatar,arg,Argentina,80,1,Defence,8,Acuña,Left-back,80,false,https://7a0.com.br/en/copas/2022/arg
2022,Qatar,arg,Argentina,80,1,Midfield,5,Paredes,Defensive midfielder,79,false,https://7a0.com.br/en/copas/2022/arg
2022,Qatar,arg,Argentina,80,1,Midfield,7,De Paul,Defensive midfielder,83,false,https://7a0.com.br/en/copas/2022/arg
2022,Qatar,arg,Argentina,80,1,Midfield,14,Palacios,Defensive midfielder,77,false,https://7a0.com.br/en/copas/2022/arg
2022,Qatar,arg,Argentina,80,1,Midfield,18,Guido Rodríguez,Defensive midfielder,77,false,https://7a0.com.br/en/copas/2022/arg
2022,Qatar,arg,Argentina,80,1,Midfield,24,Enzo Fernández,Defensive midfielder,82,false,https://7a0.com.br/en/copas/2022/arg
2022,Qatar,arg,Argentina,80,1,Midfield,11,Di María,Right midfielder,84,false,https://7a0.com.br/en/copas/2022/arg
2022,Qatar,arg,Argentina,80,1,Midfield,20,Mac Allister,Midfielder,81,false,https://7a0.com.br/en/copas/2022/arg
2022,Qatar,arg,Argentina,80,1,Midfield,16,Almada,Left midfielder,73,false,https://7a0.com.br/en/copas/2022/arg
2022,Qatar,arg,Argentina,80,1,Midfield,17,Papu Gómez,Left midfielder,76,false,https://7a0.com.br/en/copas/2022/arg
2022,Qatar,arg,Argentina,80,1,Midfield,10,Messi,Attacking midfielder,99,true,https://7a0.com.br/en/copas/2022/arg
2022,Qatar,arg,Argentina,80,1,Attack,15,Correa,Right winger,76,false,https://7a0.com.br/en/copas/2022/arg
2022,Qatar,arg,Argentina,80,1,Attack,21,Dybala,Right winger,79,false,https://7a0.com.br/en/copas/2022/arg
2022,Qatar,arg,Argentina,80,1,Attack,9,J. Álvarez,Centre-forward,84,false,https://7a0.com.br/en/copas/2022/arg
2022,Qatar,arg,Argentina,80,1,Attack,22,Lautaro,Centre-forward,82,false,https://7a0.com.br/en/copas/2022/arg
2022,Qatar,aus,Australia,73,1,Goalkeepers,1,M. Ryan,Goalkeeper,82,true,https://7a0.com.br/en/copas/2022/aus
2022,Qatar,aus,Australia,73,1,Goalkeepers,12,Redmayne,Goalkeeper,71,false,https://7a0.com.br/en/copas/2022/aus
2022,Qatar,aus,Australia,73,1,Goalkeepers,18,Vukovic,Goalkeeper,70,false,https://7a0.com.br/en/copas/2022/aus
2022,Qatar,aus,Australia,73,1,Defence,3,Atkinson,Right-back,70,false,https://7a0.com.br/en/copas/2022/aus
2022,Qatar,aus,Australia,73,1,Defence,5,Karačić,Right-back,70,false,https://7a0.com.br/en/copas/2022/aus
2022,Qatar,aus,Australia,73,1,Defence,2,Degenek,Centre-back,73,false,https://7a0.com.br/en/copas/2022/aus
2022,Qatar,aus,Australia,73,1,Defence,4,Rowles,Centre-back,71,false,https://7a0.com.br/en/copas/2022/aus
2022,Qatar,aus,Australia,73,1,Defence,8,Wright,Centre-back,72,false,https://7a0.com.br/en/copas/2022/aus
2022,Qatar,aus,Australia,73,1,Defence,19,Souttar,Centre-back,79,false,https://7a0.com.br/en/copas/2022/aus
2022,Qatar,aus,Australia,73,1,Defence,20,T. Deng,Centre-back,68,false,https://7a0.com.br/en/copas/2022/aus
2022,Qatar,aus,Australia,73,1,Defence,16,Behich,Left-back,73,false,https://7a0.com.br/en/copas/2022/aus
2022,Qatar,aus,Australia,73,1,Defence,24,J. King,Left-back,69,false,https://7a0.com.br/en/copas/2022/aus
2022,Qatar,aus,Australia,73,1,Midfield,17,Devlin,Defensive midfielder,70,false,https://7a0.com.br/en/copas/2022/aus
2022,Qatar,aus,Australia,73,1,Midfield,26,Baccus,Defensive midfielder,69,false,https://7a0.com.br/en/copas/2022/aus
2022,Qatar,aus,Australia,73,1,Midfield,10,Hrustić,Midfielder,75,false,https://7a0.com.br/en/copas/2022/aus
2022,Qatar,aus,Australia,73,1,Midfield,13,Mooy,Midfielder,80,false,https://7a0.com.br/en/copas/2022/aus
2022,Qatar,aus,Australia,73,1,Midfield,14,McGree,Midfielder,74,false,https://7a0.com.br/en/copas/2022/aus
2022,Qatar,aus,Australia,73,1,Midfield,22,Irvine,Midfielder,79,false,https://7a0.com.br/en/copas/2022/aus
2022,Qatar,aus,Australia,73,1,Attack,7,Leckie,Right winger,81,false,https://7a0.com.br/en/copas/2022/aus
2022,Qatar,aus,Australia,73,1,Attack,9,Maclaren,Centre-forward,74,false,https://7a0.com.br/en/copas/2022/aus
2022,Qatar,aus,Australia,73,1,Attack,15,Duke,Centre-forward,73,false,https://7a0.com.br/en/copas/2022/aus
2022,Qatar,aus,Australia,73,1,Attack,25,Cummings,Centre-forward,67,false,https://7a0.com.br/en/copas/2022/aus
2022,Qatar,aus,Australia,73,1,Attack,6,Tilio,Left winger,68,false,https://7a0.com.br/en/copas/2022/aus
2022,Qatar,aus,Australia,73,1,Attack,11,Mabil,Left winger,76,false,https://7a0.com.br/en/copas/2022/aus
2022,Qatar,aus,Australia,73,1,Attack,21,G. Kuol,Left winger,68,false,https://7a0.com.br/en/copas/2022/aus
2022,Qatar,aus,Australia,73,1,Attack,23,Goodwin,Left winger,72,false,https://7a0.com.br/en/copas/2022/aus
2022,Qatar,bel,Belgium,78,2,Goalkeepers,1,Courtois,Goalkeeper,90,false,https://7a0.com.br/en/copas/2022/bel
2022,Qatar,bel,Belgium,78,2,Goalkeepers,12,Mignolet,Goalkeeper,76,false,https://7a0.com.br/en/copas/2022/bel
2022,Qatar,bel,Belgium,78,2,Goalkeepers,13,Casteels,Goalkeeper,74,false,https://7a0.com.br/en/copas/2022/bel
2022,Qatar,bel,Belgium,78,2,Defence,15,Meunier,Right-back,77,false,https://7a0.com.br/en/copas/2022/bel
2022,Qatar,bel,Belgium,78,2,Defence,21,Castagne,Right-back,77,false,https://7a0.com.br/en/copas/2022/bel
2022,Qatar,bel,Belgium,78,2,Defence,2,Alderweireld,Centre-back,79,false,https://7a0.com.br/en/copas/2022/bel
2022,Qatar,bel,Belgium,78,2,Defence,3,Theate,Centre-back,76,false,https://7a0.com.br/en/copas/2022/bel
2022,Qatar,bel,Belgium,78,2,Defence,4,Faes,Centre-back,75,false,https://7a0.com.br/en/copas/2022/bel
2022,Qatar,bel,Belgium,78,2,Defence,5,Vertonghen,Centre-back,78,false,https://7a0.com.br/en/copas/2022/bel
2022,Qatar,bel,Belgium,78,2,Defence,26,Debast,Centre-back,73,false,https://7a0.com.br/en/copas/2022/bel
2022,Qatar,bel,Belgium,78,2,Midfield,6,Witsel,Defensive midfielder,79,false,https://7a0.com.br/en/copas/2022/bel
2022,Qatar,bel,Belgium,78,2,Midfield,18,Onana,Defensive midfielder,80,false,https://7a0.com.br/en/copas/2022/bel
2022,Qatar,bel,Belgium,78,2,Midfield,19,Dendoncker,Defensive midfielder,75,false,https://7a0.com.br/en/copas/2022/bel
2022,Qatar,bel,Belgium,78,2,Midfield,8,Tielemans,Midfielder,81,false,https://7a0.com.br/en/copas/2022/bel
2022,Qatar,bel,Belgium,78,2,Midfield,20,Vanaken,Midfielder,74,false,https://7a0.com.br/en/copas/2022/bel
2022,Qatar,bel,Belgium,78,2,Midfield,16,T. Hazard,Left midfielder,77,false,https://7a0.com.br/en/copas/2022/bel
2022,Qatar,bel,Belgium,78,2,Midfield,7,De Bruyne,Attacking midfielder,90,true,https://7a0.com.br/en/copas/2022/bel
2022,Qatar,bel,Belgium,78,2,Midfield,14,Mertens,Attacking midfielder,78,false,https://7a0.com.br/en/copas/2022/bel
2022,Qatar,bel,Belgium,78,2,Midfield,22,De Ketelaere,Attacking midfielder,76,false,https://7a0.com.br/en/copas/2022/bel
2022,Qatar,bel,Belgium,78,2,Attack,25,Doku,Right winger,77,false,https://7a0.com.br/en/copas/2022/bel
2022,Qatar,bel,Belgium,78,2,Attack,9,Lukaku,Centre-forward,83,false,https://7a0.com.br/en/copas/2022/bel
2022,Qatar,bel,Belgium,78,2,Attack,23,Batshuayi,Centre-forward,76,false,https://7a0.com.br/en/copas/2022/bel
2022,Qatar,bel,Belgium,78,2,Attack,24,Openda,Centre-forward,76,false,https://7a0.com.br/en/copas/2022/bel
2022,Qatar,bel,Belgium,78,2,Attack,10,E. Hazard,Left winger,80,true,https://7a0.com.br/en/copas/2022/bel
2022,Qatar,bel,Belgium,78,2,Attack,11,Carrasco,Left winger,81,false,https://7a0.com.br/en/copas/2022/bel
2022,Qatar,bel,Belgium,78,2,Attack,17,Trossard,Left winger,80,false,https://7a0.com.br/en/copas/2022/bel
2022,Qatar,bra,Brazil,81,1,Goalkeepers,1,Alisson,Goalkeeper,89,false,https://7a0.com.br/en/copas/2022/bra
2022,Qatar,bra,Brazil,81,1,Goalkeepers,12,Weverton,Goalkeeper,70,false,https://7a0.com.br/en/copas/2022/bra
2022,Qatar,bra,Brazil,81,1,Goalkeepers,23,Ederson,Goalkeeper,85,false,https://7a0.com.br/en/copas/2022/bra
2022,Qatar,bra,Brazil,81,1,Defence,2,Danilo,Right-back,80,false,https://7a0.com.br/en/copas/2022/bra
2022,Qatar,bra,Brazil,81,1,Defence,13,Dani Alves,Right-back,74,false,https://7a0.com.br/en/copas/2022/bra
2022,Qatar,bra,Brazil,81,1,Defence,3,Thiago Silva,Centre-back,85,false,https://7a0.com.br/en/copas/2022/bra
2022,Qatar,bra,Brazil,81,1,Defence,4,Marquinhos,Centre-back,86,false,https://7a0.com.br/en/copas/2022/bra
2022,Qatar,bra,Brazil,81,1,Defence,14,Éder Militão,Centre-back,85,false,https://7a0.com.br/en/copas/2022/bra
2022,Qatar,bra,Brazil,81,1,Defence,24,Bremer,Centre-back,79,false,https://7a0.com.br/en/copas/2022/bra
2022,Qatar,bra,Brazil,81,1,Defence,6,Alex Sandro,Left-back,78,false,https://7a0.com.br/en/copas/2022/bra
2022,Qatar,bra,Brazil,81,1,Defence,16,Alex Telles,Left-back,75,false,https://7a0.com.br/en/copas/2022/bra
2022,Qatar,bra,Brazil,81,1,Midfield,5,Casemiro,Defensive midfielder,87,false,https://7a0.com.br/en/copas/2022/bra
2022,Qatar,bra,Brazil,81,1,Midfield,8,Fred,Defensive midfielder,77,false,https://7a0.com.br/en/copas/2022/bra
2022,Qatar,bra,Brazil,81,1,Midfield,15,Fabinho,Defensive midfielder,81,false,https://7a0.com.br/en/copas/2022/bra
2022,Qatar,bra,Brazil,81,1,Midfield,17,Bruno Guimarães,Defensive midfielder,81,false,https://7a0.com.br/en/copas/2022/bra
2022,Qatar,bra,Brazil,81,1,Midfield,22,Evertom R.,Defensive midfielder,74,false,https://7a0.com.br/en/copas/2022/bra
2022,Qatar,bra,Brazil,81,1,Midfield,7,Lucas Paquetá,Attacking midfielder,81,false,https://7a0.com.br/en/copas/2022/bra
2022,Qatar,bra,Brazil,81,1,Midfield,10,Neymar,Attacking midfielder,91,true,https://7a0.com.br/en/copas/2022/bra
2022,Qatar,bra,Brazil,81,1,Attack,11,Raphinha,Right winger,82,false,https://7a0.com.br/en/copas/2022/bra
2022,Qatar,bra,Brazil,81,1,Attack,19,Antony,Right winger,78,false,https://7a0.com.br/en/copas/2022/bra
2022,Qatar,bra,Brazil,81,1,Attack,21,Rodrygo,Right winger,80,false,https://7a0.com.br/en/copas/2022/bra
2022,Qatar,bra,Brazil,81,1,Attack,9,Richarlison,Centre-forward,82,false,https://7a0.com.br/en/copas/2022/bra
2022,Qatar,bra,Brazil,81,1,Attack,18,Gabriel Jesus,Centre-forward,81,false,https://7a0.com.br/en/copas/2022/bra
2022,Qatar,bra,Brazil,81,1,Attack,25,Pedro,Centre-forward,77,false,https://7a0.com.br/en/copas/2022/bra
2022,Qatar,bra,Brazil,81,1,Attack,20,Vinícius Júnior,Left winger,86,false,https://7a0.com.br/en/copas/2022/bra
2022,Qatar,bra,Brazil,81,1,Attack,26,Gabriel Martinelli,Left winger,79,false,https://7a0.com.br/en/copas/2022/bra
2022,Qatar,cmr,Cameroon,74,0,Goalkeepers,1,Onana,Goalkeeper,84,false,https://7a0.com.br/en/copas/2022/cmr
2022,Qatar,cmr,Cameroon,74,0,Goalkeepers,16,Epassy,Goalkeeper,70,false,https://7a0.com.br/en/copas/2022/cmr
2022,Qatar,cmr,Cameroon,74,0,Goalkeepers,23,Ngapandouetnbu,Goalkeeper,66,false,https://7a0.com.br/en/copas/2022/cmr
2022,Qatar,cmr,Cameroon,74,0,Defence,19,Fai,Right-back,72,false,https://7a0.com.br/en/copas/2022/cmr
2022,Qatar,cmr,Cameroon,74,0,Defence,22,Mbaizo,Right-back,71,false,https://7a0.com.br/en/copas/2022/cmr
2022,Qatar,cmr,Cameroon,74,0,Defence,2,Castelletto,Centre-back,74,false,https://7a0.com.br/en/copas/2022/cmr
2022,Qatar,cmr,Cameroon,74,0,Defence,4,Wooh,Centre-back,73,false,https://7a0.com.br/en/copas/2022/cmr
2022,Qatar,cmr,Cameroon,74,0,Defence,5,Marou,Centre-back,70,false,https://7a0.com.br/en/copas/2022/cmr
2022,Qatar,cmr,Cameroon,74,0,Defence,14,Ebosse,Centre-back,72,false,https://7a0.com.br/en/copas/2022/cmr
2022,Qatar,cmr,Cameroon,74,0,Defence,3,Nouhou,Left-back,73,false,https://7a0.com.br/en/copas/2022/cmr
2022,Qatar,cmr,Cameroon,74,0,Midfield,6,Ondoua,Defensive midfielder,72,false,https://7a0.com.br/en/copas/2022/cmr
2022,Qatar,cmr,Cameroon,74,0,Midfield,8,Anguissa,Defensive midfielder,81,false,https://7a0.com.br/en/copas/2022/cmr
2022,Qatar,cmr,Cameroon,74,0,Midfield,17,Oum Gouet,Defensive midfielder,72,false,https://7a0.com.br/en/copas/2022/cmr
2022,Qatar,cmr,Cameroon,74,0,Midfield,18,Hongla,Defensive midfielder,73,false,https://7a0.com.br/en/copas/2022/cmr
2022,Qatar,cmr,Cameroon,74,0,Midfield,7,Ntcham,Midfielder,73,false,https://7a0.com.br/en/copas/2022/cmr
2022,Qatar,cmr,Cameroon,74,0,Midfield,15,Kunde,Midfielder,74,false,https://7a0.com.br/en/copas/2022/cmr
2022,Qatar,cmr,Cameroon,74,0,Midfield,21,Léa Siliki,Midfielder,71,false,https://7a0.com.br/en/copas/2022/cmr
2022,Qatar,cmr,Cameroon,74,0,Attack,20,Mbeumo,Right winger,78,false,https://7a0.com.br/en/copas/2022/cmr
2022,Qatar,cmr,Cameroon,74,0,Attack,24,Ngamaleu,Right winger,72,false,https://7a0.com.br/en/copas/2022/cmr
2022,Qatar,cmr,Cameroon,74,0,Attack,9,Choupo-Moting,Centre-forward,79,false,https://7a0.com.br/en/copas/2022/cmr
2022,Qatar,cmr,Cameroon,74,0,Attack,10,Aboubakar,Centre-forward,78,false,https://7a0.com.br/en/copas/2022/cmr
2022,Qatar,cmr,Cameroon,74,0,Attack,13,Ganago,Centre-forward,71,false,https://7a0.com.br/en/copas/2022/cmr
2022,Qatar,cmr,Cameroon,74,0,Attack,25,Nsame,Centre-forward,72,false,https://7a0.com.br/en/copas/2022/cmr
2022,Qatar,cmr,Cameroon,74,0,Attack,11,Bassogog,Left winger,73,false,https://7a0.com.br/en/copas/2022/cmr
2022,Qatar,cmr,Cameroon,74,0,Attack,12,Toko Ekambi,Left winger,76,false,https://7a0.com.br/en/copas/2022/cmr
2022,Qatar,cmr,Cameroon,74,0,Attack,26,Nkoudou,Left winger,72,false,https://7a0.com.br/en/copas/2022/cmr
2022,Qatar,crc,Costa Rica,74,1,Goalkeepers,1,Keylor Navas,Goalkeeper,84,true,https://7a0.com.br/en/copas/2022/crc
2022,Qatar,crc,Costa Rica,74,1,Goalkeepers,18,Esteban Alvarado,Goalkeeper,72,false,https://7a0.com.br/en/copas/2022/crc
2022,Qatar,crc,Costa Rica,74,1,Defence,3,Juan Pablo Vargas,Centre-back,74,false,https://7a0.com.br/en/copas/2022/crc
2022,Qatar,crc,Costa Rica,74,1,Defence,4,Keysher Fuller,Centre-back,75,false,https://7a0.com.br/en/copas/2022/crc
2022,Qatar,crc,Costa Rica,74,1,Defence,6,Óscar Duarte,Centre-back,78,false,https://7a0.com.br/en/copas/2022/crc
2022,Qatar,crc,Costa Rica,74,1,Defence,15,Francisco Calvo,Centre-back,77,false,https://7a0.com.br/en/copas/2022/crc
2022,Qatar,crc,Costa Rica,74,1,Defence,19,Kendall Waston,Centre-back,77,false,https://7a0.com.br/en/copas/2022/crc
2022,Qatar,crc,Costa Rica,74,1,Defence,8,Bryan Oviedo,Left-back,76,false,https://7a0.com.br/en/copas/2022/crc
2022,Qatar,crc,Costa Rica,74,1,Defence,21,Rónald Matarrita,Left-back,74,false,https://7a0.com.br/en/copas/2022/crc
2022,Qatar,crc,Costa Rica,74,1,Midfield,5,Celso Borges,Defensive midfielder,85,false,https://7a0.com.br/en/copas/2022/crc
2022,Qatar,crc,Costa Rica,74,1,Midfield,2,Daniel Chacón,Midfielder,68,false,https://7a0.com.br/en/copas/2022/crc
2022,Qatar,crc,Costa Rica,74,1,Midfield,9,Jewison Bennette,Midfielder,70,false,https://7a0.com.br/en/copas/2022/crc
2022,Qatar,crc,Costa Rica,74,1,Midfield,10,Bryan Ruiz,Midfielder,84,false,https://7a0.com.br/en/copas/2022/crc
2022,Qatar,crc,Costa Rica,74,1,Midfield,11,Christian Bolaños,Midfielder,76,false,https://7a0.com.br/en/copas/2022/crc
2022,Qatar,crc,Costa Rica,74,1,Midfield,14,Youstin Salas,Midfielder,65,false,https://7a0.com.br/en/copas/2022/crc
2022,Qatar,crc,Costa Rica,74,1,Midfield,20,Brandon Aguilera,Midfielder,68,false,https://7a0.com.br/en/copas/2022/crc
2022,Qatar,crc,Costa Rica,74,1,Midfield,23,José Luis Palma,Midfielder,70,false,https://7a0.com.br/en/copas/2022/crc
2022,Qatar,crc,Costa Rica,74,1,Attack,24,Ian Smith,Right winger,64,false,https://7a0.com.br/en/copas/2022/crc
2022,Qatar,crc,Costa Rica,74,1,Attack,7,Anthony Contreras,Left winger,68,false,https://7a0.com.br/en/copas/2022/crc
2022,Qatar,crc,Costa Rica,74,1,Attack,12,Joel Campbell,Left winger,81,false,https://7a0.com.br/en/copas/2022/crc
2022,Qatar,crc,Costa Rica,74,1,Attack,13,Óscar Granados,Left winger,72,false,https://7a0.com.br/en/copas/2022/crc
2022,Qatar,crc,Costa Rica,74,1,Attack,22,Gerson Torres,Left winger,68,false,https://7a0.com.br/en/copas/2022/crc
2022,Qatar,cro,Croatia,81,2,Goalkeepers,1,Livaković,Goalkeeper,87,false,https://7a0.com.br/en/copas/2022/cro
2022,Qatar,cro,Croatia,81,2,Goalkeepers,12,Grbić,Goalkeeper,74,false,https://7a0.com.br/en/copas/2022/cro
2022,Qatar,cro,Croatia,81,2,Goalkeepers,23,Ivušić,Goalkeeper,72,false,https://7a0.com.br/en/copas/2022/cro
2022,Qatar,cro,Croatia,81,2,Defence,22,Juranović,Right-back,80,false,https://7a0.com.br/en/copas/2022/cro
2022,Qatar,cro,Croatia,81,2,Defence,6,Lovren,Centre-back,81,false,https://7a0.com.br/en/copas/2022/cro
2022,Qatar,cro,Croatia,81,2,Defence,20,Gvardiol,Centre-back,87,false,https://7a0.com.br/en/copas/2022/cro
2022,Qatar,cro,Croatia,81,2,Defence,21,Vida,Centre-back,76,false,https://7a0.com.br/en/copas/2022/cro
2022,Qatar,cro,Croatia,81,2,Defence,3,Barišić,Left-back,78,false,https://7a0.com.br/en/copas/2022/cro
2022,Qatar,cro,Croatia,81,2,Defence,19,Sosa,Left-back,80,false,https://7a0.com.br/en/copas/2022/cro
2022,Qatar,cro,Croatia,81,2,Midfield,11,Brozović,Defensive midfielder,86,false,https://7a0.com.br/en/copas/2022/cro
2022,Qatar,cro,Croatia,81,2,Midfield,8,Kovačić,Midfielder,87,false,https://7a0.com.br/en/copas/2022/cro
2022,Qatar,cro,Croatia,81,2,Midfield,10,Modrić,Midfielder,92,true,https://7a0.com.br/en/copas/2022/cro
2022,Qatar,cro,Croatia,81,2,Midfield,15,Pašalić,Midfielder,81,false,https://7a0.com.br/en/copas/2022/cro
2022,Qatar,cro,Croatia,81,2,Midfield,25,Sučić,Midfielder,76,false,https://7a0.com.br/en/copas/2022/cro
2022,Qatar,cro,Croatia,81,2,Midfield,7,Majer,Attacking midfielder,80,false,https://7a0.com.br/en/copas/2022/cro
2022,Qatar,cro,Croatia,81,2,Midfield,13,Vlašić,Attacking midfielder,82,false,https://7a0.com.br/en/copas/2022/cro
2022,Qatar,cro,Croatia,81,2,Attack,9,Kramarić,Centre-forward,85,false,https://7a0.com.br/en/copas/2022/cro
2022,Qatar,cro,Croatia,81,2,Attack,14,Livaja,Centre-forward,77,false,https://7a0.com.br/en/copas/2022/cro
2022,Qatar,cro,Croatia,81,2,Attack,16,Petković,Centre-forward,78,false,https://7a0.com.br/en/copas/2022/cro
2022,Qatar,cro,Croatia,81,2,Attack,17,Budimir,Centre-forward,76,false,https://7a0.com.br/en/copas/2022/cro
2022,Qatar,cro,Croatia,81,2,Attack,4,Perišić,Left winger,87,true,https://7a0.com.br/en/copas/2022/cro
2022,Qatar,cro,Croatia,81,2,Attack,18,Oršić,Left winger,79,false,https://7a0.com.br/en/copas/2022/cro
2022,Qatar,den,Denmark,76,0,Goalkeepers,1,Schmeichel,Goalkeeper,80,false,https://7a0.com.br/en/copas/2022/den
2022,Qatar,den,Denmark,76,0,Goalkeepers,16,O. Christensen,Goalkeeper,68,false,https://7a0.com.br/en/copas/2022/den
2022,Qatar,den,Denmark,76,0,Goalkeepers,22,Rønnow,Goalkeeper,72,false,https://7a0.com.br/en/copas/2022/den
2022,Qatar,den,Denmark,76,0,Defence,13,R. Kristensen,Right-back,74,false,https://7a0.com.br/en/copas/2022/den
2022,Qatar,den,Denmark,76,0,Defence,17,Stryger Larsen,Right-back,74,false,https://7a0.com.br/en/copas/2022/den
2022,Qatar,den,Denmark,76,0,Defence,18,Wass,Right-back,74,false,https://7a0.com.br/en/copas/2022/den
2022,Qatar,den,Denmark,76,0,Defence,26,Bah,Right-back,74,false,https://7a0.com.br/en/copas/2022/den
2022,Qatar,den,Denmark,76,0,Defence,2,J. Andersen,Centre-back,78,false,https://7a0.com.br/en/copas/2022/den
2022,Qatar,den,Denmark,76,0,Defence,3,Vestergaard,Centre-back,75,false,https://7a0.com.br/en/copas/2022/den
2022,Qatar,den,Denmark,76,0,Defence,4,Kjær,Centre-back,80,false,https://7a0.com.br/en/copas/2022/den
2022,Qatar,den,Denmark,76,0,Defence,6,A. Christensen,Centre-back,81,false,https://7a0.com.br/en/copas/2022/den
2022,Qatar,den,Denmark,76,0,Defence,24,Nelsson,Centre-back,74,false,https://7a0.com.br/en/copas/2022/den
2022,Qatar,den,Denmark,76,0,Defence,5,Mæhle,Left-back,78,false,https://7a0.com.br/en/copas/2022/den
2022,Qatar,den,Denmark,76,0,Midfield,8,Delaney,Defensive midfielder,78,false,https://7a0.com.br/en/copas/2022/den
2022,Qatar,den,Denmark,76,0,Midfield,15,Nørgaard,Defensive midfielder,75,false,https://7a0.com.br/en/copas/2022/den
2022,Qatar,den,Denmark,76,0,Midfield,23,Højbjerg,Defensive midfielder,82,false,https://7a0.com.br/en/copas/2022/den
2022,Qatar,den,Denmark,76,0,Midfield,7,M. Jensen,Midfielder,74,false,https://7a0.com.br/en/copas/2022/den
2022,Qatar,den,Denmark,76,0,Midfield,10,Eriksen,Attacking midfielder,85,false,https://7a0.com.br/en/copas/2022/den
2022,Qatar,den,Denmark,76,0,Midfield,14,Damsgaard,Attacking midfielder,76,false,https://7a0.com.br/en/copas/2022/den
2022,Qatar,den,Denmark,76,0,Midfield,25,Lindstrøm,Attacking midfielder,76,false,https://7a0.com.br/en/copas/2022/den
2022,Qatar,den,Denmark,76,0,Attack,11,Skov Olsen,Right winger,75,false,https://7a0.com.br/en/copas/2022/den
2022,Qatar,den,Denmark,76,0,Attack,9,Braithwaite,Centre-forward,77,false,https://7a0.com.br/en/copas/2022/den
2022,Qatar,den,Denmark,76,0,Attack,12,Dolberg,Centre-forward,75,false,https://7a0.com.br/en/copas/2022/den
2022,Qatar,den,Denmark,76,0,Attack,19,Wind,Centre-forward,74,false,https://7a0.com.br/en/copas/2022/den
2022,Qatar,den,Denmark,76,0,Attack,20,Y. Poulsen,Centre-forward,75,false,https://7a0.com.br/en/copas/2022/den
2022,Qatar,den,Denmark,76,0,Attack,21,Cornelius,Centre-forward,73,false,https://7a0.com.br/en/copas/2022/den
2022,Qatar,ecu,Ecuador,76,0,Goalkeepers,1,Galíndez,Goalkeeper,76,false,https://7a0.com.br/en/copas/2022/ecu
2022,Qatar,ecu,Ecuador,76,0,Goalkeepers,12,Ramírez,Goalkeeper,73,false,https://7a0.com.br/en/copas/2022/ecu
2022,Qatar,ecu,Ecuador,76,0,Goalkeepers,22,Domínguez,Goalkeeper,74,false,https://7a0.com.br/en/copas/2022/ecu
2022,Qatar,ecu,Ecuador,76,0,Defence,17,Á. Preciado,Right-back,77,false,https://7a0.com.br/en/copas/2022/ecu
2022,Qatar,ecu,Ecuador,76,0,Defence,2,F. Torres,Centre-back,77,false,https://7a0.com.br/en/copas/2022/ecu
2022,Qatar,ecu,Ecuador,76,0,Defence,3,Hincapié,Centre-back,80,false,https://7a0.com.br/en/copas/2022/ecu
2022,Qatar,ecu,Ecuador,76,0,Defence,4,Arboleda,Centre-back,77,false,https://7a0.com.br/en/copas/2022/ecu
2022,Qatar,ecu,Ecuador,76,0,Defence,6,Pacho,Centre-back,76,false,https://7a0.com.br/en/copas/2022/ecu
2022,Qatar,ecu,Ecuador,76,0,Defence,14,Arreaga,Centre-back,74,false,https://7a0.com.br/en/copas/2022/ecu
2022,Qatar,ecu,Ecuador,76,0,Defence,25,Porozo,Centre-back,73,false,https://7a0.com.br/en/copas/2022/ecu
2022,Qatar,ecu,Ecuador,76,0,Defence,7,Estupiñán,Left-back,80,false,https://7a0.com.br/en/copas/2022/ecu
2022,Qatar,ecu,Ecuador,76,0,Defence,18,Palacios,Left-back,74,false,https://7a0.com.br/en/copas/2022/ecu
2022,Qatar,ecu,Ecuador,76,0,Defence,24,D. Reasco,Left-back,72,false,https://7a0.com.br/en/copas/2022/ecu
2022,Qatar,ecu,Ecuador,76,0,Midfield,5,Cifuentes,Defensive midfielder,76,false,https://7a0.com.br/en/copas/2022/ecu
2022,Qatar,ecu,Ecuador,76,0,Midfield,8,Gruezo,Defensive midfielder,76,false,https://7a0.com.br/en/copas/2022/ecu
2022,Qatar,ecu,Ecuador,76,0,Midfield,20,S. Méndez,Defensive midfielder,74,false,https://7a0.com.br/en/copas/2022/ecu
2022,Qatar,ecu,Ecuador,76,0,Midfield,21,Franco,Defensive midfielder,75,false,https://7a0.com.br/en/copas/2022/ecu
2022,Qatar,ecu,Ecuador,76,0,Midfield,23,Caicedo,Defensive midfielder,82,false,https://7a0.com.br/en/copas/2022/ecu
2022,Qatar,ecu,Ecuador,76,0,Midfield,15,Mena,Left midfielder,74,false,https://7a0.com.br/en/copas/2022/ecu
2022,Qatar,ecu,Ecuador,76,0,Attack,19,Plata,Right winger,78,false,https://7a0.com.br/en/copas/2022/ecu
2022,Qatar,ecu,Ecuador,76,0,Attack,11,Estrada,Centre-forward,74,false,https://7a0.com.br/en/copas/2022/ecu
2022,Qatar,ecu,Ecuador,76,0,Attack,13,E. Valencia,Centre-forward,81,false,https://7a0.com.br/en/copas/2022/ecu
2022,Qatar,ecu,Ecuador,76,0,Attack,26,K. Rodríguez,Centre-forward,72,false,https://7a0.com.br/en/copas/2022/ecu
2022,Qatar,ecu,Ecuador,76,0,Attack,9,A. Preciado,Left winger,74,false,https://7a0.com.br/en/copas/2022/ecu
2022,Qatar,ecu,Ecuador,76,0,Attack,10,Ibarra,Left winger,75,false,https://7a0.com.br/en/copas/2022/ecu
2022,Qatar,ecu,Ecuador,76,0,Attack,16,Sarmiento,Left winger,75,false,https://7a0.com.br/en/copas/2022/ecu
2022,Qatar,eng,England,80,0,Goalkeepers,1,Pickford,Goalkeeper,82,false,https://7a0.com.br/en/copas/2022/eng
2022,Qatar,eng,England,80,0,Goalkeepers,13,Pope,Goalkeeper,78,false,https://7a0.com.br/en/copas/2022/eng
2022,Qatar,eng,England,80,0,Goalkeepers,23,Ramsdale,Goalkeeper,72,false,https://7a0.com.br/en/copas/2022/eng
2022,Qatar,eng,England,80,0,Defence,2,Walker,Right-back,83,false,https://7a0.com.br/en/copas/2022/eng
2022,Qatar,eng,England,80,0,Defence,12,Trippier,Right-back,80,false,https://7a0.com.br/en/copas/2022/eng
2022,Qatar,eng,England,80,0,Defence,18,Alexander-Arnold,Right-back,81,false,https://7a0.com.br/en/copas/2022/eng
2022,Qatar,eng,England,80,0,Defence,5,Stones,Centre-back,83,false,https://7a0.com.br/en/copas/2022/eng
2022,Qatar,eng,England,80,0,Defence,6,Maguire,Centre-back,81,false,https://7a0.com.br/en/copas/2022/eng
2022,Qatar,eng,England,80,0,Defence,15,Dier,Centre-back,79,false,https://7a0.com.br/en/copas/2022/eng
2022,Qatar,eng,England,80,0,Defence,16,Coady,Centre-back,76,false,https://7a0.com.br/en/copas/2022/eng
2022,Qatar,eng,England,80,0,Defence,21,White,Centre-back,78,false,https://7a0.com.br/en/copas/2022/eng
2022,Qatar,eng,England,80,0,Defence,3,Shaw,Left-back,81,false,https://7a0.com.br/en/copas/2022/eng
2022,Qatar,eng,England,80,0,Midfield,4,Rice,Defensive midfielder,84,false,https://7a0.com.br/en/copas/2022/eng
2022,Qatar,eng,England,80,0,Midfield,14,Phillips,Defensive midfielder,79,false,https://7a0.com.br/en/copas/2022/eng
2022,Qatar,eng,England,80,0,Midfield,8,J. Henderson,Midfielder,79,false,https://7a0.com.br/en/copas/2022/eng
2022,Qatar,eng,England,80,0,Midfield,22,Bellingham,Midfielder,84,false,https://7a0.com.br/en/copas/2022/eng
2022,Qatar,eng,England,80,0,Midfield,26,Gallagher,Midfielder,76,false,https://7a0.com.br/en/copas/2022/eng
2022,Qatar,eng,England,80,0,Midfield,19,Mount,Attacking midfielder,80,false,https://7a0.com.br/en/copas/2022/eng
2022,Qatar,eng,England,80,0,Midfield,20,Foden,Attacking midfielder,83,false,https://7a0.com.br/en/copas/2022/eng
2022,Qatar,eng,England,80,0,Midfield,25,Maddison,Attacking midfielder,79,false,https://7a0.com.br/en/copas/2022/eng
2022,Qatar,eng,England,80,0,Attack,17,Saka,Right winger,84,false,https://7a0.com.br/en/copas/2022/eng
2022,Qatar,eng,England,80,0,Attack,9,Kane,Centre-forward,89,false,https://7a0.com.br/en/copas/2022/eng
2022,Qatar,eng,England,80,0,Attack,24,Wilson,Centre-forward,76,false,https://7a0.com.br/en/copas/2022/eng
2022,Qatar,eng,England,80,0,Attack,7,Grealish,Left winger,81,false,https://7a0.com.br/en/copas/2022/eng
2022,Qatar,eng,England,80,0,Attack,10,Sterling,Left winger,82,false,https://7a0.com.br/en/copas/2022/eng
2022,Qatar,eng,England,80,0,Attack,11,Rashford,Left winger,81,false,https://7a0.com.br/en/copas/2022/eng
2022,Qatar,fra,France,81,1,Goalkeepers,1,Lloris,Goalkeeper,84,false,https://7a0.com.br/en/copas/2022/fra
2022,Qatar,fra,France,81,1,Goalkeepers,16,Mandanda,Goalkeeper,73,false,https://7a0.com.br/en/copas/2022/fra
2022,Qatar,fra,France,81,1,Goalkeepers,23,Areola,Goalkeeper,75,false,https://7a0.com.br/en/copas/2022/fra
2022,Qatar,fra,France,81,1,Defence,2,Pavard,Right-back,82,false,https://7a0.com.br/en/copas/2022/fra
2022,Qatar,fra,France,81,1,Defence,5,Koundé,Right-back,82,false,https://7a0.com.br/en/copas/2022/fra
2022,Qatar,fra,France,81,1,Defence,3,Disasi,Centre-back,76,false,https://7a0.com.br/en/copas/2022/fra
2022,Qatar,fra,France,81,1,Defence,4,Varane,Centre-back,85,false,https://7a0.com.br/en/copas/2022/fra
2022,Qatar,fra,France,81,1,Defence,17,Saliba,Centre-back,81,false,https://7a0.com.br/en/copas/2022/fra
2022,Qatar,fra,France,81,1,Defence,18,Upamecano,Centre-back,82,false,https://7a0.com.br/en/copas/2022/fra
2022,Qatar,fra,France,81,1,Defence,24,Konaté,Centre-back,80,false,https://7a0.com.br/en/copas/2022/fra
2022,Qatar,fra,France,81,1,Defence,21,Lucas Hernandez,Left-back,80,false,https://7a0.com.br/en/copas/2022/fra
2022,Qatar,fra,France,81,1,Defence,22,Theo Hernandez,Left-back,84,false,https://7a0.com.br/en/copas/2022/fra
2022,Qatar,fra,France,81,1,Midfield,6,Guendouzi,Defensive midfielder,76,false,https://7a0.com.br/en/copas/2022/fra
2022,Qatar,fra,France,81,1,Midfield,8,Tchouaméni,Defensive midfielder,84,false,https://7a0.com.br/en/copas/2022/fra
2022,Qatar,fra,France,81,1,Midfield,13,Fofana,Defensive midfielder,76,false,https://7a0.com.br/en/copas/2022/fra
2022,Qatar,fra,France,81,1,Midfield,15,Veretout,Defensive midfielder,74,false,https://7a0.com.br/en/copas/2022/fra
2022,Qatar,fra,France,81,1,Midfield,25,Camavinga,Defensive midfielder,81,false,https://7a0.com.br/en/copas/2022/fra
2022,Qatar,fra,France,81,1,Midfield,14,Rabiot,Left midfielder,82,false,https://7a0.com.br/en/copas/2022/fra
2022,Qatar,fra,France,81,1,Midfield,7,Griezmann,Attacking midfielder,89,false,https://7a0.com.br/en/copas/2022/fra
2022,Qatar,fra,France,81,1,Attack,11,Dembélé,Right winger,83,false,https://7a0.com.br/en/copas/2022/fra
2022,Qatar,fra,France,81,1,Attack,9,Giroud,Centre-forward,82,false,https://7a0.com.br/en/copas/2022/fra
2022,Qatar,fra,France,81,1,Attack,12,Kolo Muani,Centre-forward,79,false,https://7a0.com.br/en/copas/2022/fra
2022,Qatar,fra,France,81,1,Attack,19,Benzema,Centre-forward,89,false,https://7a0.com.br/en/copas/2022/fra
2022,Qatar,fra,France,81,1,Attack,26,Marcus Thuram,Centre-forward,78,false,https://7a0.com.br/en/copas/2022/fra
2022,Qatar,fra,France,81,1,Attack,10,Mbappé,Left winger,94,true,https://7a0.com.br/en/copas/2022/fra
2022,Qatar,fra,France,81,1,Attack,20,Coman,Left winger,81,false,https://7a0.com.br/en/copas/2022/fra
2022,Qatar,ger,Germany,81,2,Goalkeepers,1,Neuer,Goalkeeper,89,true,https://7a0.com.br/en/copas/2022/ger
2022,Qatar,ger,Germany,81,2,Goalkeepers,12,Trapp,Goalkeeper,77,false,https://7a0.com.br/en/copas/2022/ger
2022,Qatar,ger,Germany,81,2,Goalkeepers,22,ter Stegen,Goalkeeper,85,false,https://7a0.com.br/en/copas/2022/ger
2022,Qatar,ger,Germany,81,2,Defence,5,Kehrer,Right-back,78,false,https://7a0.com.br/en/copas/2022/ger
2022,Qatar,ger,Germany,81,2,Defence,16,Klostermann,Right-back,77,false,https://7a0.com.br/en/copas/2022/ger
2022,Qatar,ger,Germany,81,2,Defence,2,Rüdiger,Centre-back,85,false,https://7a0.com.br/en/copas/2022/ger
2022,Qatar,ger,Germany,81,2,Defence,4,Ginter,Centre-back,80,false,https://7a0.com.br/en/copas/2022/ger
2022,Qatar,ger,Germany,81,2,Defence,15,Süle,Centre-back,81,false,https://7a0.com.br/en/copas/2022/ger
2022,Qatar,ger,Germany,81,2,Defence,23,Schlotterbeck,Centre-back,79,false,https://7a0.com.br/en/copas/2022/ger
2022,Qatar,ger,Germany,81,2,Defence,25,Bella-Kotchap,Centre-back,75,false,https://7a0.com.br/en/copas/2022/ger
2022,Qatar,ger,Germany,81,2,Defence,3,Raum,Left-back,79,false,https://7a0.com.br/en/copas/2022/ger
2022,Qatar,ger,Germany,81,2,Defence,20,Günter,Left-back,76,false,https://7a0.com.br/en/copas/2022/ger
2022,Qatar,ger,Germany,81,2,Midfield,6,Kimmich,Defensive midfielder,88,false,https://7a0.com.br/en/copas/2022/ger
2022,Qatar,ger,Germany,81,2,Midfield,8,Goretzka,Defensive midfielder,82,false,https://7a0.com.br/en/copas/2022/ger
2022,Qatar,ger,Germany,81,2,Midfield,21,Gündogan,Midfielder,86,false,https://7a0.com.br/en/copas/2022/ger
2022,Qatar,ger,Germany,81,2,Midfield,11,Götze,Attacking midfielder,79,false,https://7a0.com.br/en/copas/2022/ger
2022,Qatar,ger,Germany,81,2,Midfield,13,T. Müller,Attacking midfielder,84,true,https://7a0.com.br/en/copas/2022/ger
2022,Qatar,ger,Germany,81,2,Midfield,14,Musiala,Attacking midfielder,86,false,https://7a0.com.br/en/copas/2022/ger
2022,Qatar,ger,Germany,81,2,Midfield,17,Brandt,Attacking midfielder,81,false,https://7a0.com.br/en/copas/2022/ger
2022,Qatar,ger,Germany,81,2,Attack,10,Gnabry,Right winger,82,false,https://7a0.com.br/en/copas/2022/ger
2022,Qatar,ger,Germany,81,2,Attack,18,Hofmann,Right winger,78,false,https://7a0.com.br/en/copas/2022/ger
2022,Qatar,ger,Germany,81,2,Attack,7,Havertz,Centre-forward,83,false,https://7a0.com.br/en/copas/2022/ger
2022,Qatar,ger,Germany,81,2,Attack,9,Füllkrug,Centre-forward,79,false,https://7a0.com.br/en/copas/2022/ger
2022,Qatar,ger,Germany,81,2,Attack,26,Moukoko,Centre-forward,75,false,https://7a0.com.br/en/copas/2022/ger
2022,Qatar,ger,Germany,81,2,Attack,19,Sané,Left winger,85,false,https://7a0.com.br/en/copas/2022/ger
2022,Qatar,ger,Germany,81,2,Attack,24,Adeyemi,Left winger,77,false,https://7a0.com.br/en/copas/2022/ger
2022,Qatar,gha,Ghana,74,0,Goalkeepers,1,Ati-Zigi,Goalkeeper,73,false,https://7a0.com.br/en/copas/2022/gha
2022,Qatar,gha,Ghana,74,0,Goalkeepers,16,Nurudeen,Goalkeeper,68,false,https://7a0.com.br/en/copas/2022/gha
2022,Qatar,gha,Ghana,74,0,Goalkeepers,25,Danlad,Goalkeeper,66,false,https://7a0.com.br/en/copas/2022/gha
2022,Qatar,gha,Ghana,74,0,Defence,2,Lamptey,Right-back,76,false,https://7a0.com.br/en/copas/2022/gha
2022,Qatar,gha,Ghana,74,0,Defence,3,Odoi,Right-back,72,false,https://7a0.com.br/en/copas/2022/gha
2022,Qatar,gha,Ghana,74,0,Defence,24,Seidu,Right-back,71,false,https://7a0.com.br/en/copas/2022/gha
2022,Qatar,gha,Ghana,74,0,Defence,4,Amartey,Centre-back,75,false,https://7a0.com.br/en/copas/2022/gha
2022,Qatar,gha,Ghana,74,0,Defence,6,Salisu,Centre-back,77,false,https://7a0.com.br/en/copas/2022/gha
2022,Qatar,gha,Ghana,74,0,Defence,13,Aidoo,Centre-back,73,false,https://7a0.com.br/en/copas/2022/gha
2022,Qatar,gha,Ghana,74,0,Defence,23,Djiku,Centre-back,74,false,https://7a0.com.br/en/copas/2022/gha
2022,Qatar,gha,Ghana,74,0,Defence,26,Abdul Mumin,Centre-back,72,false,https://7a0.com.br/en/copas/2022/gha
2022,Qatar,gha,Ghana,74,0,Defence,14,G. Mensah,Left-back,72,false,https://7a0.com.br/en/copas/2022/gha
2022,Qatar,gha,Ghana,74,0,Defence,17,Baba Rahman,Left-back,72,false,https://7a0.com.br/en/copas/2022/gha
2022,Qatar,gha,Ghana,74,0,Midfield,5,T. Partey,Defensive midfielder,84,false,https://7a0.com.br/en/copas/2022/gha
2022,Qatar,gha,Ghana,74,0,Midfield,15,I. Baba,Defensive midfielder,71,false,https://7a0.com.br/en/copas/2022/gha
2022,Qatar,gha,Ghana,74,0,Midfield,21,Abdul Samed,Defensive midfielder,73,false,https://7a0.com.br/en/copas/2022/gha
2022,Qatar,gha,Ghana,74,0,Midfield,8,Kyereh,Attacking midfielder,73,false,https://7a0.com.br/en/copas/2022/gha
2022,Qatar,gha,Ghana,74,0,Midfield,10,A. Ayew,Attacking midfielder,77,false,https://7a0.com.br/en/copas/2022/gha
2022,Qatar,gha,Ghana,74,0,Midfield,20,Kudus,Attacking midfielder,82,false,https://7a0.com.br/en/copas/2022/gha
2022,Qatar,gha,Ghana,74,0,Attack,11,Bukari,Right winger,72,false,https://7a0.com.br/en/copas/2022/gha
2022,Qatar,gha,Ghana,74,0,Attack,12,Issahaku,Right winger,72,false,https://7a0.com.br/en/copas/2022/gha
2022,Qatar,gha,Ghana,74,0,Attack,7,Semenyo,Centre-forward,72,false,https://7a0.com.br/en/copas/2022/gha
2022,Qatar,gha,Ghana,74,0,Attack,9,J. Ayew,Centre-forward,76,false,https://7a0.com.br/en/copas/2022/gha
2022,Qatar,gha,Ghana,74,0,Attack,18,Afriyie,Centre-forward,70,false,https://7a0.com.br/en/copas/2022/gha
2022,Qatar,gha,Ghana,74,0,Attack,19,I. Williams,Centre-forward,78,false,https://7a0.com.br/en/copas/2022/gha
2022,Qatar,gha,Ghana,74,0,Attack,22,Kamaldeen,Left winger,74,false,https://7a0.com.br/en/copas/2022/gha
2022,Qatar,jpn,Japan,75,0,Goalkeepers,1,Kawashima,Goalkeeper,68,false,https://7a0.com.br/en/copas/2022/jpn
2022,Qatar,jpn,Japan,75,0,Goalkeepers,12,Gonda,Goalkeeper,73,false,https://7a0.com.br/en/copas/2022/jpn
2022,Qatar,jpn,Japan,75,0,Goalkeepers,23,Schmidt,Goalkeeper,70,false,https://7a0.com.br/en/copas/2022/jpn
2022,Qatar,jpn,Japan,75,0,Defence,2,Yamane,Right-back,73,false,https://7a0.com.br/en/copas/2022/jpn
2022,Qatar,jpn,Japan,75,0,Defence,19,Sakai H.,Right-back,74,false,https://7a0.com.br/en/copas/2022/jpn
2022,Qatar,jpn,Japan,75,0,Defence,3,Taniguchi,Centre-back,73,false,https://7a0.com.br/en/copas/2022/jpn
2022,Qatar,jpn,Japan,75,0,Defence,4,Itakura,Centre-back,77,false,https://7a0.com.br/en/copas/2022/jpn
2022,Qatar,jpn,Japan,75,0,Defence,16,Tomiyasu,Centre-back,81,false,https://7a0.com.br/en/copas/2022/jpn
2022,Qatar,jpn,Japan,75,0,Defence,22,Yoshida,Centre-back,78,false,https://7a0.com.br/en/copas/2022/jpn
2022,Qatar,jpn,Japan,75,0,Defence,26,H. Itō,Centre-back,74,false,https://7a0.com.br/en/copas/2022/jpn
2022,Qatar,jpn,Japan,75,0,Defence,5,Nagatomo,Left-back,74,false,https://7a0.com.br/en/copas/2022/jpn
2022,Qatar,jpn,Japan,75,0,Midfield,6,Endō,Defensive midfielder,79,false,https://7a0.com.br/en/copas/2022/jpn
2022,Qatar,jpn,Japan,75,0,Midfield,7,Shibasaki,Defensive midfielder,74,false,https://7a0.com.br/en/copas/2022/jpn
2022,Qatar,jpn,Japan,75,0,Midfield,13,Morita,Defensive midfielder,76,false,https://7a0.com.br/en/copas/2022/jpn
2022,Qatar,jpn,Japan,75,0,Midfield,17,Tanaka,Defensive midfielder,74,false,https://7a0.com.br/en/copas/2022/jpn
2022,Qatar,jpn,Japan,75,0,Midfield,10,Minamino,Attacking midfielder,77,false,https://7a0.com.br/en/copas/2022/jpn
2022,Qatar,jpn,Japan,75,0,Midfield,15,Kamada,Attacking midfielder,80,false,https://7a0.com.br/en/copas/2022/jpn
2022,Qatar,jpn,Japan,75,0,Attack,8,Dōan,Right winger,78,false,https://7a0.com.br/en/copas/2022/jpn
2022,Qatar,jpn,Japan,75,0,Attack,11,Kubo,Right winger,79,false,https://7a0.com.br/en/copas/2022/jpn
2022,Qatar,jpn,Japan,75,0,Attack,14,J. Itō,Right winger,78,false,https://7a0.com.br/en/copas/2022/jpn
2022,Qatar,jpn,Japan,75,0,Attack,18,Asano,Centre-forward,74,false,https://7a0.com.br/en/copas/2022/jpn
2022,Qatar,jpn,Japan,75,0,Attack,20,Machino,Centre-forward,68,false,https://7a0.com.br/en/copas/2022/jpn
2022,Qatar,jpn,Japan,75,0,Attack,21,Ueda,Centre-forward,72,false,https://7a0.com.br/en/copas/2022/jpn
2022,Qatar,jpn,Japan,75,0,Attack,25,Maeda,Centre-forward,74,false,https://7a0.com.br/en/copas/2022/jpn
2022,Qatar,jpn,Japan,75,0,Attack,9,Mitoma,Left winger,83,false,https://7a0.com.br/en/copas/2022/jpn
2022,Qatar,jpn,Japan,75,0,Attack,24,Sōma,Left winger,69,false,https://7a0.com.br/en/copas/2022/jpn
2022,Qatar,mar,Morocco,75,1,Goalkeepers,1,Bono,Goalkeeper,87,false,https://7a0.com.br/en/copas/2022/mar
2022,Qatar,mar,Morocco,75,1,Goalkeepers,12,Munir Mohamedi,Goalkeeper,70,false,https://7a0.com.br/en/copas/2022/mar
2022,Qatar,mar,Morocco,75,1,Goalkeepers,22,Tagnaouti,Goalkeeper,69,false,https://7a0.com.br/en/copas/2022/mar
2022,Qatar,mar,Morocco,75,1,Defence,2,Hakimi,Right-back,88,true,https://7a0.com.br/en/copas/2022/mar
2022,Qatar,mar,Morocco,75,1,Defence,3,Mazraoui,Right-back,79,false,https://7a0.com.br/en/copas/2022/mar
2022,Qatar,mar,Morocco,75,1,Defence,5,Aguerd,Centre-back,78,false,https://7a0.com.br/en/copas/2022/mar
2022,Qatar,mar,Morocco,75,1,Defence,6,Saïss,Centre-back,78,false,https://7a0.com.br/en/copas/2022/mar
2022,Qatar,mar,Morocco,75,1,Defence,18,El Yamiq,Centre-back,73,false,https://7a0.com.br/en/copas/2022/mar
2022,Qatar,mar,Morocco,75,1,Defence,20,Dari,Centre-back,71,false,https://7a0.com.br/en/copas/2022/mar
2022,Qatar,mar,Morocco,75,1,Defence,24,Benoun,Centre-back,70,false,https://7a0.com.br/en/copas/2022/mar
2022,Qatar,mar,Morocco,75,1,Defence,25,Attiyat Allah,Left-back,71,false,https://7a0.com.br/en/copas/2022/mar
2022,Qatar,mar,Morocco,75,1,Midfield,4,S. Amrabat,Defensive midfielder,86,false,https://7a0.com.br/en/copas/2022/mar
2022,Qatar,mar,Morocco,75,1,Midfield,8,Ounahi,Defensive midfielder,77,false,https://7a0.com.br/en/copas/2022/mar
2022,Qatar,mar,Morocco,75,1,Midfield,15,Amallah,Defensive midfielder,74,false,https://7a0.com.br/en/copas/2022/mar
2022,Qatar,mar,Morocco,75,1,Midfield,26,Jabrane,Defensive midfielder,70,false,https://7a0.com.br/en/copas/2022/mar
2022,Qatar,mar,Morocco,75,1,Midfield,11,Sabiri,Attacking midfielder,72,false,https://7a0.com.br/en/copas/2022/mar
2022,Qatar,mar,Morocco,75,1,Midfield,13,Chair,Attacking midfielder,73,false,https://7a0.com.br/en/copas/2022/mar
2022,Qatar,mar,Morocco,75,1,Midfield,23,El Khannouss,Attacking midfielder,71,false,https://7a0.com.br/en/copas/2022/mar
2022,Qatar,mar,Morocco,75,1,Attack,7,Ziyech,Right winger,82,false,https://7a0.com.br/en/copas/2022/mar
2022,Qatar,mar,Morocco,75,1,Attack,14,Aboukhlal,Right winger,75,false,https://7a0.com.br/en/copas/2022/mar
2022,Qatar,mar,Morocco,75,1,Attack,9,Hamdallah,Centre-forward,73,false,https://7a0.com.br/en/copas/2022/mar
2022,Qatar,mar,Morocco,75,1,Attack,19,En-Nesyri,Centre-forward,78,false,https://7a0.com.br/en/copas/2022/mar
2022,Qatar,mar,Morocco,75,1,Attack,21,Cheddira,Centre-forward,71,false,https://7a0.com.br/en/copas/2022/mar
2022,Qatar,mar,Morocco,75,1,Attack,10,Zaroury,Left winger,70,false,https://7a0.com.br/en/copas/2022/mar
2022,Qatar,mar,Morocco,75,1,Attack,16,Ezzalzouli,Left winger,74,false,https://7a0.com.br/en/copas/2022/mar
2022,Qatar,mar,Morocco,75,1,Attack,17,Boufal,Left winger,76,false,https://7a0.com.br/en/copas/2022/mar
2022,Qatar,ned,Netherlands,80,0,Goalkeepers,1,Pasveer,Goalkeeper,78,false,https://7a0.com.br/en/copas/2022/ned
2022,Qatar,ned,Netherlands,80,0,Goalkeepers,13,Bijlow,Goalkeeper,76,false,https://7a0.com.br/en/copas/2022/ned
2022,Qatar,ned,Netherlands,80,0,Goalkeepers,23,Noppert,Goalkeeper,74,false,https://7a0.com.br/en/copas/2022/ned
2022,Qatar,ned,Netherlands,80,0,Defence,22,Dumfries,Right-back,81,false,https://7a0.com.br/en/copas/2022/ned
2022,Qatar,ned,Netherlands,80,0,Defence,26,Frimpong,Right-back,78,false,https://7a0.com.br/en/copas/2022/ned
2022,Qatar,ned,Netherlands,80,0,Defence,2,Timber,Centre-back,80,false,https://7a0.com.br/en/copas/2022/ned
2022,Qatar,ned,Netherlands,80,0,Defence,3,De Ligt,Centre-back,84,false,https://7a0.com.br/en/copas/2022/ned
2022,Qatar,ned,Netherlands,80,0,Defence,4,Van Dijk,Centre-back,89,false,https://7a0.com.br/en/copas/2022/ned
2022,Qatar,ned,Netherlands,80,0,Defence,5,Aké,Centre-back,82,false,https://7a0.com.br/en/copas/2022/ned
2022,Qatar,ned,Netherlands,80,0,Defence,6,De Vrij,Centre-back,81,false,https://7a0.com.br/en/copas/2022/ned
2022,Qatar,ned,Netherlands,80,0,Defence,16,Malacia,Left-back,77,false,https://7a0.com.br/en/copas/2022/ned
2022,Qatar,ned,Netherlands,80,0,Defence,17,Blind,Left-back,79,false,https://7a0.com.br/en/copas/2022/ned
2022,Qatar,ned,Netherlands,80,0,Midfield,15,De Roon,Defensive midfielder,79,false,https://7a0.com.br/en/copas/2022/ned
2022,Qatar,ned,Netherlands,80,0,Midfield,20,Koopmeiners,Midfielder,80,false,https://7a0.com.br/en/copas/2022/ned
2022,Qatar,ned,Netherlands,80,0,Midfield,21,F. de Jong,Midfielder,86,false,https://7a0.com.br/en/copas/2022/ned
2022,Qatar,ned,Netherlands,80,0,Midfield,24,Taylor,Midfielder,76,false,https://7a0.com.br/en/copas/2022/ned
2022,Qatar,ned,Netherlands,80,0,Midfield,11,Berghuis,Attacking midfielder,79,false,https://7a0.com.br/en/copas/2022/ned
2022,Qatar,ned,Netherlands,80,0,Midfield,14,Klaassen,Attacking midfielder,78,false,https://7a0.com.br/en/copas/2022/ned
2022,Qatar,ned,Netherlands,80,0,Midfield,25,Xavi Simons,Attacking midfielder,78,false,https://7a0.com.br/en/copas/2022/ned
2022,Qatar,ned,Netherlands,80,0,Attack,9,L. de Jong,Centre-forward,78,false,https://7a0.com.br/en/copas/2022/ned
2022,Qatar,ned,Netherlands,80,0,Attack,10,Depay,Centre-forward,84,false,https://7a0.com.br/en/copas/2022/ned
2022,Qatar,ned,Netherlands,80,0,Attack,18,Janssen,Centre-forward,75,false,https://7a0.com.br/en/copas/2022/ned
2022,Qatar,ned,Netherlands,80,0,Attack,19,Weghorst,Centre-forward,79,false,https://7a0.com.br/en/copas/2022/ned
2022,Qatar,ned,Netherlands,80,0,Attack,7,Bergwijn,Left winger,80,false,https://7a0.com.br/en/copas/2022/ned
2022,Qatar,ned,Netherlands,80,0,Attack,8,Gakpo,Left winger,83,false,https://7a0.com.br/en/copas/2022/ned
2022,Qatar,ned,Netherlands,80,0,Attack,12,Lang,Left winger,77,false,https://7a0.com.br/en/copas/2022/ned
2022,Qatar,pol,Poland,78,1,Goalkeepers,1,Szczęsny,Goalkeeper,86,false,https://7a0.com.br/en/copas/2022/pol
2022,Qatar,pol,Poland,78,1,Goalkeepers,12,Skorupski,Goalkeeper,78,false,https://7a0.com.br/en/copas/2022/pol
2022,Qatar,pol,Poland,78,1,Defence,2,Cash,Right-back,79,false,https://7a0.com.br/en/copas/2022/pol
2022,Qatar,pol,Poland,78,1,Defence,18,Bereszyński,Right-back,76,false,https://7a0.com.br/en/copas/2022/pol
2022,Qatar,pol,Poland,78,1,Defence,3,Jędrzejczyk,Centre-back,74,false,https://7a0.com.br/en/copas/2022/pol
2022,Qatar,pol,Poland,78,1,Defence,5,Bednarek,Centre-back,79,false,https://7a0.com.br/en/copas/2022/pol
2022,Qatar,pol,Poland,78,1,Defence,14,Kiwior,Centre-back,79,false,https://7a0.com.br/en/copas/2022/pol
2022,Qatar,pol,Poland,78,1,Defence,15,Glik,Centre-back,77,false,https://7a0.com.br/en/copas/2022/pol
2022,Qatar,pol,Poland,78,1,Midfield,6,Bielik,Defensive midfielder,76,false,https://7a0.com.br/en/copas/2022/pol
2022,Qatar,pol,Poland,78,1,Midfield,8,D. Szymański,Defensive midfielder,75,false,https://7a0.com.br/en/copas/2022/pol
2022,Qatar,pol,Poland,78,1,Midfield,10,Krychowiak,Defensive midfielder,76,false,https://7a0.com.br/en/copas/2022/pol
2022,Qatar,pol,Poland,78,1,Midfield,24,Frankowski,Right midfielder,77,false,https://7a0.com.br/en/copas/2022/pol
2022,Qatar,pol,Poland,78,1,Midfield,13,Kamiński,Left midfielder,75,false,https://7a0.com.br/en/copas/2022/pol
2022,Qatar,pol,Poland,78,1,Midfield,21,Zalewski,Left midfielder,76,false,https://7a0.com.br/en/copas/2022/pol
2022,Qatar,pol,Poland,78,1,Midfield,19,S. Szymański,Attacking midfielder,76,false,https://7a0.com.br/en/copas/2022/pol
2022,Qatar,pol,Poland,78,1,Midfield,20,Zieliński,Attacking midfielder,84,false,https://7a0.com.br/en/copas/2022/pol
2022,Qatar,pol,Poland,78,1,Attack,26,Skóraś,Right winger,74,false,https://7a0.com.br/en/copas/2022/pol
2022,Qatar,pol,Poland,78,1,Attack,7,Milik,Centre-forward,79,false,https://7a0.com.br/en/copas/2022/pol
2022,Qatar,pol,Poland,78,1,Attack,9,Lewandowski,Centre-forward,91,true,https://7a0.com.br/en/copas/2022/pol
2022,Qatar,pol,Poland,78,1,Attack,16,Świderski,Centre-forward,76,false,https://7a0.com.br/en/copas/2022/pol
2022,Qatar,pol,Poland,78,1,Attack,23,Piątek,Centre-forward,75,false,https://7a0.com.br/en/copas/2022/pol
2022,Qatar,pol,Poland,78,1,Attack,11,Grosicki,Left winger,75,false,https://7a0.com.br/en/copas/2022/pol
2022,Qatar,por,Portugal,79,1,Goalkeepers,1,Rui Patrício,Goalkeeper,81,false,https://7a0.com.br/en/copas/2022/por
2022,Qatar,por,Portugal,79,1,Goalkeepers,12,José Sá,Goalkeeper,74,false,https://7a0.com.br/en/copas/2022/por
2022,Qatar,por,Portugal,79,1,Goalkeepers,22,Diogo Costa,Goalkeeper,79,false,https://7a0.com.br/en/copas/2022/por
2022,Qatar,por,Portugal,79,1,Defence,2,Dalot,Right-back,78,false,https://7a0.com.br/en/copas/2022/por
2022,Qatar,por,Portugal,79,1,Defence,20,Cancelo,Right-back,84,false,https://7a0.com.br/en/copas/2022/por
2022,Qatar,por,Portugal,79,1,Defence,3,Pepe,Centre-back,80,false,https://7a0.com.br/en/copas/2022/por
2022,Qatar,por,Portugal,79,1,Defence,4,Rúben Dias,Centre-back,86,false,https://7a0.com.br/en/copas/2022/por
2022,Qatar,por,Portugal,79,1,Defence,24,António Silva,Centre-back,74,false,https://7a0.com.br/en/copas/2022/por
2022,Qatar,por,Portugal,79,1,Defence,5,Guerreiro,Left-back,80,false,https://7a0.com.br/en/copas/2022/por
2022,Qatar,por,Portugal,79,1,Defence,19,Nuno Mendes,Left-back,80,false,https://7a0.com.br/en/copas/2022/por
2022,Qatar,por,Portugal,79,1,Midfield,6,Palhinha,Defensive midfielder,79,false,https://7a0.com.br/en/copas/2022/por
2022,Qatar,por,Portugal,79,1,Midfield,8,Bruno Fernandes,Defensive midfielder,85,false,https://7a0.com.br/en/copas/2022/por
2022,Qatar,por,Portugal,79,1,Midfield,13,Danilo Pereira,Defensive midfielder,76,false,https://7a0.com.br/en/copas/2022/por
2022,Qatar,por,Portugal,79,1,Midfield,14,William Carvalho,Defensive midfielder,77,false,https://7a0.com.br/en/copas/2022/por
2022,Qatar,por,Portugal,79,1,Midfield,17,João Mário,Defensive midfielder,75,false,https://7a0.com.br/en/copas/2022/por
2022,Qatar,por,Portugal,79,1,Midfield,25,Otávio,Defensive midfielder,75,false,https://7a0.com.br/en/copas/2022/por
2022,Qatar,por,Portugal,79,1,Midfield,16,Vitinha,Midfielder,78,false,https://7a0.com.br/en/copas/2022/por
2022,Qatar,por,Portugal,79,1,Midfield,18,Rúben Neves,Midfielder,78,false,https://7a0.com.br/en/copas/2022/por
2022,Qatar,por,Portugal,79,1,Midfield,23,Matheus Nunes,Midfielder,76,false,https://7a0.com.br/en/copas/2022/por
2022,Qatar,por,Portugal,79,1,Midfield,10,Bernardo Silva,Attacking midfielder,86,false,https://7a0.com.br/en/copas/2022/por
2022,Qatar,por,Portugal,79,1,Attack,7,Cristiano Ronaldo,Centre-forward,86,true,https://7a0.com.br/en/copas/2022/por
2022,Qatar,por,Portugal,79,1,Attack,9,André Silva,Centre-forward,76,false,https://7a0.com.br/en/copas/2022/por
2022,Qatar,por,Portugal,79,1,Attack,11,João Félix,Centre-forward,80,false,https://7a0.com.br/en/copas/2022/por
2022,Qatar,por,Portugal,79,1,Attack,26,Gonçalo Ramos,Centre-forward,76,false,https://7a0.com.br/en/copas/2022/por
2022,Qatar,por,Portugal,79,1,Attack,15,Rafael Leão,Left winger,82,false,https://7a0.com.br/en/copas/2022/por
2022,Qatar,por,Portugal,79,1,Attack,21,Ricardo Horta,Left winger,73,false,https://7a0.com.br/en/copas/2022/por
2022,Qatar,sen,Senegal,79,1,Goalkeepers,1,Dieng,Goalkeeper,74,false,https://7a0.com.br/en/copas/2022/sen
2022,Qatar,sen,Senegal,79,1,Goalkeepers,16,E. Mendy,Goalkeeper,87,true,https://7a0.com.br/en/copas/2022/sen
2022,Qatar,sen,Senegal,79,1,Goalkeepers,23,Gomis,Goalkeeper,73,false,https://7a0.com.br/en/copas/2022/sen
2022,Qatar,sen,Senegal,79,1,Defence,21,Sabaly,Right-back,79,false,https://7a0.com.br/en/copas/2022/sen
2022,Qatar,sen,Senegal,79,1,Defence,3,Koulibaly,Centre-back,87,false,https://7a0.com.br/en/copas/2022/sen
2022,Qatar,sen,Senegal,79,1,Defence,4,P.A. Cissé,Centre-back,76,false,https://7a0.com.br/en/copas/2022/sen
2022,Qatar,sen,Senegal,79,1,Defence,10,M. N'Diaye,Centre-back,72,false,https://7a0.com.br/en/copas/2022/sen
2022,Qatar,sen,Senegal,79,1,Defence,22,A. Diallo,Centre-back,80,false,https://7a0.com.br/en/copas/2022/sen
2022,Qatar,sen,Senegal,79,1,Defence,12,Ballo-Touré,Left-back,75,false,https://7a0.com.br/en/copas/2022/sen
2022,Qatar,sen,Senegal,79,1,Defence,14,Jakobs,Left-back,77,false,https://7a0.com.br/en/copas/2022/sen
2022,Qatar,sen,Senegal,79,1,Midfield,5,Gana Gueye,Defensive midfielder,86,false,https://7a0.com.br/en/copas/2022/sen
2022,Qatar,sen,Senegal,79,1,Midfield,6,N. Mendy,Defensive midfielder,77,false,https://7a0.com.br/en/copas/2022/sen
2022,Qatar,sen,Senegal,79,1,Midfield,8,Kouyaté,Defensive midfielder,78,false,https://7a0.com.br/en/copas/2022/sen
2022,Qatar,sen,Senegal,79,1,Midfield,26,P. Gueye,Defensive midfielder,74,false,https://7a0.com.br/en/copas/2022/sen
2022,Qatar,sen,Senegal,79,1,Midfield,17,P.M. Sarr,Midfielder,80,false,https://7a0.com.br/en/copas/2022/sen
2022,Qatar,sen,Senegal,79,1,Attack,15,Diatta,Right winger,82,false,https://7a0.com.br/en/copas/2022/sen
2022,Qatar,sen,Senegal,79,1,Attack,18,I. Sarr,Right winger,83,false,https://7a0.com.br/en/copas/2022/sen
2022,Qatar,sen,Senegal,79,1,Attack,7,N. Jackson,Centre-forward,78,false,https://7a0.com.br/en/copas/2022/sen
2022,Qatar,sen,Senegal,79,1,Attack,9,Dia,Centre-forward,82,false,https://7a0.com.br/en/copas/2022/sen
2022,Qatar,sen,Senegal,79,1,Attack,13,I. Ndiaye,Centre-forward,79,false,https://7a0.com.br/en/copas/2022/sen
2022,Qatar,sen,Senegal,79,1,Attack,19,Diédhiou,Centre-forward,78,false,https://7a0.com.br/en/copas/2022/sen
2022,Qatar,sen,Senegal,79,1,Attack,20,B. Dieng,Centre-forward,76,false,https://7a0.com.br/en/copas/2022/sen
2022,Qatar,srb,Serbia,78,0,Goalkeepers,1,Dmitrović,Goalkeeper,78,false,https://7a0.com.br/en/copas/2022/srb
2022,Qatar,srb,Serbia,78,0,Goalkeepers,12,Rajković,Goalkeeper,76,false,https://7a0.com.br/en/copas/2022/srb
2022,Qatar,srb,Serbia,78,0,Goalkeepers,23,Milinković-Savić,Goalkeeper,78,false,https://7a0.com.br/en/copas/2022/srb
2022,Qatar,srb,Serbia,78,0,Defence,22,Lazović,Right-back,75,false,https://7a0.com.br/en/copas/2022/srb
2022,Qatar,srb,Serbia,78,0,Defence,2,Pavlović,Centre-back,79,false,https://7a0.com.br/en/copas/2022/srb
2022,Qatar,srb,Serbia,78,0,Defence,3,Eraković,Centre-back,75,false,https://7a0.com.br/en/copas/2022/srb
2022,Qatar,srb,Serbia,78,0,Defence,4,Milenković,Centre-back,82,false,https://7a0.com.br/en/copas/2022/srb
2022,Qatar,srb,Serbia,78,0,Defence,5,Veljković,Centre-back,77,false,https://7a0.com.br/en/copas/2022/srb
2022,Qatar,srb,Serbia,78,0,Defence,13,Mitrović,Centre-back,74,false,https://7a0.com.br/en/copas/2022/srb
2022,Qatar,srb,Serbia,78,0,Defence,15,Babić,Centre-back,73,false,https://7a0.com.br/en/copas/2022/srb
2022,Qatar,srb,Serbia,78,0,Defence,17,Kostić,Left-back,82,false,https://7a0.com.br/en/copas/2022/srb
2022,Qatar,srb,Serbia,78,0,Defence,25,Mladenović,Left-back,74,false,https://7a0.com.br/en/copas/2022/srb
2022,Qatar,srb,Serbia,78,0,Midfield,6,Maksimović,Defensive midfielder,78,false,https://7a0.com.br/en/copas/2022/srb
2022,Qatar,srb,Serbia,78,0,Midfield,8,Gudelj,Defensive midfielder,79,false,https://7a0.com.br/en/copas/2022/srb
2022,Qatar,srb,Serbia,78,0,Midfield,16,Lukić,Defensive midfielder,78,false,https://7a0.com.br/en/copas/2022/srb
2022,Qatar,srb,Serbia,78,0,Midfield,19,Račić,Defensive midfielder,75,false,https://7a0.com.br/en/copas/2022/srb
2022,Qatar,srb,Serbia,78,0,Midfield,20,Milinković-Savić,Defensive midfielder,85,false,https://7a0.com.br/en/copas/2022/srb
2022,Qatar,srb,Serbia,78,0,Midfield,26,Grujić,Defensive midfielder,76,false,https://7a0.com.br/en/copas/2022/srb
2022,Qatar,srb,Serbia,78,0,Midfield,24,Ilić,Midfielder,76,false,https://7a0.com.br/en/copas/2022/srb
2022,Qatar,srb,Serbia,78,0,Midfield,10,Tadić,Left midfielder,83,false,https://7a0.com.br/en/copas/2022/srb
2022,Qatar,srb,Serbia,78,0,Midfield,21,Đuričić,Left midfielder,75,false,https://7a0.com.br/en/copas/2022/srb
2022,Qatar,srb,Serbia,78,0,Attack,7,Radonjić,Right winger,76,false,https://7a0.com.br/en/copas/2022/srb
2022,Qatar,srb,Serbia,78,0,Attack,14,Živković,Right winger,76,false,https://7a0.com.br/en/copas/2022/srb
2022,Qatar,srb,Serbia,78,0,Attack,9,Mitrović,Centre-forward,83,false,https://7a0.com.br/en/copas/2022/srb
2022,Qatar,srb,Serbia,78,0,Attack,11,Jović,Centre-forward,78,false,https://7a0.com.br/en/copas/2022/srb
2022,Qatar,srb,Serbia,78,0,Attack,18,Vlahović,Centre-forward,84,false,https://7a0.com.br/en/copas/2022/srb
2022,Qatar,kor,South Korea,78,1,Goalkeepers,1,Kim Seung-gyu,Goalkeeper,79,false,https://7a0.com.br/en/copas/2022/kor
2022,Qatar,kor,South Korea,78,1,Goalkeepers,12,Bum-keun,Goalkeeper,71,false,https://7a0.com.br/en/copas/2022/kor
2022,Qatar,kor,South Korea,78,1,Goalkeepers,21,Jo Hyeon-woo,Goalkeeper,75,false,https://7a0.com.br/en/copas/2022/kor
2022,Qatar,kor,South Korea,78,1,Defence,2,Jong-gyu,Right-back,70,false,https://7a0.com.br/en/copas/2022/kor
2022,Qatar,kor,South Korea,78,1,Defence,4,Min-jae,Centre-back,86,false,https://7a0.com.br/en/copas/2022/kor
2022,Qatar,kor,South Korea,78,1,Defence,19,Kim Young-gwon,Centre-back,84,false,https://7a0.com.br/en/copas/2022/kor
2022,Qatar,kor,South Korea,78,1,Defence,20,Kyung-won,Centre-back,76,false,https://7a0.com.br/en/copas/2022/kor
2022,Qatar,kor,South Korea,78,1,Defence,23,Tae-hwan,Centre-back,73,false,https://7a0.com.br/en/copas/2022/kor
2022,Qatar,kor,South Korea,78,1,Defence,24,Yu-min,Centre-back,70,false,https://7a0.com.br/en/copas/2022/kor
2022,Qatar,kor,South Korea,78,1,Defence,3,Jin-su,Left-back,81,false,https://7a0.com.br/en/copas/2022/kor
2022,Qatar,kor,South Korea,78,1,Defence,14,Hong Chul,Left-back,80,false,https://7a0.com.br/en/copas/2022/kor
2022,Qatar,kor,South Korea,78,1,Defence,15,Moon-hwan,Left-back,74,false,https://7a0.com.br/en/copas/2022/kor
2022,Qatar,kor,South Korea,78,1,Midfield,5,Jung Woo-young,Defensive midfielder,83,false,https://7a0.com.br/en/copas/2022/kor
2022,Qatar,kor,South Korea,78,1,Midfield,6,In-beom,Defensive midfielder,79,false,https://7a0.com.br/en/copas/2022/kor
2022,Qatar,kor,South Korea,78,1,Midfield,17,Sang-ho,Defensive midfielder,76,false,https://7a0.com.br/en/copas/2022/kor
2022,Qatar,kor,South Korea,78,1,Midfield,8,Seung-ho,Midfielder,74,false,https://7a0.com.br/en/copas/2022/kor
2022,Qatar,kor,South Korea,78,1,Midfield,10,Lee Jae-sung,Midfielder,86,false,https://7a0.com.br/en/copas/2022/kor
2022,Qatar,kor,South Korea,78,1,Midfield,11,Hwang Hee-chan,Midfielder,86,false,https://7a0.com.br/en/copas/2022/kor
2022,Qatar,kor,South Korea,78,1,Midfield,13,Jun-ho,Midfielder,72,false,https://7a0.com.br/en/copas/2022/kor
2022,Qatar,kor,South Korea,78,1,Midfield,18,Kang-in,Midfielder,77,false,https://7a0.com.br/en/copas/2022/kor
2022,Qatar,kor,South Korea,78,1,Midfield,25,Woo-yeong,Midfielder,72,false,https://7a0.com.br/en/copas/2022/kor
2022,Qatar,kor,South Korea,78,1,Midfield,26,Min-kyu,Midfielder,71,false,https://7a0.com.br/en/copas/2022/kor
2022,Qatar,kor,South Korea,78,1,Midfield,22,Chang-hoon,Attacking midfielder,81,false,https://7a0.com.br/en/copas/2022/kor
2022,Qatar,kor,South Korea,78,1,Attack,7,Son Heung-min,Centre-forward,89,true,https://7a0.com.br/en/copas/2022/kor
2022,Qatar,kor,South Korea,78,1,Attack,9,Gue-sung,Centre-forward,76,false,https://7a0.com.br/en/copas/2022/kor
2022,Qatar,kor,South Korea,78,1,Attack,16,Ui-jo,Centre-forward,84,false,https://7a0.com.br/en/copas/2022/kor
2022,Qatar,esp,Spain,80,0,Goalkeepers,1,Robert Sánchez,Goalkeeper,77,false,https://7a0.com.br/en/copas/2022/esp
2022,Qatar,esp,Spain,80,0,Goalkeepers,13,Raya,Goalkeeper,76,false,https://7a0.com.br/en/copas/2022/esp
2022,Qatar,esp,Spain,80,0,Goalkeepers,23,Simón,Goalkeeper,81,false,https://7a0.com.br/en/copas/2022/esp
2022,Qatar,esp,Spain,80,0,Defence,2,Azpilicueta,Right-back,79,false,https://7a0.com.br/en/copas/2022/esp
2022,Qatar,esp,Spain,80,0,Defence,20,Carvajal,Right-back,81,false,https://7a0.com.br/en/copas/2022/esp
2022,Qatar,esp,Spain,80,0,Defence,3,Eric García,Centre-back,78,false,https://7a0.com.br/en/copas/2022/esp
2022,Qatar,esp,Spain,80,0,Defence,4,Pau Torres,Centre-back,80,false,https://7a0.com.br/en/copas/2022/esp
2022,Qatar,esp,Spain,80,0,Defence,15,Guillamón,Centre-back,75,false,https://7a0.com.br/en/copas/2022/esp
2022,Qatar,esp,Spain,80,0,Defence,24,Laporte,Centre-back,82,false,https://7a0.com.br/en/copas/2022/esp
2022,Qatar,esp,Spain,80,0,Defence,14,Balde,Left-back,77,false,https://7a0.com.br/en/copas/2022/esp
2022,Qatar,esp,Spain,80,0,Defence,18,Jordi Alba,Left-back,81,false,https://7a0.com.br/en/copas/2022/esp
2022,Qatar,esp,Spain,80,0,Midfield,5,Busquets,Defensive midfielder,83,false,https://7a0.com.br/en/copas/2022/esp
2022,Qatar,esp,Spain,80,0,Midfield,16,Rodri,Defensive midfielder,87,false,https://7a0.com.br/en/copas/2022/esp
2022,Qatar,esp,Spain,80,0,Midfield,6,Llorente,Midfielder,80,false,https://7a0.com.br/en/copas/2022/esp
2022,Qatar,esp,Spain,80,0,Midfield,8,Koke,Midfielder,80,false,https://7a0.com.br/en/copas/2022/esp
2022,Qatar,esp,Spain,80,0,Midfield,9,Gavi,Midfielder,82,false,https://7a0.com.br/en/copas/2022/esp
2022,Qatar,esp,Spain,80,0,Midfield,19,Soler,Midfielder,79,false,https://7a0.com.br/en/copas/2022/esp
2022,Qatar,esp,Spain,80,0,Midfield,26,Pedri,Midfielder,86,false,https://7a0.com.br/en/copas/2022/esp
2022,Qatar,esp,Spain,80,0,Midfield,10,Asensio,Attacking midfielder,81,false,https://7a0.com.br/en/copas/2022/esp
2022,Qatar,esp,Spain,80,0,Midfield,21,Olmo,Attacking midfielder,82,false,https://7a0.com.br/en/copas/2022/esp
2022,Qatar,esp,Spain,80,0,Midfield,22,Sarabia,Attacking midfielder,80,false,https://7a0.com.br/en/copas/2022/esp
2022,Qatar,esp,Spain,80,0,Attack,17,Yeremy,Right winger,78,false,https://7a0.com.br/en/copas/2022/esp
2022,Qatar,esp,Spain,80,0,Attack,7,Morata,Centre-forward,82,false,https://7a0.com.br/en/copas/2022/esp
2022,Qatar,esp,Spain,80,0,Attack,11,Ferran,Left winger,81,false,https://7a0.com.br/en/copas/2022/esp
2022,Qatar,esp,Spain,80,0,Attack,12,Nico Williams,Left winger,79,false,https://7a0.com.br/en/copas/2022/esp
2022,Qatar,esp,Spain,80,0,Attack,25,Ansu Fati,Left winger,79,false,https://7a0.com.br/en/copas/2022/esp
2022,Qatar,uru,Uruguay,78,3,Goalkeepers,1,Muslera,Goalkeeper,77,false,https://7a0.com.br/en/copas/2022/uru
2022,Qatar,uru,Uruguay,78,3,Goalkeepers,12,Sosa,Goalkeeper,73,false,https://7a0.com.br/en/copas/2022/uru
2022,Qatar,uru,Uruguay,78,3,Goalkeepers,23,Rochet,Goalkeeper,78,false,https://7a0.com.br/en/copas/2022/uru
2022,Qatar,uru,Uruguay,78,3,Defence,13,Varela,Right-back,76,false,https://7a0.com.br/en/copas/2022/uru
2022,Qatar,uru,Uruguay,78,3,Defence,26,J. L. Rodríguez,Right-back,72,false,https://7a0.com.br/en/copas/2022/uru
2022,Qatar,uru,Uruguay,78,3,Defence,2,Giménez,Centre-back,83,false,https://7a0.com.br/en/copas/2022/uru
2022,Qatar,uru,Uruguay,78,3,Defence,3,Godín,Centre-back,79,true,https://7a0.com.br/en/copas/2022/uru
2022,Qatar,uru,Uruguay,78,3,Defence,4,R. Araújo,Centre-back,84,false,https://7a0.com.br/en/copas/2022/uru
2022,Qatar,uru,Uruguay,78,3,Defence,19,Coates,Centre-back,78,false,https://7a0.com.br/en/copas/2022/uru
2022,Qatar,uru,Uruguay,78,3,Defence,22,Cáceres,Centre-back,76,false,https://7a0.com.br/en/copas/2022/uru
2022,Qatar,uru,Uruguay,78,3,Defence,16,M. Olivera,Left-back,77,false,https://7a0.com.br/en/copas/2022/uru
2022,Qatar,uru,Uruguay,78,3,Defence,17,Viña,Left-back,76,false,https://7a0.com.br/en/copas/2022/uru
2022,Qatar,uru,Uruguay,78,3,Midfield,5,Vecino,Defensive midfielder,79,false,https://7a0.com.br/en/copas/2022/uru
2022,Qatar,uru,Uruguay,78,3,Midfield,14,Torreira,Defensive midfielder,79,false,https://7a0.com.br/en/copas/2022/uru
2022,Qatar,uru,Uruguay,78,3,Midfield,25,Ugarte,Defensive midfielder,77,false,https://7a0.com.br/en/copas/2022/uru
2022,Qatar,uru,Uruguay,78,3,Midfield,24,Canobbio,Right midfielder,73,false,https://7a0.com.br/en/copas/2022/uru
2022,Qatar,uru,Uruguay,78,3,Midfield,6,Bentancur,Midfielder,82,false,https://7a0.com.br/en/copas/2022/uru
2022,Qatar,uru,Uruguay,78,3,Midfield,15,Valverde,Midfielder,85,false,https://7a0.com.br/en/copas/2022/uru
2022,Qatar,uru,Uruguay,78,3,Midfield,7,De la Cruz,Attacking midfielder,79,false,https://7a0.com.br/en/copas/2022/uru
2022,Qatar,uru,Uruguay,78,3,Midfield,10,De Arrascaeta,Attacking midfielder,80,false,https://7a0.com.br/en/copas/2022/uru
2022,Qatar,uru,Uruguay,78,3,Attack,8,Pellistri,Right winger,75,false,https://7a0.com.br/en/copas/2022/uru
2022,Qatar,uru,Uruguay,78,3,Attack,20,F. Torres,Right winger,75,false,https://7a0.com.br/en/copas/2022/uru
2022,Qatar,uru,Uruguay,78,3,Attack,9,Suárez,Centre-forward,82,true,https://7a0.com.br/en/copas/2022/uru
2022,Qatar,uru,Uruguay,78,3,Attack,11,Núñez,Centre-forward,82,false,https://7a0.com.br/en/copas/2022/uru
2022,Qatar,uru,Uruguay,78,3,Attack,18,M. Gómez,Centre-forward,76,false,https://7a0.com.br/en/copas/2022/uru
2022,Qatar,uru,Uruguay,78,3,Attack,21,Cavani,Centre-forward,80,true,https://7a0.com.br/en/copas/2022/uru
2022,Qatar,wal,Wales,73,0,Goalkeepers,1,Hennessey,Goalkeeper,74,false,https://7a0.com.br/en/copas/2022/wal
2022,Qatar,wal,Wales,73,0,Goalkeepers,12,Ward,Goalkeeper,73,false,https://7a0.com.br/en/copas/2022/wal
2022,Qatar,wal,Wales,73,0,Goalkeepers,21,A. Davies,Goalkeeper,69,false,https://7a0.com.br/en/copas/2022/wal
2022,Qatar,wal,Wales,73,0,Defence,2,Gunter,Right-back,71,false,https://7a0.com.br/en/copas/2022/wal
2022,Qatar,wal,Wales,73,0,Defence,3,N. Williams,Right-back,74,false,https://7a0.com.br/en/copas/2022/wal
2022,Qatar,wal,Wales,73,0,Defence,14,C. Roberts,Right-back,74,false,https://7a0.com.br/en/copas/2022/wal
2022,Qatar,wal,Wales,73,0,Defence,4,B. Davies,Centre-back,78,false,https://7a0.com.br/en/copas/2022/wal
2022,Qatar,wal,Wales,73,0,Defence,5,Mepham,Centre-back,73,false,https://7a0.com.br/en/copas/2022/wal
2022,Qatar,wal,Wales,73,0,Defence,6,Rodon,Centre-back,75,false,https://7a0.com.br/en/copas/2022/wal
2022,Qatar,wal,Wales,73,0,Defence,24,Lockyer,Centre-back,72,false,https://7a0.com.br/en/copas/2022/wal
2022,Qatar,wal,Wales,73,0,Defence,17,Norrington-Davies,Left-back,71,false,https://7a0.com.br/en/copas/2022/wal
2022,Qatar,wal,Wales,73,0,Midfield,7,Allen,Defensive midfielder,76,false,https://7a0.com.br/en/copas/2022/wal
2022,Qatar,wal,Wales,73,0,Midfield,15,Ampadu,Defensive midfielder,75,false,https://7a0.com.br/en/copas/2022/wal
2022,Qatar,wal,Wales,73,0,Midfield,16,Morrell,Defensive midfielder,71,false,https://7a0.com.br/en/copas/2022/wal
2022,Qatar,wal,Wales,73,0,Midfield,10,Ramsey,Midfielder,79,false,https://7a0.com.br/en/copas/2022/wal
2022,Qatar,wal,Wales,73,0,Midfield,23,Levitt,Midfielder,70,false,https://7a0.com.br/en/copas/2022/wal
2022,Qatar,wal,Wales,73,0,Midfield,26,M. Smith,Midfielder,69,false,https://7a0.com.br/en/copas/2022/wal
2022,Qatar,wal,Wales,73,0,Midfield,8,H. Wilson,Attacking midfielder,75,false,https://7a0.com.br/en/copas/2022/wal
2022,Qatar,wal,Wales,73,0,Midfield,18,J. Williams,Attacking midfielder,71,false,https://7a0.com.br/en/copas/2022/wal
2022,Qatar,wal,Wales,73,0,Midfield,25,Colwill,Attacking midfielder,71,false,https://7a0.com.br/en/copas/2022/wal
2022,Qatar,wal,Wales,73,0,Attack,9,B. Johnson,Right winger,74,false,https://7a0.com.br/en/copas/2022/wal
2022,Qatar,wal,Wales,73,0,Attack,11,Bale,Right winger,84,false,https://7a0.com.br/en/copas/2022/wal
2022,Qatar,wal,Wales,73,0,Attack,20,D. James,Right winger,76,false,https://7a0.com.br/en/copas/2022/wal
2022,Qatar,wal,Wales,73,0,Attack,22,Thomas,Right winger,71,false,https://7a0.com.br/en/copas/2022/wal
2022,Qatar,wal,Wales,73,0,Attack,13,Moore,Centre-forward,75,false,https://7a0.com.br/en/copas/2022/wal
2022,Qatar,wal,Wales,73,0,Attack,19,Harris,Centre-forward,69,false,https://7a0.com.br/en/copas/2022/wal
2026,Canada/Mexico/United States,arg,Argentina,83,1,Goalkeepers,1,Musso,Goalkeeper,80,false,https://7a0.com.br/en/copas/2026/arg
2026,Canada/Mexico/United States,arg,Argentina,83,1,Goalkeepers,12,Rulli,Goalkeeper,78,false,https://7a0.com.br/en/copas/2026/arg
2026,Canada/Mexico/United States,arg,Argentina,83,1,Goalkeepers,23,E. Martínez,Goalkeeper,89,false,https://7a0.com.br/en/copas/2026/arg
2026,Canada/Mexico/United States,arg,Argentina,83,1,Defence,4,Montiel,Right-back,81,false,https://7a0.com.br/en/copas/2026/arg
2026,Canada/Mexico/United States,arg,Argentina,83,1,Defence,26,Molina,Right-back,81,false,https://7a0.com.br/en/copas/2026/arg
2026,Canada/Mexico/United States,arg,Argentina,83,1,Defence,2,Senesi,Centre-back,79,false,https://7a0.com.br/en/copas/2026/arg
2026,Canada/Mexico/United States,arg,Argentina,83,1,Defence,6,L. Martínez,Centre-back,85,false,https://7a0.com.br/en/copas/2026/arg
2026,Canada/Mexico/United States,arg,Argentina,83,1,Defence,13,C. Romero,Centre-back,86,false,https://7a0.com.br/en/copas/2026/arg
2026,Canada/Mexico/United States,arg,Argentina,83,1,Defence,19,Otamendi,Centre-back,82,false,https://7a0.com.br/en/copas/2026/arg
2026,Canada/Mexico/United States,arg,Argentina,83,1,Defence,25,Medina,Centre-back,77,false,https://7a0.com.br/en/copas/2026/arg
2026,Canada/Mexico/United States,arg,Argentina,83,1,Defence,3,Tagliafico,Left-back,83,false,https://7a0.com.br/en/copas/2026/arg
2026,Canada/Mexico/United States,arg,Argentina,83,1,Defence,8,Barco,Left-back,76,false,https://7a0.com.br/en/copas/2026/arg
2026,Canada/Mexico/United States,arg,Argentina,83,1,Midfield,5,Paredes,Defensive midfielder,85,false,https://7a0.com.br/en/copas/2026/arg
2026,Canada/Mexico/United States,arg,Argentina,83,1,Midfield,7,De Paul,Defensive midfielder,85,false,https://7a0.com.br/en/copas/2026/arg
2026,Canada/Mexico/United States,arg,Argentina,83,1,Midfield,14,Palacios,Defensive midfielder,82,false,https://7a0.com.br/en/copas/2026/arg
2026,Canada/Mexico/United States,arg,Argentina,83,1,Midfield,20,Mac Allister,Defensive midfielder,88,false,https://7a0.com.br/en/copas/2026/arg
2026,Canada/Mexico/United States,arg,Argentina,83,1,Midfield,24,Enzo Fernández,Defensive midfielder,89,false,https://7a0.com.br/en/copas/2026/arg
2026,Canada/Mexico/United States,arg,Argentina,83,1,Midfield,11,Lo Celso,Midfielder,81,false,https://7a0.com.br/en/copas/2026/arg
2026,Canada/Mexico/United States,arg,Argentina,83,1,Midfield,10,Messi,Attacking midfielder,92,true,https://7a0.com.br/en/copas/2026/arg
2026,Canada/Mexico/United States,arg,Argentina,83,1,Midfield,16,Almada,Attacking midfielder,80,false,https://7a0.com.br/en/copas/2026/arg
2026,Canada/Mexico/United States,arg,Argentina,83,1,Midfield,18,Paz,Attacking midfielder,80,false,https://7a0.com.br/en/copas/2026/arg
2026,Canada/Mexico/United States,arg,Argentina,83,1,Attack,17,Simeone,Right winger,78,false,https://7a0.com.br/en/copas/2026/arg
2026,Canada/Mexico/United States,arg,Argentina,83,1,Attack,9,J. Álvarez,Centre-forward,91,false,https://7a0.com.br/en/copas/2026/arg
2026,Canada/Mexico/United States,arg,Argentina,83,1,Attack,21,J. M. López,Centre-forward,75,false,https://7a0.com.br/en/copas/2026/arg
2026,Canada/Mexico/United States,arg,Argentina,83,1,Attack,22,Lautaro,Centre-forward,88,false,https://7a0.com.br/en/copas/2026/arg
2026,Canada/Mexico/United States,arg,Argentina,83,1,Attack,15,N. González,Left winger,81,false,https://7a0.com.br/en/copas/2026/arg
2026,Canada/Mexico/United States,bel,Belgium,77,1,Goalkeepers,1,Courtois,Goalkeeper,89,false,https://7a0.com.br/en/copas/2026/bel
2026,Canada/Mexico/United States,bel,Belgium,77,1,Goalkeepers,12,Lammens,Goalkeeper,72,false,https://7a0.com.br/en/copas/2026/bel
2026,Canada/Mexico/United States,bel,Belgium,77,1,Goalkeepers,13,Penders,Goalkeeper,68,false,https://7a0.com.br/en/copas/2026/bel
2026,Canada/Mexico/United States,bel,Belgium,77,1,Defence,15,Meunier,Right-back,74,false,https://7a0.com.br/en/copas/2026/bel
2026,Canada/Mexico/United States,bel,Belgium,77,1,Defence,18,Seys,Right-back,69,false,https://7a0.com.br/en/copas/2026/bel
2026,Canada/Mexico/United States,bel,Belgium,77,1,Defence,21,Castagne,Right-back,76,false,https://7a0.com.br/en/copas/2026/bel
2026,Canada/Mexico/United States,bel,Belgium,77,1,Defence,3,Theate,Centre-back,77,false,https://7a0.com.br/en/copas/2026/bel
2026,Canada/Mexico/United States,bel,Belgium,77,1,Defence,4,Mechele,Centre-back,73,false,https://7a0.com.br/en/copas/2026/bel
2026,Canada/Mexico/United States,bel,Belgium,77,1,Defence,16,De Winter,Centre-back,74,false,https://7a0.com.br/en/copas/2026/bel
2026,Canada/Mexico/United States,bel,Belgium,77,1,Defence,25,Ngoy,Centre-back,73,false,https://7a0.com.br/en/copas/2026/bel
2026,Canada/Mexico/United States,bel,Belgium,77,1,Defence,5,De Cuyper,Left-back,76,false,https://7a0.com.br/en/copas/2026/bel
2026,Canada/Mexico/United States,bel,Belgium,77,1,Midfield,2,Debast,Defensive midfielder,76,false,https://7a0.com.br/en/copas/2026/bel
2026,Canada/Mexico/United States,bel,Belgium,77,1,Midfield,6,Witsel,Defensive midfielder,76,false,https://7a0.com.br/en/copas/2026/bel
2026,Canada/Mexico/United States,bel,Belgium,77,1,Midfield,7,De Bruyne,Defensive midfielder,86,true,https://7a0.com.br/en/copas/2026/bel
2026,Canada/Mexico/United States,bel,Belgium,77,1,Midfield,8,Tielemans,Defensive midfielder,84,false,https://7a0.com.br/en/copas/2026/bel
2026,Canada/Mexico/United States,bel,Belgium,77,1,Midfield,20,Vanaken,Defensive midfielder,74,false,https://7a0.com.br/en/copas/2026/bel
2026,Canada/Mexico/United States,bel,Belgium,77,1,Midfield,23,Raskin,Defensive midfielder,73,false,https://7a0.com.br/en/copas/2026/bel
2026,Canada/Mexico/United States,bel,Belgium,77,1,Midfield,24,Onana,Defensive midfielder,78,false,https://7a0.com.br/en/copas/2026/bel
2026,Canada/Mexico/United States,bel,Belgium,77,1,Midfield,17,De Ketelaere,Attacking midfielder,80,false,https://7a0.com.br/en/copas/2026/bel
2026,Canada/Mexico/United States,bel,Belgium,77,1,Attack,11,Doku,Right winger,85,false,https://7a0.com.br/en/copas/2026/bel
2026,Canada/Mexico/United States,bel,Belgium,77,1,Attack,14,Lukébakio,Right winger,76,false,https://7a0.com.br/en/copas/2026/bel
2026,Canada/Mexico/United States,bel,Belgium,77,1,Attack,22,Saelemaekers,Right winger,76,false,https://7a0.com.br/en/copas/2026/bel
2026,Canada/Mexico/United States,bel,Belgium,77,1,Attack,9,Lukaku,Centre-forward,84,false,https://7a0.com.br/en/copas/2026/bel
2026,Canada/Mexico/United States,bel,Belgium,77,1,Attack,10,Trossard,Left winger,80,false,https://7a0.com.br/en/copas/2026/bel
2026,Canada/Mexico/United States,bel,Belgium,77,1,Attack,26,Fernandez-Pardo,Left winger,68,false,https://7a0.com.br/en/copas/2026/bel
2026,Canada/Mexico/United States,bra,Brazil,81,1,Goalkeepers,1,Alisson,Goalkeeper,89,false,https://7a0.com.br/en/copas/2026/bra
2026,Canada/Mexico/United States,bra,Brazil,81,1,Goalkeepers,12,Weverton,Goalkeeper,73,false,https://7a0.com.br/en/copas/2026/bra
2026,Canada/Mexico/United States,bra,Brazil,81,1,Goalkeepers,23,Ederson,Goalkeeper,82,false,https://7a0.com.br/en/copas/2026/bra
2026,Canada/Mexico/United States,bra,Brazil,81,1,Defence,13,Danilo,Right-back,79,false,https://7a0.com.br/en/copas/2026/bra
2026,Canada/Mexico/United States,bra,Brazil,81,1,Defence,3,Gabriel,Centre-back,90,false,https://7a0.com.br/en/copas/2026/bra
2026,Canada/Mexico/United States,bra,Brazil,81,1,Defence,4,Marquinhos,Centre-back,87,false,https://7a0.com.br/en/copas/2026/bra
2026,Canada/Mexico/United States,bra,Brazil,81,1,Defence,14,Bremer,Centre-back,84,false,https://7a0.com.br/en/copas/2026/bra
2026,Canada/Mexico/United States,bra,Brazil,81,1,Defence,15,Léo Pereira,Centre-back,77,false,https://7a0.com.br/en/copas/2026/bra
2026,Canada/Mexico/United States,bra,Brazil,81,1,Defence,24,Ibañez,Centre-back,77,false,https://7a0.com.br/en/copas/2026/bra
2026,Canada/Mexico/United States,bra,Brazil,81,1,Defence,6,Alex Sandro,Left-back,78,false,https://7a0.com.br/en/copas/2026/bra
2026,Canada/Mexico/United States,bra,Brazil,81,1,Defence,16,Douglas Santos,Left-back,78,false,https://7a0.com.br/en/copas/2026/bra
2026,Canada/Mexico/United States,bra,Brazil,81,1,Midfield,2,Éderson,Defensive midfielder,77,false,https://7a0.com.br/en/copas/2026/bra
2026,Canada/Mexico/United States,bra,Brazil,81,1,Midfield,5,Casemiro,Defensive midfielder,84,false,https://7a0.com.br/en/copas/2026/bra
2026,Canada/Mexico/United States,bra,Brazil,81,1,Midfield,8,Bruno Guimarães,Defensive midfielder,87,false,https://7a0.com.br/en/copas/2026/bra
2026,Canada/Mexico/United States,bra,Brazil,81,1,Midfield,17,Fabinho,Defensive midfielder,79,false,https://7a0.com.br/en/copas/2026/bra
2026,Canada/Mexico/United States,bra,Brazil,81,1,Midfield,18,Danilo,Defensive midfielder,78,false,https://7a0.com.br/en/copas/2026/bra
2026,Canada/Mexico/United States,bra,Brazil,81,1,Midfield,10,Neymar,Attacking midfielder,82,true,https://7a0.com.br/en/copas/2026/bra
2026,Canada/Mexico/United States,bra,Brazil,81,1,Midfield,20,Lucas Paquetá,Attacking midfielder,82,false,https://7a0.com.br/en/copas/2026/bra
2026,Canada/Mexico/United States,bra,Brazil,81,1,Attack,11,Raphinha,Right winger,85,false,https://7a0.com.br/en/copas/2026/bra
2026,Canada/Mexico/United States,bra,Brazil,81,1,Attack,21,Luiz Henrique,Right winger,79,false,https://7a0.com.br/en/copas/2026/bra
2026,Canada/Mexico/United States,bra,Brazil,81,1,Attack,26,Rayan,Right winger,77,false,https://7a0.com.br/en/copas/2026/bra
2026,Canada/Mexico/United States,bra,Brazil,81,1,Attack,9,Matheus Cunha,Centre-forward,83,false,https://7a0.com.br/en/copas/2026/bra
2026,Canada/Mexico/United States,bra,Brazil,81,1,Attack,19,Endrick,Centre-forward,80,false,https://7a0.com.br/en/copas/2026/bra
2026,Canada/Mexico/United States,bra,Brazil,81,1,Attack,25,Igor Thiago,Centre-forward,76,false,https://7a0.com.br/en/copas/2026/bra
2026,Canada/Mexico/United States,bra,Brazil,81,1,Attack,7,Vinícius Júnior,Left winger,93,false,https://7a0.com.br/en/copas/2026/bra
2026,Canada/Mexico/United States,bra,Brazil,81,1,Attack,22,Gabriel Martinelli,Left winger,81,false,https://7a0.com.br/en/copas/2026/bra
2026,Canada/Mexico/United States,can,Canada,74,0,Goalkeepers,1,St. Clair,Goalkeeper,74,false,https://7a0.com.br/en/copas/2026/can
2026,Canada/Mexico/United States,can,Canada,74,0,Goalkeepers,16,Crépeau,Goalkeeper,72,false,https://7a0.com.br/en/copas/2026/can
2026,Canada/Mexico/United States,can,Canada,74,0,Goalkeepers,18,Goodman,Goalkeeper,71,false,https://7a0.com.br/en/copas/2026/can
2026,Canada/Mexico/United States,can,Canada,74,0,Defence,2,Johnston,Right-back,74,false,https://7a0.com.br/en/copas/2026/can
2026,Canada/Mexico/United States,can,Canada,74,0,Defence,22,Laryea,Right-back,72,false,https://7a0.com.br/en/copas/2026/can
2026,Canada/Mexico/United States,can,Canada,74,0,Defence,23,Sigur,Right-back,72,false,https://7a0.com.br/en/copas/2026/can
2026,Canada/Mexico/United States,can,Canada,74,0,Defence,3,A. Jones,Centre-back,72,false,https://7a0.com.br/en/copas/2026/can
2026,Canada/Mexico/United States,can,Canada,74,0,Defence,4,de Fougerolles,Centre-back,71,false,https://7a0.com.br/en/copas/2026/can
2026,Canada/Mexico/United States,can,Canada,74,0,Defence,5,Waterman,Centre-back,72,false,https://7a0.com.br/en/copas/2026/can
2026,Canada/Mexico/United States,can,Canada,74,0,Defence,13,Cornelius,Centre-back,75,false,https://7a0.com.br/en/copas/2026/can
2026,Canada/Mexico/United States,can,Canada,74,0,Defence,15,Bombito,Centre-back,77,false,https://7a0.com.br/en/copas/2026/can
2026,Canada/Mexico/United States,can,Canada,74,0,Defence,19,Davies,Left-back,80,false,https://7a0.com.br/en/copas/2026/can
2026,Canada/Mexico/United States,can,Canada,74,0,Midfield,8,Koné,Defensive midfielder,75,false,https://7a0.com.br/en/copas/2026/can
2026,Canada/Mexico/United States,can,Canada,74,0,Midfield,6,Choinière,Midfielder,73,false,https://7a0.com.br/en/copas/2026/can
2026,Canada/Mexico/United States,can,Canada,74,0,Midfield,7,Eustáquio,Midfielder,78,false,https://7a0.com.br/en/copas/2026/can
2026,Canada/Mexico/United States,can,Canada,74,0,Midfield,21,Osorio,Midfielder,73,false,https://7a0.com.br/en/copas/2026/can
2026,Canada/Mexico/United States,can,Canada,74,0,Midfield,25,Saliba,Midfielder,72,false,https://7a0.com.br/en/copas/2026/can
2026,Canada/Mexico/United States,can,Canada,74,0,Midfield,20,Ali Ahmed,Left midfielder,71,false,https://7a0.com.br/en/copas/2026/can
2026,Canada/Mexico/United States,can,Canada,74,0,Attack,17,Buchanan,Right winger,78,false,https://7a0.com.br/en/copas/2026/can
2026,Canada/Mexico/United States,can,Canada,74,0,Attack,9,Larin,Centre-forward,76,false,https://7a0.com.br/en/copas/2026/can
2026,Canada/Mexico/United States,can,Canada,74,0,Attack,10,J. David,Centre-forward,84,false,https://7a0.com.br/en/copas/2026/can
2026,Canada/Mexico/United States,can,Canada,74,0,Attack,12,Oluwaseyi,Centre-forward,72,false,https://7a0.com.br/en/copas/2026/can
2026,Canada/Mexico/United States,can,Canada,74,0,Attack,24,P. David,Centre-forward,72,false,https://7a0.com.br/en/copas/2026/can
2026,Canada/Mexico/United States,can,Canada,74,0,Attack,11,Millar,Left winger,73,false,https://7a0.com.br/en/copas/2026/can
2026,Canada/Mexico/United States,can,Canada,74,0,Attack,14,Shaffelburg,Left winger,73,false,https://7a0.com.br/en/copas/2026/can
2026,Canada/Mexico/United States,can,Canada,74,0,Attack,26,Nelson,Left winger,72,false,https://7a0.com.br/en/copas/2026/can
2026,Canada/Mexico/United States,cpv,Cape Verde,71,1,Goalkeepers,1,Vozinha,Goalkeeper,89,true,https://7a0.com.br/en/copas/2026/cpv
2026,Canada/Mexico/United States,cpv,Cape Verde,71,1,Goalkeepers,12,Rosa,Goalkeeper,66,false,https://7a0.com.br/en/copas/2026/cpv
2026,Canada/Mexico/United States,cpv,Cape Verde,71,1,Goalkeepers,23,Dos Santos,Goalkeeper,67,false,https://7a0.com.br/en/copas/2026/cpv
2026,Canada/Mexico/United States,cpv,Cape Verde,71,1,Defence,13,Lopes Cabral,Right-back,81,false,https://7a0.com.br/en/copas/2026/cpv
2026,Canada/Mexico/United States,cpv,Cape Verde,71,1,Defence,22,Moreira,Right-back,70,false,https://7a0.com.br/en/copas/2026/cpv
2026,Canada/Mexico/United States,cpv,Cape Verde,71,1,Defence,24,W. Pina,Right-back,68,false,https://7a0.com.br/en/copas/2026/cpv
2026,Canada/Mexico/United States,cpv,Cape Verde,71,1,Defence,3,Diney,Centre-back,69,false,https://7a0.com.br/en/copas/2026/cpv
2026,Canada/Mexico/United States,cpv,Cape Verde,71,1,Defence,4,Pico,Centre-back,71,false,https://7a0.com.br/en/copas/2026/cpv
2026,Canada/Mexico/United States,cpv,Cape Verde,71,1,Defence,5,Costa,Centre-back,78,false,https://7a0.com.br/en/copas/2026/cpv
2026,Canada/Mexico/United States,cpv,Cape Verde,71,1,Defence,25,Pires,Centre-back,68,false,https://7a0.com.br/en/copas/2026/cpv
2026,Canada/Mexico/United States,cpv,Cape Verde,71,1,Defence,2,Stopira,Left-back,70,false,https://7a0.com.br/en/copas/2026/cpv
2026,Canada/Mexico/United States,cpv,Cape Verde,71,1,Midfield,6,K. Pina,Defensive midfielder,70,false,https://7a0.com.br/en/copas/2026/cpv
2026,Canada/Mexico/United States,cpv,Cape Verde,71,1,Midfield,8,João Paulo,Midfielder,69,false,https://7a0.com.br/en/copas/2026/cpv
2026,Canada/Mexico/United States,cpv,Cape Verde,71,1,Midfield,10,Jamiro,Midfielder,74,false,https://7a0.com.br/en/copas/2026/cpv
2026,Canada/Mexico/United States,cpv,Cape Verde,71,1,Midfield,14,D. Duarte,Midfielder,72,false,https://7a0.com.br/en/copas/2026/cpv
2026,Canada/Mexico/United States,cpv,Cape Verde,71,1,Midfield,15,L. Duarte,Midfielder,68,false,https://7a0.com.br/en/copas/2026/cpv
2026,Canada/Mexico/United States,cpv,Cape Verde,71,1,Midfield,16,Y. Semedo,Midfielder,68,false,https://7a0.com.br/en/copas/2026/cpv
2026,Canada/Mexico/United States,cpv,Cape Verde,71,1,Midfield,18,Arcanjo,Midfielder,69,false,https://7a0.com.br/en/copas/2026/cpv
2026,Canada/Mexico/United States,cpv,Cape Verde,71,1,Midfield,7,J. Cabral,Left midfielder,72,false,https://7a0.com.br/en/copas/2026/cpv
2026,Canada/Mexico/United States,cpv,Cape Verde,71,1,Midfield,11,Rodrigues,Left midfielder,75,false,https://7a0.com.br/en/copas/2026/cpv
2026,Canada/Mexico/United States,cpv,Cape Verde,71,1,Midfield,17,W. Semedo,Left midfielder,67,false,https://7a0.com.br/en/copas/2026/cpv
2026,Canada/Mexico/United States,cpv,Cape Verde,71,1,Midfield,20,Mendes,Left midfielder,70,false,https://7a0.com.br/en/copas/2026/cpv
2026,Canada/Mexico/United States,cpv,Cape Verde,71,1,Midfield,26,Varela,Left midfielder,69,false,https://7a0.com.br/en/copas/2026/cpv
2026,Canada/Mexico/United States,cpv,Cape Verde,71,1,Attack,9,Benchimol,Centre-forward,68,false,https://7a0.com.br/en/copas/2026/cpv
2026,Canada/Mexico/United States,cpv,Cape Verde,71,1,Attack,19,Livramento,Centre-forward,68,false,https://7a0.com.br/en/copas/2026/cpv
2026,Canada/Mexico/United States,cpv,Cape Verde,71,1,Attack,21,Da Costa,Centre-forward,71,false,https://7a0.com.br/en/copas/2026/cpv
2026,Canada/Mexico/United States,col,Colombia,77,0,Goalkeepers,1,Ospina,Goalkeeper,77,false,https://7a0.com.br/en/copas/2026/col
2026,Canada/Mexico/United States,col,Colombia,77,0,Goalkeepers,12,Vargas,Goalkeeper,77,false,https://7a0.com.br/en/copas/2026/col
2026,Canada/Mexico/United States,col,Colombia,77,0,Goalkeepers,24,Montero,Goalkeeper,73,false,https://7a0.com.br/en/copas/2026/col
2026,Canada/Mexico/United States,col,Colombia,77,0,Defence,2,Muñoz,Right-back,80,false,https://7a0.com.br/en/copas/2026/col
2026,Canada/Mexico/United States,col,Colombia,77,0,Defence,4,Arias,Right-back,74,false,https://7a0.com.br/en/copas/2026/col
2026,Canada/Mexico/United States,col,Colombia,77,0,Defence,3,Lucumí,Centre-back,77,false,https://7a0.com.br/en/copas/2026/col
2026,Canada/Mexico/United States,col,Colombia,77,0,Defence,13,Mina,Centre-back,76,false,https://7a0.com.br/en/copas/2026/col
2026,Canada/Mexico/United States,col,Colombia,77,0,Defence,18,Ditta,Centre-back,74,false,https://7a0.com.br/en/copas/2026/col
2026,Canada/Mexico/United States,col,Colombia,77,0,Defence,23,D. Sánchez,Centre-back,79,false,https://7a0.com.br/en/copas/2026/col
2026,Canada/Mexico/United States,col,Colombia,77,0,Defence,17,Mojica,Left-back,75,false,https://7a0.com.br/en/copas/2026/col
2026,Canada/Mexico/United States,col,Colombia,77,0,Defence,22,Machado,Left-back,74,false,https://7a0.com.br/en/copas/2026/col
2026,Canada/Mexico/United States,col,Colombia,77,0,Midfield,5,Castaño,Defensive midfielder,76,false,https://7a0.com.br/en/copas/2026/col
2026,Canada/Mexico/United States,col,Colombia,77,0,Midfield,6,Ríos,Defensive midfielder,77,false,https://7a0.com.br/en/copas/2026/col
2026,Canada/Mexico/United States,col,Colombia,77,0,Midfield,14,Puerta,Defensive midfielder,74,false,https://7a0.com.br/en/copas/2026/col
2026,Canada/Mexico/United States,col,Colombia,77,0,Midfield,15,Portilla,Defensive midfielder,73,false,https://7a0.com.br/en/copas/2026/col
2026,Canada/Mexico/United States,col,Colombia,77,0,Midfield,16,Lerma,Defensive midfielder,79,false,https://7a0.com.br/en/copas/2026/col
2026,Canada/Mexico/United States,col,Colombia,77,0,Midfield,8,Carrascal,Attacking midfielder,76,false,https://7a0.com.br/en/copas/2026/col
2026,Canada/Mexico/United States,col,Colombia,77,0,Midfield,10,James,Attacking midfielder,82,false,https://7a0.com.br/en/copas/2026/col
2026,Canada/Mexico/United States,col,Colombia,77,0,Midfield,20,Quintero,Attacking midfielder,77,false,https://7a0.com.br/en/copas/2026/col
2026,Canada/Mexico/United States,col,Colombia,77,0,Attack,11,Jhon Arias,Right winger,81,false,https://7a0.com.br/en/copas/2026/col
2026,Canada/Mexico/United States,col,Colombia,77,0,Attack,26,A. Gómez,Right winger,73,false,https://7a0.com.br/en/copas/2026/col
2026,Canada/Mexico/United States,col,Colombia,77,0,Attack,9,Córdoba,Centre-forward,77,false,https://7a0.com.br/en/copas/2026/col
2026,Canada/Mexico/United States,col,Colombia,77,0,Attack,19,Cucho,Centre-forward,76,false,https://7a0.com.br/en/copas/2026/col
2026,Canada/Mexico/United States,col,Colombia,77,0,Attack,25,L. Suárez,Centre-forward,76,false,https://7a0.com.br/en/copas/2026/col
2026,Canada/Mexico/United States,col,Colombia,77,0,Attack,7,Luis Díaz,Left winger,86,false,https://7a0.com.br/en/copas/2026/col
2026,Canada/Mexico/United States,col,Colombia,77,0,Attack,21,Campaz,Left winger,73,false,https://7a0.com.br/en/copas/2026/col
2026,Canada/Mexico/United States,ecu,Ecuador,77,1,Goalkeepers,1,Galíndez,Goalkeeper,76,false,https://7a0.com.br/en/copas/2026/ecu
2026,Canada/Mexico/United States,ecu,Ecuador,77,1,Goalkeepers,12,Ramírez,Goalkeeper,74,false,https://7a0.com.br/en/copas/2026/ecu
2026,Canada/Mexico/United States,ecu,Ecuador,77,1,Goalkeepers,22,Valle,Goalkeeper,73,false,https://7a0.com.br/en/copas/2026/ecu
2026,Canada/Mexico/United States,ecu,Ecuador,77,1,Defence,17,Á. Preciado,Right-back,79,false,https://7a0.com.br/en/copas/2026/ecu
2026,Canada/Mexico/United States,ecu,Ecuador,77,1,Defence,2,F. Torres,Centre-back,77,false,https://7a0.com.br/en/copas/2026/ecu
2026,Canada/Mexico/United States,ecu,Ecuador,77,1,Defence,3,Hincapié,Centre-back,84,false,https://7a0.com.br/en/copas/2026/ecu
2026,Canada/Mexico/United States,ecu,Ecuador,77,1,Defence,4,Ordóñez,Centre-back,78,false,https://7a0.com.br/en/copas/2026/ecu
2026,Canada/Mexico/United States,ecu,Ecuador,77,1,Defence,6,Pacho,Centre-back,89,false,https://7a0.com.br/en/copas/2026/ecu
2026,Canada/Mexico/United States,ecu,Ecuador,77,1,Defence,25,Porozo,Centre-back,74,false,https://7a0.com.br/en/copas/2026/ecu
2026,Canada/Mexico/United States,ecu,Ecuador,77,1,Defence,7,Estupiñán,Left-back,82,false,https://7a0.com.br/en/copas/2026/ecu
2026,Canada/Mexico/United States,ecu,Ecuador,77,1,Defence,18,Medina,Left-back,74,false,https://7a0.com.br/en/copas/2026/ecu
2026,Canada/Mexico/United States,ecu,Ecuador,77,1,Midfield,5,Alcívar,Defensive midfielder,74,false,https://7a0.com.br/en/copas/2026/ecu
2026,Canada/Mexico/United States,ecu,Ecuador,77,1,Midfield,20,D. Castillo,Defensive midfielder,74,false,https://7a0.com.br/en/copas/2026/ecu
2026,Canada/Mexico/United States,ecu,Ecuador,77,1,Midfield,21,Franco,Defensive midfielder,76,false,https://7a0.com.br/en/copas/2026/ecu
2026,Canada/Mexico/United States,ecu,Ecuador,77,1,Midfield,23,Caicedo,Defensive midfielder,88,false,https://7a0.com.br/en/copas/2026/ecu
2026,Canada/Mexico/United States,ecu,Ecuador,77,1,Midfield,10,Páez,Attacking midfielder,78,false,https://7a0.com.br/en/copas/2026/ecu
2026,Canada/Mexico/United States,ecu,Ecuador,77,1,Midfield,15,Vite,Attacking midfielder,74,false,https://7a0.com.br/en/copas/2026/ecu
2026,Canada/Mexico/United States,ecu,Ecuador,77,1,Attack,8,A. Valencia,Right winger,75,false,https://7a0.com.br/en/copas/2026/ecu
2026,Canada/Mexico/United States,ecu,Ecuador,77,1,Attack,9,Yeboah,Right winger,75,false,https://7a0.com.br/en/copas/2026/ecu
2026,Canada/Mexico/United States,ecu,Ecuador,77,1,Attack,19,Plata,Right winger,81,false,https://7a0.com.br/en/copas/2026/ecu
2026,Canada/Mexico/United States,ecu,Ecuador,77,1,Attack,11,K. Rodríguez,Centre-forward,76,false,https://7a0.com.br/en/copas/2026/ecu
2026,Canada/Mexico/United States,ecu,Ecuador,77,1,Attack,13,E. Valencia,Centre-forward,77,true,https://7a0.com.br/en/copas/2026/ecu
2026,Canada/Mexico/United States,ecu,Ecuador,77,1,Attack,24,J. Caicedo,Centre-forward,73,false,https://7a0.com.br/en/copas/2026/ecu
2026,Canada/Mexico/United States,ecu,Ecuador,77,1,Attack,26,Arévalo,Centre-forward,74,false,https://7a0.com.br/en/copas/2026/ecu
2026,Canada/Mexico/United States,ecu,Ecuador,77,1,Attack,14,Minda,Left winger,74,false,https://7a0.com.br/en/copas/2026/ecu
2026,Canada/Mexico/United States,ecu,Ecuador,77,1,Attack,16,Angulo,Left winger,82,false,https://7a0.com.br/en/copas/2026/ecu
2026,Canada/Mexico/United States,egy,Egypt,78,1,Goalkeepers,1,El-Shenawy,Goalkeeper,84,false,https://7a0.com.br/en/copas/2026/egy
2026,Canada/Mexico/United States,egy,Egypt,78,1,Goalkeepers,16,Soliman,Goalkeeper,76,false,https://7a0.com.br/en/copas/2026/egy
2026,Canada/Mexico/United States,egy,Egypt,78,1,Goalkeepers,23,Shobeir,Goalkeeper,80,false,https://7a0.com.br/en/copas/2026/egy
2026,Canada/Mexico/United States,egy,Egypt,78,1,Goalkeepers,26,M. Alaa,Goalkeeper,73,false,https://7a0.com.br/en/copas/2026/egy
2026,Canada/Mexico/United States,egy,Egypt,78,1,Defence,3,Hany,Right-back,78,false,https://7a0.com.br/en/copas/2026/egy
2026,Canada/Mexico/United States,egy,Egypt,78,1,Defence,24,T. Alaa,Right-back,75,false,https://7a0.com.br/en/copas/2026/egy
2026,Canada/Mexico/United States,egy,Egypt,78,1,Defence,2,Y. Ibrahim,Centre-back,79,false,https://7a0.com.br/en/copas/2026/egy
2026,Canada/Mexico/United States,egy,Egypt,78,1,Defence,4,Abdelmaguid,Centre-back,77,false,https://7a0.com.br/en/copas/2026/egy
2026,Canada/Mexico/United States,egy,Egypt,78,1,Defence,5,Rabia,Centre-back,78,false,https://7a0.com.br/en/copas/2026/egy
2026,Canada/Mexico/United States,egy,Egypt,78,1,Defence,6,Abdelmonem,Centre-back,79,false,https://7a0.com.br/en/copas/2026/egy
2026,Canada/Mexico/United States,egy,Egypt,78,1,Defence,14,Fathy,Centre-back,77,false,https://7a0.com.br/en/copas/2026/egy
2026,Canada/Mexico/United States,egy,Egypt,78,1,Defence,13,Fatouh,Left-back,78,false,https://7a0.com.br/en/copas/2026/egy
2026,Canada/Mexico/United States,egy,Egypt,78,1,Defence,15,Hafez,Left-back,78,false,https://7a0.com.br/en/copas/2026/egy
2026,Canada/Mexico/United States,egy,Egypt,78,1,Midfield,8,Ashour,Defensive midfielder,80,false,https://7a0.com.br/en/copas/2026/egy
2026,Canada/Mexico/United States,egy,Egypt,78,1,Midfield,12,Ha. Hassan,Midfielder,75,false,https://7a0.com.br/en/copas/2026/egy
2026,Canada/Mexico/United States,egy,Egypt,78,1,Midfield,17,Lasheen,Midfielder,76,false,https://7a0.com.br/en/copas/2026/egy
2026,Canada/Mexico/United States,egy,Egypt,78,1,Midfield,18,Emad,Midfielder,74,false,https://7a0.com.br/en/copas/2026/egy
2026,Canada/Mexico/United States,egy,Egypt,78,1,Midfield,19,Attia,Midfielder,75,false,https://7a0.com.br/en/copas/2026/egy
2026,Canada/Mexico/United States,egy,Egypt,78,1,Midfield,21,Saber,Midfielder,75,false,https://7a0.com.br/en/copas/2026/egy
2026,Canada/Mexico/United States,egy,Egypt,78,1,Midfield,7,Trézéguet,Left midfielder,81,false,https://7a0.com.br/en/copas/2026/egy
2026,Canada/Mexico/United States,egy,Egypt,78,1,Midfield,25,Zizo,Left midfielder,78,false,https://7a0.com.br/en/copas/2026/egy
2026,Canada/Mexico/United States,egy,Egypt,78,1,Midfield,11,Ziko,Attacking midfielder,77,false,https://7a0.com.br/en/copas/2026/egy
2026,Canada/Mexico/United States,egy,Egypt,78,1,Midfield,20,Adel,Attacking midfielder,77,false,https://7a0.com.br/en/copas/2026/egy
2026,Canada/Mexico/United States,egy,Egypt,78,1,Attack,10,Salah,Right winger,90,true,https://7a0.com.br/en/copas/2026/egy
2026,Canada/Mexico/United States,egy,Egypt,78,1,Attack,9,Abdelkarim,Centre-forward,76,false,https://7a0.com.br/en/copas/2026/egy
2026,Canada/Mexico/United States,egy,Egypt,78,1,Attack,22,Marmoush,Centre-forward,84,false,https://7a0.com.br/en/copas/2026/egy
2026,Canada/Mexico/United States,eng,England,80,0,Goalkeepers,1,Pickford,Goalkeeper,82,false,https://7a0.com.br/en/copas/2026/eng
2026,Canada/Mexico/United States,eng,England,80,0,Goalkeepers,13,D. Henderson,Goalkeeper,76,false,https://7a0.com.br/en/copas/2026/eng
2026,Canada/Mexico/United States,eng,England,80,0,Goalkeepers,23,Trafford,Goalkeeper,73,false,https://7a0.com.br/en/copas/2026/eng
2026,Canada/Mexico/United States,eng,England,80,0,Defence,2,Konsa,Right-back,78,false,https://7a0.com.br/en/copas/2026/eng
2026,Canada/Mexico/United States,eng,England,80,0,Defence,24,James,Right-back,80,false,https://7a0.com.br/en/copas/2026/eng
2026,Canada/Mexico/United States,eng,England,80,0,Defence,5,Stones,Centre-back,79,false,https://7a0.com.br/en/copas/2026/eng
2026,Canada/Mexico/United States,eng,England,80,0,Defence,6,Guéhi,Centre-back,84,false,https://7a0.com.br/en/copas/2026/eng
2026,Canada/Mexico/United States,eng,England,80,0,Defence,12,Chalobah,Centre-back,77,false,https://7a0.com.br/en/copas/2026/eng
2026,Canada/Mexico/United States,eng,England,80,0,Defence,15,Burn,Centre-back,75,false,https://7a0.com.br/en/copas/2026/eng
2026,Canada/Mexico/United States,eng,England,80,0,Defence,26,Quansah,Centre-back,74,false,https://7a0.com.br/en/copas/2026/eng
2026,Canada/Mexico/United States,eng,England,80,0,Defence,3,O'Reilly,Left-back,78,false,https://7a0.com.br/en/copas/2026/eng
2026,Canada/Mexico/United States,eng,England,80,0,Defence,25,Spence,Left-back,74,false,https://7a0.com.br/en/copas/2026/eng
2026,Canada/Mexico/United States,eng,England,80,0,Midfield,4,Rice,Defensive midfielder,89,false,https://7a0.com.br/en/copas/2026/eng
2026,Canada/Mexico/United States,eng,England,80,0,Midfield,8,Anderson,Defensive midfielder,78,false,https://7a0.com.br/en/copas/2026/eng
2026,Canada/Mexico/United States,eng,England,80,0,Midfield,14,J. Henderson,Defensive midfielder,74,false,https://7a0.com.br/en/copas/2026/eng
2026,Canada/Mexico/United States,eng,England,80,0,Midfield,10,Bellingham,Midfielder,92,false,https://7a0.com.br/en/copas/2026/eng
2026,Canada/Mexico/United States,eng,England,80,0,Midfield,16,Mainoo,Midfielder,79,false,https://7a0.com.br/en/copas/2026/eng
2026,Canada/Mexico/United States,eng,England,80,0,Midfield,17,Rogers,Attacking midfielder,82,false,https://7a0.com.br/en/copas/2026/eng
2026,Canada/Mexico/United States,eng,England,80,0,Midfield,21,Eze,Attacking midfielder,81,false,https://7a0.com.br/en/copas/2026/eng
2026,Canada/Mexico/United States,eng,England,80,0,Attack,7,Saka,Right winger,89,false,https://7a0.com.br/en/copas/2026/eng
2026,Canada/Mexico/United States,eng,England,80,0,Attack,20,Madueke,Right winger,77,false,https://7a0.com.br/en/copas/2026/eng
2026,Canada/Mexico/United States,eng,England,80,0,Attack,9,Kane,Centre-forward,91,false,https://7a0.com.br/en/copas/2026/eng
2026,Canada/Mexico/United States,eng,England,80,0,Attack,19,Watkins,Centre-forward,80,false,https://7a0.com.br/en/copas/2026/eng
2026,Canada/Mexico/United States,eng,England,80,0,Attack,22,Toney,Centre-forward,77,false,https://7a0.com.br/en/copas/2026/eng
2026,Canada/Mexico/United States,eng,England,80,0,Attack,11,Rashford,Left winger,81,false,https://7a0.com.br/en/copas/2026/eng
2026,Canada/Mexico/United States,eng,England,80,0,Attack,18,Gordon,Left winger,81,false,https://7a0.com.br/en/copas/2026/eng
2026,Canada/Mexico/United States,fra,France,83,1,Goalkeepers,1,Samba,Goalkeeper,79,false,https://7a0.com.br/en/copas/2026/fra
2026,Canada/Mexico/United States,fra,France,83,1,Goalkeepers,16,Maignan,Goalkeeper,86,false,https://7a0.com.br/en/copas/2026/fra
2026,Canada/Mexico/United States,fra,France,83,1,Goalkeepers,23,Risser,Goalkeeper,71,false,https://7a0.com.br/en/copas/2026/fra
2026,Canada/Mexico/United States,fra,France,83,1,Defence,2,Gusto,Right-back,80,false,https://7a0.com.br/en/copas/2026/fra
2026,Canada/Mexico/United States,fra,France,83,1,Defence,5,Koundé,Right-back,85,false,https://7a0.com.br/en/copas/2026/fra
2026,Canada/Mexico/United States,fra,France,83,1,Defence,4,Upamecano,Centre-back,87,false,https://7a0.com.br/en/copas/2026/fra
2026,Canada/Mexico/United States,fra,France,83,1,Defence,15,Konaté,Centre-back,84,false,https://7a0.com.br/en/copas/2026/fra
2026,Canada/Mexico/United States,fra,France,83,1,Defence,17,Saliba,Centre-back,87,false,https://7a0.com.br/en/copas/2026/fra
2026,Canada/Mexico/United States,fra,France,83,1,Defence,26,Lacroix,Centre-back,77,false,https://7a0.com.br/en/copas/2026/fra
2026,Canada/Mexico/United States,fra,France,83,1,Defence,3,Digne,Left-back,80,false,https://7a0.com.br/en/copas/2026/fra
2026,Canada/Mexico/United States,fra,France,83,1,Defence,19,Theo Hernandez,Left-back,83,false,https://7a0.com.br/en/copas/2026/fra
2026,Canada/Mexico/United States,fra,France,83,1,Defence,21,Lucas Hernandez,Left-back,79,false,https://7a0.com.br/en/copas/2026/fra
2026,Canada/Mexico/United States,fra,France,83,1,Midfield,6,Koné,Defensive midfielder,81,false,https://7a0.com.br/en/copas/2026/fra
2026,Canada/Mexico/United States,fra,France,83,1,Midfield,8,Tchouaméni,Defensive midfielder,86,false,https://7a0.com.br/en/copas/2026/fra
2026,Canada/Mexico/United States,fra,France,83,1,Midfield,13,Kanté,Defensive midfielder,85,false,https://7a0.com.br/en/copas/2026/fra
2026,Canada/Mexico/United States,fra,France,83,1,Midfield,18,Zaïre-Emery,Defensive midfielder,81,false,https://7a0.com.br/en/copas/2026/fra
2026,Canada/Mexico/United States,fra,France,83,1,Midfield,14,Rabiot,Left midfielder,83,false,https://7a0.com.br/en/copas/2026/fra
2026,Canada/Mexico/United States,fra,France,83,1,Midfield,24,Cherki,Attacking midfielder,85,false,https://7a0.com.br/en/copas/2026/fra
2026,Canada/Mexico/United States,fra,France,83,1,Midfield,25,Akliouche,Attacking midfielder,79,false,https://7a0.com.br/en/copas/2026/fra
2026,Canada/Mexico/United States,fra,France,83,1,Attack,7,Dembélé,Right winger,91,false,https://7a0.com.br/en/copas/2026/fra
2026,Canada/Mexico/United States,fra,France,83,1,Attack,11,Olise,Right winger,90,false,https://7a0.com.br/en/copas/2026/fra
2026,Canada/Mexico/United States,fra,France,83,1,Attack,20,Doué,Right winger,85,false,https://7a0.com.br/en/copas/2026/fra
2026,Canada/Mexico/United States,fra,France,83,1,Attack,9,Marcus Thuram,Centre-forward,82,false,https://7a0.com.br/en/copas/2026/fra
2026,Canada/Mexico/United States,fra,France,83,1,Attack,10,Mbappé,Centre-forward,95,true,https://7a0.com.br/en/copas/2026/fra
2026,Canada/Mexico/United States,fra,France,83,1,Attack,22,Mateta,Centre-forward,78,false,https://7a0.com.br/en/copas/2026/fra
2026,Canada/Mexico/United States,fra,France,83,1,Attack,12,Barcola,Left winger,82,false,https://7a0.com.br/en/copas/2026/fra
2026,Canada/Mexico/United States,ger,Germany,81,1,Goalkeepers,1,Neuer,Goalkeeper,86,true,https://7a0.com.br/en/copas/2026/ger
2026,Canada/Mexico/United States,ger,Germany,81,1,Goalkeepers,12,Baumann,Goalkeeper,74,false,https://7a0.com.br/en/copas/2026/ger
2026,Canada/Mexico/United States,ger,Germany,81,1,Goalkeepers,21,Nübel,Goalkeeper,75,false,https://7a0.com.br/en/copas/2026/ger
2026,Canada/Mexico/United States,ger,Germany,81,1,Defence,2,Rüdiger,Centre-back,86,false,https://7a0.com.br/en/copas/2026/ger
2026,Canada/Mexico/United States,ger,Germany,81,1,Defence,3,Anton,Centre-back,78,false,https://7a0.com.br/en/copas/2026/ger
2026,Canada/Mexico/United States,ger,Germany,81,1,Defence,4,Tah,Centre-back,83,false,https://7a0.com.br/en/copas/2026/ger
2026,Canada/Mexico/United States,ger,Germany,81,1,Defence,15,Schlotterbeck,Centre-back,86,false,https://7a0.com.br/en/copas/2026/ger
2026,Canada/Mexico/United States,ger,Germany,81,1,Defence,24,Thiaw,Centre-back,78,false,https://7a0.com.br/en/copas/2026/ger
2026,Canada/Mexico/United States,ger,Germany,81,1,Defence,18,Brown,Left-back,74,false,https://7a0.com.br/en/copas/2026/ger
2026,Canada/Mexico/United States,ger,Germany,81,1,Defence,22,Raum,Left-back,80,false,https://7a0.com.br/en/copas/2026/ger
2026,Canada/Mexico/United States,ger,Germany,81,1,Midfield,5,Pavlović,Defensive midfielder,81,false,https://7a0.com.br/en/copas/2026/ger
2026,Canada/Mexico/United States,ger,Germany,81,1,Midfield,6,Kimmich,Defensive midfielder,87,false,https://7a0.com.br/en/copas/2026/ger
2026,Canada/Mexico/United States,ger,Germany,81,1,Midfield,8,Goretzka,Defensive midfielder,81,false,https://7a0.com.br/en/copas/2026/ger
2026,Canada/Mexico/United States,ger,Germany,81,1,Midfield,13,Groß,Defensive midfielder,78,false,https://7a0.com.br/en/copas/2026/ger
2026,Canada/Mexico/United States,ger,Germany,81,1,Midfield,16,Stiller,Defensive midfielder,80,false,https://7a0.com.br/en/copas/2026/ger
2026,Canada/Mexico/United States,ger,Germany,81,1,Midfield,23,Nmecha,Defensive midfielder,75,false,https://7a0.com.br/en/copas/2026/ger
2026,Canada/Mexico/United States,ger,Germany,81,1,Midfield,25,Ouédraogo,Midfielder,74,false,https://7a0.com.br/en/copas/2026/ger
2026,Canada/Mexico/United States,ger,Germany,81,1,Midfield,10,Musiala,Attacking midfielder,86,false,https://7a0.com.br/en/copas/2026/ger
2026,Canada/Mexico/United States,ger,Germany,81,1,Midfield,17,Wirtz,Attacking midfielder,89,false,https://7a0.com.br/en/copas/2026/ger
2026,Canada/Mexico/United States,ger,Germany,81,1,Midfield,20,Amiri,Attacking midfielder,74,false,https://7a0.com.br/en/copas/2026/ger
2026,Canada/Mexico/United States,ger,Germany,81,1,Attack,9,Leweling,Right winger,76,false,https://7a0.com.br/en/copas/2026/ger
2026,Canada/Mexico/United States,ger,Germany,81,1,Attack,19,Sané,Right winger,84,false,https://7a0.com.br/en/copas/2026/ger
2026,Canada/Mexico/United States,ger,Germany,81,1,Attack,7,Havertz,Centre-forward,84,false,https://7a0.com.br/en/copas/2026/ger
2026,Canada/Mexico/United States,ger,Germany,81,1,Attack,11,Woltemade,Centre-forward,80,false,https://7a0.com.br/en/copas/2026/ger
2026,Canada/Mexico/United States,ger,Germany,81,1,Attack,14,Beier,Centre-forward,77,false,https://7a0.com.br/en/copas/2026/ger
2026,Canada/Mexico/United States,ger,Germany,81,1,Attack,26,Undav,Centre-forward,87,false,https://7a0.com.br/en/copas/2026/ger
2026,Canada/Mexico/United States,mex,Mexico,75,0,Goalkeepers,1,Rangel,Goalkeeper,78,false,https://7a0.com.br/en/copas/2026/mex
2026,Canada/Mexico/United States,mex,Mexico,75,0,Goalkeepers,12,Acevedo,Goalkeeper,72,false,https://7a0.com.br/en/copas/2026/mex
2026,Canada/Mexico/United States,mex,Mexico,75,0,Goalkeepers,13,Ochoa,Goalkeeper,76,false,https://7a0.com.br/en/copas/2026/mex
2026,Canada/Mexico/United States,mex,Mexico,75,0,Defence,2,J. Sánchez,Right-back,77,false,https://7a0.com.br/en/copas/2026/mex
2026,Canada/Mexico/United States,mex,Mexico,75,0,Defence,3,Montes,Centre-back,76,false,https://7a0.com.br/en/copas/2026/mex
2026,Canada/Mexico/United States,mex,Mexico,75,0,Defence,5,Vásquez,Centre-back,76,false,https://7a0.com.br/en/copas/2026/mex
2026,Canada/Mexico/United States,mex,Mexico,75,0,Defence,15,I. Reyes,Centre-back,73,false,https://7a0.com.br/en/copas/2026/mex
2026,Canada/Mexico/United States,mex,Mexico,75,0,Defence,20,M. Chávez,Left-back,71,false,https://7a0.com.br/en/copas/2026/mex
2026,Canada/Mexico/United States,mex,Mexico,75,0,Defence,23,Gallardo,Left-back,74,false,https://7a0.com.br/en/copas/2026/mex
2026,Canada/Mexico/United States,mex,Mexico,75,0,Midfield,4,E. Álvarez,Defensive midfielder,80,false,https://7a0.com.br/en/copas/2026/mex
2026,Canada/Mexico/United States,mex,Mexico,75,0,Midfield,6,Lira,Defensive midfielder,73,false,https://7a0.com.br/en/copas/2026/mex
2026,Canada/Mexico/United States,mex,Mexico,75,0,Midfield,7,Romo,Defensive midfielder,74,false,https://7a0.com.br/en/copas/2026/mex
2026,Canada/Mexico/United States,mex,Mexico,75,0,Midfield,18,O. Vargas,Defensive midfielder,72,false,https://7a0.com.br/en/copas/2026/mex
2026,Canada/Mexico/United States,mex,Mexico,75,0,Midfield,24,L. Chávez,Defensive midfielder,74,false,https://7a0.com.br/en/copas/2026/mex
2026,Canada/Mexico/United States,mex,Mexico,75,0,Midfield,8,Fidalgo,Midfielder,75,false,https://7a0.com.br/en/copas/2026/mex
2026,Canada/Mexico/United States,mex,Mexico,75,0,Midfield,17,Pineda,Attacking midfielder,75,false,https://7a0.com.br/en/copas/2026/mex
2026,Canada/Mexico/United States,mex,Mexico,75,0,Midfield,19,Mora,Attacking midfielder,73,false,https://7a0.com.br/en/copas/2026/mex
2026,Canada/Mexico/United States,mex,Mexico,75,0,Midfield,26,B. Gutiérrez,Attacking midfielder,72,false,https://7a0.com.br/en/copas/2026/mex
2026,Canada/Mexico/United States,mex,Mexico,75,0,Attack,25,Alvarado,Right winger,74,false,https://7a0.com.br/en/copas/2026/mex
2026,Canada/Mexico/United States,mex,Mexico,75,0,Attack,9,Jiménez,Centre-forward,80,false,https://7a0.com.br/en/copas/2026/mex
2026,Canada/Mexico/United States,mex,Mexico,75,0,Attack,11,S. Giménez,Centre-forward,81,false,https://7a0.com.br/en/copas/2026/mex
2026,Canada/Mexico/United States,mex,Mexico,75,0,Attack,14,A. González,Centre-forward,72,false,https://7a0.com.br/en/copas/2026/mex
2026,Canada/Mexico/United States,mex,Mexico,75,0,Attack,16,Quiñones,Centre-forward,78,false,https://7a0.com.br/en/copas/2026/mex
2026,Canada/Mexico/United States,mex,Mexico,75,0,Attack,22,G. Martínez,Centre-forward,71,false,https://7a0.com.br/en/copas/2026/mex
2026,Canada/Mexico/United States,mex,Mexico,75,0,Attack,10,Vega,Left winger,75,false,https://7a0.com.br/en/copas/2026/mex
2026,Canada/Mexico/United States,mex,Mexico,75,0,Attack,21,Huerta,Left winger,74,false,https://7a0.com.br/en/copas/2026/mex
2026,Canada/Mexico/United States,mar,Morocco,78,0,Goalkeepers,1,Bono,Goalkeeper,89,false,https://7a0.com.br/en/copas/2026/mar
2026,Canada/Mexico/United States,mar,Morocco,78,0,Goalkeepers,12,Munir Mohamedi,Goalkeeper,74,false,https://7a0.com.br/en/copas/2026/mar
2026,Canada/Mexico/United States,mar,Morocco,78,0,Goalkeepers,22,Tagnaouti,Goalkeeper,73,false,https://7a0.com.br/en/copas/2026/mar
2026,Canada/Mexico/United States,mar,Morocco,78,0,Defence,2,Hakimi,Right-back,89,false,https://7a0.com.br/en/copas/2026/mar
2026,Canada/Mexico/United States,mar,Morocco,78,0,Defence,3,Mazraoui,Right-back,80,false,https://7a0.com.br/en/copas/2026/mar
2026,Canada/Mexico/United States,mar,Morocco,78,0,Defence,13,El Ouahdi,Right-back,76,false,https://7a0.com.br/en/copas/2026/mar
2026,Canada/Mexico/United States,mar,Morocco,78,0,Defence,5,Saâdane,Centre-back,75,false,https://7a0.com.br/en/copas/2026/mar
2026,Canada/Mexico/United States,mar,Morocco,78,0,Defence,14,Diop,Centre-back,79,false,https://7a0.com.br/en/copas/2026/mar
2026,Canada/Mexico/United States,mar,Morocco,78,0,Defence,18,Riad,Centre-back,78,false,https://7a0.com.br/en/copas/2026/mar
2026,Canada/Mexico/United States,mar,Morocco,78,0,Defence,19,Belammari,Centre-back,74,false,https://7a0.com.br/en/copas/2026/mar
2026,Canada/Mexico/United States,mar,Morocco,78,0,Defence,25,Halhal,Centre-back,73,false,https://7a0.com.br/en/copas/2026/mar
2026,Canada/Mexico/United States,mar,Morocco,78,0,Defence,26,Salah-Eddine,Left-back,76,false,https://7a0.com.br/en/copas/2026/mar
2026,Canada/Mexico/United States,mar,Morocco,78,0,Midfield,4,S. Amrabat,Defensive midfielder,82,false,https://7a0.com.br/en/copas/2026/mar
2026,Canada/Mexico/United States,mar,Morocco,78,0,Midfield,6,Bouaddi,Defensive midfielder,76,false,https://7a0.com.br/en/copas/2026/mar
2026,Canada/Mexico/United States,mar,Morocco,78,0,Midfield,8,Ounahi,Midfielder,82,false,https://7a0.com.br/en/copas/2026/mar
2026,Canada/Mexico/United States,mar,Morocco,78,0,Midfield,15,El Mourabet,Midfielder,74,false,https://7a0.com.br/en/copas/2026/mar
2026,Canada/Mexico/United States,mar,Morocco,78,0,Midfield,24,El Aynaoui,Midfielder,76,false,https://7a0.com.br/en/copas/2026/mar
2026,Canada/Mexico/United States,mar,Morocco,78,0,Midfield,10,Brahim Díaz,Attacking midfielder,82,false,https://7a0.com.br/en/copas/2026/mar
2026,Canada/Mexico/United States,mar,Morocco,78,0,Midfield,11,Saïbari,Attacking midfielder,79,false,https://7a0.com.br/en/copas/2026/mar
2026,Canada/Mexico/United States,mar,Morocco,78,0,Midfield,23,El Khannouss,Attacking midfielder,79,false,https://7a0.com.br/en/copas/2026/mar
2026,Canada/Mexico/United States,mar,Morocco,78,0,Attack,7,Talbi,Right winger,77,false,https://7a0.com.br/en/copas/2026/mar
2026,Canada/Mexico/United States,mar,Morocco,78,0,Attack,9,Rahimi,Centre-forward,80,false,https://7a0.com.br/en/copas/2026/mar
2026,Canada/Mexico/United States,mar,Morocco,78,0,Attack,20,El Kaabi,Centre-forward,80,false,https://7a0.com.br/en/copas/2026/mar
2026,Canada/Mexico/United States,mar,Morocco,78,0,Attack,21,Amaimouni,Centre-forward,74,false,https://7a0.com.br/en/copas/2026/mar
2026,Canada/Mexico/United States,mar,Morocco,78,0,Attack,16,Yassine,Left winger,74,false,https://7a0.com.br/en/copas/2026/mar
2026,Canada/Mexico/United States,mar,Morocco,78,0,Attack,17,Sbaï,Left winger,75,false,https://7a0.com.br/en/copas/2026/mar
2026,Canada/Mexico/United States,ned,Netherlands,80,1,Goalkeepers,1,Verbruggen,Goalkeeper,80,false,https://7a0.com.br/en/copas/2026/ned
2026,Canada/Mexico/United States,ned,Netherlands,80,1,Goalkeepers,13,Roefs,Goalkeeper,71,false,https://7a0.com.br/en/copas/2026/ned
2026,Canada/Mexico/United States,ned,Netherlands,80,1,Goalkeepers,23,Flekken,Goalkeeper,76,false,https://7a0.com.br/en/copas/2026/ned
2026,Canada/Mexico/United States,ned,Netherlands,80,1,Defence,2,Geertruida,Right-back,80,false,https://7a0.com.br/en/copas/2026/ned
2026,Canada/Mexico/United States,ned,Netherlands,80,1,Defence,22,Dumfries,Right-back,87,false,https://7a0.com.br/en/copas/2026/ned
2026,Canada/Mexico/United States,ned,Netherlands,80,1,Defence,4,Van Dijk,Centre-back,89,true,https://7a0.com.br/en/copas/2026/ned
2026,Canada/Mexico/United States,ned,Netherlands,80,1,Defence,5,Aké,Centre-back,83,false,https://7a0.com.br/en/copas/2026/ned
2026,Canada/Mexico/United States,ned,Netherlands,80,1,Defence,6,Van Hecke,Centre-back,80,false,https://7a0.com.br/en/copas/2026/ned
2026,Canada/Mexico/United States,ned,Netherlands,80,1,Defence,15,Van de Ven,Centre-back,83,false,https://7a0.com.br/en/copas/2026/ned
2026,Canada/Mexico/United States,ned,Netherlands,80,1,Defence,25,Hato,Left-back,78,false,https://7a0.com.br/en/copas/2026/ned
2026,Canada/Mexico/United States,ned,Netherlands,80,1,Midfield,3,De Roon,Defensive midfielder,76,false,https://7a0.com.br/en/copas/2026/ned
2026,Canada/Mexico/United States,ned,Netherlands,80,1,Midfield,8,Gravenberch,Defensive midfielder,85,false,https://7a0.com.br/en/copas/2026/ned
2026,Canada/Mexico/United States,ned,Netherlands,80,1,Midfield,12,Wieffer,Defensive midfielder,75,false,https://7a0.com.br/en/copas/2026/ned
2026,Canada/Mexico/United States,ned,Netherlands,80,1,Midfield,16,Til,Defensive midfielder,73,false,https://7a0.com.br/en/copas/2026/ned
2026,Canada/Mexico/United States,ned,Netherlands,80,1,Midfield,20,Koopmeiners,Defensive midfielder,80,false,https://7a0.com.br/en/copas/2026/ned
2026,Canada/Mexico/United States,ned,Netherlands,80,1,Midfield,26,Q. Timber,Defensive midfielder,76,false,https://7a0.com.br/en/copas/2026/ned
2026,Canada/Mexico/United States,ned,Netherlands,80,1,Midfield,14,Reijnders,Midfielder,85,false,https://7a0.com.br/en/copas/2026/ned
2026,Canada/Mexico/United States,ned,Netherlands,80,1,Midfield,21,F. de Jong,Midfielder,87,false,https://7a0.com.br/en/copas/2026/ned
2026,Canada/Mexico/United States,ned,Netherlands,80,1,Attack,7,Kluivert,Right winger,78,false,https://7a0.com.br/en/copas/2026/ned
2026,Canada/Mexico/United States,ned,Netherlands,80,1,Attack,18,Malen,Right winger,80,false,https://7a0.com.br/en/copas/2026/ned
2026,Canada/Mexico/United States,ned,Netherlands,80,1,Attack,9,Weghorst,Centre-forward,78,false,https://7a0.com.br/en/copas/2026/ned
2026,Canada/Mexico/United States,ned,Netherlands,80,1,Attack,10,Depay,Centre-forward,80,false,https://7a0.com.br/en/copas/2026/ned
2026,Canada/Mexico/United States,ned,Netherlands,80,1,Attack,19,Brobbey,Centre-forward,81,false,https://7a0.com.br/en/copas/2026/ned
2026,Canada/Mexico/United States,ned,Netherlands,80,1,Attack,11,Gakpo,Left winger,86,false,https://7a0.com.br/en/copas/2026/ned
2026,Canada/Mexico/United States,ned,Netherlands,80,1,Attack,17,Lang,Left winger,77,false,https://7a0.com.br/en/copas/2026/ned
2026,Canada/Mexico/United States,ned,Netherlands,80,1,Attack,24,Summerville,Left winger,80,false,https://7a0.com.br/en/copas/2026/ned
2026,Canada/Mexico/United States,nor,Norway,79,2,Goalkeepers,1,Nyland,Goalkeeper,78,false,https://7a0.com.br/en/copas/2026/nor
2026,Canada/Mexico/United States,nor,Norway,79,2,Goalkeepers,12,Klaesson,Goalkeeper,74,false,https://7a0.com.br/en/copas/2026/nor
2026,Canada/Mexico/United States,nor,Norway,79,2,Goalkeepers,23,Selvik,Goalkeeper,73,false,https://7a0.com.br/en/copas/2026/nor
2026,Canada/Mexico/United States,nor,Norway,79,2,Defence,2,Ryerson,Right-back,80,false,https://7a0.com.br/en/copas/2026/nor
2026,Canada/Mexico/United States,nor,Norway,79,2,Defence,21,M. Pedersen,Right-back,76,false,https://7a0.com.br/en/copas/2026/nor
2026,Canada/Mexico/United States,nor,Norway,79,2,Defence,3,Ajer,Centre-back,81,false,https://7a0.com.br/en/copas/2026/nor
2026,Canada/Mexico/United States,nor,Norway,79,2,Defence,4,Hanche-Olsen,Centre-back,78,false,https://7a0.com.br/en/copas/2026/nor
2026,Canada/Mexico/United States,nor,Norway,79,2,Defence,5,Østigård,Centre-back,80,false,https://7a0.com.br/en/copas/2026/nor
2026,Canada/Mexico/United States,nor,Norway,79,2,Defence,15,T. Heggem,Centre-back,77,false,https://7a0.com.br/en/copas/2026/nor
2026,Canada/Mexico/United States,nor,Norway,79,2,Defence,18,Bjørkan,Left-back,76,false,https://7a0.com.br/en/copas/2026/nor
2026,Canada/Mexico/United States,nor,Norway,79,2,Defence,20,Wolfe,Left-back,78,false,https://7a0.com.br/en/copas/2026/nor
2026,Canada/Mexico/United States,nor,Norway,79,2,Midfield,6,Berge,Defensive midfielder,82,false,https://7a0.com.br/en/copas/2026/nor
2026,Canada/Mexico/United States,nor,Norway,79,2,Midfield,16,P. Berg,Defensive midfielder,79,false,https://7a0.com.br/en/copas/2026/nor
2026,Canada/Mexico/United States,nor,Norway,79,2,Midfield,8,Aursnes,Midfielder,81,false,https://7a0.com.br/en/copas/2026/nor
2026,Canada/Mexico/United States,nor,Norway,79,2,Midfield,14,Thorsby,Midfielder,76,false,https://7a0.com.br/en/copas/2026/nor
2026,Canada/Mexico/United States,nor,Norway,79,2,Midfield,17,K. Thorstvedt,Midfielder,78,false,https://7a0.com.br/en/copas/2026/nor
2026,Canada/Mexico/United States,nor,Norway,79,2,Midfield,24,Hauge,Left midfielder,77,false,https://7a0.com.br/en/copas/2026/nor
2026,Canada/Mexico/United States,nor,Norway,79,2,Midfield,10,Ødegaard,Attacking midfielder,89,true,https://7a0.com.br/en/copas/2026/nor
2026,Canada/Mexico/United States,nor,Norway,79,2,Attack,19,O. Solbakken,Right winger,74,false,https://7a0.com.br/en/copas/2026/nor
2026,Canada/Mexico/United States,nor,Norway,79,2,Attack,25,Bobb,Right winger,82,false,https://7a0.com.br/en/copas/2026/nor
2026,Canada/Mexico/United States,nor,Norway,79,2,Attack,9,Haaland,Centre-forward,93,true,https://7a0.com.br/en/copas/2026/nor
2026,Canada/Mexico/United States,nor,Norway,79,2,Attack,11,Sørloth,Centre-forward,83,false,https://7a0.com.br/en/copas/2026/nor
2026,Canada/Mexico/United States,nor,Norway,79,2,Attack,13,Botheim,Centre-forward,74,false,https://7a0.com.br/en/copas/2026/nor
2026,Canada/Mexico/United States,nor,Norway,79,2,Attack,22,Strand Larsen,Centre-forward,80,false,https://7a0.com.br/en/copas/2026/nor
2026,Canada/Mexico/United States,nor,Norway,79,2,Attack,7,Nusa,Left winger,84,false,https://7a0.com.br/en/copas/2026/nor
2026,Canada/Mexico/United States,nor,Norway,79,2,Attack,26,Schjelderup,Left winger,78,false,https://7a0.com.br/en/copas/2026/nor
2026,Canada/Mexico/United States,par,Paraguay,74,0,Goalkeepers,1,Gatito,Goalkeeper,74,false,https://7a0.com.br/en/copas/2026/par
2026,Canada/Mexico/United States,par,Paraguay,74,0,Goalkeepers,12,Gill,Goalkeeper,75,false,https://7a0.com.br/en/copas/2026/par
2026,Canada/Mexico/United States,par,Paraguay,74,0,Goalkeepers,22,Olivera,Goalkeeper,71,false,https://7a0.com.br/en/copas/2026/par
2026,Canada/Mexico/United States,par,Paraguay,74,0,Defence,2,Velázquez,Centre-back,74,false,https://7a0.com.br/en/copas/2026/par
2026,Canada/Mexico/United States,par,Paraguay,74,0,Defence,3,Alderete,Centre-back,77,false,https://7a0.com.br/en/copas/2026/par
2026,Canada/Mexico/United States,par,Paraguay,74,0,Defence,4,Cáceres,Centre-back,74,false,https://7a0.com.br/en/copas/2026/par
2026,Canada/Mexico/United States,par,Paraguay,74,0,Defence,5,Balbuena,Centre-back,75,false,https://7a0.com.br/en/copas/2026/par
2026,Canada/Mexico/United States,par,Paraguay,74,0,Defence,6,Alonso,Centre-back,75,false,https://7a0.com.br/en/copas/2026/par
2026,Canada/Mexico/United States,par,Paraguay,74,0,Defence,13,Canale,Centre-back,74,false,https://7a0.com.br/en/copas/2026/par
2026,Canada/Mexico/United States,par,Paraguay,74,0,Defence,15,G. Gómez,Centre-back,75,false,https://7a0.com.br/en/copas/2026/par
2026,Canada/Mexico/United States,par,Paraguay,74,0,Defence,26,Maidana,Centre-back,72,false,https://7a0.com.br/en/copas/2026/par
2026,Canada/Mexico/United States,par,Paraguay,74,0,Midfield,8,D. Gómez,Defensive midfielder,76,false,https://7a0.com.br/en/copas/2026/par
2026,Canada/Mexico/United States,par,Paraguay,74,0,Midfield,14,Cubas,Defensive midfielder,76,false,https://7a0.com.br/en/copas/2026/par
2026,Canada/Mexico/United States,par,Paraguay,74,0,Midfield,16,D. Bobadilla,Defensive midfielder,74,false,https://7a0.com.br/en/copas/2026/par
2026,Canada/Mexico/United States,par,Paraguay,74,0,Midfield,20,Ojeda,Defensive midfielder,73,false,https://7a0.com.br/en/copas/2026/par
2026,Canada/Mexico/United States,par,Paraguay,74,0,Midfield,23,Galarza,Midfielder,73,false,https://7a0.com.br/en/copas/2026/par
2026,Canada/Mexico/United States,par,Paraguay,74,0,Midfield,17,Kaku,Attacking midfielder,74,false,https://7a0.com.br/en/copas/2026/par
2026,Canada/Mexico/United States,par,Paraguay,74,0,Midfield,19,Enciso,Attacking midfielder,77,false,https://7a0.com.br/en/copas/2026/par
2026,Canada/Mexico/United States,par,Paraguay,74,0,Attack,10,Almirón,Right winger,78,false,https://7a0.com.br/en/copas/2026/par
2026,Canada/Mexico/United States,par,Paraguay,74,0,Attack,11,Mauricio,Right winger,76,false,https://7a0.com.br/en/copas/2026/par
2026,Canada/Mexico/United States,par,Paraguay,74,0,Attack,9,Sanabria,Centre-forward,77,false,https://7a0.com.br/en/copas/2026/par
2026,Canada/Mexico/United States,par,Paraguay,74,0,Attack,18,A. Arce,Centre-forward,73,false,https://7a0.com.br/en/copas/2026/par
2026,Canada/Mexico/United States,par,Paraguay,74,0,Attack,21,G. Ávalos,Centre-forward,73,false,https://7a0.com.br/en/copas/2026/par
2026,Canada/Mexico/United States,par,Paraguay,74,0,Attack,24,G. Caballero,Centre-forward,72,false,https://7a0.com.br/en/copas/2026/par
2026,Canada/Mexico/United States,par,Paraguay,74,0,Attack,25,Pitta,Centre-forward,73,false,https://7a0.com.br/en/copas/2026/par
2026,Canada/Mexico/United States,par,Paraguay,74,0,Attack,7,R. Sosa,Left winger,75,false,https://7a0.com.br/en/copas/2026/par
2026,Canada/Mexico/United States,por,Portugal,82,1,Goalkeepers,1,Diogo Costa,Goalkeeper,85,false,https://7a0.com.br/en/copas/2026/por
2026,Canada/Mexico/United States,por,Portugal,82,1,Goalkeepers,12,José Sá,Goalkeeper,76,false,https://7a0.com.br/en/copas/2026/por
2026,Canada/Mexico/United States,por,Portugal,82,1,Goalkeepers,22,Rui Silva,Goalkeeper,75,false,https://7a0.com.br/en/copas/2026/por
2026,Canada/Mexico/United States,por,Portugal,82,1,Defence,2,Nélson Semedo,Right-back,80,false,https://7a0.com.br/en/copas/2026/por
2026,Canada/Mexico/United States,por,Portugal,82,1,Defence,5,Dalot,Right-back,82,false,https://7a0.com.br/en/copas/2026/por
2026,Canada/Mexico/United States,por,Portugal,82,1,Defence,20,Cancelo,Right-back,83,false,https://7a0.com.br/en/copas/2026/por
2026,Canada/Mexico/United States,por,Portugal,82,1,Defence,3,Rúben Dias,Centre-back,88,false,https://7a0.com.br/en/copas/2026/por
2026,Canada/Mexico/United States,por,Portugal,82,1,Defence,4,Tomás Araújo,Centre-back,78,false,https://7a0.com.br/en/copas/2026/por
2026,Canada/Mexico/United States,por,Portugal,82,1,Defence,13,Renato Veiga,Centre-back,77,false,https://7a0.com.br/en/copas/2026/por
2026,Canada/Mexico/United States,por,Portugal,82,1,Defence,14,Gonçalo Inácio,Centre-back,82,false,https://7a0.com.br/en/copas/2026/por
2026,Canada/Mexico/United States,por,Portugal,82,1,Defence,25,Nuno Mendes,Left-back,88,false,https://7a0.com.br/en/copas/2026/por
2026,Canada/Mexico/United States,por,Portugal,82,1,Midfield,6,Matheus Nunes,Defensive midfielder,80,false,https://7a0.com.br/en/copas/2026/por
2026,Canada/Mexico/United States,por,Portugal,82,1,Midfield,8,Bruno Fernandes,Defensive midfielder,89,false,https://7a0.com.br/en/copas/2026/por
2026,Canada/Mexico/United States,por,Portugal,82,1,Midfield,15,João Neves,Defensive midfielder,86,false,https://7a0.com.br/en/copas/2026/por
2026,Canada/Mexico/United States,por,Portugal,82,1,Midfield,23,Vitinha,Defensive midfielder,90,false,https://7a0.com.br/en/copas/2026/por
2026,Canada/Mexico/United States,por,Portugal,82,1,Midfield,24,Samú Costa,Defensive midfielder,75,false,https://7a0.com.br/en/copas/2026/por
2026,Canada/Mexico/United States,por,Portugal,82,1,Midfield,21,Rúben Neves,Midfielder,79,false,https://7a0.com.br/en/copas/2026/por
2026,Canada/Mexico/United States,por,Portugal,82,1,Midfield,10,Bernardo Silva,Attacking midfielder,88,false,https://7a0.com.br/en/copas/2026/por
2026,Canada/Mexico/United States,por,Portugal,82,1,Attack,16,Trincão,Right winger,79,false,https://7a0.com.br/en/copas/2026/por
2026,Canada/Mexico/United States,por,Portugal,82,1,Attack,18,Pedro Neto,Right winger,80,false,https://7a0.com.br/en/copas/2026/por
2026,Canada/Mexico/United States,por,Portugal,82,1,Attack,26,Francisco Conceição,Right winger,78,false,https://7a0.com.br/en/copas/2026/por
2026,Canada/Mexico/United States,por,Portugal,82,1,Attack,7,Cristiano Ronaldo,Centre-forward,83,true,https://7a0.com.br/en/copas/2026/por
2026,Canada/Mexico/United States,por,Portugal,82,1,Attack,9,Gonçalo Ramos,Centre-forward,81,false,https://7a0.com.br/en/copas/2026/por
2026,Canada/Mexico/United States,por,Portugal,82,1,Attack,11,João Félix,Centre-forward,80,false,https://7a0.com.br/en/copas/2026/por
2026,Canada/Mexico/United States,por,Portugal,82,1,Attack,17,Rafael Leão,Left winger,85,false,https://7a0.com.br/en/copas/2026/por
2026,Canada/Mexico/United States,por,Portugal,82,1,Attack,19,Gonçalo Guedes,Left winger,77,false,https://7a0.com.br/en/copas/2026/por
2026,Canada/Mexico/United States,esp,Spain,83,2,Goalkeepers,1,Raya,Goalkeeper,83,false,https://7a0.com.br/en/copas/2026/esp
2026,Canada/Mexico/United States,esp,Spain,83,2,Goalkeepers,13,Joan García,Goalkeeper,78,false,https://7a0.com.br/en/copas/2026/esp
2026,Canada/Mexico/United States,esp,Spain,83,2,Goalkeepers,23,Simón,Goalkeeper,89,false,https://7a0.com.br/en/copas/2026/esp
2026,Canada/Mexico/United States,esp,Spain,83,2,Defence,5,Llorente,Right-back,82,false,https://7a0.com.br/en/copas/2026/esp
2026,Canada/Mexico/United States,esp,Spain,83,2,Defence,12,Porro,Right-back,84,false,https://7a0.com.br/en/copas/2026/esp
2026,Canada/Mexico/United States,esp,Spain,83,2,Defence,2,Pubill,Centre-back,74,false,https://7a0.com.br/en/copas/2026/esp
2026,Canada/Mexico/United States,esp,Spain,83,2,Defence,4,Eric García,Centre-back,79,false,https://7a0.com.br/en/copas/2026/esp
2026,Canada/Mexico/United States,esp,Spain,83,2,Defence,14,Laporte,Centre-back,83,false,https://7a0.com.br/en/copas/2026/esp
2026,Canada/Mexico/United States,esp,Spain,83,2,Defence,22,Cubarsí,Centre-back,89,false,https://7a0.com.br/en/copas/2026/esp
2026,Canada/Mexico/United States,esp,Spain,83,2,Defence,3,Grimaldo,Left-back,82,false,https://7a0.com.br/en/copas/2026/esp
2026,Canada/Mexico/United States,esp,Spain,83,2,Defence,24,Cucurella,Left-back,85,false,https://7a0.com.br/en/copas/2026/esp
2026,Canada/Mexico/United States,esp,Spain,83,2,Midfield,6,Merino,Defensive midfielder,87,false,https://7a0.com.br/en/copas/2026/esp
2026,Canada/Mexico/United States,esp,Spain,83,2,Midfield,9,Gavi,Defensive midfielder,83,false,https://7a0.com.br/en/copas/2026/esp
2026,Canada/Mexico/United States,esp,Spain,83,2,Midfield,16,Rodri,Defensive midfielder,93,true,https://7a0.com.br/en/copas/2026/esp
2026,Canada/Mexico/United States,esp,Spain,83,2,Midfield,18,Zubimendi,Defensive midfielder,84,false,https://7a0.com.br/en/copas/2026/esp
2026,Canada/Mexico/United States,esp,Spain,83,2,Midfield,8,Fabián,Midfielder,90,false,https://7a0.com.br/en/copas/2026/esp
2026,Canada/Mexico/United States,esp,Spain,83,2,Midfield,20,Pedri,Midfielder,88,false,https://7a0.com.br/en/copas/2026/esp
2026,Canada/Mexico/United States,esp,Spain,83,2,Midfield,15,Baena,Attacking midfielder,81,false,https://7a0.com.br/en/copas/2026/esp
2026,Canada/Mexico/United States,esp,Spain,83,2,Attack,11,Yeremy,Right winger,79,false,https://7a0.com.br/en/copas/2026/esp
2026,Canada/Mexico/United States,esp,Spain,83,2,Attack,19,Lamine Yamal,Right winger,90,true,https://7a0.com.br/en/copas/2026/esp
2026,Canada/Mexico/United States,esp,Spain,83,2,Attack,7,Ferran,Centre-forward,84,false,https://7a0.com.br/en/copas/2026/esp
2026,Canada/Mexico/United States,esp,Spain,83,2,Attack,21,Oyarzabal,Centre-forward,86,false,https://7a0.com.br/en/copas/2026/esp
2026,Canada/Mexico/United States,esp,Spain,83,2,Attack,25,Víctor Muñoz,Centre-forward,72,false,https://7a0.com.br/en/copas/2026/esp
2026,Canada/Mexico/United States,esp,Spain,83,2,Attack,26,Borja Iglesias,Centre-forward,74,false,https://7a0.com.br/en/copas/2026/esp
2026,Canada/Mexico/United States,esp,Spain,83,2,Attack,10,Olmo,Left winger,85,false,https://7a0.com.br/en/copas/2026/esp
2026,Canada/Mexico/United States,esp,Spain,83,2,Attack,17,Nico Williams,Left winger,86,false,https://7a0.com.br/en/copas/2026/esp
2026,Canada/Mexico/United States,sui,Switzerland,78,0,Goalkeepers,1,Kobel,Goalkeeper,85,false,https://7a0.com.br/en/copas/2026/sui
2026,Canada/Mexico/United States,sui,Switzerland,78,0,Goalkeepers,12,Mvogo,Goalkeeper,74,false,https://7a0.com.br/en/copas/2026/sui
2026,Canada/Mexico/United States,sui,Switzerland,78,0,Goalkeepers,21,Keller,Goalkeeper,73,false,https://7a0.com.br/en/copas/2026/sui
2026,Canada/Mexico/United States,sui,Switzerland,78,0,Defence,3,Widmer,Right-back,77,false,https://7a0.com.br/en/copas/2026/sui
2026,Canada/Mexico/United States,sui,Switzerland,78,0,Defence,4,Elvedi,Centre-back,78,false,https://7a0.com.br/en/copas/2026/sui
2026,Canada/Mexico/United States,sui,Switzerland,78,0,Defence,5,Akanji,Centre-back,84,false,https://7a0.com.br/en/copas/2026/sui
2026,Canada/Mexico/United States,sui,Switzerland,78,0,Defence,18,Cömert,Centre-back,74,false,https://7a0.com.br/en/copas/2026/sui
2026,Canada/Mexico/United States,sui,Switzerland,78,0,Defence,24,Amenda,Centre-back,74,false,https://7a0.com.br/en/copas/2026/sui
2026,Canada/Mexico/United States,sui,Switzerland,78,0,Defence,25,Jaquez,Centre-back,73,false,https://7a0.com.br/en/copas/2026/sui
2026,Canada/Mexico/United States,sui,Switzerland,78,0,Defence,2,Muheim,Left-back,76,false,https://7a0.com.br/en/copas/2026/sui
2026,Canada/Mexico/United States,sui,Switzerland,78,0,Defence,13,R. Rodríguez,Left-back,79,false,https://7a0.com.br/en/copas/2026/sui
2026,Canada/Mexico/United States,sui,Switzerland,78,0,Midfield,6,Zakaria,Defensive midfielder,81,false,https://7a0.com.br/en/copas/2026/sui
2026,Canada/Mexico/United States,sui,Switzerland,78,0,Midfield,8,Freuler,Defensive midfielder,79,false,https://7a0.com.br/en/copas/2026/sui
2026,Canada/Mexico/United States,sui,Switzerland,78,0,Midfield,10,Xhaka,Defensive midfielder,84,false,https://7a0.com.br/en/copas/2026/sui
2026,Canada/Mexico/United States,sui,Switzerland,78,0,Midfield,9,Manzambi,Midfielder,84,false,https://7a0.com.br/en/copas/2026/sui
2026,Canada/Mexico/United States,sui,Switzerland,78,0,Midfield,14,Jashari,Midfielder,78,false,https://7a0.com.br/en/copas/2026/sui
2026,Canada/Mexico/United States,sui,Switzerland,78,0,Midfield,15,Sow,Midfielder,77,false,https://7a0.com.br/en/copas/2026/sui
2026,Canada/Mexico/United States,sui,Switzerland,78,0,Midfield,20,Aebischer,Midfielder,76,false,https://7a0.com.br/en/copas/2026/sui
2026,Canada/Mexico/United States,sui,Switzerland,78,0,Midfield,22,Rieder,Attacking midfielder,76,false,https://7a0.com.br/en/copas/2026/sui
2026,Canada/Mexico/United States,sui,Switzerland,78,0,Attack,16,Fassnacht,Right winger,74,false,https://7a0.com.br/en/copas/2026/sui
2026,Canada/Mexico/United States,sui,Switzerland,78,0,Attack,7,Embolo,Centre-forward,81,false,https://7a0.com.br/en/copas/2026/sui
2026,Canada/Mexico/United States,sui,Switzerland,78,0,Attack,19,Okafor,Centre-forward,77,false,https://7a0.com.br/en/copas/2026/sui
2026,Canada/Mexico/United States,sui,Switzerland,78,0,Attack,23,Amdouni,Centre-forward,77,false,https://7a0.com.br/en/copas/2026/sui
2026,Canada/Mexico/United States,sui,Switzerland,78,0,Attack,26,Itten,Centre-forward,75,false,https://7a0.com.br/en/copas/2026/sui
2026,Canada/Mexico/United States,sui,Switzerland,78,0,Attack,11,Ndoye,Left winger,80,false,https://7a0.com.br/en/copas/2026/sui
2026,Canada/Mexico/United States,sui,Switzerland,78,0,Attack,17,Vargas,Left winger,81,false,https://7a0.com.br/en/copas/2026/sui
2026,Canada/Mexico/United States,usa,United States,75,0,Goalkeepers,1,Turner,Goalkeeper,77,false,https://7a0.com.br/en/copas/2026/usa
2026,Canada/Mexico/United States,usa,United States,75,0,Goalkeepers,24,Freese,Goalkeeper,72,false,https://7a0.com.br/en/copas/2026/usa
2026,Canada/Mexico/United States,usa,United States,75,0,Goalkeepers,25,Brady,Goalkeeper,71,false,https://7a0.com.br/en/copas/2026/usa
2026,Canada/Mexico/United States,usa,United States,75,0,Defence,2,Dest,Right-back,76,false,https://7a0.com.br/en/copas/2026/usa
2026,Canada/Mexico/United States,usa,United States,75,0,Defence,16,Freeman,Right-back,71,false,https://7a0.com.br/en/copas/2026/usa
2026,Canada/Mexico/United States,usa,United States,75,0,Defence,23,Scally,Right-back,72,false,https://7a0.com.br/en/copas/2026/usa
2026,Canada/Mexico/United States,usa,United States,75,0,Defence,3,Richards,Centre-back,75,false,https://7a0.com.br/en/copas/2026/usa
2026,Canada/Mexico/United States,usa,United States,75,0,Defence,6,Trusty,Centre-back,73,false,https://7a0.com.br/en/copas/2026/usa
2026,Canada/Mexico/United States,usa,United States,75,0,Defence,12,M. Robinson,Centre-back,73,false,https://7a0.com.br/en/copas/2026/usa
2026,Canada/Mexico/United States,usa,United States,75,0,Defence,13,Ream,Centre-back,73,false,https://7a0.com.br/en/copas/2026/usa
2026,Canada/Mexico/United States,usa,United States,75,0,Defence,22,McKenzie,Centre-back,72,false,https://7a0.com.br/en/copas/2026/usa
2026,Canada/Mexico/United States,usa,United States,75,0,Defence,5,A. Robinson,Left-back,77,false,https://7a0.com.br/en/copas/2026/usa
2026,Canada/Mexico/United States,usa,United States,75,0,Defence,18,Arfsten,Left-back,71,false,https://7a0.com.br/en/copas/2026/usa
2026,Canada/Mexico/United States,usa,United States,75,0,Midfield,4,Adams,Defensive midfielder,78,false,https://7a0.com.br/en/copas/2026/usa
2026,Canada/Mexico/United States,usa,United States,75,0,Midfield,14,Berhalter,Defensive midfielder,72,false,https://7a0.com.br/en/copas/2026/usa
2026,Canada/Mexico/United States,usa,United States,75,0,Midfield,8,McKennie,Midfielder,78,false,https://7a0.com.br/en/copas/2026/usa
2026,Canada/Mexico/United States,usa,United States,75,0,Midfield,15,Roldan,Midfielder,72,false,https://7a0.com.br/en/copas/2026/usa
2026,Canada/Mexico/United States,usa,United States,75,0,Midfield,7,Reyna,Attacking midfielder,76,false,https://7a0.com.br/en/copas/2026/usa
2026,Canada/Mexico/United States,usa,United States,75,0,Midfield,11,Aaronson,Attacking midfielder,74,false,https://7a0.com.br/en/copas/2026/usa
2026,Canada/Mexico/United States,usa,United States,75,0,Midfield,17,Tillman,Attacking midfielder,78,false,https://7a0.com.br/en/copas/2026/usa
2026,Canada/Mexico/United States,usa,United States,75,0,Attack,21,Weah,Right winger,78,false,https://7a0.com.br/en/copas/2026/usa
2026,Canada/Mexico/United States,usa,United States,75,0,Attack,26,Zendejas,Right winger,73,false,https://7a0.com.br/en/copas/2026/usa
2026,Canada/Mexico/United States,usa,United States,75,0,Attack,9,Pepi,Centre-forward,75,false,https://7a0.com.br/en/copas/2026/usa
2026,Canada/Mexico/United States,usa,United States,75,0,Attack,19,Wright,Centre-forward,73,false,https://7a0.com.br/en/copas/2026/usa
2026,Canada/Mexico/United States,usa,United States,75,0,Attack,20,Balogun,Centre-forward,82,false,https://7a0.com.br/en/copas/2026/usa
2026,Canada/Mexico/United States,usa,United States,75,0,Attack,10,Pulisic,Left winger,77,false,https://7a0.com.br/en/copas/2026/usa
