year,host,team_code,team_name,team_rating,team_legends,squad_section,shirt_number,player_name,position,rating,legend,source_url
1950,Brazil,bra,Brazil,80,4,Goalkeepers,,Moacyr Barbosa,Goalkeeper,89,true,https://7a0.com.br/en/copas/1950/bra
1950,Brazil,bra,Brazil,80,4,Goalkeepers,,Carlos Castilho,Goalkeeper,78,false,https://7a0.com.br/en/copas/1950/bra
1950,Brazil,bra,Brazil,80,4,Defence,,Augusto,Right-back,80,false,https://7a0.com.br/en/copas/1950/bra
1950,Brazil,bra,Brazil,80,4,Defence,,Nena,Centre-back,74,false,https://7a0.com.br/en/copas/1950/bra
1950,Brazil,bra,Brazil,80,4,Defence,,Juvenal,Left-back,78,false,https://7a0.com.br/en/copas/1950/bra
1950,Brazil,bra,Brazil,80,4,Defence,,Nílton Santos,Left-back,84,true,https://7a0.com.br/en/copas/1950/bra
1950,Brazil,bra,Brazil,80,4,Midfield,,Bauer,Defensive midfielder,80,false,https://7a0.com.br/en/copas/1950/bra
1950,Brazil,bra,Brazil,80,4,Midfield,,Ely,Defensive midfielder,74,false,https://7a0.com.br/en/copas/1950/bra
1950,Brazil,bra,Brazil,80,4,Midfield,,Noronha,Defensive midfielder,76,false,https://7a0.com.br/en/copas/1950/bra
1950,Brazil,bra,Brazil,80,4,Midfield,,Bigode,Right midfielder,78,false,https://7a0.com.br/en/copas/1950/bra
1950,Brazil,bra,Brazil,80,4,Midfield,,Danilo,Midfielder,86,false,https://7a0.com.br/en/copas/1950/bra
1950,Brazil,bra,Brazil,80,4,Midfield,,Rui,Midfielder,74,false,https://7a0.com.br/en/copas/1950/bra
1950,Brazil,bra,Brazil,80,4,Midfield,,Jair,Attacking midfielder,85,false,https://7a0.com.br/en/copas/1950/bra
1950,Brazil,bra,Brazil,80,4,Midfield,,Zizinho,Attacking midfielder,91,true,https://7a0.com.br/en/copas/1950/bra
1950,Brazil,bra,Brazil,80,4,Attack,,Friaça,Right winger,79,false,https://7a0.com.br/en/copas/1950/bra
1950,Brazil,bra,Brazil,80,4,Attack,,Maneca,Right winger,76,false,https://7a0.com.br/en/copas/1950/bra
1950,Brazil,bra,Brazil,80,4,Attack,,Ademir,Centre-forward,93,true,https://7a0.com.br/en/copas/1950/bra
1950,Brazil,bra,Brazil,80,4,Attack,,Adãozinho,Centre-forward,74,false,https://7a0.com.br/en/copas/1950/bra
1950,Brazil,bra,Brazil,80,4,Attack,,Alfredo,Centre-forward,73,false,https://7a0.com.br/en/copas/1950/bra
1950,Brazil,bra,Brazil,80,4,Attack,,Baltazar,Centre-forward,76,false,https://7a0.com.br/en/copas/1950/bra
1950,Brazil,bra,Brazil,80,4,Attack,,Francisco Rodrigues,Centre-forward,74,false,https://7a0.com.br/en/copas/1950/bra
1950,Brazil,bra,Brazil,80,4,Attack,,Chico,Left winger,80,false,https://7a0.com.br/en/copas/1950/bra
1950,Brazil,chi,Chile,75,3,Goalkeepers,,Sergio Livingstone,Goalkeeper,82,true,https://7a0.com.br/en/copas/1950/chi
1950,Brazil,chi,Chile,75,3,Goalkeepers,,René Quitral,Goalkeeper,72,false,https://7a0.com.br/en/copas/1950/chi
1950,Brazil,chi,Chile,75,3,Defence,,Manuel Machuca,Right-back,74,false,https://7a0.com.br/en/copas/1950/chi
1950,Brazil,chi,Chile,75,3,Defence,,Arturo Farías,Centre-back,74,false,https://7a0.com.br/en/copas/1950/chi
1950,Brazil,chi,Chile,75,3,Defence,,Miguel Flores,Centre-back,73,false,https://7a0.com.br/en/copas/1950/chi
1950,Brazil,chi,Chile,75,3,Defence,,Manuel Álvarez,Centre-back,74,false,https://7a0.com.br/en/copas/1950/chi
1950,Brazil,chi,Chile,75,3,Defence,,Fernando Roldán,Left-back,73,false,https://7a0.com.br/en/copas/1950/chi
1950,Brazil,chi,Chile,75,3,Midfield,,Fernando Campos,Defensive midfielder,75,false,https://7a0.com.br/en/copas/1950/chi
1950,Brazil,chi,Chile,75,3,Midfield,,Francisco Urroz,Defensive midfielder,73,false,https://7a0.com.br/en/copas/1950/chi
1950,Brazil,chi,Chile,75,3,Midfield,,Miguel Busquets,Right midfielder,77,false,https://7a0.com.br/en/copas/1950/chi
1950,Brazil,chi,Chile,75,3,Midfield,,Carlos Rojas,Right midfielder,73,false,https://7a0.com.br/en/copas/1950/chi
1950,Brazil,chi,Chile,75,3,Midfield,,Hernán Carvallo,Midfielder,74,false,https://7a0.com.br/en/copas/1950/chi
1950,Brazil,chi,Chile,75,3,Midfield,,Osvaldo Sáez,Attacking midfielder,73,false,https://7a0.com.br/en/copas/1950/chi
1950,Brazil,chi,Chile,75,3,Attack,,Carlos Ibáñez,Right winger,74,false,https://7a0.com.br/en/copas/1950/chi
1950,Brazil,chi,Chile,75,3,Attack,,Andrés Prieto,Right winger,72,false,https://7a0.com.br/en/copas/1950/chi
1950,Brazil,chi,Chile,75,3,Attack,,Atilio Cremaschi,Centre-forward,80,false,https://7a0.com.br/en/copas/1950/chi
1950,Brazil,chi,Chile,75,3,Attack,,Raimundo Infante,Centre-forward,75,false,https://7a0.com.br/en/copas/1950/chi
1950,Brazil,chi,Chile,75,3,Attack,,Manuel Muñoz,Centre-forward,77,false,https://7a0.com.br/en/copas/1950/chi
1950,Brazil,chi,Chile,75,3,Attack,,Fernando Riera,Centre-forward,79,true,https://7a0.com.br/en/copas/1950/chi
1950,Brazil,chi,Chile,75,3,Attack,,George Robledo,Centre-forward,84,true,https://7a0.com.br/en/copas/1950/chi
1950,Brazil,chi,Chile,75,3,Attack,,Guillermo Díaz,Left winger,71,false,https://7a0.com.br/en/copas/1950/chi
1950,Brazil,chi,Chile,75,3,Attack,,Luis Mayanés,Left winger,74,false,https://7a0.com.br/en/copas/1950/chi
1950,Brazil,eng,England,81,4,Goalkeepers,,Bert Williams,Goalkeeper,83,false,https://7a0.com.br/en/copas/1950/eng
1950,Brazil,eng,England,81,4,Goalkeepers,,Ted Ditchburn,Goalkeeper,78,false,https://7a0.com.br/en/copas/1950/eng
1950,Brazil,eng,England,81,4,Defence,,Alf Ramsey,Right-back,82,true,https://7a0.com.br/en/copas/1950/eng
1950,Brazil,eng,England,81,4,Defence,,Laurie Scott,Right-back,77,false,https://7a0.com.br/en/copas/1950/eng
1950,Brazil,eng,England,81,4,Defence,,Laurie Hughes,Centre-back,76,false,https://7a0.com.br/en/copas/1950/eng
1950,Brazil,eng,England,81,4,Defence,,Jim Taylor,Centre-back,75,false,https://7a0.com.br/en/copas/1950/eng
1950,Brazil,eng,England,81,4,Defence,,John Aston,Left-back,78,false,https://7a0.com.br/en/copas/1950/eng
1950,Brazil,eng,England,81,4,Defence,,Bill Eckersley,Left-back,74,false,https://7a0.com.br/en/copas/1950/eng
1950,Brazil,eng,England,81,4,Midfield,,Henry Cockburn,Defensive midfielder,79,false,https://7a0.com.br/en/copas/1950/eng
1950,Brazil,eng,England,81,4,Midfield,,Jimmy Dickinson,Defensive midfielder,80,false,https://7a0.com.br/en/copas/1950/eng
1950,Brazil,eng,England,81,4,Midfield,,Bill Nicholson,Defensive midfielder,76,false,https://7a0.com.br/en/copas/1950/eng
1950,Brazil,eng,England,81,4,Midfield,,Willie Watson,Defensive midfielder,76,false,https://7a0.com.br/en/copas/1950/eng
1950,Brazil,eng,England,81,4,Midfield,,Billy Wright,Defensive midfielder,88,true,https://7a0.com.br/en/copas/1950/eng
1950,Brazil,eng,England,81,4,Midfield,,Eddie Baily,Midfielder,76,false,https://7a0.com.br/en/copas/1950/eng
1950,Brazil,eng,England,81,4,Midfield,,Wilf Mannion,Midfielder,85,false,https://7a0.com.br/en/copas/1950/eng
1950,Brazil,eng,England,81,4,Attack,,Tom Finney,Right winger,92,true,https://7a0.com.br/en/copas/1950/eng
1950,Brazil,eng,England,81,4,Attack,,Stanley Matthews,Right winger,94,true,https://7a0.com.br/en/copas/1950/eng
1950,Brazil,eng,England,81,4,Attack,,Roy Bentley,Centre-forward,80,false,https://7a0.com.br/en/copas/1950/eng
1950,Brazil,eng,England,81,4,Attack,,Jackie Milburn,Centre-forward,84,false,https://7a0.com.br/en/copas/1950/eng
1950,Brazil,eng,England,81,4,Attack,,Stan Mortensen,Centre-forward,85,false,https://7a0.com.br/en/copas/1950/eng
1950,Brazil,eng,England,81,4,Attack,,Jimmy Mullen,Left winger,78,false,https://7a0.com.br/en/copas/1950/eng
1950,Brazil,ita,Italy,78,3,Goalkeepers,,Emilio Caprile,Goalkeeper,72,false,https://7a0.com.br/en/copas/1950/ita
1950,Brazil,ita,Italy,78,3,Goalkeepers,,Giuseppe Casari,Goalkeeper,74,false,https://7a0.com.br/en/copas/1950/ita
1950,Brazil,ita,Italy,78,3,Goalkeepers,,Giuseppe Moro,Goalkeeper,78,false,https://7a0.com.br/en/copas/1950/ita
1950,Brazil,ita,Italy,78,3,Goalkeepers,,Lucidio Sentimenti IV,Goalkeeper,79,false,https://7a0.com.br/en/copas/1950/ita
1950,Brazil,ita,Italy,78,3,Defence,,Attilio Giovannini,Right-back,76,false,https://7a0.com.br/en/copas/1950/ita
1950,Brazil,ita,Italy,78,3,Defence,,Ivano Blason,Centre-back,77,false,https://7a0.com.br/en/copas/1950/ita
1950,Brazil,ita,Italy,78,3,Defence,,Carlo Parola,Centre-back,86,true,https://7a0.com.br/en/copas/1950/ita
1950,Brazil,ita,Italy,78,3,Defence,,Osvaldo Fattori,Left-back,74,false,https://7a0.com.br/en/copas/1950/ita
1950,Brazil,ita,Italy,78,3,Defence,,Zeffiro Furiassi,Left-back,73,false,https://7a0.com.br/en/copas/1950/ita
1950,Brazil,ita,Italy,78,3,Midfield,,Augusto Magli,Defensive midfielder,75,false,https://7a0.com.br/en/copas/1950/ita
1950,Brazil,ita,Italy,78,3,Midfield,,Leandro Remondini,Defensive midfielder,73,false,https://7a0.com.br/en/copas/1950/ita
1950,Brazil,ita,Italy,78,3,Midfield,,Omero Tognon,Defensive midfielder,74,false,https://7a0.com.br/en/copas/1950/ita
1950,Brazil,ita,Italy,78,3,Midfield,,Carlo Annovazzi,Right midfielder,80,false,https://7a0.com.br/en/copas/1950/ita
1950,Brazil,ita,Italy,78,3,Midfield,,Aldo Campatelli,Right midfielder,77,false,https://7a0.com.br/en/copas/1950/ita
1950,Brazil,ita,Italy,78,3,Midfield,,Giacomo Mari,Right midfielder,76,false,https://7a0.com.br/en/copas/1950/ita
1950,Brazil,ita,Italy,78,3,Midfield,,Egisto Pandolfini,Midfielder,80,false,https://7a0.com.br/en/copas/1950/ita
1950,Brazil,ita,Italy,78,3,Attack,,Gino Cappello,Right winger,80,false,https://7a0.com.br/en/copas/1950/ita
1950,Brazil,ita,Italy,78,3,Attack,,Ermes Muccinelli,Right winger,76,false,https://7a0.com.br/en/copas/1950/ita
1950,Brazil,ita,Italy,78,3,Attack,,Amedeo Amadei,Centre-forward,84,true,https://7a0.com.br/en/copas/1950/ita
1950,Brazil,ita,Italy,78,3,Attack,,Giampiero Boniperti,Centre-forward,85,true,https://7a0.com.br/en/copas/1950/ita
1950,Brazil,ita,Italy,78,3,Attack,,Benito Lorenzi,Centre-forward,81,false,https://7a0.com.br/en/copas/1950/ita
1950,Brazil,ita,Italy,78,3,Attack,,Riccardo Carapellese,Left winger,82,false,https://7a0.com.br/en/copas/1950/ita
1950,Brazil,mex,Mexico,75,2,Goalkeepers,,Antonio Carbajal,Goalkeeper,82,true,https://7a0.com.br/en/copas/1950/mex
1950,Brazil,mex,Mexico,75,2,Goalkeepers,,Raúl Córdoba,Goalkeeper,77,false,https://7a0.com.br/en/copas/1950/mex
1950,Brazil,mex,Mexico,75,2,Defence,,Gregorio Gómez,Right-back,75,false,https://7a0.com.br/en/copas/1950/mex
1950,Brazil,mex,Mexico,75,2,Defence,,Manuel Gutiérrez,Centre-back,76,false,https://7a0.com.br/en/copas/1950/mex
1950,Brazil,mex,Mexico,75,2,Defence,,Alfonso Montemayor,Centre-back,75,false,https://7a0.com.br/en/copas/1950/mex
1950,Brazil,mex,Mexico,75,2,Defence,,José Antonio Roca,Centre-back,74,false,https://7a0.com.br/en/copas/1950/mex
1950,Brazil,mex,Mexico,75,2,Defence,,Felipe Zetter,Centre-back,78,false,https://7a0.com.br/en/copas/1950/mex
1950,Brazil,mex,Mexico,75,2,Defence,,Rodrigo Ruiz,Left-back,73,false,https://7a0.com.br/en/copas/1950/mex
1950,Brazil,mex,Mexico,75,2,Midfield,,Héctor Ortiz,Defensive midfielder,74,false,https://7a0.com.br/en/copas/1950/mex
1950,Brazil,mex,Mexico,75,2,Midfield,,Francisco Hernández,Right midfielder,72,false,https://7a0.com.br/en/copas/1950/mex
1950,Brazil,mex,Mexico,75,2,Midfield,,Samuel Cuburu,Midfielder,72,false,https://7a0.com.br/en/copas/1950/mex
1950,Brazil,mex,Mexico,75,2,Midfield,,Antonio Flores,Midfielder,76,false,https://7a0.com.br/en/copas/1950/mex
1950,Brazil,mex,Mexico,75,2,Midfield,,Carlos Guevara,Midfielder,73,false,https://7a0.com.br/en/copas/1950/mex
1950,Brazil,mex,Mexico,75,2,Midfield,,Mario Pérez,Midfielder,71,false,https://7a0.com.br/en/copas/1950/mex
1950,Brazil,mex,Mexico,75,2,Midfield,,Mario Ochoa,Midfielder,75,false,https://7a0.com.br/en/copas/1950/mex
1950,Brazil,mex,Mexico,75,2,Attack,,José Naranjo,Right winger,76,false,https://7a0.com.br/en/copas/1950/mex
1950,Brazil,mex,Mexico,75,2,Attack,,Leonardo Navarro,Right winger,72,false,https://7a0.com.br/en/copas/1950/mex
1950,Brazil,mex,Mexico,75,2,Attack,,José Luis Borbolla,Centre-forward,73,false,https://7a0.com.br/en/copas/1950/mex
1950,Brazil,mex,Mexico,75,2,Attack,,Horacio Casarín,Centre-forward,82,true,https://7a0.com.br/en/copas/1950/mex
1950,Brazil,mex,Mexico,75,2,Attack,,José Velázquez,Centre-forward,75,false,https://7a0.com.br/en/copas/1950/mex
1950,Brazil,mex,Mexico,75,2,Attack,,Max Prieto,Left winger,71,false,https://7a0.com.br/en/copas/1950/mex
1950,Brazil,mex,Mexico,75,2,Attack,,Carlos Septién,Left winger,74,false,https://7a0.com.br/en/copas/1950/mex
1950,Brazil,par,Paraguay,74,0,Goalkeepers,,Pablo Centurión,Goalkeeper,75,false,https://7a0.com.br/en/copas/1950/par
1950,Brazil,par,Paraguay,74,0,Goalkeepers,,Marcelino Vargas,Goalkeeper,72,false,https://7a0.com.br/en/copas/1950/par
1950,Brazil,par,Paraguay,74,0,Defence,,A. González,Centre-back,73,false,https://7a0.com.br/en/copas/1950/par
1950,Brazil,par,Paraguay,74,0,Defence,,Antonio Cabrera,Centre-back,76,false,https://7a0.com.br/en/copas/1950/par
1950,Brazil,par,Paraguay,74,0,Defence,,Casiano Céspedes,Centre-back,74,false,https://7a0.com.br/en/copas/1950/par
1950,Brazil,par,Paraguay,74,0,Defence,,Manuel Gavilán,Centre-back,76,false,https://7a0.com.br/en/copas/1950/par
1950,Brazil,par,Paraguay,74,0,Defence,,Elioro Paredes,Left-back,72,false,https://7a0.com.br/en/copas/1950/par
1950,Brazil,par,Paraguay,74,0,Midfield,,Melanio Báez,Defensive midfielder,74,false,https://7a0.com.br/en/copas/1950/par
1950,Brazil,par,Paraguay,74,0,Midfield,,Castor Cantero,Right midfielder,78,false,https://7a0.com.br/en/copas/1950/par
1950,Brazil,par,Paraguay,74,0,Midfield,,Victoriano Leguizamón,Right midfielder,76,false,https://7a0.com.br/en/copas/1950/par
1950,Brazil,par,Paraguay,74,0,Midfield,,Armando González,Midfielder,72,false,https://7a0.com.br/en/copas/1950/par
1950,Brazil,par,Paraguay,74,0,Midfield,,César López Fretes,Attacking midfielder,78,false,https://7a0.com.br/en/copas/1950/par
1950,Brazil,par,Paraguay,74,0,Attack,,Lorenzo Calonga,Right winger,72,false,https://7a0.com.br/en/copas/1950/par
1950,Brazil,par,Paraguay,74,0,Attack,,Enrique Avalos,Right winger,73,false,https://7a0.com.br/en/copas/1950/par
1950,Brazil,par,Paraguay,74,0,Attack,,Atilio López,Centre-forward,80,false,https://7a0.com.br/en/copas/1950/par
1950,Brazil,par,Paraguay,74,0,Attack,,Ángel Berni,Centre-forward,70,false,https://7a0.com.br/en/copas/1950/par
1950,Brazil,par,Paraguay,74,0,Attack,,Juan Cañete,Centre-forward,75,false,https://7a0.com.br/en/copas/1950/par
1950,Brazil,par,Paraguay,74,0,Attack,,Darío Jara Saguier,Centre-forward,73,false,https://7a0.com.br/en/copas/1950/par
1950,Brazil,par,Paraguay,74,0,Attack,,Francisco Sosa,Centre-forward,74,false,https://7a0.com.br/en/copas/1950/par
1950,Brazil,par,Paraguay,74,0,Attack,,Leongino Unzaim,Centre-forward,71,false,https://7a0.com.br/en/copas/1950/par
1950,Brazil,par,Paraguay,74,0,Attack,,Marcial Avalos,Left winger,73,false,https://7a0.com.br/en/copas/1950/par
1950,Brazil,par,Paraguay,74,0,Attack,,Hilarión Osorio,Left winger,70,false,https://7a0.com.br/en/copas/1950/par
1950,Brazil,esp,Spain,79,5,Goalkeepers,,Juan Acuña,Goalkeeper,75,false,https://7a0.com.br/en/copas/1950/esp
1950,Brazil,esp,Spain,79,5,Goalkeepers,,Ignacio Eizaguirre,Goalkeeper,82,false,https://7a0.com.br/en/copas/1950/esp
1950,Brazil,esp,Spain,79,5,Goalkeepers,,Antoni Ramallets,Goalkeeper,84,true,https://7a0.com.br/en/copas/1950/esp
1950,Brazil,esp,Spain,79,5,Defence,,Francisco Antúnez,Right-back,78,false,https://7a0.com.br/en/copas/1950/esp
1950,Brazil,esp,Spain,79,5,Defence,,Gabriel Alonso,Centre-back,78,false,https://7a0.com.br/en/copas/1950/esp
1950,Brazil,esp,Spain,79,5,Defence,,José Parra,Centre-back,74,false,https://7a0.com.br/en/copas/1950/esp
1950,Brazil,esp,Spain,79,5,Defence,,Rafael Lesmes,Left-back,74,false,https://7a0.com.br/en/copas/1950/esp
1950,Brazil,esp,Spain,79,5,Midfield,,Vicente Asensi,Defensive midfielder,77,false,https://7a0.com.br/en/copas/1950/esp
1950,Brazil,esp,Spain,79,5,Midfield,,Josep Gonzalvo,Defensive midfielder,78,false,https://7a0.com.br/en/copas/1950/esp
1950,Brazil,esp,Spain,79,5,Midfield,,Marià Gonzalvo,Defensive midfielder,82,false,https://7a0.com.br/en/copas/1950/esp
1950,Brazil,esp,Spain,79,5,Midfield,,Nando,Defensive midfielder,76,false,https://7a0.com.br/en/copas/1950/esp
1950,Brazil,esp,Spain,79,5,Midfield,,Antonio Puchades,Defensive midfielder,85,true,https://7a0.com.br/en/copas/1950/esp
1950,Brazil,esp,Spain,79,5,Midfield,,Luis Molowny,Midfielder,79,false,https://7a0.com.br/en/copas/1950/esp
1950,Brazil,esp,Spain,79,5,Midfield,,José Luis Panizo,Midfielder,81,false,https://7a0.com.br/en/copas/1950/esp
1950,Brazil,esp,Spain,79,5,Midfield,,Alfonso Silva,Midfielder,78,false,https://7a0.com.br/en/copas/1950/esp
1950,Brazil,esp,Spain,79,5,Attack,,Estanislau Basora,Right winger,84,true,https://7a0.com.br/en/copas/1950/esp
1950,Brazil,esp,Spain,79,5,Attack,,José Juncosa,Right winger,76,false,https://7a0.com.br/en/copas/1950/esp
1950,Brazil,esp,Spain,79,5,Attack,,César,Centre-forward,83,false,https://7a0.com.br/en/copas/1950/esp
1950,Brazil,esp,Spain,79,5,Attack,,Rosendo Hernández,Centre-forward,73,false,https://7a0.com.br/en/copas/1950/esp
1950,Brazil,esp,Spain,79,5,Attack,,Silvestre Igoa,Centre-forward,78,false,https://7a0.com.br/en/copas/1950/esp
1950,Brazil,esp,Spain,79,5,Attack,,Telmo Zarra,Centre-forward,88,true,https://7a0.com.br/en/copas/1950/esp
1950,Brazil,esp,Spain,79,5,Attack,,Agustín Gaínza,Left winger,84,true,https://7a0.com.br/en/copas/1950/esp
1950,Brazil,swe,Sweden,77,4,Goalkeepers,,K. Svensson,Goalkeeper,82,true,https://7a0.com.br/en/copas/1950/swe
1950,Brazil,swe,Sweden,77,4,Goalkeepers,,Torsten Lindberg,Goalkeeper,75,false,https://7a0.com.br/en/copas/1950/swe
1950,Brazil,swe,Sweden,77,4,Goalkeepers,,Tore Svensson,Goalkeeper,70,false,https://7a0.com.br/en/copas/1950/swe
1950,Brazil,swe,Sweden,77,4,Defence,,Gunnar Johansson,Centre-back,72,false,https://7a0.com.br/en/copas/1950/swe
1950,Brazil,swe,Sweden,77,4,Defence,,Arne Månsson,Centre-back,73,false,https://7a0.com.br/en/copas/1950/swe
1950,Brazil,swe,Sweden,77,4,Defence,,Lennart Samuelsson,Centre-back,73,false,https://7a0.com.br/en/copas/1950/swe
1950,Brazil,swe,Sweden,77,4,Defence,,Erik Nilsson,Left-back,83,true,https://7a0.com.br/en/copas/1950/swe
1950,Brazil,swe,Sweden,77,4,Midfield,,Ingvar Gärd,Defensive midfielder,73,false,https://7a0.com.br/en/copas/1950/swe
1950,Brazil,swe,Sweden,77,4,Midfield,,Knut Nordahl,Defensive midfielder,84,false,https://7a0.com.br/en/copas/1950/swe
1950,Brazil,swe,Sweden,77,4,Midfield,,Olle Åhlund,Defensive midfielder,80,false,https://7a0.com.br/en/copas/1950/swe
1950,Brazil,swe,Sweden,77,4,Midfield,,Sune Andersson,Right midfielder,84,false,https://7a0.com.br/en/copas/1950/swe
1950,Brazil,swe,Sweden,77,4,Attack,,Egon Jönsson,Right winger,76,false,https://7a0.com.br/en/copas/1950/swe
1950,Brazil,swe,Sweden,77,4,Attack,,Stellan Nilsson,Right winger,79,false,https://7a0.com.br/en/copas/1950/swe
1950,Brazil,swe,Sweden,77,4,Attack,,Börje Tapper,Right winger,74,false,https://7a0.com.br/en/copas/1950/swe
1950,Brazil,swe,Sweden,77,4,Attack,,Hasse Jeppson,Centre-forward,85,true,https://7a0.com.br/en/copas/1950/swe
1950,Brazil,swe,Sweden,77,4,Attack,,Kurt Svensson,Centre-forward,70,false,https://7a0.com.br/en/copas/1950/swe
1950,Brazil,swe,Sweden,77,4,Attack,,Bror Mellberg,Centre-forward,72,false,https://7a0.com.br/en/copas/1950/swe
1950,Brazil,swe,Sweden,77,4,Attack,,Karl-Erik Palmér,Centre-forward,84,false,https://7a0.com.br/en/copas/1950/swe
1950,Brazil,swe,Sweden,77,4,Attack,,Ingvar Rydell,Centre-forward,74,false,https://7a0.com.br/en/copas/1950/swe
1950,Brazil,swe,Sweden,77,4,Attack,,Lennart Skoglund,Left winger,84,true,https://7a0.com.br/en/copas/1950/swe
1950,Brazil,swe,Sweden,77,4,Attack,,Stig Sundqvist,Left winger,77,false,https://7a0.com.br/en/copas/1950/swe
1950,Brazil,sui,Switzerland,75,1,Goalkeepers,,Eugen Corrodi,Goalkeeper,73,false,https://7a0.com.br/en/copas/1950/sui
1950,Brazil,sui,Switzerland,75,1,Goalkeepers,,Adolphe Hug,Goalkeeper,70,false,https://7a0.com.br/en/copas/1950/sui
1950,Brazil,sui,Switzerland,75,1,Goalkeepers,,Georges Stuber,Goalkeeper,75,false,https://7a0.com.br/en/copas/1950/sui
1950,Brazil,sui,Switzerland,75,1,Defence,,Rudolf Gyger,Right-back,77,false,https://7a0.com.br/en/copas/1950/sui
1950,Brazil,sui,Switzerland,75,1,Defence,,Roger Bocquet,Centre-back,79,false,https://7a0.com.br/en/copas/1950/sui
1950,Brazil,sui,Switzerland,75,1,Defence,,André Neury,Centre-back,75,false,https://7a0.com.br/en/copas/1950/sui
1950,Brazil,sui,Switzerland,75,1,Defence,,Kurt Rey,Centre-back,70,false,https://7a0.com.br/en/copas/1950/sui
1950,Brazil,sui,Switzerland,75,1,Defence,,Willy Kernen,Left-back,73,false,https://7a0.com.br/en/copas/1950/sui
1950,Brazil,sui,Switzerland,75,1,Defence,,Willi Steffen,Left-back,80,false,https://7a0.com.br/en/copas/1950/sui
1950,Brazil,sui,Switzerland,75,1,Midfield,,Oliver Eggimann,Defensive midfielder,78,false,https://7a0.com.br/en/copas/1950/sui
1950,Brazil,sui,Switzerland,75,1,Midfield,,Robert Hasler,Midfielder,71,false,https://7a0.com.br/en/copas/1950/sui
1950,Brazil,sui,Switzerland,75,1,Midfield,,Roger Quinche,Midfielder,74,false,https://7a0.com.br/en/copas/1950/sui
1950,Brazil,sui,Switzerland,75,1,Midfield,,Alfred Bickel,Attacking midfielder,84,true,https://7a0.com.br/en/copas/1950/sui
1950,Brazil,sui,Switzerland,75,1,Attack,,Charles Antenen,Right winger,81,false,https://7a0.com.br/en/copas/1950/sui
1950,Brazil,sui,Switzerland,75,1,Attack,,Walter Beerli,Right winger,70,false,https://7a0.com.br/en/copas/1950/sui
1950,Brazil,sui,Switzerland,75,1,Attack,,René Bader,Centre-forward,76,false,https://7a0.com.br/en/copas/1950/sui
1950,Brazil,sui,Switzerland,75,1,Attack,,Gerhard Lusenti,Centre-forward,73,false,https://7a0.com.br/en/copas/1950/sui
1950,Brazil,sui,Switzerland,75,1,Attack,,Walter Schneiter,Centre-forward,72,false,https://7a0.com.br/en/copas/1950/sui
1950,Brazil,sui,Switzerland,75,1,Attack,,Hans Siegenthaler,Centre-forward,70,false,https://7a0.com.br/en/copas/1950/sui
1950,Brazil,sui,Switzerland,75,1,Attack,,Jean Tamini,Centre-forward,78,false,https://7a0.com.br/en/copas/1950/sui
1950,Brazil,sui,Switzerland,75,1,Attack,,Jacques Fatton,Left winger,83,false,https://7a0.com.br/en/copas/1950/sui
1950,Brazil,sui,Switzerland,75,1,Attack,,Hans-Peter Friedländer,Left winger,75,false,https://7a0.com.br/en/copas/1950/sui
1950,Brazil,usa,United States,74,3,Goalkeepers,,Frank Borghi,Goalkeeper,79,true,https://7a0.com.br/en/copas/1950/usa
1950,Brazil,usa,United States,74,3,Goalkeepers,,Gino Gardassanich,Goalkeeper,70,false,https://7a0.com.br/en/copas/1950/usa
1950,Brazil,usa,United States,74,3,Defence,,Harry Keough,Right-back,77,false,https://7a0.com.br/en/copas/1950/usa
1950,Brazil,usa,United States,74,3,Defence,,Robert Annis,Centre-back,70,false,https://7a0.com.br/en/copas/1950/usa
1950,Brazil,usa,United States,74,3,Defence,,Joe Maca,Left-back,75,false,https://7a0.com.br/en/copas/1950/usa
1950,Brazil,usa,United States,74,3,Midfield,,Walter Bahr,Defensive midfielder,80,true,https://7a0.com.br/en/copas/1950/usa
1950,Brazil,usa,United States,74,3,Midfield,,Charlie Colombo,Defensive midfielder,76,false,https://7a0.com.br/en/copas/1950/usa
1950,Brazil,usa,United States,74,3,Midfield,,Geoff Coombes,Defensive midfielder,70,false,https://7a0.com.br/en/copas/1950/usa
1950,Brazil,usa,United States,74,3,Midfield,,Ed McIlvenny,Defensive midfielder,75,false,https://7a0.com.br/en/copas/1950/usa
1950,Brazil,usa,United States,74,3,Midfield,,John Souza,Midfielder,77,false,https://7a0.com.br/en/copas/1950/usa
1950,Brazil,usa,United States,74,3,Midfield,,Benny McLaughlin,Attacking midfielder,71,false,https://7a0.com.br/en/copas/1950/usa
1950,Brazil,usa,United States,74,3,Attack,,Frank Wallace,Right winger,72,false,https://7a0.com.br/en/copas/1950/usa
1950,Brazil,usa,United States,74,3,Attack,,Robert Craddock,Centre-forward,70,false,https://7a0.com.br/en/copas/1950/usa
1950,Brazil,usa,United States,74,3,Attack,,Nicholas DiOrio,Centre-forward,70,false,https://7a0.com.br/en/copas/1950/usa
1950,Brazil,usa,United States,74,3,Attack,,Joe Gaetjens,Centre-forward,78,true,https://7a0.com.br/en/copas/1950/usa
1950,Brazil,usa,United States,74,3,Attack,,Gino Pariani,Centre-forward,73,false,https://7a0.com.br/en/copas/1950/usa
1950,Brazil,usa,United States,74,3,Attack,,Adam Wolanin,Centre-forward,70,false,https://7a0.com.br/en/copas/1950/usa
1950,Brazil,usa,United States,74,3,Attack,,Ed Souza,Left winger,74,false,https://7a0.com.br/en/copas/1950/usa
1950,Brazil,uru,Uruguay,78,5,Goalkeepers,1,Roque Máspoli,Goalkeeper,84,true,https://7a0.com.br/en/copas/1950/uru
1950,Brazil,uru,Uruguay,78,5,Goalkeepers,,Aníbal Paz,Goalkeeper,75,false,https://7a0.com.br/en/copas/1950/uru
1950,Brazil,uru,Uruguay,78,5,Defence,2,Matías González,Centre-back,80,false,https://7a0.com.br/en/copas/1950/uru
1950,Brazil,uru,Uruguay,78,5,Defence,4,Schubert Gambetta,Centre-back,78,false,https://7a0.com.br/en/copas/1950/uru
1950,Brazil,uru,Uruguay,78,5,Defence,,Héctor Vilches,Centre-back,73,false,https://7a0.com.br/en/copas/1950/uru
1950,Brazil,uru,Uruguay,78,5,Defence,,William Martínez,Centre-back,74,false,https://7a0.com.br/en/copas/1950/uru
1950,Brazil,uru,Uruguay,78,5,Defence,3,Eusebio Tejera,Left-back,80,false,https://7a0.com.br/en/copas/1950/uru
1950,Brazil,uru,Uruguay,78,5,Midfield,5,Obdulio Varela,Defensive midfielder,88,true,https://7a0.com.br/en/copas/1950/uru
1950,Brazil,uru,Uruguay,78,5,Midfield,,J. C. González,Defensive midfielder,77,false,https://7a0.com.br/en/copas/1950/uru
1950,Brazil,uru,Uruguay,78,5,Midfield,6,Víctor Rodríguez Andrade,Right midfielder,84,true,https://7a0.com.br/en/copas/1950/uru
1950,Brazil,uru,Uruguay,78,5,Midfield,,Washington Ortuño,Midfielder,71,false,https://7a0.com.br/en/copas/1950/uru
1950,Brazil,uru,Uruguay,78,5,Midfield,,Rodolfo Pini,Midfielder,73,false,https://7a0.com.br/en/copas/1950/uru
1950,Brazil,uru,Uruguay,78,5,Midfield,8,Julio Pérez,Attacking midfielder,79,false,https://7a0.com.br/en/copas/1950/uru
1950,Brazil,uru,Uruguay,78,5,Midfield,10,Juan Alberto Schiaffino,Attacking midfielder,90,true,https://7a0.com.br/en/copas/1950/uru
1950,Brazil,uru,Uruguay,78,5,Attack,7,Alcides Ghiggia,Right winger,86,true,https://7a0.com.br/en/copas/1950/uru
1950,Brazil,uru,Uruguay,78,5,Attack,11,Ernesto Vidal,Right winger,78,false,https://7a0.com.br/en/copas/1950/uru
1950,Brazil,uru,Uruguay,78,5,Attack,9,Oscar Míguez,Centre-forward,83,false,https://7a0.com.br/en/copas/1950/uru
1950,Brazil,uru,Uruguay,78,5,Attack,,Juan Burgueño,Centre-forward,73,false,https://7a0.com.br/en/copas/1950/uru
1950,Brazil,uru,Uruguay,78,5,Attack,,Luis Rijo,Centre-forward,71,false,https://7a0.com.br/en/copas/1950/uru
1950,Brazil,uru,Uruguay,78,5,Attack,,Carlos Romero,Centre-forward,72,false,https://7a0.com.br/en/copas/1950/uru
1950,Brazil,uru,Uruguay,78,5,Attack,,Julio César Britos,Left winger,76,false,https://7a0.com.br/en/copas/1950/uru
1950,Brazil,uru,Uruguay,78,5,Attack,,Rubén Morán,Left winger,76,false,https://7a0.com.br/en/copas/1950/uru
1950,Brazil,yug,Yugoslavia,78,6,Goalkeepers,,Vladimir Beara,Goalkeeper,88,true,https://7a0.com.br/en/copas/1950/yug
1950,Brazil,yug,Yugoslavia,78,6,Goalkeepers,,Srđan Mrkušić,Goalkeeper,76,false,https://7a0.com.br/en/copas/1950/yug
1950,Brazil,yug,Yugoslavia,78,6,Defence,,Siniša Zlatković,Right-back,71,false,https://7a0.com.br/en/copas/1950/yug
1950,Brazil,yug,Yugoslavia,78,6,Defence,,Božo Broketa,Centre-back,74,false,https://7a0.com.br/en/copas/1950/yug
1950,Brazil,yug,Yugoslavia,78,6,Defence,,Ivica Horvat,Centre-back,80,false,https://7a0.com.br/en/copas/1950/yug
1950,Brazil,yug,Yugoslavia,78,6,Defence,,Miodrag Jovanović,Centre-back,78,false,https://7a0.com.br/en/copas/1950/yug
1950,Brazil,yug,Yugoslavia,78,6,Defence,,Branko Stanković,Centre-back,83,true,https://7a0.com.br/en/copas/1950/yug
1950,Brazil,yug,Yugoslavia,78,6,Defence,,Ratko Čolić,Centre-back,76,false,https://7a0.com.br/en/copas/1950/yug
1950,Brazil,yug,Yugoslavia,78,6,Midfield,,Ervin Katnić,Defensive midfielder,71,false,https://7a0.com.br/en/copas/1950/yug
1950,Brazil,yug,Yugoslavia,78,6,Midfield,,Ivo Radovniković,Defensive midfielder,70,false,https://7a0.com.br/en/copas/1950/yug
1950,Brazil,yug,Yugoslavia,78,6,Midfield,,Aleksandar Atanacković,Right midfielder,79,false,https://7a0.com.br/en/copas/1950/yug
1950,Brazil,yug,Yugoslavia,78,6,Midfield,,Zlatko Čajkovski,Right midfielder,86,true,https://7a0.com.br/en/copas/1950/yug
1950,Brazil,yug,Yugoslavia,78,6,Midfield,,Predrag Đajić,Right midfielder,74,false,https://7a0.com.br/en/copas/1950/yug
1950,Brazil,yug,Yugoslavia,78,6,Midfield,,Bela Palfi,Midfielder,70,false,https://7a0.com.br/en/copas/1950/yug
1950,Brazil,yug,Yugoslavia,78,6,Midfield,,Stjepan Bobek,Attacking midfielder,89,true,https://7a0.com.br/en/copas/1950/yug
1950,Brazil,yug,Yugoslavia,78,6,Midfield,,Rajko Mitić,Attacking midfielder,86,true,https://7a0.com.br/en/copas/1950/yug
1950,Brazil,yug,Yugoslavia,78,6,Midfield,,Bernard Vukas,Attacking midfielder,85,true,https://7a0.com.br/en/copas/1950/yug
1950,Brazil,yug,Yugoslavia,78,6,Attack,,Prvoslav Mihajlović,Right winger,75,false,https://7a0.com.br/en/copas/1950/yug
1950,Brazil,yug,Yugoslavia,78,6,Attack,,Tihomir Ognjanov,Right winger,75,false,https://7a0.com.br/en/copas/1950/yug
1950,Brazil,yug,Yugoslavia,78,6,Attack,,Vladimir Firm,Centre-forward,72,false,https://7a0.com.br/en/copas/1950/yug
1950,Brazil,yug,Yugoslavia,78,6,Attack,,Kosta Tomašević,Centre-forward,78,false,https://7a0.com.br/en/copas/1950/yug
1950,Brazil,yug,Yugoslavia,78,6,Attack,,Željko Čajkovski,Left winger,80,false,https://7a0.com.br/en/copas/1950/yug
1954,Switzerland,aut,Austria,78,4,Goalkeepers,1,Kurt Schmied,Goalkeeper,77,false,https://7a0.com.br/en/copas/1954/aut
1954,Switzerland,aut,Austria,78,4,Goalkeepers,15,Franz Pelikan,Goalkeeper,72,false,https://7a0.com.br/en/copas/1954/aut
1954,Switzerland,aut,Austria,78,4,Goalkeepers,16,Walter Zeman,Goalkeeper,84,true,https://7a0.com.br/en/copas/1954/aut
1954,Switzerland,aut,Austria,78,4,Defence,2,Gerhard Hanappi,Centre-back,89,true,https://7a0.com.br/en/copas/1954/aut
1954,Switzerland,aut,Austria,78,4,Defence,3,Ernst Happel,Centre-back,85,true,https://7a0.com.br/en/copas/1954/aut
1954,Switzerland,aut,Austria,78,4,Defence,4,Leopold Barschandt,Centre-back,76,false,https://7a0.com.br/en/copas/1954/aut
1954,Switzerland,aut,Austria,78,4,Defence,20,Paul Halla,Centre-back,73,false,https://7a0.com.br/en/copas/1954/aut
1954,Switzerland,aut,Austria,78,4,Defence,12,Karl Stotz,Left-back,75,false,https://7a0.com.br/en/copas/1954/aut
1954,Switzerland,aut,Austria,78,4,Midfield,5,Ernst Ocwirk,Defensive midfielder,90,true,https://7a0.com.br/en/copas/1954/aut
1954,Switzerland,aut,Austria,78,4,Midfield,14,Karl Giesser,Defensive midfielder,71,false,https://7a0.com.br/en/copas/1954/aut
1954,Switzerland,aut,Austria,78,4,Midfield,18,Johann Riegler,Defensive midfielder,70,false,https://7a0.com.br/en/copas/1954/aut
1954,Switzerland,aut,Austria,78,4,Midfield,6,Karl Koller,Right midfielder,79,false,https://7a0.com.br/en/copas/1954/aut
1954,Switzerland,aut,Austria,78,4,Midfield,13,Walter Kollmann,Right midfielder,73,false,https://7a0.com.br/en/copas/1954/aut
1954,Switzerland,aut,Austria,78,4,Midfield,17,Alfred Teinitzer,Midfielder,70,false,https://7a0.com.br/en/copas/1954/aut
1954,Switzerland,aut,Austria,78,4,Midfield,21,Ernst Stojaspal,Attacking midfielder,81,false,https://7a0.com.br/en/copas/1954/aut
1954,Switzerland,aut,Austria,78,4,Attack,7,Robert Körner,Right winger,82,false,https://7a0.com.br/en/copas/1954/aut
1954,Switzerland,aut,Austria,78,4,Attack,8,Walter Schleger,Right winger,75,false,https://7a0.com.br/en/copas/1954/aut
1954,Switzerland,aut,Austria,78,4,Attack,9,Theodor Wagner,Centre-forward,84,false,https://7a0.com.br/en/copas/1954/aut
1954,Switzerland,aut,Austria,78,4,Attack,10,Erich Probst,Centre-forward,82,false,https://7a0.com.br/en/copas/1954/aut
1954,Switzerland,aut,Austria,78,4,Attack,19,Robert Dienst,Centre-forward,76,false,https://7a0.com.br/en/copas/1954/aut
1954,Switzerland,aut,Austria,78,4,Attack,11,Alfred Körner,Left winger,82,false,https://7a0.com.br/en/copas/1954/aut
1954,Switzerland,aut,Austria,78,4,Attack,22,Walter Haummer,Left winger,70,false,https://7a0.com.br/en/copas/1954/aut
1954,Switzerland,bra,Brazil,78,5,Goalkeepers,1,Carlos Castilho,Goalkeeper,80,false,https://7a0.com.br/en/copas/1954/bra
1954,Switzerland,bra,Brazil,78,5,Goalkeepers,21,Veludo,Goalkeeper,72,false,https://7a0.com.br/en/copas/1954/bra
1954,Switzerland,bra,Brazil,78,5,Goalkeepers,22,Cabeção,Goalkeeper,72,false,https://7a0.com.br/en/copas/1954/bra
1954,Switzerland,bra,Brazil,78,5,Defence,2,Djalma Santos,Right-back,88,true,https://7a0.com.br/en/copas/1954/bra
1954,Switzerland,bra,Brazil,78,5,Defence,5,Pinheiro,Centre-back,80,false,https://7a0.com.br/en/copas/1954/bra
1954,Switzerland,bra,Brazil,78,5,Defence,12,Paulinho,Centre-back,73,false,https://7a0.com.br/en/copas/1954/bra
1954,Switzerland,bra,Brazil,78,5,Defence,13,Alfredo,Centre-back,73,false,https://7a0.com.br/en/copas/1954/bra
1954,Switzerland,bra,Brazil,78,5,Defence,15,Mauro,Centre-back,80,true,https://7a0.com.br/en/copas/1954/bra
1954,Switzerland,bra,Brazil,78,5,Defence,3,Nílton Santos,Left-back,88,true,https://7a0.com.br/en/copas/1954/bra
1954,Switzerland,bra,Brazil,78,5,Midfield,4,Brandãozinho,Defensive midfielder,78,false,https://7a0.com.br/en/copas/1954/bra
1954,Switzerland,bra,Brazil,78,5,Midfield,6,Bauer,Defensive midfielder,80,false,https://7a0.com.br/en/copas/1954/bra
1954,Switzerland,bra,Brazil,78,5,Midfield,14,Ely,Defensive midfielder,74,false,https://7a0.com.br/en/copas/1954/bra
1954,Switzerland,bra,Brazil,78,5,Midfield,8,Didi,Midfielder,87,true,https://7a0.com.br/en/copas/1954/bra
1954,Switzerland,bra,Brazil,78,5,Midfield,16,Dequinha,Midfielder,73,false,https://7a0.com.br/en/copas/1954/bra
1954,Switzerland,bra,Brazil,78,5,Attack,7,Julinho,Right winger,86,true,https://7a0.com.br/en/copas/1954/bra
1954,Switzerland,bra,Brazil,78,5,Attack,17,Maurinho,Right winger,73,false,https://7a0.com.br/en/copas/1954/bra
1954,Switzerland,bra,Brazil,78,5,Attack,9,Baltazar,Centre-forward,79,false,https://7a0.com.br/en/copas/1954/bra
1954,Switzerland,bra,Brazil,78,5,Attack,18,Humberto,Centre-forward,73,false,https://7a0.com.br/en/copas/1954/bra
1954,Switzerland,bra,Brazil,78,5,Attack,19,Índio,Centre-forward,72,false,https://7a0.com.br/en/copas/1954/bra
1954,Switzerland,bra,Brazil,78,5,Attack,20,Rubens,Centre-forward,72,false,https://7a0.com.br/en/copas/1954/bra
1954,Switzerland,bra,Brazil,78,5,Attack,10,Pinga,Left winger,78,false,https://7a0.com.br/en/copas/1954/bra
1954,Switzerland,bra,Brazil,78,5,Attack,11,Francisco Rodrigues,Left winger,76,false,https://7a0.com.br/en/copas/1954/bra
1954,Switzerland,tch,Czechoslovakia,74,3,Goalkeepers,1,Theodor Reimann,Goalkeeper,73,false,https://7a0.com.br/en/copas/1954/tch
1954,Switzerland,tch,Czechoslovakia,74,3,Goalkeepers,21,Imrich Stacho,Goalkeeper,73,false,https://7a0.com.br/en/copas/1954/tch
1954,Switzerland,tch,Czechoslovakia,74,3,Goalkeepers,22,Viliam Schrojf,Goalkeeper,78,true,https://7a0.com.br/en/copas/1954/tch
1954,Switzerland,tch,Czechoslovakia,74,3,Defence,2,František Šafránek,Right-back,74,false,https://7a0.com.br/en/copas/1954/tch
1954,Switzerland,tch,Czechoslovakia,74,3,Defence,5,Jiří Trnka,Centre-back,77,false,https://7a0.com.br/en/copas/1954/tch
1954,Switzerland,tch,Czechoslovakia,74,3,Defence,12,Anton Krásnohorský,Centre-back,72,false,https://7a0.com.br/en/copas/1954/tch
1954,Switzerland,tch,Czechoslovakia,74,3,Defence,4,Ladislav Novák,Left-back,81,true,https://7a0.com.br/en/copas/1954/tch
1954,Switzerland,tch,Czechoslovakia,74,3,Midfield,3,Svatopluk Pluskal,Defensive midfielder,80,true,https://7a0.com.br/en/copas/1954/tch
1954,Switzerland,tch,Czechoslovakia,74,3,Midfield,6,Michal Benedikovič,Defensive midfielder,73,false,https://7a0.com.br/en/copas/1954/tch
1954,Switzerland,tch,Czechoslovakia,74,3,Midfield,13,Jiří Hledík,Defensive midfielder,72,false,https://7a0.com.br/en/copas/1954/tch
1954,Switzerland,tch,Czechoslovakia,74,3,Midfield,16,Zdeněk Procházka,Defensive midfielder,70,false,https://7a0.com.br/en/copas/1954/tch
1954,Switzerland,tch,Czechoslovakia,74,3,Midfield,8,Otto Hemele,Attacking midfielder,74,false,https://7a0.com.br/en/copas/1954/tch
1954,Switzerland,tch,Czechoslovakia,74,3,Midfield,14,Jan Hertl,Attacking midfielder,72,false,https://7a0.com.br/en/copas/1954/tch
1954,Switzerland,tch,Czechoslovakia,74,3,Midfield,15,Ladislav Kačáni,Attacking midfielder,73,false,https://7a0.com.br/en/copas/1954/tch
1954,Switzerland,tch,Czechoslovakia,74,3,Attack,7,Ladislav Hlaváček,Right winger,75,false,https://7a0.com.br/en/copas/1954/tch
1954,Switzerland,tch,Czechoslovakia,74,3,Attack,18,Josef Majer,Right winger,70,false,https://7a0.com.br/en/copas/1954/tch
1954,Switzerland,tch,Czechoslovakia,74,3,Attack,9,Anton Malatinský,Centre-forward,74,false,https://7a0.com.br/en/copas/1954/tch
1954,Switzerland,tch,Czechoslovakia,74,3,Attack,10,Emil Pažický,Centre-forward,76,false,https://7a0.com.br/en/copas/1954/tch
1954,Switzerland,tch,Czechoslovakia,74,3,Attack,17,Tadeáš Kraus,Centre-forward,74,false,https://7a0.com.br/en/copas/1954/tch
1954,Switzerland,tch,Czechoslovakia,74,3,Attack,20,Kazimír Gajdoš,Centre-forward,69,false,https://7a0.com.br/en/copas/1954/tch
1954,Switzerland,tch,Czechoslovakia,74,3,Attack,11,Jiří Pešek,Left winger,76,false,https://7a0.com.br/en/copas/1954/tch
1954,Switzerland,tch,Czechoslovakia,74,3,Attack,19,Jaroslav Košnar,Left winger,70,false,https://7a0.com.br/en/copas/1954/tch
1954,Switzerland,eng,England,77,7,Goalkeepers,1,Gil Merrick,Goalkeeper,75,false,https://7a0.com.br/en/copas/1954/eng
1954,Switzerland,eng,England,77,7,Goalkeepers,12,Ted Burgin,Goalkeeper,70,false,https://7a0.com.br/en/copas/1954/eng
1954,Switzerland,eng,England,77,7,Defence,2,Ron Staniforth,Right-back,74,false,https://7a0.com.br/en/copas/1954/eng
1954,Switzerland,eng,England,77,7,Defence,13,Ken Green,Right-back,70,false,https://7a0.com.br/en/copas/1954/eng
1954,Switzerland,eng,England,77,7,Defence,18,Allenby Chilton,Centre-back,72,false,https://7a0.com.br/en/copas/1954/eng
1954,Switzerland,eng,England,77,7,Defence,3,Roger Byrne,Left-back,80,true,https://7a0.com.br/en/copas/1954/eng
1954,Switzerland,eng,England,77,7,Midfield,4,Billy Wright,Defensive midfielder,88,true,https://7a0.com.br/en/copas/1954/eng
1954,Switzerland,eng,England,77,7,Midfield,5,Syd Owen,Defensive midfielder,73,false,https://7a0.com.br/en/copas/1954/eng
1954,Switzerland,eng,England,77,7,Midfield,6,Jimmy Dickinson,Defensive midfielder,80,false,https://7a0.com.br/en/copas/1954/eng
1954,Switzerland,eng,England,77,7,Midfield,14,Bill McGarry,Defensive midfielder,73,false,https://7a0.com.br/en/copas/1954/eng
1954,Switzerland,eng,England,77,7,Midfield,19,Ken Armstrong,Right midfielder,70,false,https://7a0.com.br/en/copas/1954/eng
1954,Switzerland,eng,England,77,7,Midfield,8,Ivor Broadis,Midfielder,78,false,https://7a0.com.br/en/copas/1954/eng
1954,Switzerland,eng,England,77,7,Midfield,16,Albert Quixall,Midfielder,73,false,https://7a0.com.br/en/copas/1954/eng
1954,Switzerland,eng,England,77,7,Midfield,21,Johnny Haynes,Midfielder,80,true,https://7a0.com.br/en/copas/1954/eng
1954,Switzerland,eng,England,77,7,Attack,7,Stanley Matthews,Right winger,92,true,https://7a0.com.br/en/copas/1954/eng
1954,Switzerland,eng,England,77,7,Attack,22,Harry Hooper,Right winger,70,false,https://7a0.com.br/en/copas/1954/eng
1954,Switzerland,eng,England,77,7,Attack,9,Nat Lofthouse,Centre-forward,85,true,https://7a0.com.br/en/copas/1954/eng
1954,Switzerland,eng,England,77,7,Attack,10,Tommy Taylor,Centre-forward,82,true,https://7a0.com.br/en/copas/1954/eng
1954,Switzerland,eng,England,77,7,Attack,15,Dennis Wilshaw,Centre-forward,75,false,https://7a0.com.br/en/copas/1954/eng
1954,Switzerland,eng,England,77,7,Attack,20,Bedford Jezzard,Centre-forward,71,false,https://7a0.com.br/en/copas/1954/eng
1954,Switzerland,eng,England,77,7,Attack,11,Tom Finney,Left winger,91,true,https://7a0.com.br/en/copas/1954/eng
1954,Switzerland,eng,England,77,7,Attack,17,Jimmy Mullen,Left winger,76,false,https://7a0.com.br/en/copas/1954/eng
1954,Switzerland,fra,France,77,4,Goalkeepers,1,François Remetter,Goalkeeper,78,false,https://7a0.com.br/en/copas/1954/fra
1954,Switzerland,fra,France,77,4,Goalkeepers,2,César Ruminski,Goalkeeper,74,false,https://7a0.com.br/en/copas/1954/fra
1954,Switzerland,fra,France,77,4,Goalkeepers,3,Claude Abbès,Goalkeeper,73,false,https://7a0.com.br/en/copas/1954/fra
1954,Switzerland,fra,France,77,4,Defence,4,Lazare Gianessi,Centre-back,77,false,https://7a0.com.br/en/copas/1954/fra
1954,Switzerland,fra,France,77,4,Defence,5,Jacques Grimonpon,Centre-back,73,false,https://7a0.com.br/en/copas/1954/fra
1954,Switzerland,fra,France,77,4,Defence,6,Raymond Kaelbel,Centre-back,79,false,https://7a0.com.br/en/copas/1954/fra
1954,Switzerland,fra,France,77,4,Defence,10,Robert Jonquet,Centre-back,84,true,https://7a0.com.br/en/copas/1954/fra
1954,Switzerland,fra,France,77,4,Defence,7,Roger Marche,Left-back,83,true,https://7a0.com.br/en/copas/1954/fra
1954,Switzerland,fra,France,77,4,Midfield,8,Guillaume Bieganski,Defensive midfielder,73,false,https://7a0.com.br/en/copas/1954/fra
1954,Switzerland,fra,France,77,4,Midfield,13,Abderrahmane Mahjoub,Defensive midfielder,73,false,https://7a0.com.br/en/copas/1954/fra
1954,Switzerland,fra,France,77,4,Midfield,15,Abdelaziz Ben Tifour,Defensive midfielder,73,false,https://7a0.com.br/en/copas/1954/fra
1954,Switzerland,fra,France,77,4,Midfield,16,René Dereuddre,Defensive midfielder,72,false,https://7a0.com.br/en/copas/1954/fra
1954,Switzerland,fra,France,77,4,Midfield,19,Michel Leblond,Defensive midfielder,73,false,https://7a0.com.br/en/copas/1954/fra
1954,Switzerland,fra,France,77,4,Midfield,9,Antoine Cuissard,Right midfielder,78,false,https://7a0.com.br/en/copas/1954/fra
1954,Switzerland,fra,France,77,4,Midfield,11,Xercès Louis,Right midfielder,73,false,https://7a0.com.br/en/copas/1954/fra
1954,Switzerland,fra,France,77,4,Midfield,12,Jean-Jacques Marcel,Right midfielder,80,false,https://7a0.com.br/en/copas/1954/fra
1954,Switzerland,fra,France,77,4,Midfield,14,Armand Penverne,Right midfielder,81,false,https://7a0.com.br/en/copas/1954/fra
1954,Switzerland,fra,France,77,4,Midfield,18,Raymond Kopa,Attacking midfielder,88,true,https://7a0.com.br/en/copas/1954/fra
1954,Switzerland,fra,France,77,4,Attack,17,Léon Glovacki,Centre-forward,75,false,https://7a0.com.br/en/copas/1954/fra
1954,Switzerland,fra,France,77,4,Attack,20,Ernest Schultz,Centre-forward,72,false,https://7a0.com.br/en/copas/1954/fra
1954,Switzerland,fra,France,77,4,Attack,21,André Strappe,Left winger,79,false,https://7a0.com.br/en/copas/1954/fra
1954,Switzerland,fra,France,77,4,Attack,22,Jean Vincent,Left winger,84,true,https://7a0.com.br/en/copas/1954/fra
1954,Switzerland,ger,Germany,78,7,Goalkeepers,1,Toni Turek,Goalkeeper,86,true,https://7a0.com.br/en/copas/1954/ger
1954,Switzerland,ger,Germany,78,7,Goalkeepers,21,Heinz Kubsch,Goalkeeper,73,false,https://7a0.com.br/en/copas/1954/ger
1954,Switzerland,ger,Germany,78,7,Goalkeepers,22,Heinz Kwiatkowski,Goalkeeper,72,false,https://7a0.com.br/en/copas/1954/ger
1954,Switzerland,ger,Germany,78,7,Defence,2,Fritz Laband,Centre-back,74,false,https://7a0.com.br/en/copas/1954/ger
1954,Switzerland,ger,Germany,78,7,Defence,5,Herbert Erhardt,Centre-back,75,false,https://7a0.com.br/en/copas/1954/ger
1954,Switzerland,ger,Germany,78,7,Defence,7,Josef Posipal,Centre-back,82,false,https://7a0.com.br/en/copas/1954/ger
1954,Switzerland,ger,Germany,78,7,Defence,10,Werner Liebrich,Centre-back,84,true,https://7a0.com.br/en/copas/1954/ger
1954,Switzerland,ger,Germany,78,7,Defence,3,Werner Kohlmeyer,Left-back,80,false,https://7a0.com.br/en/copas/1954/ger
1954,Switzerland,ger,Germany,78,7,Defence,4,Hans Bauer,Left-back,74,false,https://7a0.com.br/en/copas/1954/ger
1954,Switzerland,ger,Germany,78,7,Midfield,9,Paul Mebus,Defensive midfielder,72,false,https://7a0.com.br/en/copas/1954/ger
1954,Switzerland,ger,Germany,78,7,Midfield,11,Karl-Heinz Metzner,Defensive midfielder,72,false,https://7a0.com.br/en/copas/1954/ger
1954,Switzerland,ger,Germany,78,7,Midfield,6,Horst Eckel,Right midfielder,82,true,https://7a0.com.br/en/copas/1954/ger
1954,Switzerland,ger,Germany,78,7,Midfield,8,Karl Mai,Right midfielder,76,false,https://7a0.com.br/en/copas/1954/ger
1954,Switzerland,ger,Germany,78,7,Midfield,16,Fritz Walter,Midfielder,91,true,https://7a0.com.br/en/copas/1954/ger
1954,Switzerland,ger,Germany,78,7,Midfield,19,Alfred Pfaff,Midfielder,76,false,https://7a0.com.br/en/copas/1954/ger
1954,Switzerland,ger,Germany,78,7,Midfield,13,Max Morlock,Attacking midfielder,84,true,https://7a0.com.br/en/copas/1954/ger
1954,Switzerland,ger,Germany,78,7,Attack,12,Helmut Rahn,Right winger,86,true,https://7a0.com.br/en/copas/1954/ger
1954,Switzerland,ger,Germany,78,7,Attack,14,Bernhard Klodt,Right winger,74,false,https://7a0.com.br/en/copas/1954/ger
1954,Switzerland,ger,Germany,78,7,Attack,15,Ottmar Walter,Centre-forward,80,false,https://7a0.com.br/en/copas/1954/ger
1954,Switzerland,ger,Germany,78,7,Attack,18,Ulrich Biesinger,Centre-forward,71,false,https://7a0.com.br/en/copas/1954/ger
1954,Switzerland,ger,Germany,78,7,Attack,17,Richard Herrmann,Left winger,73,false,https://7a0.com.br/en/copas/1954/ger
1954,Switzerland,ger,Germany,78,7,Attack,20,Hans Schäfer,Left winger,83,true,https://7a0.com.br/en/copas/1954/ger
1954,Switzerland,hun,Hungary,80,9,Goalkeepers,1,Gyula Grosics,Goalkeeper,90,true,https://7a0.com.br/en/copas/1954/hun
1954,Switzerland,hun,Hungary,80,9,Goalkeepers,21,Sándor Gellér,Goalkeeper,74,false,https://7a0.com.br/en/copas/1954/hun
1954,Switzerland,hun,Hungary,80,9,Goalkeepers,22,Géza Gulyás,Goalkeeper,70,false,https://7a0.com.br/en/copas/1954/hun
1954,Switzerland,hun,Hungary,80,9,Defence,2,Jenő Buzánszky,Right-back,82,true,https://7a0.com.br/en/copas/1954/hun
1954,Switzerland,hun,Hungary,80,9,Defence,3,Gyula Lóránt,Centre-back,84,true,https://7a0.com.br/en/copas/1954/hun
1954,Switzerland,hun,Hungary,80,9,Defence,12,Béla Kárpáti,Centre-back,72,false,https://7a0.com.br/en/copas/1954/hun
1954,Switzerland,hun,Hungary,80,9,Defence,13,Pál Várhidi,Centre-back,73,false,https://7a0.com.br/en/copas/1954/hun
1954,Switzerland,hun,Hungary,80,9,Defence,4,Mihály Lantos,Left-back,82,true,https://7a0.com.br/en/copas/1954/hun
1954,Switzerland,hun,Hungary,80,9,Midfield,5,József Bozsik,Defensive midfielder,90,true,https://7a0.com.br/en/copas/1954/hun
1954,Switzerland,hun,Hungary,80,9,Midfield,15,Ferenc Szojka,Defensive midfielder,72,false,https://7a0.com.br/en/copas/1954/hun
1954,Switzerland,hun,Hungary,80,9,Midfield,6,József Zakariás,Right midfielder,80,false,https://7a0.com.br/en/copas/1954/hun
1954,Switzerland,hun,Hungary,80,9,Midfield,14,Imre Kovács,Right midfielder,71,false,https://7a0.com.br/en/copas/1954/hun
1954,Switzerland,hun,Hungary,80,9,Midfield,9,Nándor Hidegkuti,Attacking midfielder,89,true,https://7a0.com.br/en/copas/1954/hun
1954,Switzerland,hun,Hungary,80,9,Midfield,19,Péter Palotás,Attacking midfielder,76,false,https://7a0.com.br/en/copas/1954/hun
1954,Switzerland,hun,Hungary,80,9,Attack,16,László Budai,Right winger,80,false,https://7a0.com.br/en/copas/1954/hun
1954,Switzerland,hun,Hungary,80,9,Attack,8,Sándor Kocsis,Centre-forward,92,true,https://7a0.com.br/en/copas/1954/hun
1954,Switzerland,hun,Hungary,80,9,Attack,17,Ferenc Machos,Centre-forward,74,false,https://7a0.com.br/en/copas/1954/hun
1954,Switzerland,hun,Hungary,80,9,Attack,18,Lajos Csordás,Centre-forward,72,false,https://7a0.com.br/en/copas/1954/hun
1954,Switzerland,hun,Hungary,80,9,Attack,7,József Tóth,Left winger,76,false,https://7a0.com.br/en/copas/1954/hun
1954,Switzerland,hun,Hungary,80,9,Attack,10,Ferenc Puskás,Left winger,96,true,https://7a0.com.br/en/copas/1954/hun
1954,Switzerland,hun,Hungary,80,9,Attack,11,Zoltán Czibor,Left winger,85,true,https://7a0.com.br/en/copas/1954/hun
1954,Switzerland,hun,Hungary,80,9,Attack,20,Mihály Tóth,Left winger,71,false,https://7a0.com.br/en/copas/1954/hun
1954,Switzerland,ita,Italy,77,1,Goalkeepers,1,Giorgio Ghezzi,Goalkeeper,84,false,https://7a0.com.br/en/copas/1954/ita
1954,Switzerland,ita,Italy,77,1,Goalkeepers,12,Giovanni Viola,Goalkeeper,73,false,https://7a0.com.br/en/copas/1954/ita
1954,Switzerland,ita,Italy,77,1,Goalkeepers,22,Leonardo Costagliola,Goalkeeper,74,false,https://7a0.com.br/en/copas/1954/ita
1954,Switzerland,ita,Italy,77,1,Defence,3,Giovanni Giacomazzi,Right-back,74,false,https://7a0.com.br/en/copas/1954/ita
1954,Switzerland,ita,Italy,77,1,Defence,13,Ardico Magnini,Right-back,77,false,https://7a0.com.br/en/copas/1954/ita
1954,Switzerland,ita,Italy,77,1,Defence,2,Guido Vincenzi,Left-back,75,false,https://7a0.com.br/en/copas/1954/ita
1954,Switzerland,ita,Italy,77,1,Defence,14,Sergio Cervato,Left-back,80,false,https://7a0.com.br/en/copas/1954/ita
1954,Switzerland,ita,Italy,77,1,Midfield,4,Maino Neri,Defensive midfielder,78,false,https://7a0.com.br/en/copas/1954/ita
1954,Switzerland,ita,Italy,77,1,Midfield,16,Rino Ferrario,Defensive midfielder,78,false,https://7a0.com.br/en/copas/1954/ita
1954,Switzerland,ita,Italy,77,1,Midfield,20,Guido Gratton,Defensive midfielder,72,false,https://7a0.com.br/en/copas/1954/ita
1954,Switzerland,ita,Italy,77,1,Midfield,5,Omero Tognon,Right midfielder,77,false,https://7a0.com.br/en/copas/1954/ita
1954,Switzerland,ita,Italy,77,1,Midfield,15,Giacomo Mari,Right midfielder,76,false,https://7a0.com.br/en/copas/1954/ita
1954,Switzerland,ita,Italy,77,1,Midfield,6,Fulvio Nesti,Attacking midfielder,74,false,https://7a0.com.br/en/copas/1954/ita
1954,Switzerland,ita,Italy,77,1,Midfield,8,Egisto Pandolfini,Attacking midfielder,80,false,https://7a0.com.br/en/copas/1954/ita
1954,Switzerland,ita,Italy,77,1,Midfield,17,Armando Segato,Attacking midfielder,76,false,https://7a0.com.br/en/copas/1954/ita
1954,Switzerland,ita,Italy,77,1,Attack,7,Ermes Muccinelli,Right winger,76,false,https://7a0.com.br/en/copas/1954/ita
1954,Switzerland,ita,Italy,77,1,Attack,10,Gino Cappello,Right winger,79,false,https://7a0.com.br/en/copas/1954/ita
1954,Switzerland,ita,Italy,77,1,Attack,9,Carlo Galli,Centre-forward,75,false,https://7a0.com.br/en/copas/1954/ita
1954,Switzerland,ita,Italy,77,1,Attack,11,Benito Lorenzi,Centre-forward,81,false,https://7a0.com.br/en/copas/1954/ita
1954,Switzerland,ita,Italy,77,1,Attack,18,Gino Pivatelli,Centre-forward,77,false,https://7a0.com.br/en/copas/1954/ita
1954,Switzerland,ita,Italy,77,1,Attack,19,Giampiero Boniperti,Centre-forward,84,true,https://7a0.com.br/en/copas/1954/ita
1954,Switzerland,ita,Italy,77,1,Attack,21,Amleto Frignani,Left winger,73,false,https://7a0.com.br/en/copas/1954/ita
1954,Switzerland,sco,Scotland,74,2,Goalkeepers,1,Fred Martin,Goalkeeper,73,false,https://7a0.com.br/en/copas/1954/sco
1954,Switzerland,sco,Scotland,74,2,Goalkeepers,14,John Anderson,Goalkeeper,70,false,https://7a0.com.br/en/copas/1954/sco
1954,Switzerland,sco,Scotland,74,2,Defence,2,Willie Cunningham,Right-back,74,false,https://7a0.com.br/en/copas/1954/sco
1954,Switzerland,sco,Scotland,74,2,Defence,18,Alex Wilson,Right-back,70,false,https://7a0.com.br/en/copas/1954/sco
1954,Switzerland,sco,Scotland,74,2,Defence,4,Bobby Evans,Centre-back,84,true,https://7a0.com.br/en/copas/1954/sco
1954,Switzerland,sco,Scotland,74,2,Defence,3,Jock Aird,Left-back,72,false,https://7a0.com.br/en/copas/1954/sco
1954,Switzerland,sco,Scotland,74,2,Midfield,5,Tommy Docherty,Defensive midfielder,80,true,https://7a0.com.br/en/copas/1954/sco
1954,Switzerland,sco,Scotland,74,2,Midfield,6,Jimmy Davidson,Defensive midfielder,72,false,https://7a0.com.br/en/copas/1954/sco
1954,Switzerland,sco,Scotland,74,2,Midfield,7,Doug Cowie,Defensive midfielder,76,false,https://7a0.com.br/en/copas/1954/sco
1954,Switzerland,sco,Scotland,74,2,Midfield,17,David Mathers,Defensive midfielder,70,false,https://7a0.com.br/en/copas/1954/sco
1954,Switzerland,sco,Scotland,74,2,Midfield,10,Allan Brown,Midfielder,77,false,https://7a0.com.br/en/copas/1954/sco
1954,Switzerland,sco,Scotland,74,2,Midfield,12,Willie Fernie,Midfielder,78,false,https://7a0.com.br/en/copas/1954/sco
1954,Switzerland,sco,Scotland,74,2,Midfield,15,Bobby Johnstone,Midfielder,80,false,https://7a0.com.br/en/copas/1954/sco
1954,Switzerland,sco,Scotland,74,2,Midfield,20,Bobby Combe,Midfielder,70,false,https://7a0.com.br/en/copas/1954/sco
1954,Switzerland,sco,Scotland,74,2,Midfield,22,Ian McMillan,Midfielder,71,false,https://7a0.com.br/en/copas/1954/sco
1954,Switzerland,sco,Scotland,74,2,Attack,8,John Mackenzie,Right winger,74,false,https://7a0.com.br/en/copas/1954/sco
1954,Switzerland,sco,Scotland,74,2,Attack,9,George Hamilton,Centre-forward,74,false,https://7a0.com.br/en/copas/1954/sco
1954,Switzerland,sco,Scotland,74,2,Attack,16,Jackie Henderson,Centre-forward,73,false,https://7a0.com.br/en/copas/1954/sco
1954,Switzerland,sco,Scotland,74,2,Attack,19,Jimmy Binning,Centre-forward,69,false,https://7a0.com.br/en/copas/1954/sco
1954,Switzerland,sco,Scotland,74,2,Attack,11,Neil Mochan,Left winger,74,false,https://7a0.com.br/en/copas/1954/sco
1954,Switzerland,sco,Scotland,74,2,Attack,13,Willie Ormond,Left winger,75,false,https://7a0.com.br/en/copas/1954/sco
1954,Switzerland,sco,Scotland,74,2,Attack,21,Ernie Copland,Left winger,68,false,https://7a0.com.br/en/copas/1954/sco
1954,Switzerland,sui,Switzerland,76,1,Goalkeepers,1,Walter Eich,Goalkeeper,74,false,https://7a0.com.br/en/copas/1954/sui
1954,Switzerland,sui,Switzerland,76,1,Goalkeepers,2,Eugene Parlier,Goalkeeper,79,false,https://7a0.com.br/en/copas/1954/sui
1954,Switzerland,sui,Switzerland,76,1,Goalkeepers,3,Georges Stuber,Goalkeeper,72,false,https://7a0.com.br/en/copas/1954/sui
1954,Switzerland,sui,Switzerland,76,1,Defence,7,André Neury,Right-back,77,false,https://7a0.com.br/en/copas/1954/sui
1954,Switzerland,sui,Switzerland,76,1,Defence,4,Roger Bocquet,Centre-back,80,false,https://7a0.com.br/en/copas/1954/sui
1954,Switzerland,sui,Switzerland,76,1,Defence,5,Marcel Flückiger,Centre-back,74,false,https://7a0.com.br/en/copas/1954/sui
1954,Switzerland,sui,Switzerland,76,1,Defence,6,Roger Mathis,Centre-back,72,false,https://7a0.com.br/en/copas/1954/sui
1954,Switzerland,sui,Switzerland,76,1,Defence,14,Willy Kernen,Left-back,77,false,https://7a0.com.br/en/copas/1954/sui
1954,Switzerland,sui,Switzerland,76,1,Midfield,8,Heinz Bigler,Defensive midfielder,76,false,https://7a0.com.br/en/copas/1954/sui
1954,Switzerland,sui,Switzerland,76,1,Midfield,10,Oliver Eggimann,Defensive midfielder,79,false,https://7a0.com.br/en/copas/1954/sui
1954,Switzerland,sui,Switzerland,76,1,Midfield,12,Gilbert Fesselet,Right midfielder,71,false,https://7a0.com.br/en/copas/1954/sui
1954,Switzerland,sui,Switzerland,76,1,Midfield,9,Charles Casali,Midfielder,73,false,https://7a0.com.br/en/copas/1954/sui
1954,Switzerland,sui,Switzerland,76,1,Midfield,11,Norbert Eschmann,Midfielder,73,false,https://7a0.com.br/en/copas/1954/sui
1954,Switzerland,sui,Switzerland,76,1,Midfield,13,Ivo Frosio,Midfielder,70,false,https://7a0.com.br/en/copas/1954/sui
1954,Switzerland,sui,Switzerland,76,1,Attack,15,Charles Antenen,Right winger,82,false,https://7a0.com.br/en/copas/1954/sui
1954,Switzerland,sui,Switzerland,76,1,Attack,20,Eugen Meier,Right winger,72,false,https://7a0.com.br/en/copas/1954/sui
1954,Switzerland,sui,Switzerland,76,1,Attack,22,Roger Vonlanthen,Right winger,78,false,https://7a0.com.br/en/copas/1954/sui
1954,Switzerland,sui,Switzerland,76,1,Attack,16,Robert Ballaman,Centre-forward,80,false,https://7a0.com.br/en/copas/1954/sui
1954,Switzerland,sui,Switzerland,76,1,Attack,18,Josef Hügi,Centre-forward,84,true,https://7a0.com.br/en/copas/1954/sui
1954,Switzerland,sui,Switzerland,76,1,Attack,19,Marcel Mauron,Centre-forward,73,false,https://7a0.com.br/en/copas/1954/sui
1954,Switzerland,sui,Switzerland,76,1,Attack,21,Ferdinando Riva,Centre-forward,71,false,https://7a0.com.br/en/copas/1954/sui
1954,Switzerland,sui,Switzerland,76,1,Attack,17,Jacques Fatton,Left winger,82,false,https://7a0.com.br/en/copas/1954/sui
1954,Switzerland,tur,Turkey,74,3,Goalkeepers,1,Turgay Şeren,Goalkeeper,80,true,https://7a0.com.br/en/copas/1954/tur
1954,Switzerland,tur,Turkey,74,3,Goalkeepers,12,Şükrü Ersoy,Goalkeeper,72,false,https://7a0.com.br/en/copas/1954/tur
1954,Switzerland,tur,Turkey,74,3,Defence,9,Suat Mamat,Right-back,68,false,https://7a0.com.br/en/copas/1954/tur
1954,Switzerland,tur,Turkey,74,3,Defence,2,Rıdvan Bolatlı,Centre-back,70,false,https://7a0.com.br/en/copas/1954/tur
1954,Switzerland,tur,Turkey,74,3,Defence,4,Mustafa Ertan,Centre-back,74,false,https://7a0.com.br/en/copas/1954/tur
1954,Switzerland,tur,Turkey,74,3,Defence,5,Bülent Gurbuz,Centre-back,82,false,https://7a0.com.br/en/copas/1954/tur
1954,Switzerland,tur,Turkey,74,3,Defence,15,Nedim Günar,Centre-back,69,false,https://7a0.com.br/en/copas/1954/tur
1954,Switzerland,tur,Turkey,74,3,Defence,16,Naci Erdem,Centre-back,71,false,https://7a0.com.br/en/copas/1954/tur
1954,Switzerland,tur,Turkey,74,3,Defence,20,Kadri Aytaç,Centre-back,74,false,https://7a0.com.br/en/copas/1954/tur
1954,Switzerland,tur,Turkey,74,3,Defence,3,Basri Dirimlili,Left-back,80,false,https://7a0.com.br/en/copas/1954/tur
1954,Switzerland,tur,Turkey,74,3,Defence,7,Rober Eryol,Left-back,73,false,https://7a0.com.br/en/copas/1954/tur
1954,Switzerland,tur,Turkey,74,3,Defence,18,Ahmet,Left-back,68,false,https://7a0.com.br/en/copas/1954/tur
1954,Switzerland,tur,Turkey,74,3,Midfield,6,Çetin Zeybek,Midfielder,72,false,https://7a0.com.br/en/copas/1954/tur
1954,Switzerland,tur,Turkey,74,3,Midfield,14,Ali Beratlıgil,Midfielder,69,false,https://7a0.com.br/en/copas/1954/tur
1954,Switzerland,tur,Turkey,74,3,Midfield,17,Akgün,Midfielder,70,false,https://7a0.com.br/en/copas/1954/tur
1954,Switzerland,tur,Turkey,74,3,Attack,21,Coşkun Taş,Right winger,77,false,https://7a0.com.br/en/copas/1954/tur
1954,Switzerland,tur,Turkey,74,3,Attack,10,Feridun Buğeker,Centre-forward,65,false,https://7a0.com.br/en/copas/1954/tur
1954,Switzerland,tur,Turkey,74,3,Attack,11,Burhan Sargun,Centre-forward,78,false,https://7a0.com.br/en/copas/1954/tur
1954,Switzerland,tur,Turkey,74,3,Attack,19,Necmi Onarıcı,Centre-forward,68,false,https://7a0.com.br/en/copas/1954/tur
1954,Switzerland,tur,Turkey,74,3,Attack,22,Metin Oktay,Centre-forward,88,true,https://7a0.com.br/en/copas/1954/tur
1954,Switzerland,tur,Turkey,74,3,Attack,8,Erol Keskin,Left winger,70,false,https://7a0.com.br/en/copas/1954/tur
1954,Switzerland,tur,Turkey,74,3,Attack,13,Lefter Küçükandonyadis,Left winger,88,true,https://7a0.com.br/en/copas/1954/tur
1954,Switzerland,uru,Uruguay,78,5,Goalkeepers,1,Roque Máspoli,Goalkeeper,84,true,https://7a0.com.br/en/copas/1954/uru
1954,Switzerland,uru,Uruguay,78,5,Goalkeepers,12,Julio Maceiras,Goalkeeper,72,false,https://7a0.com.br/en/copas/1954/uru
1954,Switzerland,uru,Uruguay,78,5,Defence,3,William Martínez,Right-back,76,false,https://7a0.com.br/en/copas/1954/uru
1954,Switzerland,uru,Uruguay,78,5,Defence,2,José Santamaría,Centre-back,82,true,https://7a0.com.br/en/copas/1954/uru
1954,Switzerland,uru,Uruguay,78,5,Defence,13,Mirto Davoine,Centre-back,73,false,https://7a0.com.br/en/copas/1954/uru
1954,Switzerland,uru,Uruguay,78,5,Defence,14,Eusebio Tejera,Left-back,79,false,https://7a0.com.br/en/copas/1954/uru
1954,Switzerland,uru,Uruguay,78,5,Midfield,5,Obdulio Varela,Defensive midfielder,85,true,https://7a0.com.br/en/copas/1954/uru
1954,Switzerland,uru,Uruguay,78,5,Midfield,6,Roberto Leopardi,Defensive midfielder,74,false,https://7a0.com.br/en/copas/1954/uru
1954,Switzerland,uru,Uruguay,78,5,Midfield,16,Néstor Carballo,Defensive midfielder,74,false,https://7a0.com.br/en/copas/1954/uru
1954,Switzerland,uru,Uruguay,78,5,Midfield,4,Víctor Rodríguez Andrade,Right midfielder,84,true,https://7a0.com.br/en/copas/1954/uru
1954,Switzerland,uru,Uruguay,78,5,Midfield,15,Urbano Rivera,Right midfielder,73,false,https://7a0.com.br/en/copas/1954/uru
1954,Switzerland,uru,Uruguay,78,5,Midfield,17,Luis Cruz,Midfielder,73,false,https://7a0.com.br/en/copas/1954/uru
1954,Switzerland,uru,Uruguay,78,5,Midfield,10,Juan Alberto Schiaffino,Attacking midfielder,91,true,https://7a0.com.br/en/copas/1954/uru
1954,Switzerland,uru,Uruguay,78,5,Midfield,21,Julio Pérez,Attacking midfielder,78,false,https://7a0.com.br/en/copas/1954/uru
1954,Switzerland,uru,Uruguay,78,5,Attack,7,Julio Abbadie,Right winger,84,false,https://7a0.com.br/en/copas/1954/uru
1954,Switzerland,uru,Uruguay,78,5,Attack,22,Luis Castro,Right winger,74,false,https://7a0.com.br/en/copas/1954/uru
1954,Switzerland,uru,Uruguay,78,5,Attack,8,Juan Hohberg,Centre-forward,80,false,https://7a0.com.br/en/copas/1954/uru
1954,Switzerland,uru,Uruguay,78,5,Attack,9,Oscar Míguez,Centre-forward,83,false,https://7a0.com.br/en/copas/1954/uru
1954,Switzerland,uru,Uruguay,78,5,Attack,18,Rafael Souto,Centre-forward,73,false,https://7a0.com.br/en/copas/1954/uru
1954,Switzerland,uru,Uruguay,78,5,Attack,19,Javier Ambrois,Centre-forward,78,false,https://7a0.com.br/en/copas/1954/uru
1954,Switzerland,uru,Uruguay,78,5,Attack,11,Carlos Borges,Left winger,80,false,https://7a0.com.br/en/copas/1954/uru
1954,Switzerland,uru,Uruguay,78,5,Attack,20,Omar Méndez,Left winger,73,false,https://7a0.com.br/en/copas/1954/uru
1954,Switzerland,yug,Yugoslavia,78,7,Goalkeepers,1,Vladimir Beara,Goalkeeper,88,true,https://7a0.com.br/en/copas/1954/yug
1954,Switzerland,yug,Yugoslavia,78,7,Goalkeepers,12,Branko Kralj,Goalkeeper,72,false,https://7a0.com.br/en/copas/1954/yug
1954,Switzerland,yug,Yugoslavia,78,7,Defence,2,Branko Stanković,Right-back,82,false,https://7a0.com.br/en/copas/1954/yug
1954,Switzerland,yug,Yugoslavia,78,7,Defence,5,Ivan Horvat,Centre-back,80,false,https://7a0.com.br/en/copas/1954/yug
1954,Switzerland,yug,Yugoslavia,78,7,Defence,13,Miljan Zeković,Centre-back,73,false,https://7a0.com.br/en/copas/1954/yug
1954,Switzerland,yug,Yugoslavia,78,7,Defence,16,Sima Milovanov,Centre-back,72,false,https://7a0.com.br/en/copas/1954/yug
1954,Switzerland,yug,Yugoslavia,78,7,Defence,17,Bruno Belin,Centre-back,72,false,https://7a0.com.br/en/copas/1954/yug
1954,Switzerland,yug,Yugoslavia,78,7,Defence,3,Tomislav Crnković,Left-back,79,false,https://7a0.com.br/en/copas/1954/yug
1954,Switzerland,yug,Yugoslavia,78,7,Midfield,15,Ljubiša Spajić,Defensive midfielder,74,false,https://7a0.com.br/en/copas/1954/yug
1954,Switzerland,yug,Yugoslavia,78,7,Midfield,4,Zlatko Čajkovski,Right midfielder,84,true,https://7a0.com.br/en/copas/1954/yug
1954,Switzerland,yug,Yugoslavia,78,7,Midfield,6,Vujadin Boškov,Right midfielder,80,true,https://7a0.com.br/en/copas/1954/yug
1954,Switzerland,yug,Yugoslavia,78,7,Midfield,14,Lav Mantula,Right midfielder,72,false,https://7a0.com.br/en/copas/1954/yug
1954,Switzerland,yug,Yugoslavia,78,7,Midfield,8,Rajko Mitić,Attacking midfielder,85,true,https://7a0.com.br/en/copas/1954/yug
1954,Switzerland,yug,Yugoslavia,78,7,Midfield,9,Bernard Vukas,Attacking midfielder,87,true,https://7a0.com.br/en/copas/1954/yug
1954,Switzerland,yug,Yugoslavia,78,7,Midfield,10,Stjepan Bobek,Attacking midfielder,88,true,https://7a0.com.br/en/copas/1954/yug
1954,Switzerland,yug,Yugoslavia,78,7,Midfield,19,Zlatko Papec,Attacking midfielder,71,false,https://7a0.com.br/en/copas/1954/yug
1954,Switzerland,yug,Yugoslavia,78,7,Attack,7,Tihomir Ognjanov,Right winger,76,false,https://7a0.com.br/en/copas/1954/yug
1954,Switzerland,yug,Yugoslavia,78,7,Attack,18,Miloš Milutinović,Centre-forward,79,false,https://7a0.com.br/en/copas/1954/yug
1954,Switzerland,yug,Yugoslavia,78,7,Attack,21,Todor Veselinović,Centre-forward,76,false,https://7a0.com.br/en/copas/1954/yug
1954,Switzerland,yug,Yugoslavia,78,7,Attack,22,Aleksandar Petaković,Centre-forward,70,false,https://7a0.com.br/en/copas/1954/yug
1954,Switzerland,yug,Yugoslavia,78,7,Attack,11,Branko Zebec,Left winger,83,true,https://7a0.com.br/en/copas/1954/yug
1954,Switzerland,yug,Yugoslavia,78,7,Attack,20,Dionizije Dvornić,Left winger,71,false,https://7a0.com.br/en/copas/1954/yug
1958,Sweden,arg,Argentina,76,4,Goalkeepers,1,Amadeo Carrizo,Goalkeeper,84,true,https://7a0.com.br/en/copas/1958/arg
1958,Sweden,arg,Argentina,76,4,Goalkeepers,12,Julio Musimessi,Goalkeeper,75,false,https://7a0.com.br/en/copas/1958/arg
1958,Sweden,arg,Argentina,76,4,Defence,4,Juan Francisco Lombardo,Right-back,76,false,https://7a0.com.br/en/copas/1958/arg
1958,Sweden,arg,Argentina,76,4,Defence,2,Pedro Dellacha,Centre-back,78,false,https://7a0.com.br/en/copas/1958/arg
1958,Sweden,arg,Argentina,76,4,Defence,3,Federico Vairo,Centre-back,77,false,https://7a0.com.br/en/copas/1958/arg
1958,Sweden,arg,Argentina,76,4,Defence,13,Alfredo Pérez,Centre-back,72,false,https://7a0.com.br/en/copas/1958/arg
1958,Sweden,arg,Argentina,76,4,Defence,14,Federico Edwards,Centre-back,72,false,https://7a0.com.br/en/copas/1958/arg
1958,Sweden,arg,Argentina,76,4,Defence,17,José Ramos Delgado,Centre-back,79,false,https://7a0.com.br/en/copas/1958/arg
1958,Sweden,arg,Argentina,76,4,Defence,15,David Acevedo,Left-back,71,false,https://7a0.com.br/en/copas/1958/arg
1958,Sweden,arg,Argentina,76,4,Midfield,5,Néstor Rossi,Defensive midfielder,81,false,https://7a0.com.br/en/copas/1958/arg
1958,Sweden,arg,Argentina,76,4,Midfield,6,José Varacka,Right midfielder,76,false,https://7a0.com.br/en/copas/1958/arg
1958,Sweden,arg,Argentina,76,4,Midfield,16,Eliseo Mouriño,Right midfielder,76,false,https://7a0.com.br/en/copas/1958/arg
1958,Sweden,arg,Argentina,76,4,Attack,7,Oreste Corbatta,Right winger,84,true,https://7a0.com.br/en/copas/1958/arg
1958,Sweden,arg,Argentina,76,4,Attack,8,Eliseo Prado,Centre-forward,76,false,https://7a0.com.br/en/copas/1958/arg
1958,Sweden,arg,Argentina,76,4,Attack,9,Norberto Menéndez,Centre-forward,78,false,https://7a0.com.br/en/copas/1958/arg
1958,Sweden,arg,Argentina,76,4,Attack,10,Alfredo Rojas,Centre-forward,73,false,https://7a0.com.br/en/copas/1958/arg
1958,Sweden,arg,Argentina,76,4,Attack,11,Ángel Labruna,Centre-forward,85,true,https://7a0.com.br/en/copas/1958/arg
1958,Sweden,arg,Argentina,76,4,Attack,18,Norberto Boggio,Centre-forward,70,false,https://7a0.com.br/en/copas/1958/arg
1958,Sweden,arg,Argentina,76,4,Attack,19,Ludovico Avio,Centre-forward,71,false,https://7a0.com.br/en/copas/1958/arg
1958,Sweden,arg,Argentina,76,4,Attack,20,Ricardo Infante,Centre-forward,74,false,https://7a0.com.br/en/copas/1958/arg
1958,Sweden,arg,Argentina,76,4,Attack,21,José Sanfilippo,Centre-forward,82,true,https://7a0.com.br/en/copas/1958/arg
1958,Sweden,arg,Argentina,76,4,Attack,22,Osvaldo Cruz,Left winger,72,false,https://7a0.com.br/en/copas/1958/arg
1958,Sweden,bra,Brazil,83,10,Goalkeepers,1,Carlos Castilho,Goalkeeper,79,false,https://7a0.com.br/en/copas/1958/bra
1958,Sweden,bra,Brazil,83,10,Goalkeepers,3,Gilmar,Goalkeeper,88,true,https://7a0.com.br/en/copas/1958/bra
1958,Sweden,bra,Brazil,83,10,Defence,4,Djalma Santos,Right-back,89,true,https://7a0.com.br/en/copas/1958/bra
1958,Sweden,bra,Brazil,83,10,Defence,14,De Sordi,Right-back,81,false,https://7a0.com.br/en/copas/1958/bra
1958,Sweden,bra,Brazil,83,10,Defence,2,Hilderaldo Bellini,Centre-back,84,true,https://7a0.com.br/en/copas/1958/bra
1958,Sweden,bra,Brazil,83,10,Defence,9,Zózimo,Centre-back,77,false,https://7a0.com.br/en/copas/1958/bra
1958,Sweden,bra,Brazil,83,10,Defence,15,Orlando,Centre-back,83,false,https://7a0.com.br/en/copas/1958/bra
1958,Sweden,bra,Brazil,83,10,Defence,16,Mauro Ramos,Centre-back,81,true,https://7a0.com.br/en/copas/1958/bra
1958,Sweden,bra,Brazil,83,10,Defence,8,Oreco,Left-back,75,false,https://7a0.com.br/en/copas/1958/bra
1958,Sweden,bra,Brazil,83,10,Defence,12,Nílton Santos,Left-back,89,true,https://7a0.com.br/en/copas/1958/bra
1958,Sweden,bra,Brazil,83,10,Midfield,19,Zito,Defensive midfielder,83,false,https://7a0.com.br/en/copas/1958/bra
1958,Sweden,bra,Brazil,83,10,Midfield,5,Dino Sani,Midfielder,78,false,https://7a0.com.br/en/copas/1958/bra
1958,Sweden,bra,Brazil,83,10,Midfield,6,Didi,Midfielder,93,true,https://7a0.com.br/en/copas/1958/bra
1958,Sweden,bra,Brazil,83,10,Midfield,13,Moacir,Midfielder,75,false,https://7a0.com.br/en/copas/1958/bra
1958,Sweden,bra,Brazil,83,10,Attack,11,Garrincha,Right winger,91,true,https://7a0.com.br/en/copas/1958/bra
1958,Sweden,bra,Brazil,83,10,Attack,17,Joel Martins,Right winger,76,false,https://7a0.com.br/en/copas/1958/bra
1958,Sweden,bra,Brazil,83,10,Attack,10,Pelé,Centre-forward,93,true,https://7a0.com.br/en/copas/1958/bra
1958,Sweden,bra,Brazil,83,10,Attack,18,José Altafini,Centre-forward,82,false,https://7a0.com.br/en/copas/1958/bra
1958,Sweden,bra,Brazil,83,10,Attack,20,Vavá,Centre-forward,85,true,https://7a0.com.br/en/copas/1958/bra
1958,Sweden,bra,Brazil,83,10,Attack,21,Dida,Centre-forward,75,false,https://7a0.com.br/en/copas/1958/bra
1958,Sweden,bra,Brazil,83,10,Attack,7,Mário Zagallo,Left winger,84,true,https://7a0.com.br/en/copas/1958/bra
1958,Sweden,bra,Brazil,83,10,Attack,22,Pepe,Left winger,82,false,https://7a0.com.br/en/copas/1958/bra
1958,Sweden,eng,England,78,5,Goalkeepers,1,Colin McDonald,Goalkeeper,78,false,https://7a0.com.br/en/copas/1958/eng
1958,Sweden,eng,England,78,5,Goalkeepers,12,Eddie Hopkinson,Goalkeeper,75,false,https://7a0.com.br/en/copas/1958/eng
1958,Sweden,eng,England,78,5,Goalkeepers,13,Alan Hodgkinson,Goalkeeper,73,false,https://7a0.com.br/en/copas/1958/eng
1958,Sweden,eng,England,78,5,Defence,2,Don Howe,Right-back,78,false,https://7a0.com.br/en/copas/1958/eng
1958,Sweden,eng,England,78,5,Defence,14,Peter Sillett,Right-back,74,false,https://7a0.com.br/en/copas/1958/eng
1958,Sweden,eng,England,78,5,Defence,5,Billy Wright,Centre-back,88,true,https://7a0.com.br/en/copas/1958/eng
1958,Sweden,eng,England,78,5,Defence,16,Maurice Norman,Centre-back,76,false,https://7a0.com.br/en/copas/1958/eng
1958,Sweden,eng,England,78,5,Defence,3,Tommy Banks,Left-back,76,false,https://7a0.com.br/en/copas/1958/eng
1958,Sweden,eng,England,78,5,Midfield,4,Eddie Clamp,Defensive midfielder,76,false,https://7a0.com.br/en/copas/1958/eng
1958,Sweden,eng,England,78,5,Midfield,6,Bill Slater,Defensive midfielder,78,false,https://7a0.com.br/en/copas/1958/eng
1958,Sweden,eng,England,78,5,Midfield,15,Ronnie Clayton,Defensive midfielder,76,false,https://7a0.com.br/en/copas/1958/eng
1958,Sweden,eng,England,78,5,Midfield,22,Maurice Setters,Defensive midfielder,72,false,https://7a0.com.br/en/copas/1958/eng
1958,Sweden,eng,England,78,5,Midfield,10,Johnny Haynes,Midfielder,86,true,https://7a0.com.br/en/copas/1958/eng
1958,Sweden,eng,England,78,5,Midfield,18,Peter Broadbent,Midfielder,76,false,https://7a0.com.br/en/copas/1958/eng
1958,Sweden,eng,England,78,5,Midfield,8,Bobby Robson,Attacking midfielder,79,true,https://7a0.com.br/en/copas/1958/eng
1958,Sweden,eng,England,78,5,Midfield,20,Bobby Charlton,Attacking midfielder,82,true,https://7a0.com.br/en/copas/1958/eng
1958,Sweden,eng,England,78,5,Attack,7,Bryan Douglas,Right winger,80,false,https://7a0.com.br/en/copas/1958/eng
1958,Sweden,eng,England,78,5,Attack,17,Peter Brabrook,Right winger,74,false,https://7a0.com.br/en/copas/1958/eng
1958,Sweden,eng,England,78,5,Attack,9,Derek Kevan,Centre-forward,78,false,https://7a0.com.br/en/copas/1958/eng
1958,Sweden,eng,England,78,5,Attack,19,Bobby Smith,Centre-forward,77,false,https://7a0.com.br/en/copas/1958/eng
1958,Sweden,eng,England,78,5,Attack,11,Tom Finney,Left winger,90,true,https://7a0.com.br/en/copas/1958/eng
1958,Sweden,eng,England,78,5,Attack,21,Alan A'Court,Left winger,74,false,https://7a0.com.br/en/copas/1958/eng
1958,Sweden,fra,France,78,5,Goalkeepers,1,Claude Abbès,Goalkeeper,76,false,https://7a0.com.br/en/copas/1958/fra
1958,Sweden,fra,France,78,5,Goalkeepers,2,Dominique Colonna,Goalkeeper,76,false,https://7a0.com.br/en/copas/1958/fra
1958,Sweden,fra,France,78,5,Goalkeepers,3,François Remetter,Goalkeeper,78,false,https://7a0.com.br/en/copas/1958/fra
1958,Sweden,fra,France,78,5,Defence,4,Raymond Kaelbel,Centre-back,80,false,https://7a0.com.br/en/copas/1958/fra
1958,Sweden,fra,France,78,5,Defence,5,André Lerond,Centre-back,78,false,https://7a0.com.br/en/copas/1958/fra
1958,Sweden,fra,France,78,5,Defence,7,Robert Mouynet,Centre-back,70,false,https://7a0.com.br/en/copas/1958/fra
1958,Sweden,fra,France,78,5,Defence,6,Roger Marche,Left-back,82,true,https://7a0.com.br/en/copas/1958/fra
1958,Sweden,fra,France,78,5,Midfield,9,Kazimir Hnatow,Defensive midfielder,70,false,https://7a0.com.br/en/copas/1958/fra
1958,Sweden,fra,France,78,5,Midfield,10,Robert Jonquet,Defensive midfielder,85,true,https://7a0.com.br/en/copas/1958/fra
1958,Sweden,fra,France,78,5,Midfield,11,Maurice Lafont,Defensive midfielder,71,false,https://7a0.com.br/en/copas/1958/fra
1958,Sweden,fra,France,78,5,Midfield,13,Armand Penverne,Defensive midfielder,81,false,https://7a0.com.br/en/copas/1958/fra
1958,Sweden,fra,France,78,5,Midfield,8,Bernard Chiarelli,Right midfielder,71,false,https://7a0.com.br/en/copas/1958/fra
1958,Sweden,fra,France,78,5,Midfield,12,Jean-Jacques Marcel,Right midfielder,81,false,https://7a0.com.br/en/copas/1958/fra
1958,Sweden,fra,France,78,5,Midfield,14,Raymond Bellot,Right midfielder,70,false,https://7a0.com.br/en/copas/1958/fra
1958,Sweden,fra,France,78,5,Midfield,20,Roger Piantoni,Left midfielder,85,true,https://7a0.com.br/en/copas/1958/fra
1958,Sweden,fra,France,78,5,Midfield,21,Jean Vincent,Left midfielder,81,false,https://7a0.com.br/en/copas/1958/fra
1958,Sweden,fra,France,78,5,Midfield,18,Raymond Kopa,Attacking midfielder,92,true,https://7a0.com.br/en/copas/1958/fra
1958,Sweden,fra,France,78,5,Midfield,19,Célestin Oliver,Attacking midfielder,73,false,https://7a0.com.br/en/copas/1958/fra
1958,Sweden,fra,France,78,5,Attack,22,Maryan Wisnieski,Right winger,77,false,https://7a0.com.br/en/copas/1958/fra
1958,Sweden,fra,France,78,5,Attack,15,Stéphane Bruey,Centre-forward,73,false,https://7a0.com.br/en/copas/1958/fra
1958,Sweden,fra,France,78,5,Attack,16,Yvon Douis,Centre-forward,78,false,https://7a0.com.br/en/copas/1958/fra
1958,Sweden,fra,France,78,5,Attack,17,Just Fontaine,Centre-forward,96,true,https://7a0.com.br/en/copas/1958/fra
1958,Sweden,ger,Germany,79,6,Goalkeepers,1,Fritz Herkenrath,Goalkeeper,79,false,https://7a0.com.br/en/copas/1958/ger
1958,Sweden,ger,Germany,79,6,Goalkeepers,22,Heinz Kwiatkowski,Goalkeeper,73,false,https://7a0.com.br/en/copas/1958/ger
1958,Sweden,ger,Germany,79,6,Defence,7,Georg Stollenwerk,Right-back,77,false,https://7a0.com.br/en/copas/1958/ger
1958,Sweden,ger,Germany,79,6,Defence,2,Herbert Erhardt,Centre-back,79,false,https://7a0.com.br/en/copas/1958/ger
1958,Sweden,ger,Germany,79,6,Defence,5,Heinz Wewers,Centre-back,76,false,https://7a0.com.br/en/copas/1958/ger
1958,Sweden,ger,Germany,79,6,Defence,3,Erich Juskowiak,Left-back,78,false,https://7a0.com.br/en/copas/1958/ger
1958,Sweden,ger,Germany,79,6,Defence,17,Karl-Heinz Schnellinger,Left-back,78,true,https://7a0.com.br/en/copas/1958/ger
1958,Sweden,ger,Germany,79,6,Midfield,6,Horst Szymaniak,Defensive midfielder,81,false,https://7a0.com.br/en/copas/1958/ger
1958,Sweden,ger,Germany,79,6,Midfield,10,Aki Schmidt,Defensive midfielder,75,false,https://7a0.com.br/en/copas/1958/ger
1958,Sweden,ger,Germany,79,6,Midfield,4,Horst Eckel,Right midfielder,81,true,https://7a0.com.br/en/copas/1958/ger
1958,Sweden,ger,Germany,79,6,Midfield,9,Fritz Walter,Midfielder,88,true,https://7a0.com.br/en/copas/1958/ger
1958,Sweden,ger,Germany,79,6,Midfield,11,Hans Schäfer,Left midfielder,84,true,https://7a0.com.br/en/copas/1958/ger
1958,Sweden,ger,Germany,79,6,Attack,8,Helmut Rahn,Right winger,87,true,https://7a0.com.br/en/copas/1958/ger
1958,Sweden,ger,Germany,79,6,Attack,13,Bernhard Klodt,Right winger,76,false,https://7a0.com.br/en/copas/1958/ger
1958,Sweden,ger,Germany,79,6,Attack,16,Hans Sturm,Right winger,72,false,https://7a0.com.br/en/copas/1958/ger
1958,Sweden,ger,Germany,79,6,Attack,12,Uwe Seeler,Centre-forward,82,true,https://7a0.com.br/en/copas/1958/ger
1958,Sweden,ger,Germany,79,6,Attack,14,Hans Cieslarczyk,Centre-forward,73,false,https://7a0.com.br/en/copas/1958/ger
1958,Sweden,ger,Germany,79,6,Attack,15,Alfred Kelbassa,Centre-forward,74,false,https://7a0.com.br/en/copas/1958/ger
1958,Sweden,hun,Hungary,76,4,Goalkeepers,1,Gyula Grosics,Goalkeeper,88,true,https://7a0.com.br/en/copas/1958/hun
1958,Sweden,hun,Hungary,76,4,Goalkeepers,22,István Ilku,Goalkeeper,70,false,https://7a0.com.br/en/copas/1958/hun
1958,Sweden,hun,Hungary,76,4,Defence,2,Sándor Mátrai,Centre-back,79,false,https://7a0.com.br/en/copas/1958/hun
1958,Sweden,hun,Hungary,76,4,Defence,4,László Sárosi,Centre-back,74,false,https://7a0.com.br/en/copas/1958/hun
1958,Sweden,hun,Hungary,76,4,Defence,12,Béla Kárpáti,Centre-back,73,false,https://7a0.com.br/en/copas/1958/hun
1958,Sweden,hun,Hungary,76,4,Defence,13,Oszkár Szigeti,Centre-back,70,false,https://7a0.com.br/en/copas/1958/hun
1958,Sweden,hun,Hungary,76,4,Midfield,3,Ferenc Sipos,Defensive midfielder,78,false,https://7a0.com.br/en/copas/1958/hun
1958,Sweden,hun,Hungary,76,4,Midfield,5,József Bozsik,Defensive midfielder,87,true,https://7a0.com.br/en/copas/1958/hun
1958,Sweden,hun,Hungary,76,4,Midfield,6,Pál Berendy,Right midfielder,73,false,https://7a0.com.br/en/copas/1958/hun
1958,Sweden,hun,Hungary,76,4,Midfield,15,Antal Kotász,Right midfielder,72,false,https://7a0.com.br/en/copas/1958/hun
1958,Sweden,hun,Hungary,76,4,Midfield,9,Nándor Hidegkuti,Attacking midfielder,85,true,https://7a0.com.br/en/copas/1958/hun
1958,Sweden,hun,Hungary,76,4,Midfield,14,Ferenc Szojka,Attacking midfielder,73,false,https://7a0.com.br/en/copas/1958/hun
1958,Sweden,hun,Hungary,76,4,Attack,7,László Budai,Right winger,80,false,https://7a0.com.br/en/copas/1958/hun
1958,Sweden,hun,Hungary,76,4,Attack,11,Károly Sándor,Right winger,80,false,https://7a0.com.br/en/copas/1958/hun
1958,Sweden,hun,Hungary,76,4,Attack,19,Zoltán Friedmanszky,Right winger,69,false,https://7a0.com.br/en/copas/1958/hun
1958,Sweden,hun,Hungary,76,4,Attack,8,Lajos Tichy,Centre-forward,84,true,https://7a0.com.br/en/copas/1958/hun
1958,Sweden,hun,Hungary,76,4,Attack,10,Dezső Bundzsák,Centre-forward,73,false,https://7a0.com.br/en/copas/1958/hun
1958,Sweden,hun,Hungary,76,4,Attack,16,László Lachos,Centre-forward,69,false,https://7a0.com.br/en/copas/1958/hun
1958,Sweden,hun,Hungary,76,4,Attack,17,Mihály Vasas,Centre-forward,69,false,https://7a0.com.br/en/copas/1958/hun
1958,Sweden,hun,Hungary,76,4,Attack,18,Tivadar Monostori,Centre-forward,70,false,https://7a0.com.br/en/copas/1958/hun
1958,Sweden,hun,Hungary,76,4,Attack,20,József Bencsics,Centre-forward,69,false,https://7a0.com.br/en/copas/1958/hun
1958,Sweden,hun,Hungary,76,4,Attack,21,Máté Fenyvesi,Left winger,76,false,https://7a0.com.br/en/copas/1958/hun
1958,Sweden,nir,Northern Ireland,76,5,Goalkeepers,1,Harry Gregg,Goalkeeper,85,true,https://7a0.com.br/en/copas/1958/nir
1958,Sweden,nir,Northern Ireland,76,5,Goalkeepers,12,Norman Uprichard,Goalkeeper,73,false,https://7a0.com.br/en/copas/1958/nir
1958,Sweden,nir,Northern Ireland,76,5,Goalkeepers,18,Roy Rea,Goalkeeper,67,false,https://7a0.com.br/en/copas/1958/nir
1958,Sweden,nir,Northern Ireland,76,5,Defence,2,Willie Cunningham,Right-back,78,false,https://7a0.com.br/en/copas/1958/nir
1958,Sweden,nir,Northern Ireland,76,5,Defence,5,Dick Keith,Right-back,76,false,https://7a0.com.br/en/copas/1958/nir
1958,Sweden,nir,Northern Ireland,76,5,Defence,21,Tommy Hamill,Centre-back,67,false,https://7a0.com.br/en/copas/1958/nir
1958,Sweden,nir,Northern Ireland,76,5,Defence,3,Alf McMichael,Left-back,80,false,https://7a0.com.br/en/copas/1958/nir
1958,Sweden,nir,Northern Ireland,76,5,Defence,19,Len Graham,Left-back,72,false,https://7a0.com.br/en/copas/1958/nir
1958,Sweden,nir,Northern Ireland,76,5,Midfield,6,Bertie Peacock,Defensive midfielder,80,false,https://7a0.com.br/en/copas/1958/nir
1958,Sweden,nir,Northern Ireland,76,5,Midfield,13,Tommy Casey,Defensive midfielder,74,false,https://7a0.com.br/en/copas/1958/nir
1958,Sweden,nir,Northern Ireland,76,5,Midfield,20,Sammy Chapman,Defensive midfielder,67,false,https://7a0.com.br/en/copas/1958/nir
1958,Sweden,nir,Northern Ireland,76,5,Midfield,4,Danny Blanchflower,Midfielder,89,true,https://7a0.com.br/en/copas/1958/nir
1958,Sweden,nir,Northern Ireland,76,5,Midfield,8,Wilbur Cush,Midfielder,79,false,https://7a0.com.br/en/copas/1958/nir
1958,Sweden,nir,Northern Ireland,76,5,Midfield,10,Jimmy McIlroy,Midfielder,86,true,https://7a0.com.br/en/copas/1958/nir
1958,Sweden,nir,Northern Ireland,76,5,Attack,7,Billy Bingham,Right winger,81,true,https://7a0.com.br/en/copas/1958/nir
1958,Sweden,nir,Northern Ireland,76,5,Attack,14,Jackie Scott,Right winger,71,false,https://7a0.com.br/en/copas/1958/nir
1958,Sweden,nir,Northern Ireland,76,5,Attack,22,Bobby Trainor,Right winger,67,false,https://7a0.com.br/en/copas/1958/nir
1958,Sweden,nir,Northern Ireland,76,5,Attack,9,Billy Simpson,Centre-forward,76,false,https://7a0.com.br/en/copas/1958/nir
1958,Sweden,nir,Northern Ireland,76,5,Attack,15,Sammy McCrory,Centre-forward,70,false,https://7a0.com.br/en/copas/1958/nir
1958,Sweden,nir,Northern Ireland,76,5,Attack,16,Derek Dougan,Centre-forward,75,false,https://7a0.com.br/en/copas/1958/nir
1958,Sweden,nir,Northern Ireland,76,5,Attack,17,Fay Coyle,Centre-forward,70,false,https://7a0.com.br/en/copas/1958/nir
1958,Sweden,nir,Northern Ireland,76,5,Attack,11,Peter McParland,Left winger,83,true,https://7a0.com.br/en/copas/1958/nir
1958,Sweden,par,Paraguay,76,1,Goalkeepers,1,Ramón Mayeregger,Goalkeeper,77,false,https://7a0.com.br/en/copas/1958/par
1958,Sweden,par,Paraguay,76,1,Goalkeepers,12,Samuel Aguilar,Goalkeeper,73,false,https://7a0.com.br/en/copas/1958/par
1958,Sweden,par,Paraguay,76,1,Defence,2,Edelmiro Arévalo,Centre-back,78,false,https://7a0.com.br/en/copas/1958/par
1958,Sweden,par,Paraguay,76,1,Defence,4,Ignacio Achúcarro,Centre-back,78,false,https://7a0.com.br/en/copas/1958/par
1958,Sweden,par,Paraguay,76,1,Defence,6,Eligio Echagüe,Centre-back,76,false,https://7a0.com.br/en/copas/1958/par
1958,Sweden,par,Paraguay,76,1,Defence,13,Luis Gini,Centre-back,74,false,https://7a0.com.br/en/copas/1958/par
1958,Sweden,par,Paraguay,76,1,Defence,14,Darío Segovia,Centre-back,74,false,https://7a0.com.br/en/copas/1958/par
1958,Sweden,par,Paraguay,76,1,Defence,17,Agustín Miranda,Centre-back,73,false,https://7a0.com.br/en/copas/1958/par
1958,Sweden,par,Paraguay,76,1,Midfield,3,Juan Vicente Lezcano,Right midfielder,76,false,https://7a0.com.br/en/copas/1958/par
1958,Sweden,par,Paraguay,76,1,Midfield,5,Salvador Villalba,Right midfielder,77,false,https://7a0.com.br/en/copas/1958/par
1958,Sweden,par,Paraguay,76,1,Midfield,15,Luis Santos Silva,Right midfielder,72,false,https://7a0.com.br/en/copas/1958/par
1958,Sweden,par,Paraguay,76,1,Midfield,10,Oscar Aguilera,Attacking midfielder,78,false,https://7a0.com.br/en/copas/1958/par
1958,Sweden,par,Paraguay,76,1,Attack,19,Eliseo Insfrán,Right winger,72,false,https://7a0.com.br/en/copas/1958/par
1958,Sweden,par,Paraguay,76,1,Attack,7,Juan Bautista Agüero,Centre-forward,83,false,https://7a0.com.br/en/copas/1958/par
1958,Sweden,par,Paraguay,76,1,Attack,8,José Parodi,Centre-forward,78,false,https://7a0.com.br/en/copas/1958/par
1958,Sweden,par,Paraguay,76,1,Attack,9,Jorge Lino Romero,Centre-forward,80,false,https://7a0.com.br/en/copas/1958/par
1958,Sweden,par,Paraguay,76,1,Attack,16,Claudio Lezcano,Centre-forward,72,false,https://7a0.com.br/en/copas/1958/par
1958,Sweden,par,Paraguay,76,1,Attack,18,Gilberto Penayo,Centre-forward,73,false,https://7a0.com.br/en/copas/1958/par
1958,Sweden,par,Paraguay,76,1,Attack,20,José Raúl Aveiro,Centre-forward,73,false,https://7a0.com.br/en/copas/1958/par
1958,Sweden,par,Paraguay,76,1,Attack,21,Cayetano Ré,Centre-forward,82,true,https://7a0.com.br/en/copas/1958/par
1958,Sweden,par,Paraguay,76,1,Attack,11,Florencio Amarilla,Left winger,81,false,https://7a0.com.br/en/copas/1958/par
1958,Sweden,par,Paraguay,76,1,Attack,22,Eligio Insfrán,Left winger,71,false,https://7a0.com.br/en/copas/1958/par
1958,Sweden,urs,Soviet Union,78,5,Goalkeepers,1,Lev Yashin,Goalkeeper,99,true,https://7a0.com.br/en/copas/1958/urs
1958,Sweden,urs,Soviet Union,78,5,Goalkeepers,12,Vladimir Maslachenko,Goalkeeper,75,false,https://7a0.com.br/en/copas/1958/urs
1958,Sweden,urs,Soviet Union,78,5,Goalkeepers,13,Vladimir Belyayev,Goalkeeper,72,false,https://7a0.com.br/en/copas/1958/urs
1958,Sweden,urs,Soviet Union,78,5,Defence,2,Vladimir Kesarev,Right-back,78,false,https://7a0.com.br/en/copas/1958/urs
1958,Sweden,urs,Soviet Union,78,5,Defence,22,Vladimir Yerokhin,Centre-back,71,false,https://7a0.com.br/en/copas/1958/urs
1958,Sweden,urs,Soviet Union,78,5,Defence,4,Boris Kuznetsov,Left-back,79,false,https://7a0.com.br/en/copas/1958/urs
1958,Sweden,urs,Soviet Union,78,5,Defence,14,Leonid Ostrovskiy,Left-back,73,false,https://7a0.com.br/en/copas/1958/urs
1958,Sweden,urs,Soviet Union,78,5,Midfield,3,Konstantin Krizhevsky,Defensive midfielder,78,false,https://7a0.com.br/en/copas/1958/urs
1958,Sweden,urs,Soviet Union,78,5,Midfield,6,Igor Netto,Defensive midfielder,88,true,https://7a0.com.br/en/copas/1958/urs
1958,Sweden,urs,Soviet Union,78,5,Midfield,15,Anatoli Maslyonkin,Defensive midfielder,77,false,https://7a0.com.br/en/copas/1958/urs
1958,Sweden,urs,Soviet Union,78,5,Midfield,5,Yuri Voinov,Right midfielder,84,true,https://7a0.com.br/en/copas/1958/urs
1958,Sweden,urs,Soviet Union,78,5,Midfield,16,Viktor Tsarev,Right midfielder,74,false,https://7a0.com.br/en/copas/1958/urs
1958,Sweden,urs,Soviet Union,78,5,Midfield,8,Valentin Ivanov,Attacking midfielder,86,true,https://7a0.com.br/en/copas/1958/urs
1958,Sweden,urs,Soviet Union,78,5,Midfield,10,Sergei Salnikov,Attacking midfielder,80,false,https://7a0.com.br/en/copas/1958/urs
1958,Sweden,urs,Soviet Union,78,5,Midfield,18,Valentin Bubukin,Attacking midfielder,75,false,https://7a0.com.br/en/copas/1958/urs
1958,Sweden,urs,Soviet Union,78,5,Midfield,20,Yuri Falin,Attacking midfielder,72,false,https://7a0.com.br/en/copas/1958/urs
1958,Sweden,urs,Soviet Union,78,5,Midfield,21,Genrich Fedosov,Attacking midfielder,73,false,https://7a0.com.br/en/copas/1958/urs
1958,Sweden,urs,Soviet Union,78,5,Attack,7,German Apukhtin,Right winger,72,false,https://7a0.com.br/en/copas/1958/urs
1958,Sweden,urs,Soviet Union,78,5,Attack,9,Nikita Simonyan,Centre-forward,85,true,https://7a0.com.br/en/copas/1958/urs
1958,Sweden,urs,Soviet Union,78,5,Attack,17,Aleksandr Ivanov,Centre-forward,72,false,https://7a0.com.br/en/copas/1958/urs
1958,Sweden,urs,Soviet Union,78,5,Attack,19,Gennadi Gusarov,Centre-forward,73,false,https://7a0.com.br/en/copas/1958/urs
1958,Sweden,urs,Soviet Union,78,5,Attack,11,Anatoli Ilyin,Left winger,80,false,https://7a0.com.br/en/copas/1958/urs
1958,Sweden,swe,Sweden,78,7,Goalkeepers,1,Kalle Svensson,Goalkeeper,84,true,https://7a0.com.br/en/copas/1958/swe
1958,Sweden,swe,Sweden,78,7,Goalkeepers,12,Tore Svensson,Goalkeeper,71,false,https://7a0.com.br/en/copas/1958/swe
1958,Sweden,swe,Sweden,78,7,Goalkeepers,16,Ingemar Haraldsson,Goalkeeper,70,false,https://7a0.com.br/en/copas/1958/swe
1958,Sweden,swe,Sweden,78,7,Defence,2,Orvar Bergmark,Right-back,84,true,https://7a0.com.br/en/copas/1958/swe
1958,Sweden,swe,Sweden,78,7,Defence,5,Åke Johansson,Centre-back,76,false,https://7a0.com.br/en/copas/1958/swe
1958,Sweden,swe,Sweden,78,7,Defence,13,Prawitz Öberg,Centre-back,72,false,https://7a0.com.br/en/copas/1958/swe
1958,Sweden,swe,Sweden,78,7,Defence,14,Bengt Gustavsson,Centre-back,84,true,https://7a0.com.br/en/copas/1958/swe
1958,Sweden,swe,Sweden,78,7,Defence,3,Sven Axbom,Left-back,78,false,https://7a0.com.br/en/copas/1958/swe
1958,Sweden,swe,Sweden,78,7,Midfield,6,Sigge Parling,Right midfielder,80,false,https://7a0.com.br/en/copas/1958/swe
1958,Sweden,swe,Sweden,78,7,Midfield,15,Reino Börjesson,Right midfielder,73,false,https://7a0.com.br/en/copas/1958/swe
1958,Sweden,swe,Sweden,78,7,Midfield,4,Nils Liedholm,Midfielder,90,true,https://7a0.com.br/en/copas/1958/swe
1958,Sweden,swe,Sweden,78,7,Midfield,17,Olle Håkansson,Midfielder,73,false,https://7a0.com.br/en/copas/1958/swe
1958,Sweden,swe,Sweden,78,7,Midfield,8,Gunnar Gren,Attacking midfielder,87,true,https://7a0.com.br/en/copas/1958/swe
1958,Sweden,swe,Sweden,78,7,Attack,7,Kurt Hamrin,Right winger,89,true,https://7a0.com.br/en/copas/1958/swe
1958,Sweden,swe,Sweden,78,7,Attack,21,Bengt Berndtsson,Right winger,74,false,https://7a0.com.br/en/copas/1958/swe
1958,Sweden,swe,Sweden,78,7,Attack,22,Owe Ohlsson,Right winger,70,false,https://7a0.com.br/en/copas/1958/swe
1958,Sweden,swe,Sweden,78,7,Attack,9,Agne Simonsson,Centre-forward,82,false,https://7a0.com.br/en/copas/1958/swe
1958,Sweden,swe,Sweden,78,7,Attack,10,Arne Selmosson,Centre-forward,78,false,https://7a0.com.br/en/copas/1958/swe
1958,Sweden,swe,Sweden,78,7,Attack,18,Gösta Löfgren,Centre-forward,72,false,https://7a0.com.br/en/copas/1958/swe
1958,Sweden,swe,Sweden,78,7,Attack,19,Henry Källgren,Centre-forward,72,false,https://7a0.com.br/en/copas/1958/swe
1958,Sweden,swe,Sweden,78,7,Attack,20,Bror Mellberg,Centre-forward,71,false,https://7a0.com.br/en/copas/1958/swe
1958,Sweden,swe,Sweden,78,7,Attack,11,Lennart Skoglund,Left winger,86,true,https://7a0.com.br/en/copas/1958/swe
1958,Sweden,wal,Wales,76,4,Goalkeepers,1,Jack Kelsey,Goalkeeper,84,true,https://7a0.com.br/en/copas/1958/wal
1958,Sweden,wal,Wales,76,4,Goalkeepers,12,Ken Jones,Goalkeeper,68,false,https://7a0.com.br/en/copas/1958/wal
1958,Sweden,wal,Wales,76,4,Goalkeepers,13,Graham Vearncombe,Goalkeeper,69,false,https://7a0.com.br/en/copas/1958/wal
1958,Sweden,wal,Wales,76,4,Defence,2,Stuart Williams,Right-back,76,false,https://7a0.com.br/en/copas/1958/wal
1958,Sweden,wal,Wales,76,4,Defence,14,Trevor Edwards,Right-back,71,false,https://7a0.com.br/en/copas/1958/wal
1958,Sweden,wal,Wales,76,4,Defence,4,Derrick Sullivan,Centre-back,74,false,https://7a0.com.br/en/copas/1958/wal
1958,Sweden,wal,Wales,76,4,Defence,15,Colin Baker,Centre-back,70,false,https://7a0.com.br/en/copas/1958/wal
1958,Sweden,wal,Wales,76,4,Defence,3,Mel Hopkins,Left-back,76,false,https://7a0.com.br/en/copas/1958/wal
1958,Sweden,wal,Wales,76,4,Midfield,5,Mel Charles,Defensive midfielder,80,false,https://7a0.com.br/en/copas/1958/wal
1958,Sweden,wal,Wales,76,4,Midfield,6,Dave Bowen,Defensive midfielder,79,false,https://7a0.com.br/en/copas/1958/wal
1958,Sweden,wal,Wales,76,4,Midfield,16,Vic Crowe,Defensive midfielder,72,false,https://7a0.com.br/en/copas/1958/wal
1958,Sweden,wal,Wales,76,4,Midfield,20,John Elsworthy,Defensive midfielder,71,false,https://7a0.com.br/en/copas/1958/wal
1958,Sweden,wal,Wales,76,4,Midfield,8,Ron Hewitt,Midfielder,73,false,https://7a0.com.br/en/copas/1958/wal
1958,Sweden,wal,Wales,76,4,Midfield,10,Ivor Allchurch,Midfielder,85,true,https://7a0.com.br/en/copas/1958/wal
1958,Sweden,wal,Wales,76,4,Midfield,18,Roy Vernon,Midfielder,76,false,https://7a0.com.br/en/copas/1958/wal
1958,Sweden,wal,Wales,76,4,Attack,7,Terry Medwin,Right winger,78,false,https://7a0.com.br/en/copas/1958/wal
1958,Sweden,wal,Wales,76,4,Attack,21,Len Allchurch,Right winger,73,false,https://7a0.com.br/en/copas/1958/wal
1958,Sweden,wal,Wales,76,4,Attack,22,George Baker,Right winger,68,false,https://7a0.com.br/en/copas/1958/wal
1958,Sweden,wal,Wales,76,4,Attack,9,John Charles,Centre-forward,92,true,https://7a0.com.br/en/copas/1958/wal
1958,Sweden,wal,Wales,76,4,Attack,17,Ken Leek,Centre-forward,72,false,https://7a0.com.br/en/copas/1958/wal
1958,Sweden,wal,Wales,76,4,Attack,19,Colin Webster,Centre-forward,73,false,https://7a0.com.br/en/copas/1958/wal
1958,Sweden,wal,Wales,76,4,Attack,11,Cliff Jones,Left winger,84,true,https://7a0.com.br/en/copas/1958/wal
1958,Sweden,yug,Yugoslavia,77,4,Goalkeepers,1,Vladimir Beara,Goalkeeper,90,true,https://7a0.com.br/en/copas/1958/yug
1958,Sweden,yug,Yugoslavia,77,4,Goalkeepers,2,Srboljub Krivokuća,Goalkeeper,71,false,https://7a0.com.br/en/copas/1958/yug
1958,Sweden,yug,Yugoslavia,77,4,Defence,11,Vladimir Popović,Right-back,74,false,https://7a0.com.br/en/copas/1958/yug
1958,Sweden,yug,Yugoslavia,77,4,Defence,14,Milorad Milutinović,Right-back,71,false,https://7a0.com.br/en/copas/1958/yug
1958,Sweden,yug,Yugoslavia,77,4,Defence,3,Vasilije Šijaković,Centre-back,72,false,https://7a0.com.br/en/copas/1958/yug
1958,Sweden,yug,Yugoslavia,77,4,Defence,5,Novak Tomić,Centre-back,70,false,https://7a0.com.br/en/copas/1958/yug
1958,Sweden,yug,Yugoslavia,77,4,Defence,4,Tomislav Crnković,Left-back,80,false,https://7a0.com.br/en/copas/1958/yug
1958,Sweden,yug,Yugoslavia,77,4,Midfield,6,Branko Zebec,Defensive midfielder,85,true,https://7a0.com.br/en/copas/1958/yug
1958,Sweden,yug,Yugoslavia,77,4,Midfield,8,Dobrosav Krstić,Defensive midfielder,76,false,https://7a0.com.br/en/copas/1958/yug
1958,Sweden,yug,Yugoslavia,77,4,Midfield,10,Ivan Šantek,Defensive midfielder,73,false,https://7a0.com.br/en/copas/1958/yug
1958,Sweden,yug,Yugoslavia,77,4,Midfield,9,Vujadin Boškov,Right midfielder,86,true,https://7a0.com.br/en/copas/1958/yug
1958,Sweden,yug,Yugoslavia,77,4,Midfield,17,Zdravko Rajkov,Right midfielder,74,false,https://7a0.com.br/en/copas/1958/yug
1958,Sweden,yug,Yugoslavia,77,4,Midfield,15,Dragoslav Šekularac,Midfielder,84,true,https://7a0.com.br/en/copas/1958/yug
1958,Sweden,yug,Yugoslavia,77,4,Attack,18,Luka Lipošinović,Right winger,72,false,https://7a0.com.br/en/copas/1958/yug
1958,Sweden,yug,Yugoslavia,77,4,Attack,7,Miloš Milutinović,Centre-forward,82,false,https://7a0.com.br/en/copas/1958/yug
1958,Sweden,yug,Yugoslavia,77,4,Attack,12,Aleksandar Petaković,Centre-forward,76,false,https://7a0.com.br/en/copas/1958/yug
1958,Sweden,yug,Yugoslavia,77,4,Attack,13,Todor Veselinović,Centre-forward,83,false,https://7a0.com.br/en/copas/1958/yug
1958,Sweden,yug,Yugoslavia,77,4,Attack,16,Ilijas Pašić,Left winger,73,false,https://7a0.com.br/en/copas/1958/yug
1958,Sweden,yug,Yugoslavia,77,4,Attack,19,Radivoje Ognjanović,Left winger,71,false,https://7a0.com.br/en/copas/1958/yug
1962,Chile,arg,Argentina,76,4,Goalkeepers,1,Antonio Roma,Goalkeeper,81,true,https://7a0.com.br/en/copas/1962/arg
1962,Chile,arg,Argentina,76,4,Goalkeepers,12,Rogelio Domínguez,Goalkeeper,78,false,https://7a0.com.br/en/copas/1962/arg
1962,Chile,arg,Argentina,76,4,Defence,2,José Ramos Delgado,Centre-back,80,false,https://7a0.com.br/en/copas/1962/arg
1962,Chile,arg,Argentina,76,4,Defence,4,Alberto Sainz,Centre-back,73,false,https://7a0.com.br/en/copas/1962/arg
1962,Chile,arg,Argentina,76,4,Defence,14,Alberto Mariotti,Centre-back,70,false,https://7a0.com.br/en/copas/1962/arg
1962,Chile,arg,Argentina,76,4,Defence,3,Silvio Marzolini,Left-back,85,true,https://7a0.com.br/en/copas/1962/arg
1962,Chile,arg,Argentina,76,4,Midfield,6,Raúl Páez,Defensive midfielder,71,false,https://7a0.com.br/en/copas/1962/arg
1962,Chile,arg,Argentina,76,4,Midfield,15,Rubén Navarro,Defensive midfielder,77,false,https://7a0.com.br/en/copas/1962/arg
1962,Chile,arg,Argentina,76,4,Midfield,16,Antonio Rattín,Defensive midfielder,84,true,https://7a0.com.br/en/copas/1962/arg
1962,Chile,arg,Argentina,76,4,Midfield,17,Rafael Albrecht,Defensive midfielder,78,false,https://7a0.com.br/en/copas/1962/arg
1962,Chile,arg,Argentina,76,4,Midfield,18,Vladislao Cap,Defensive midfielder,74,false,https://7a0.com.br/en/copas/1962/arg
1962,Chile,arg,Argentina,76,4,Midfield,5,Federico Sacchi,Right midfielder,76,false,https://7a0.com.br/en/copas/1962/arg
1962,Chile,arg,Argentina,76,4,Midfield,13,Oscar Rossi,Right midfielder,73,false,https://7a0.com.br/en/copas/1962/arg
1962,Chile,arg,Argentina,76,4,Midfield,8,Martín Pando,Attacking midfielder,76,false,https://7a0.com.br/en/copas/1962/arg
1962,Chile,arg,Argentina,76,4,Midfield,11,Raúl Belén,Attacking midfielder,75,false,https://7a0.com.br/en/copas/1962/arg
1962,Chile,arg,Argentina,76,4,Midfield,21,Ramón Abeledo,Attacking midfielder,73,false,https://7a0.com.br/en/copas/1962/arg
1962,Chile,arg,Argentina,76,4,Attack,7,Héctor Facundo,Right winger,74,false,https://7a0.com.br/en/copas/1962/arg
1962,Chile,arg,Argentina,76,4,Attack,9,Marcelo Pagani,Centre-forward,74,false,https://7a0.com.br/en/copas/1962/arg
1962,Chile,arg,Argentina,76,4,Attack,10,José Sanfilippo,Centre-forward,83,true,https://7a0.com.br/en/copas/1962/arg
1962,Chile,arg,Argentina,76,4,Attack,19,Rubén Sosa,Centre-forward,76,false,https://7a0.com.br/en/copas/1962/arg
1962,Chile,arg,Argentina,76,4,Attack,20,Juan Carlos Oleniak,Centre-forward,72,false,https://7a0.com.br/en/copas/1962/arg
1962,Chile,arg,Argentina,76,4,Attack,22,Alberto González,Centre-forward,72,false,https://7a0.com.br/en/copas/1962/arg
1962,Chile,bra,Brazil,82,10,Goalkeepers,1,Gilmar,Goalkeeper,88,true,https://7a0.com.br/en/copas/1962/bra
1962,Chile,bra,Brazil,82,10,Goalkeepers,22,Carlos Castilho,Goalkeeper,78,false,https://7a0.com.br/en/copas/1962/bra
1962,Chile,bra,Brazil,82,10,Defence,2,Djalma Santos,Right-back,89,true,https://7a0.com.br/en/copas/1962/bra
1962,Chile,bra,Brazil,82,10,Defence,12,Jair Marinho,Right-back,74,false,https://7a0.com.br/en/copas/1962/bra
1962,Chile,bra,Brazil,82,10,Defence,3,Mauro,Centre-back,82,true,https://7a0.com.br/en/copas/1962/bra
1962,Chile,bra,Brazil,82,10,Defence,5,Zózimo,Centre-back,79,false,https://7a0.com.br/en/copas/1962/bra
1962,Chile,bra,Brazil,82,10,Defence,13,Hilderaldo Bellini,Centre-back,82,true,https://7a0.com.br/en/copas/1962/bra
1962,Chile,bra,Brazil,82,10,Defence,14,Jurandir,Centre-back,71,false,https://7a0.com.br/en/copas/1962/bra
1962,Chile,bra,Brazil,82,10,Defence,6,Nílton Santos,Left-back,88,true,https://7a0.com.br/en/copas/1962/bra
1962,Chile,bra,Brazil,82,10,Defence,15,Altair,Left-back,76,false,https://7a0.com.br/en/copas/1962/bra
1962,Chile,bra,Brazil,82,10,Midfield,4,Zito,Defensive midfielder,83,false,https://7a0.com.br/en/copas/1962/bra
1962,Chile,bra,Brazil,82,10,Midfield,8,Didi,Midfielder,88,true,https://7a0.com.br/en/copas/1962/bra
1962,Chile,bra,Brazil,82,10,Midfield,16,Zequinha,Midfielder,74,false,https://7a0.com.br/en/copas/1962/bra
1962,Chile,bra,Brazil,82,10,Midfield,17,Mengálvio,Midfielder,75,false,https://7a0.com.br/en/copas/1962/bra
1962,Chile,bra,Brazil,82,10,Attack,7,Garrincha,Right winger,98,true,https://7a0.com.br/en/copas/1962/bra
1962,Chile,bra,Brazil,82,10,Attack,18,Jair da Costa,Right winger,76,false,https://7a0.com.br/en/copas/1962/bra
1962,Chile,bra,Brazil,82,10,Attack,9,Coutinho,Centre-forward,80,false,https://7a0.com.br/en/copas/1962/bra
1962,Chile,bra,Brazil,82,10,Attack,10,Pelé,Centre-forward,94,true,https://7a0.com.br/en/copas/1962/bra
1962,Chile,bra,Brazil,82,10,Attack,19,Vavá,Centre-forward,85,true,https://7a0.com.br/en/copas/1962/bra
1962,Chile,bra,Brazil,82,10,Attack,20,Amarildo,Centre-forward,83,false,https://7a0.com.br/en/copas/1962/bra
1962,Chile,bra,Brazil,82,10,Attack,11,Pepe,Left winger,83,false,https://7a0.com.br/en/copas/1962/bra
1962,Chile,bra,Brazil,82,10,Attack,21,Mário Zagallo,Left winger,84,true,https://7a0.com.br/en/copas/1962/bra
1962,Chile,chi,Chile,77,2,Goalkeepers,1,Misael Escuti,Goalkeeper,81,false,https://7a0.com.br/en/copas/1962/chi
1962,Chile,chi,Chile,77,2,Goalkeepers,12,Adán Godoy,Goalkeeper,73,false,https://7a0.com.br/en/copas/1962/chi
1962,Chile,chi,Chile,77,2,Defence,2,Luis Eyzaguirre,Right-back,82,true,https://7a0.com.br/en/copas/1962/chi
1962,Chile,chi,Chile,77,2,Defence,16,Humberto Cruz,Right-back,72,false,https://7a0.com.br/en/copas/1962/chi
1962,Chile,chi,Chile,77,2,Defence,3,Raúl Sánchez,Centre-back,78,false,https://7a0.com.br/en/copas/1962/chi
1962,Chile,chi,Chile,77,2,Defence,4,Sergio Navarro,Centre-back,78,false,https://7a0.com.br/en/copas/1962/chi
1962,Chile,chi,Chile,77,2,Defence,13,Sergio Valdés,Centre-back,75,false,https://7a0.com.br/en/copas/1962/chi
1962,Chile,chi,Chile,77,2,Defence,14,Hugo Lepe,Centre-back,72,false,https://7a0.com.br/en/copas/1962/chi
1962,Chile,chi,Chile,77,2,Defence,15,Manuel Rodríguez,Left-back,72,false,https://7a0.com.br/en/copas/1962/chi
1962,Chile,chi,Chile,77,2,Midfield,5,Carlos Contreras,Defensive midfielder,76,false,https://7a0.com.br/en/copas/1962/chi
1962,Chile,chi,Chile,77,2,Midfield,6,Eladio Rojas,Defensive midfielder,81,false,https://7a0.com.br/en/copas/1962/chi
1962,Chile,chi,Chile,77,2,Midfield,17,Mario Ortiz,Right midfielder,76,false,https://7a0.com.br/en/copas/1962/chi
1962,Chile,chi,Chile,77,2,Midfield,8,Jorge Toro,Attacking midfielder,81,false,https://7a0.com.br/en/copas/1962/chi
1962,Chile,chi,Chile,77,2,Attack,7,Jaime Ramírez,Right winger,79,false,https://7a0.com.br/en/copas/1962/chi
1962,Chile,chi,Chile,77,2,Attack,10,Alberto Fouilloux,Right winger,79,false,https://7a0.com.br/en/copas/1962/chi
1962,Chile,chi,Chile,77,2,Attack,9,Honorino Landa,Centre-forward,78,false,https://7a0.com.br/en/copas/1962/chi
1962,Chile,chi,Chile,77,2,Attack,18,Mario Moreno,Centre-forward,75,false,https://7a0.com.br/en/copas/1962/chi
1962,Chile,chi,Chile,77,2,Attack,20,Carlos Campos,Centre-forward,75,false,https://7a0.com.br/en/copas/1962/chi
1962,Chile,chi,Chile,77,2,Attack,11,Leonel Sánchez,Left winger,88,true,https://7a0.com.br/en/copas/1962/chi
1962,Chile,chi,Chile,77,2,Attack,19,Braulio Musso,Left winger,74,false,https://7a0.com.br/en/copas/1962/chi
1962,Chile,tch,Czechoslovakia,78,5,Goalkeepers,1,Viliam Schrojf,Goalkeeper,86,true,https://7a0.com.br/en/copas/1962/tch
1962,Chile,tch,Czechoslovakia,78,5,Goalkeepers,13,František Schmucker,Goalkeeper,71,false,https://7a0.com.br/en/copas/1962/tch
1962,Chile,tch,Czechoslovakia,78,5,Goalkeepers,21,Pavel Kouba,Goalkeeper,70,false,https://7a0.com.br/en/copas/1962/tch
1962,Chile,tch,Czechoslovakia,78,5,Defence,2,Jan Lála,Right-back,76,false,https://7a0.com.br/en/copas/1962/tch
1962,Chile,tch,Czechoslovakia,78,5,Defence,3,Ján Popluhár,Centre-back,86,true,https://7a0.com.br/en/copas/1962/tch
1962,Chile,tch,Czechoslovakia,78,5,Defence,22,Jozef Bomba,Centre-back,72,false,https://7a0.com.br/en/copas/1962/tch
1962,Chile,tch,Czechoslovakia,78,5,Defence,4,Ladislav Novák,Left-back,83,true,https://7a0.com.br/en/copas/1962/tch
1962,Chile,tch,Czechoslovakia,78,5,Midfield,12,Jiří Tichý,Defensive midfielder,75,false,https://7a0.com.br/en/copas/1962/tch
1962,Chile,tch,Czechoslovakia,78,5,Midfield,5,Svatopluk Pluskal,Right midfielder,82,true,https://7a0.com.br/en/copas/1962/tch
1962,Chile,tch,Czechoslovakia,78,5,Midfield,16,Titus Buberník,Right midfielder,75,false,https://7a0.com.br/en/copas/1962/tch
1962,Chile,tch,Czechoslovakia,78,5,Midfield,6,Josef Masopust,Midfielder,90,true,https://7a0.com.br/en/copas/1962/tch
1962,Chile,tch,Czechoslovakia,78,5,Midfield,19,Andrej Kvašňák,Attacking midfielder,79,false,https://7a0.com.br/en/copas/1962/tch
1962,Chile,tch,Czechoslovakia,78,5,Attack,7,Jozef Štibrányi,Right winger,76,false,https://7a0.com.br/en/copas/1962/tch
1962,Chile,tch,Czechoslovakia,78,5,Attack,17,Tomáš Pospíchal,Right winger,74,false,https://7a0.com.br/en/copas/1962/tch
1962,Chile,tch,Czechoslovakia,78,5,Attack,8,Adolf Scherer,Centre-forward,83,false,https://7a0.com.br/en/copas/1962/tch
1962,Chile,tch,Czechoslovakia,78,5,Attack,10,Jozef Adamec,Centre-forward,78,false,https://7a0.com.br/en/copas/1962/tch
1962,Chile,tch,Czechoslovakia,78,5,Attack,14,Václav Mašek,Centre-forward,74,false,https://7a0.com.br/en/copas/1962/tch
1962,Chile,tch,Czechoslovakia,78,5,Attack,18,Josef Kadraba,Centre-forward,76,false,https://7a0.com.br/en/copas/1962/tch
1962,Chile,tch,Czechoslovakia,78,5,Attack,20,Jaroslav Borovička,Centre-forward,73,false,https://7a0.com.br/en/copas/1962/tch
1962,Chile,tch,Czechoslovakia,78,5,Attack,9,Pavol Molnár,Left winger,78,false,https://7a0.com.br/en/copas/1962/tch
1962,Chile,tch,Czechoslovakia,78,5,Attack,11,Josef Jelínek,Left winger,76,false,https://7a0.com.br/en/copas/1962/tch
1962,Chile,tch,Czechoslovakia,78,5,Attack,15,Vladimír Kos,Left winger,72,false,https://7a0.com.br/en/copas/1962/tch
1962,Chile,eng,England,79,6,Goalkeepers,1,Ron Springett,Goalkeeper,79,false,https://7a0.com.br/en/copas/1962/eng
1962,Chile,eng,England,79,6,Goalkeepers,12,Alan Hodgkinson,Goalkeeper,74,false,https://7a0.com.br/en/copas/1962/eng
1962,Chile,eng,England,79,6,Defence,2,Jimmy Armfield,Right-back,82,false,https://7a0.com.br/en/copas/1962/eng
1962,Chile,eng,England,79,6,Defence,21,Don Howe,Right-back,76,false,https://7a0.com.br/en/copas/1962/eng
1962,Chile,eng,England,79,6,Defence,5,Peter Swan,Centre-back,78,false,https://7a0.com.br/en/copas/1962/eng
1962,Chile,eng,England,79,6,Defence,15,Maurice Norman,Centre-back,79,false,https://7a0.com.br/en/copas/1962/eng
1962,Chile,eng,England,79,6,Defence,16,Bobby Moore,Centre-back,84,true,https://7a0.com.br/en/copas/1962/eng
1962,Chile,eng,England,79,6,Defence,3,Ray Wilson,Left-back,83,true,https://7a0.com.br/en/copas/1962/eng
1962,Chile,eng,England,79,6,Midfield,6,Ron Flowers,Defensive midfielder,80,false,https://7a0.com.br/en/copas/1962/eng
1962,Chile,eng,England,79,6,Midfield,22,Jimmy Adamson,Defensive midfielder,73,false,https://7a0.com.br/en/copas/1962/eng
1962,Chile,eng,England,79,6,Midfield,4,Bobby Robson,Right midfielder,80,false,https://7a0.com.br/en/copas/1962/eng
1962,Chile,eng,England,79,6,Midfield,14,Stan Anderson,Right midfielder,73,false,https://7a0.com.br/en/copas/1962/eng
1962,Chile,eng,England,79,6,Midfield,10,Johnny Haynes,Midfielder,84,true,https://7a0.com.br/en/copas/1962/eng
1962,Chile,eng,England,79,6,Midfield,20,George Eastham,Midfielder,76,false,https://7a0.com.br/en/copas/1962/eng
1962,Chile,eng,England,79,6,Midfield,11,Bobby Charlton,Left midfielder,89,true,https://7a0.com.br/en/copas/1962/eng
1962,Chile,eng,England,79,6,Attack,7,John Connelly,Right winger,78,false,https://7a0.com.br/en/copas/1962/eng
1962,Chile,eng,England,79,6,Attack,17,Bryan Douglas,Right winger,80,false,https://7a0.com.br/en/copas/1962/eng
1962,Chile,eng,England,79,6,Attack,8,Jimmy Greaves,Centre-forward,89,true,https://7a0.com.br/en/copas/1962/eng
1962,Chile,eng,England,79,6,Attack,9,Gerry Hitchens,Centre-forward,77,false,https://7a0.com.br/en/copas/1962/eng
1962,Chile,eng,England,79,6,Attack,13,Derek Kevan,Centre-forward,75,false,https://7a0.com.br/en/copas/1962/eng
1962,Chile,eng,England,79,6,Attack,18,Roger Hunt,Centre-forward,81,true,https://7a0.com.br/en/copas/1962/eng
1962,Chile,eng,England,79,6,Attack,19,Alan Peacock,Centre-forward,73,false,https://7a0.com.br/en/copas/1962/eng
1962,Chile,ger,Germany,77,4,Goalkeepers,1,Hans Tilkowski,Goalkeeper,80,false,https://7a0.com.br/en/copas/1962/ger
1962,Chile,ger,Germany,77,4,Goalkeepers,21,Günter Sawitzki,Goalkeeper,73,false,https://7a0.com.br/en/copas/1962/ger
1962,Chile,ger,Germany,77,4,Goalkeepers,22,Wolfgang Fahrian,Goalkeeper,74,false,https://7a0.com.br/en/copas/1962/ger
1962,Chile,ger,Germany,77,4,Defence,12,Hans Nowak,Right-back,75,false,https://7a0.com.br/en/copas/1962/ger
1962,Chile,ger,Germany,77,4,Defence,2,Herbert Erhardt,Centre-back,79,false,https://7a0.com.br/en/copas/1962/ger
1962,Chile,ger,Germany,77,4,Defence,5,Leo Wilden,Centre-back,74,false,https://7a0.com.br/en/copas/1962/ger
1962,Chile,ger,Germany,77,4,Defence,3,Karl-Heinz Schnellinger,Left-back,85,true,https://7a0.com.br/en/copas/1962/ger
1962,Chile,ger,Germany,77,4,Defence,13,Jürgen Kurbjuhn,Left-back,72,false,https://7a0.com.br/en/copas/1962/ger
1962,Chile,ger,Germany,77,4,Midfield,4,Willi Schulz,Defensive midfielder,79,false,https://7a0.com.br/en/copas/1962/ger
1962,Chile,ger,Germany,77,4,Midfield,6,Horst Szymaniak,Defensive midfielder,81,false,https://7a0.com.br/en/copas/1962/ger
1962,Chile,ger,Germany,77,4,Midfield,14,Jürgen Werner,Defensive midfielder,72,false,https://7a0.com.br/en/copas/1962/ger
1962,Chile,ger,Germany,77,4,Midfield,15,Willi Giesemann,Right midfielder,74,false,https://7a0.com.br/en/copas/1962/ger
1962,Chile,ger,Germany,77,4,Midfield,7,Willi Koslowski,Left midfielder,72,false,https://7a0.com.br/en/copas/1962/ger
1962,Chile,ger,Germany,77,4,Midfield,10,Albert Brülls,Left midfielder,80,false,https://7a0.com.br/en/copas/1962/ger
1962,Chile,ger,Germany,77,4,Midfield,11,Hans Schäfer,Left midfielder,83,true,https://7a0.com.br/en/copas/1962/ger
1962,Chile,ger,Germany,77,4,Midfield,16,Hans Sturm,Left midfielder,73,false,https://7a0.com.br/en/copas/1962/ger
1962,Chile,ger,Germany,77,4,Midfield,18,Günther Herrmann,Left midfielder,73,false,https://7a0.com.br/en/copas/1962/ger
1962,Chile,ger,Germany,77,4,Attack,17,Engelbert Kraus,Right winger,73,false,https://7a0.com.br/en/copas/1962/ger
1962,Chile,ger,Germany,77,4,Attack,8,Helmut Haller,Centre-forward,84,true,https://7a0.com.br/en/copas/1962/ger
1962,Chile,ger,Germany,77,4,Attack,9,Uwe Seeler,Centre-forward,87,true,https://7a0.com.br/en/copas/1962/ger
1962,Chile,ger,Germany,77,4,Attack,19,Heinz Strehl,Centre-forward,72,false,https://7a0.com.br/en/copas/1962/ger
1962,Chile,ger,Germany,77,4,Attack,20,Heinz Vollmar,Left winger,73,false,https://7a0.com.br/en/copas/1962/ger
1962,Chile,hun,Hungary,77,4,Goalkeepers,1,Gyula Grosics,Goalkeeper,84,true,https://7a0.com.br/en/copas/1962/hun
1962,Chile,hun,Hungary,77,4,Goalkeepers,21,Antal Szentmihályi,Goalkeeper,75,false,https://7a0.com.br/en/copas/1962/hun
1962,Chile,hun,Hungary,77,4,Goalkeepers,22,István Ilku,Goalkeeper,71,false,https://7a0.com.br/en/copas/1962/hun
1962,Chile,hun,Hungary,77,4,Defence,2,Sándor Mátrai,Centre-back,83,false,https://7a0.com.br/en/copas/1962/hun
1962,Chile,hun,Hungary,77,4,Defence,3,Kálmán Mészöly,Centre-back,80,true,https://7a0.com.br/en/copas/1962/hun
1962,Chile,hun,Hungary,77,4,Defence,4,László Sárosi,Centre-back,78,false,https://7a0.com.br/en/copas/1962/hun
1962,Chile,hun,Hungary,77,4,Defence,12,Kálmán Sóvári,Centre-back,73,false,https://7a0.com.br/en/copas/1962/hun
1962,Chile,hun,Hungary,77,4,Defence,13,Kálmán Ihász,Centre-back,72,false,https://7a0.com.br/en/copas/1962/hun
1962,Chile,hun,Hungary,77,4,Defence,5,Ernő Solymosi,Left-back,80,false,https://7a0.com.br/en/copas/1962/hun
1962,Chile,hun,Hungary,77,4,Midfield,6,Ferenc Sipos,Right midfielder,80,false,https://7a0.com.br/en/copas/1962/hun
1962,Chile,hun,Hungary,77,4,Midfield,14,István Nagy,Right midfielder,71,false,https://7a0.com.br/en/copas/1962/hun
1962,Chile,hun,Hungary,77,4,Midfield,15,János Mencel,Right midfielder,70,false,https://7a0.com.br/en/copas/1962/hun
1962,Chile,hun,Hungary,77,4,Midfield,8,János Göröcs,Attacking midfielder,81,false,https://7a0.com.br/en/copas/1962/hun
1962,Chile,hun,Hungary,77,4,Attack,7,Károly Sándor,Right winger,82,false,https://7a0.com.br/en/copas/1962/hun
1962,Chile,hun,Hungary,77,4,Attack,17,Gyula Rákosi,Right winger,74,false,https://7a0.com.br/en/copas/1962/hun
1962,Chile,hun,Hungary,77,4,Attack,9,Flórián Albert,Centre-forward,88,true,https://7a0.com.br/en/copas/1962/hun
1962,Chile,hun,Hungary,77,4,Attack,10,Lajos Tichy,Centre-forward,85,true,https://7a0.com.br/en/copas/1962/hun
1962,Chile,hun,Hungary,77,4,Attack,16,János Farkas,Centre-forward,78,false,https://7a0.com.br/en/copas/1962/hun
1962,Chile,hun,Hungary,77,4,Attack,18,Tivadar Monostori,Centre-forward,71,false,https://7a0.com.br/en/copas/1962/hun
1962,Chile,hun,Hungary,77,4,Attack,19,Béla Kuharszki,Centre-forward,70,false,https://7a0.com.br/en/copas/1962/hun
1962,Chile,hun,Hungary,77,4,Attack,20,László Bödör,Centre-forward,70,false,https://7a0.com.br/en/copas/1962/hun
1962,Chile,hun,Hungary,77,4,Attack,11,Máté Fenyvesi,Left winger,80,false,https://7a0.com.br/en/copas/1962/hun
1962,Chile,ita,Italy,79,5,Goalkeepers,1,Lorenzo Buffon,Goalkeeper,82,false,https://7a0.com.br/en/copas/1962/ita
1962,Chile,ita,Italy,79,5,Goalkeepers,12,Carlo Mattrel,Goalkeeper,73,false,https://7a0.com.br/en/copas/1962/ita
1962,Chile,ita,Italy,79,5,Goalkeepers,13,Enrico Albertosi,Goalkeeper,80,false,https://7a0.com.br/en/copas/1962/ita
1962,Chile,ita,Italy,79,5,Defence,2,Giacomo Losi,Centre-back,79,false,https://7a0.com.br/en/copas/1962/ita
1962,Chile,ita,Italy,79,5,Defence,4,Sandro Salvadore,Centre-back,80,false,https://7a0.com.br/en/copas/1962/ita
1962,Chile,ita,Italy,79,5,Defence,5,Cesare Maldini,Centre-back,83,true,https://7a0.com.br/en/copas/1962/ita
1962,Chile,ita,Italy,79,5,Defence,18,Mario David,Centre-back,75,false,https://7a0.com.br/en/copas/1962/ita
1962,Chile,ita,Italy,79,5,Defence,19,Francesco Janich,Centre-back,75,false,https://7a0.com.br/en/copas/1962/ita
1962,Chile,ita,Italy,79,5,Defence,20,Paride Tumburus,Centre-back,75,false,https://7a0.com.br/en/copas/1962/ita
1962,Chile,ita,Italy,79,5,Defence,3,Luigi Radice,Left-back,76,false,https://7a0.com.br/en/copas/1962/ita
1962,Chile,ita,Italy,79,5,Defence,16,Enzo Robotti,Left-back,76,false,https://7a0.com.br/en/copas/1962/ita
1962,Chile,ita,Italy,79,5,Midfield,6,Giovanni Trapattoni,Right midfielder,82,true,https://7a0.com.br/en/copas/1962/ita
1962,Chile,ita,Italy,79,5,Midfield,21,Giorgio Ferrini,Right midfielder,76,false,https://7a0.com.br/en/copas/1962/ita
1962,Chile,ita,Italy,79,5,Midfield,14,Gianni Rivera,Midfielder,81,true,https://7a0.com.br/en/copas/1962/ita
1962,Chile,ita,Italy,79,5,Midfield,22,Giacomo Bulgarelli,Midfielder,79,false,https://7a0.com.br/en/copas/1962/ita
1962,Chile,ita,Italy,79,5,Midfield,8,Humberto Maschio,Attacking midfielder,82,false,https://7a0.com.br/en/copas/1962/ita
1962,Chile,ita,Italy,79,5,Attack,7,Bruno Mora,Right winger,76,false,https://7a0.com.br/en/copas/1962/ita
1962,Chile,ita,Italy,79,5,Attack,9,José Altafini,Centre-forward,86,true,https://7a0.com.br/en/copas/1962/ita
1962,Chile,ita,Italy,79,5,Attack,11,Giampaolo Menichelli,Centre-forward,76,false,https://7a0.com.br/en/copas/1962/ita
1962,Chile,ita,Italy,79,5,Attack,15,Angelo Sormani,Centre-forward,76,false,https://7a0.com.br/en/copas/1962/ita
1962,Chile,ita,Italy,79,5,Attack,10,Omar Sívori,Left winger,89,true,https://7a0.com.br/en/copas/1962/ita
1962,Chile,ita,Italy,79,5,Attack,17,Ezio Pascutti,Left winger,78,false,https://7a0.com.br/en/copas/1962/ita
1962,Chile,mex,Mexico,75,2,Goalkeepers,1,Antonio Carbajal,Goalkeeper,82,true,https://7a0.com.br/en/copas/1962/mex
1962,Chile,mex,Mexico,75,2,Goalkeepers,12,Jaime Gómez,Goalkeeper,74,false,https://7a0.com.br/en/copas/1962/mex
1962,Chile,mex,Mexico,75,2,Goalkeepers,22,Antonio Mota,Goalkeeper,72,false,https://7a0.com.br/en/copas/1962/mex
1962,Chile,mex,Mexico,75,2,Defence,4,José Villegas,Right-back,77,false,https://7a0.com.br/en/copas/1962/mex
1962,Chile,mex,Mexico,75,2,Defence,2,Jesús Del Muro,Centre-back,76,false,https://7a0.com.br/en/copas/1962/mex
1962,Chile,mex,Mexico,75,2,Defence,3,Guillermo Sepúlveda,Centre-back,78,false,https://7a0.com.br/en/copas/1962/mex
1962,Chile,mex,Mexico,75,2,Defence,5,Raúl Cárdenas,Centre-back,79,false,https://7a0.com.br/en/copas/1962/mex
1962,Chile,mex,Mexico,75,2,Defence,13,Arturo Chaires,Centre-back,73,false,https://7a0.com.br/en/copas/1962/mex
1962,Chile,mex,Mexico,75,2,Defence,15,Ignacio Jáuregui,Left-back,74,false,https://7a0.com.br/en/copas/1962/mex
1962,Chile,mex,Mexico,75,2,Midfield,6,Pedro Nájera,Defensive midfielder,77,false,https://7a0.com.br/en/copas/1962/mex
1962,Chile,mex,Mexico,75,2,Midfield,14,Pedro Romero,Midfielder,71,false,https://7a0.com.br/en/copas/1962/mex
1962,Chile,mex,Mexico,75,2,Midfield,16,Salvador Farfán,Midfielder,72,false,https://7a0.com.br/en/copas/1962/mex
1962,Chile,mex,Mexico,75,2,Midfield,20,Mario Velarde,Midfielder,71,false,https://7a0.com.br/en/copas/1962/mex
1962,Chile,mex,Mexico,75,2,Midfield,8,Salvador Reyes,Attacking midfielder,81,true,https://7a0.com.br/en/copas/1962/mex
1962,Chile,mex,Mexico,75,2,Attack,7,Alfredo Del Águila,Right winger,77,false,https://7a0.com.br/en/copas/1962/mex
1962,Chile,mex,Mexico,75,2,Attack,18,Alfredo Hernández,Right winger,72,false,https://7a0.com.br/en/copas/1962/mex
1962,Chile,mex,Mexico,75,2,Attack,9,Héctor Hernández,Centre-forward,78,false,https://7a0.com.br/en/copas/1962/mex
1962,Chile,mex,Mexico,75,2,Attack,10,Guillermo Ortiz,Centre-forward,75,false,https://7a0.com.br/en/copas/1962/mex
1962,Chile,mex,Mexico,75,2,Attack,17,Felipe Ruvalcaba,Centre-forward,71,false,https://7a0.com.br/en/copas/1962/mex
1962,Chile,mex,Mexico,75,2,Attack,21,Alberto Baeza,Centre-forward,70,false,https://7a0.com.br/en/copas/1962/mex
1962,Chile,mex,Mexico,75,2,Attack,11,Isidoro Díaz,Left winger,78,false,https://7a0.com.br/en/copas/1962/mex
1962,Chile,mex,Mexico,75,2,Attack,19,Antonio Jasso,Left winger,74,false,https://7a0.com.br/en/copas/1962/mex
1962,Chile,urs,Soviet Union,79,6,Goalkeepers,1,Lev Yashin,Goalkeeper,95,true,https://7a0.com.br/en/copas/1962/urs
1962,Chile,urs,Soviet Union,79,6,Goalkeepers,2,Vladimir Maslachenko,Goalkeeper,76,false,https://7a0.com.br/en/copas/1962/urs
1962,Chile,urs,Soviet Union,79,6,Goalkeepers,3,Sergey Kotrikadze,Goalkeeper,73,false,https://7a0.com.br/en/copas/1962/urs
1962,Chile,urs,Soviet Union,79,6,Defence,4,Eduard Dubinski,Right-back,77,false,https://7a0.com.br/en/copas/1962/urs
1962,Chile,urs,Soviet Union,79,6,Defence,5,Givi Chokheli,Centre-back,77,false,https://7a0.com.br/en/copas/1962/urs
1962,Chile,urs,Soviet Union,79,6,Defence,7,Anatoli Maslyonkin,Centre-back,79,false,https://7a0.com.br/en/copas/1962/urs
1962,Chile,urs,Soviet Union,79,6,Defence,8,Albert Shesternyov,Centre-back,79,true,https://7a0.com.br/en/copas/1962/urs
1962,Chile,urs,Soviet Union,79,6,Defence,12,Valery Voronin,Centre-back,84,true,https://7a0.com.br/en/copas/1962/urs
1962,Chile,urs,Soviet Union,79,6,Defence,6,Leonid Ostrovskiy,Left-back,76,false,https://7a0.com.br/en/copas/1962/urs
1962,Chile,urs,Soviet Union,79,6,Midfield,10,Igor Netto,Defensive midfielder,86,true,https://7a0.com.br/en/copas/1962/urs
1962,Chile,urs,Soviet Union,79,6,Midfield,11,Yozhef Sabo,Defensive midfielder,76,false,https://7a0.com.br/en/copas/1962/urs
1962,Chile,urs,Soviet Union,79,6,Midfield,9,Nikolai Manoshin,Right midfielder,74,false,https://7a0.com.br/en/copas/1962/urs
1962,Chile,urs,Soviet Union,79,6,Midfield,14,Valentin Ivanov,Attacking midfielder,89,true,https://7a0.com.br/en/copas/1962/urs
1962,Chile,urs,Soviet Union,79,6,Attack,18,Slava Metreveli,Right winger,82,false,https://7a0.com.br/en/copas/1962/urs
1962,Chile,urs,Soviet Union,79,6,Attack,22,Igor Chislenko,Right winger,79,false,https://7a0.com.br/en/copas/1962/urs
1962,Chile,urs,Soviet Union,79,6,Attack,13,Gennadi Gusarov,Centre-forward,75,false,https://7a0.com.br/en/copas/1962/urs
1962,Chile,urs,Soviet Union,79,6,Attack,15,Viktor Kanevski,Centre-forward,73,false,https://7a0.com.br/en/copas/1962/urs
1962,Chile,urs,Soviet Union,79,6,Attack,16,Aleksei Mamykin,Centre-forward,75,false,https://7a0.com.br/en/copas/1962/urs
1962,Chile,urs,Soviet Union,79,6,Attack,19,Viktor Ponedelnik,Centre-forward,82,true,https://7a0.com.br/en/copas/1962/urs
1962,Chile,urs,Soviet Union,79,6,Attack,17,Mikhail Meskhi,Left winger,81,false,https://7a0.com.br/en/copas/1962/urs
1962,Chile,urs,Soviet Union,79,6,Attack,20,Viktor Serebryanikov,Left winger,74,false,https://7a0.com.br/en/copas/1962/urs
1962,Chile,urs,Soviet Union,79,6,Attack,21,Galimzyan Khusainov,Left winger,76,false,https://7a0.com.br/en/copas/1962/urs
1962,Chile,esp,Spain,82,5,Goalkeepers,1,José Araquistáin,Goalkeeper,80,false,https://7a0.com.br/en/copas/1962/esp
1962,Chile,esp,Spain,82,5,Goalkeepers,2,Salvador Sadurní,Goalkeeper,78,false,https://7a0.com.br/en/copas/1962/esp
1962,Chile,esp,Spain,82,5,Goalkeepers,3,Carmelo,Goalkeeper,79,false,https://7a0.com.br/en/copas/1962/esp
1962,Chile,esp,Spain,82,5,Defence,10,Sígfrid Gràcia,Right-back,77,false,https://7a0.com.br/en/copas/1962/esp
1962,Chile,esp,Spain,82,5,Defence,11,Feliciano Rivilla,Right-back,79,false,https://7a0.com.br/en/copas/1962/esp
1962,Chile,esp,Spain,82,5,Defence,7,Luis María Echeberría,Centre-back,73,false,https://7a0.com.br/en/copas/1962/esp
1962,Chile,esp,Spain,82,5,Defence,8,Jesús Garay,Centre-back,83,false,https://7a0.com.br/en/copas/1962/esp
1962,Chile,esp,Spain,82,5,Defence,13,Pachín,Centre-back,79,false,https://7a0.com.br/en/copas/1962/esp
1962,Chile,esp,Spain,82,5,Defence,19,José Santamaría,Centre-back,88,true,https://7a0.com.br/en/copas/1962/esp
1962,Chile,esp,Spain,82,5,Defence,16,Severino Reija,Left-back,78,false,https://7a0.com.br/en/copas/1962/esp
1962,Chile,esp,Spain,82,5,Defence,17,Rodri,Left-back,74,false,https://7a0.com.br/en/copas/1962/esp
1962,Chile,esp,Spain,82,5,Midfield,18,Adelardo,Defensive midfielder,80,false,https://7a0.com.br/en/copas/1962/esp
1962,Chile,esp,Spain,82,5,Midfield,20,Joan Segarra,Defensive midfielder,83,false,https://7a0.com.br/en/copas/1962/esp
1962,Chile,esp,Spain,82,5,Midfield,22,Martí Vergés,Right midfielder,79,false,https://7a0.com.br/en/copas/1962/esp
1962,Chile,esp,Spain,82,5,Midfield,21,Luis Suárez,Midfielder,93,true,https://7a0.com.br/en/copas/1962/esp
1962,Chile,esp,Spain,82,5,Midfield,5,Luis Del Sol,Attacking midfielder,84,false,https://7a0.com.br/en/copas/1962/esp
1962,Chile,esp,Spain,82,5,Attack,6,Alfredo Di Stéfano,Centre-forward,90,true,https://7a0.com.br/en/copas/1962/esp
1962,Chile,esp,Spain,82,5,Attack,12,Joaquín Peiró,Centre-forward,82,false,https://7a0.com.br/en/copas/1962/esp
1962,Chile,esp,Spain,82,5,Attack,14,Ferenc Puskás,Centre-forward,89,true,https://7a0.com.br/en/copas/1962/esp
1962,Chile,esp,Spain,82,5,Attack,15,Eulogio Martínez,Centre-forward,79,false,https://7a0.com.br/en/copas/1962/esp
1962,Chile,esp,Spain,82,5,Attack,4,Enrique Collar,Left winger,80,false,https://7a0.com.br/en/copas/1962/esp
1962,Chile,esp,Spain,82,5,Attack,9,Francisco Gento,Left winger,90,true,https://7a0.com.br/en/copas/1962/esp
1962,Chile,yug,Yugoslavia,76,4,Goalkeepers,1,Milutin Šoškić,Goalkeeper,84,false,https://7a0.com.br/en/copas/1962/yug
1962,Chile,yug,Yugoslavia,76,4,Goalkeepers,12,Srboljub Krivokuća,Goalkeeper,72,false,https://7a0.com.br/en/copas/1962/yug
1962,Chile,yug,Yugoslavia,76,4,Goalkeepers,19,Mirko Stojanović,Goalkeeper,71,false,https://7a0.com.br/en/copas/1962/yug
1962,Chile,yug,Yugoslavia,76,4,Defence,2,Vladimir Durković,Right-back,80,false,https://7a0.com.br/en/copas/1962/yug
1962,Chile,yug,Yugoslavia,76,4,Defence,13,Slavko Svinjarević,Centre-back,70,false,https://7a0.com.br/en/copas/1962/yug
1962,Chile,yug,Yugoslavia,76,4,Defence,14,Vasilije Šijaković,Centre-back,72,false,https://7a0.com.br/en/copas/1962/yug
1962,Chile,yug,Yugoslavia,76,4,Defence,20,Žarko Nikolić,Centre-back,72,false,https://7a0.com.br/en/copas/1962/yug
1962,Chile,yug,Yugoslavia,76,4,Defence,3,Fahrudin Jusufi,Left-back,81,false,https://7a0.com.br/en/copas/1962/yug
1962,Chile,yug,Yugoslavia,76,4,Midfield,5,Vlatko Marković,Defensive midfielder,76,false,https://7a0.com.br/en/copas/1962/yug
1962,Chile,yug,Yugoslavia,76,4,Midfield,6,Vladica Popović,Defensive midfielder,74,false,https://7a0.com.br/en/copas/1962/yug
1962,Chile,yug,Yugoslavia,76,4,Midfield,15,Željko Matuš,Defensive midfielder,74,false,https://7a0.com.br/en/copas/1962/yug
1962,Chile,yug,Yugoslavia,76,4,Midfield,17,Vojislav Melić,Defensive midfielder,71,false,https://7a0.com.br/en/copas/1962/yug
1962,Chile,yug,Yugoslavia,76,4,Midfield,4,Petar Radaković,Right midfielder,77,false,https://7a0.com.br/en/copas/1962/yug
1962,Chile,yug,Yugoslavia,76,4,Midfield,8,Dragoslav Šekularac,Midfielder,86,true,https://7a0.com.br/en/copas/1962/yug
1962,Chile,yug,Yugoslavia,76,4,Attack,7,Andrija Anković,Right winger,76,false,https://7a0.com.br/en/copas/1962/yug
1962,Chile,yug,Yugoslavia,76,4,Attack,22,Aleksandar Ivoš,Right winger,70,false,https://7a0.com.br/en/copas/1962/yug
1962,Chile,yug,Yugoslavia,76,4,Attack,9,Dražan Jerković,Centre-forward,89,true,https://7a0.com.br/en/copas/1962/yug
1962,Chile,yug,Yugoslavia,76,4,Attack,10,Milan Galić,Centre-forward,86,true,https://7a0.com.br/en/copas/1962/yug
1962,Chile,yug,Yugoslavia,76,4,Attack,18,Vladica Kovačević,Centre-forward,74,false,https://7a0.com.br/en/copas/1962/yug
1962,Chile,yug,Yugoslavia,76,4,Attack,21,Nikola Stipić,Centre-forward,70,false,https://7a0.com.br/en/copas/1962/yug
1962,Chile,yug,Yugoslavia,76,4,Attack,11,Josip Skoblar,Left winger,79,true,https://7a0.com.br/en/copas/1962/yug
1962,Chile,yug,Yugoslavia,76,4,Attack,16,Muhamed Mujić,Left winger,76,false,https://7a0.com.br/en/copas/1962/yug
1966,England,arg,Argentina,78,7,Goalkeepers,1,Antonio Roma,Goalkeeper,81,true,https://7a0.com.br/en/copas/1966/arg
1966,England,arg,Argentina,78,7,Goalkeepers,2,Rolando Irusta,Goalkeeper,71,false,https://7a0.com.br/en/copas/1966/arg
1966,England,arg,Argentina,78,7,Goalkeepers,3,Hugo Gatti,Goalkeeper,80,true,https://7a0.com.br/en/copas/1966/arg
1966,England,arg,Argentina,78,7,Defence,8,Roberto Ferreiro,Right-back,77,false,https://7a0.com.br/en/copas/1966/arg
1966,England,arg,Argentina,78,7,Defence,4,Roberto Perfumo,Centre-back,85,true,https://7a0.com.br/en/copas/1966/arg
1966,England,arg,Argentina,78,7,Defence,13,Nelson López,Centre-back,72,false,https://7a0.com.br/en/copas/1966/arg
1966,England,arg,Argentina,78,7,Defence,7,Silvio Marzolini,Left-back,86,true,https://7a0.com.br/en/copas/1966/arg
1966,England,arg,Argentina,78,7,Midfield,9,Carmelo Simeone,Defensive midfielder,79,false,https://7a0.com.br/en/copas/1966/arg
1966,England,arg,Argentina,78,7,Midfield,10,Antonio Rattín,Defensive midfielder,85,true,https://7a0.com.br/en/copas/1966/arg
1966,England,arg,Argentina,78,7,Midfield,12,Rafael Albrecht,Defensive midfielder,79,false,https://7a0.com.br/en/copas/1966/arg
1966,England,arg,Argentina,78,7,Midfield,5,José Varacka,Right midfielder,75,false,https://7a0.com.br/en/copas/1966/arg
1966,England,arg,Argentina,78,7,Midfield,6,Oscar Calics,Right midfielder,71,false,https://7a0.com.br/en/copas/1966/arg
1966,England,arg,Argentina,78,7,Midfield,11,José Omar Pastoriza,Right midfielder,77,false,https://7a0.com.br/en/copas/1966/arg
1966,England,arg,Argentina,78,7,Midfield,17,Juan Carlos Sarnari,Midfielder,74,false,https://7a0.com.br/en/copas/1966/arg
1966,England,arg,Argentina,78,7,Midfield,20,Ermindo Onega,Midfielder,84,true,https://7a0.com.br/en/copas/1966/arg
1966,England,arg,Argentina,78,7,Midfield,15,Jorge Solari,Attacking midfielder,76,false,https://7a0.com.br/en/copas/1966/arg
1966,England,arg,Argentina,78,7,Attack,14,Mario Chaldú,Right winger,73,false,https://7a0.com.br/en/copas/1966/arg
1966,England,arg,Argentina,78,7,Attack,16,Alberto González,Centre-forward,72,false,https://7a0.com.br/en/copas/1966/arg
1966,England,arg,Argentina,78,7,Attack,18,Alfredo Rojas,Centre-forward,74,false,https://7a0.com.br/en/copas/1966/arg
1966,England,arg,Argentina,78,7,Attack,19,Luis Artime,Centre-forward,84,true,https://7a0.com.br/en/copas/1966/arg
1966,England,arg,Argentina,78,7,Attack,22,Aníbal Tarabini,Centre-forward,73,false,https://7a0.com.br/en/copas/1966/arg
1966,England,arg,Argentina,78,7,Attack,21,Oscar Más,Left winger,78,false,https://7a0.com.br/en/copas/1966/arg
1966,England,bra,Brazil,79,8,Goalkeepers,1,Gilmar,Goalkeeper,86,true,https://7a0.com.br/en/copas/1966/bra
1966,England,bra,Brazil,79,8,Goalkeepers,12,Manga,Goalkeeper,76,false,https://7a0.com.br/en/copas/1966/bra
1966,England,bra,Brazil,79,8,Defence,2,Djalma Santos,Right-back,85,true,https://7a0.com.br/en/copas/1966/bra
1966,England,bra,Brazil,79,8,Defence,3,Fidélis,Centre-back,73,false,https://7a0.com.br/en/copas/1966/bra
1966,England,bra,Brazil,79,8,Defence,4,Hilderaldo Bellini,Centre-back,80,true,https://7a0.com.br/en/copas/1966/bra
1966,England,bra,Brazil,79,8,Defence,5,Brito,Centre-back,78,false,https://7a0.com.br/en/copas/1966/bra
1966,England,bra,Brazil,79,8,Defence,7,Orlando,Centre-back,80,false,https://7a0.com.br/en/copas/1966/bra
1966,England,bra,Brazil,79,8,Defence,6,Altair,Left-back,80,false,https://7a0.com.br/en/copas/1966/bra
1966,England,bra,Brazil,79,8,Defence,8,Paulo Henrique,Left-back,74,false,https://7a0.com.br/en/copas/1966/bra
1966,England,bra,Brazil,79,8,Defence,9,Rildo,Left-back,76,false,https://7a0.com.br/en/copas/1966/bra
1966,England,bra,Brazil,79,8,Midfield,15,Zito,Defensive midfielder,80,false,https://7a0.com.br/en/copas/1966/bra
1966,England,bra,Brazil,79,8,Midfield,11,Gérson,Midfielder,83,true,https://7a0.com.br/en/copas/1966/bra
1966,England,bra,Brazil,79,8,Midfield,13,Denílson,Midfielder,74,false,https://7a0.com.br/en/copas/1966/bra
1966,England,bra,Brazil,79,8,Midfield,14,Lima,Midfielder,75,false,https://7a0.com.br/en/copas/1966/bra
1966,England,bra,Brazil,79,8,Attack,16,Garrincha,Right winger,88,true,https://7a0.com.br/en/copas/1966/bra
1966,England,bra,Brazil,79,8,Attack,17,Jairzinho,Right winger,82,true,https://7a0.com.br/en/copas/1966/bra
1966,England,bra,Brazil,79,8,Attack,10,Pelé,Centre-forward,93,true,https://7a0.com.br/en/copas/1966/bra
1966,England,bra,Brazil,79,8,Attack,18,Alcindo,Centre-forward,74,false,https://7a0.com.br/en/copas/1966/bra
1966,England,bra,Brazil,79,8,Attack,19,Silva,Centre-forward,72,false,https://7a0.com.br/en/copas/1966/bra
1966,England,bra,Brazil,79,8,Attack,20,Tostão,Centre-forward,80,true,https://7a0.com.br/en/copas/1966/bra
1966,England,bra,Brazil,79,8,Attack,21,Paraná,Left winger,72,false,https://7a0.com.br/en/copas/1966/bra
1966,England,bra,Brazil,79,8,Attack,22,Edu,Left winger,73,false,https://7a0.com.br/en/copas/1966/bra
1966,England,eng,England,82,11,Goalkeepers,1,Gordon Banks,Goalkeeper,92,true,https://7a0.com.br/en/copas/1966/eng
1966,England,eng,England,82,11,Goalkeepers,12,Ron Springett,Goalkeeper,77,false,https://7a0.com.br/en/copas/1966/eng
1966,England,eng,England,82,11,Goalkeepers,13,Peter Bonetti,Goalkeeper,80,false,https://7a0.com.br/en/copas/1966/eng
1966,England,eng,England,82,11,Defence,2,George Cohen,Right-back,81,false,https://7a0.com.br/en/copas/1966/eng
1966,England,eng,England,82,11,Defence,14,Jimmy Armfield,Right-back,81,false,https://7a0.com.br/en/copas/1966/eng
1966,England,eng,England,82,11,Defence,5,Jack Charlton,Centre-back,82,true,https://7a0.com.br/en/copas/1966/eng
1966,England,eng,England,82,11,Defence,6,Bobby Moore,Centre-back,93,true,https://7a0.com.br/en/copas/1966/eng
1966,England,eng,England,82,11,Defence,3,Ray Wilson,Left-back,83,true,https://7a0.com.br/en/copas/1966/eng
1966,England,eng,England,82,11,Defence,15,Gerry Byrne,Left-back,76,false,https://7a0.com.br/en/copas/1966/eng
1966,England,eng,England,82,11,Midfield,17,Ron Flowers,Defensive midfielder,78,false,https://7a0.com.br/en/copas/1966/eng
1966,England,eng,England,82,11,Midfield,18,Norman Hunter,Defensive midfielder,79,false,https://7a0.com.br/en/copas/1966/eng
1966,England,eng,England,82,11,Midfield,4,Nobby Stiles,Right midfielder,80,true,https://7a0.com.br/en/copas/1966/eng
1966,England,eng,England,82,11,Midfield,7,Alan Ball,Right midfielder,84,true,https://7a0.com.br/en/copas/1966/eng
1966,England,eng,England,82,11,Midfield,16,Martin Peters,Right midfielder,85,true,https://7a0.com.br/en/copas/1966/eng
1966,England,eng,England,82,11,Midfield,22,George Eastham,Midfielder,76,false,https://7a0.com.br/en/copas/1966/eng
1966,England,eng,England,82,11,Midfield,9,Bobby Charlton,Attacking midfielder,92,true,https://7a0.com.br/en/copas/1966/eng
1966,England,eng,England,82,11,Attack,11,John Connelly,Right winger,78,false,https://7a0.com.br/en/copas/1966/eng
1966,England,eng,England,82,11,Attack,19,Terry Paine,Right winger,76,false,https://7a0.com.br/en/copas/1966/eng
1966,England,eng,England,82,11,Attack,20,Ian Callaghan,Right winger,77,false,https://7a0.com.br/en/copas/1966/eng
1966,England,eng,England,82,11,Attack,8,Jimmy Greaves,Centre-forward,89,true,https://7a0.com.br/en/copas/1966/eng
1966,England,eng,England,82,11,Attack,10,Geoff Hurst,Centre-forward,85,true,https://7a0.com.br/en/copas/1966/eng
1966,England,eng,England,82,11,Attack,21,Roger Hunt,Centre-forward,83,true,https://7a0.com.br/en/copas/1966/eng
1966,England,fra,France,75,0,Goalkeepers,1,Marcel Aubour,Goalkeeper,76,false,https://7a0.com.br/en/copas/1966/fra
1966,England,fra,France,75,0,Goalkeepers,21,Georges Carnus,Goalkeeper,75,false,https://7a0.com.br/en/copas/1966/fra
1966,England,fra,France,75,0,Goalkeepers,22,Johnny Schuth,Goalkeeper,70,false,https://7a0.com.br/en/copas/1966/fra
1966,England,fra,France,75,0,Defence,10,Héctor De Bourgoing,Right-back,72,false,https://7a0.com.br/en/copas/1966/fra
1966,England,fra,France,75,0,Defence,11,Gabriel De Michèle,Right-back,71,false,https://7a0.com.br/en/copas/1966/fra
1966,England,fra,France,75,0,Defence,12,Jean Djorkaeff,Right-back,78,false,https://7a0.com.br/en/copas/1966/fra
1966,England,fra,France,75,0,Defence,2,Marcel Artelesa,Centre-back,78,false,https://7a0.com.br/en/copas/1966/fra
1966,England,fra,France,75,0,Defence,5,Bernard Bosquier,Centre-back,79,false,https://7a0.com.br/en/copas/1966/fra
1966,England,fra,France,75,0,Defence,18,Jean-Claude Piumi,Centre-back,72,false,https://7a0.com.br/en/copas/1966/fra
1966,England,fra,France,75,0,Defence,7,André Chorda,Left-back,75,false,https://7a0.com.br/en/copas/1966/fra
1966,England,fra,France,75,0,Midfield,6,Robert Budzynski,Defensive midfielder,74,false,https://7a0.com.br/en/copas/1966/fra
1966,England,fra,France,75,0,Midfield,16,Robert Herbin,Defensive midfielder,78,false,https://7a0.com.br/en/copas/1966/fra
1966,England,fra,France,75,0,Midfield,17,Lucien Muller,Defensive midfielder,79,false,https://7a0.com.br/en/copas/1966/fra
1966,England,fra,France,75,0,Midfield,4,Joseph Bonnel,Right midfielder,76,false,https://7a0.com.br/en/copas/1966/fra
1966,England,fra,France,75,0,Midfield,15,Yves Herbet,Attacking midfielder,71,false,https://7a0.com.br/en/copas/1966/fra
1966,England,fra,France,75,0,Midfield,20,Jacques Simon,Attacking midfielder,75,false,https://7a0.com.br/en/copas/1966/fra
1966,England,fra,France,75,0,Attack,3,Edmond Baraffe,Centre-forward,71,false,https://7a0.com.br/en/copas/1966/fra
1966,England,fra,France,75,0,Attack,8,Nestor Combin,Centre-forward,78,false,https://7a0.com.br/en/copas/1966/fra
1966,England,fra,France,75,0,Attack,9,Didier Couécou,Centre-forward,72,false,https://7a0.com.br/en/copas/1966/fra
1966,England,fra,France,75,0,Attack,13,Philippe Gondet,Centre-forward,76,false,https://7a0.com.br/en/copas/1966/fra
1966,England,fra,France,75,0,Attack,19,Laurent Robuschi,Centre-forward,71,false,https://7a0.com.br/en/copas/1966/fra
1966,England,fra,France,75,0,Attack,14,Gérard Hausser,Left winger,75,false,https://7a0.com.br/en/copas/1966/fra
1966,England,ger,Germany,78,5,Goalkeepers,1,Hans Tilkowski,Goalkeeper,81,false,https://7a0.com.br/en/copas/1966/ger
1966,England,ger,Germany,78,5,Goalkeepers,21,Günter Bernard,Goalkeeper,73,false,https://7a0.com.br/en/copas/1966/ger
1966,England,ger,Germany,78,5,Goalkeepers,22,Sepp Maier,Goalkeeper,76,false,https://7a0.com.br/en/copas/1966/ger
1966,England,ger,Germany,78,5,Defence,2,Horst-Dieter Höttges,Right-back,78,false,https://7a0.com.br/en/copas/1966/ger
1966,England,ger,Germany,78,5,Defence,15,Bernd Patzke,Right-back,71,false,https://7a0.com.br/en/copas/1966/ger
1966,England,ger,Germany,78,5,Defence,4,Franz Beckenbauer,Centre-back,90,true,https://7a0.com.br/en/copas/1966/ger
1966,England,ger,Germany,78,5,Defence,6,Wolfgang Weber,Centre-back,77,false,https://7a0.com.br/en/copas/1966/ger
1966,England,ger,Germany,78,5,Defence,14,Friedel Lutz,Centre-back,72,false,https://7a0.com.br/en/copas/1966/ger
1966,England,ger,Germany,78,5,Defence,17,Wolfgang Paul,Centre-back,71,false,https://7a0.com.br/en/copas/1966/ger
1966,England,ger,Germany,78,5,Defence,3,Karl-Heinz Schnellinger,Left-back,86,true,https://7a0.com.br/en/copas/1966/ger
1966,England,ger,Germany,78,5,Midfield,5,Willi Schulz,Defensive midfielder,80,false,https://7a0.com.br/en/copas/1966/ger
1966,England,ger,Germany,78,5,Midfield,18,Klaus-Dieter Sieloff,Defensive midfielder,73,false,https://7a0.com.br/en/copas/1966/ger
1966,England,ger,Germany,78,5,Midfield,16,Max Lorenz,Right midfielder,73,false,https://7a0.com.br/en/copas/1966/ger
1966,England,ger,Germany,78,5,Midfield,12,Wolfgang Overath,Midfielder,84,true,https://7a0.com.br/en/copas/1966/ger
1966,England,ger,Germany,78,5,Midfield,7,Albert Brülls,Left midfielder,79,false,https://7a0.com.br/en/copas/1966/ger
1966,England,ger,Germany,78,5,Midfield,8,Helmut Haller,Attacking midfielder,88,true,https://7a0.com.br/en/copas/1966/ger
1966,England,ger,Germany,78,5,Attack,13,Heinz Hornig,Right winger,73,false,https://7a0.com.br/en/copas/1966/ger
1966,England,ger,Germany,78,5,Attack,20,Jürgen Grabowski,Right winger,75,false,https://7a0.com.br/en/copas/1966/ger
1966,England,ger,Germany,78,5,Attack,9,Uwe Seeler,Centre-forward,88,true,https://7a0.com.br/en/copas/1966/ger
1966,England,ger,Germany,78,5,Attack,10,Sigfried Held,Centre-forward,78,false,https://7a0.com.br/en/copas/1966/ger
1966,England,ger,Germany,78,5,Attack,19,Werner Krämer,Centre-forward,75,false,https://7a0.com.br/en/copas/1966/ger
1966,England,ger,Germany,78,5,Attack,11,Lothar Emmerich,Left winger,78,false,https://7a0.com.br/en/copas/1966/ger
1966,England,hun,Hungary,78,4,Goalkeepers,1,Antal Szentmihályi,Goalkeeper,78,false,https://7a0.com.br/en/copas/1966/hun
1966,England,hun,Hungary,78,4,Goalkeepers,21,József Gelei,Goalkeeper,76,false,https://7a0.com.br/en/copas/1966/hun
1966,England,hun,Hungary,78,4,Goalkeepers,22,István Géczi,Goalkeeper,74,false,https://7a0.com.br/en/copas/1966/hun
1966,England,hun,Hungary,78,4,Defence,2,Benő Káposzta,Right-back,77,false,https://7a0.com.br/en/copas/1966/hun
1966,England,hun,Hungary,78,4,Defence,3,Sándor Mátrai,Centre-back,81,false,https://7a0.com.br/en/copas/1966/hun
1966,England,hun,Hungary,78,4,Defence,4,Kálmán Sóvári,Centre-back,76,false,https://7a0.com.br/en/copas/1966/hun
1966,England,hun,Hungary,78,4,Defence,5,Kálmán Mészöly,Centre-back,83,true,https://7a0.com.br/en/copas/1966/hun
1966,England,hun,Hungary,78,4,Defence,18,Kálmán Ihász,Centre-back,75,false,https://7a0.com.br/en/copas/1966/hun
1966,England,hun,Hungary,78,4,Defence,17,Gusztáv Szepesi,Left-back,73,false,https://7a0.com.br/en/copas/1966/hun
1966,England,hun,Hungary,78,4,Midfield,6,Ferenc Sipos,Defensive midfielder,79,false,https://7a0.com.br/en/copas/1966/hun
1966,England,hun,Hungary,78,4,Midfield,13,Imre Mathesz,Defensive midfielder,74,false,https://7a0.com.br/en/copas/1966/hun
1966,England,hun,Hungary,78,4,Midfield,14,István Nagy,Right midfielder,73,false,https://7a0.com.br/en/copas/1966/hun
1966,England,hun,Hungary,78,4,Midfield,11,Gyula Rákosi,Left midfielder,77,false,https://7a0.com.br/en/copas/1966/hun
1966,England,hun,Hungary,78,4,Midfield,8,Zoltán Varga,Attacking midfielder,78,false,https://7a0.com.br/en/copas/1966/hun
1966,England,hun,Hungary,78,4,Attack,7,Ferenc Bene,Right winger,86,true,https://7a0.com.br/en/copas/1966/hun
1966,England,hun,Hungary,78,4,Attack,9,Flórián Albert,Centre-forward,90,true,https://7a0.com.br/en/copas/1966/hun
1966,England,hun,Hungary,78,4,Attack,10,János Farkas,Centre-forward,82,false,https://7a0.com.br/en/copas/1966/hun
1966,England,hun,Hungary,78,4,Attack,15,Dezső Molnár,Centre-forward,73,false,https://7a0.com.br/en/copas/1966/hun
1966,England,hun,Hungary,78,4,Attack,16,Lajos Tichy,Centre-forward,84,true,https://7a0.com.br/en/copas/1966/hun
1966,England,hun,Hungary,78,4,Attack,19,Lajos Puskás,Centre-forward,73,false,https://7a0.com.br/en/copas/1966/hun
1966,England,hun,Hungary,78,4,Attack,20,Antal Nagy,Centre-forward,72,false,https://7a0.com.br/en/copas/1966/hun
1966,England,hun,Hungary,78,4,Attack,12,Máté Fenyvesi,Left winger,79,false,https://7a0.com.br/en/copas/1966/hun
1966,England,ita,Italy,79,5,Goalkeepers,1,Enrico Albertosi,Goalkeeper,85,true,https://7a0.com.br/en/copas/1966/ita
1966,England,ita,Italy,79,5,Goalkeepers,2,Roberto Anzolin,Goalkeeper,73,false,https://7a0.com.br/en/copas/1966/ita
1966,England,ita,Italy,79,5,Goalkeepers,18,Pierluigi Pizzaballa,Goalkeeper,72,false,https://7a0.com.br/en/copas/1966/ita
1966,England,ita,Italy,79,5,Defence,5,Tarcisio Burgnich,Right-back,87,true,https://7a0.com.br/en/copas/1966/ita
1966,England,ita,Italy,79,5,Defence,8,Aristide Guarneri,Centre-back,80,false,https://7a0.com.br/en/copas/1966/ita
1966,England,ita,Italy,79,5,Defence,9,Francesco Janich,Centre-back,76,false,https://7a0.com.br/en/copas/1966/ita
1966,England,ita,Italy,79,5,Defence,11,Spartaco Landini,Centre-back,73,false,https://7a0.com.br/en/copas/1966/ita
1966,England,ita,Italy,79,5,Defence,21,Roberto Rosato,Centre-back,80,false,https://7a0.com.br/en/copas/1966/ita
1966,England,ita,Italy,79,5,Defence,22,Sandro Salvadore,Centre-back,82,false,https://7a0.com.br/en/copas/1966/ita
1966,England,ita,Italy,79,5,Defence,6,Giacinto Facchetti,Left-back,91,true,https://7a0.com.br/en/copas/1966/ita
1966,England,ita,Italy,79,5,Midfield,12,Gianfranco Leoncini,Defensive midfielder,73,false,https://7a0.com.br/en/copas/1966/ita
1966,England,ita,Italy,79,5,Midfield,7,Romano Fogli,Right midfielder,76,false,https://7a0.com.br/en/copas/1966/ita
1966,England,ita,Italy,79,5,Midfield,13,Giovanni Lodetti,Right midfielder,78,false,https://7a0.com.br/en/copas/1966/ita
1966,England,ita,Italy,79,5,Midfield,4,Giacomo Bulgarelli,Midfielder,83,false,https://7a0.com.br/en/copas/1966/ita
1966,England,ita,Italy,79,5,Midfield,10,Antonio Juliano,Midfielder,79,false,https://7a0.com.br/en/copas/1966/ita
1966,England,ita,Italy,79,5,Midfield,19,Gianni Rivera,Midfielder,88,true,https://7a0.com.br/en/copas/1966/ita
1966,England,ita,Italy,79,5,Midfield,14,Sandro Mazzola,Attacking midfielder,89,true,https://7a0.com.br/en/copas/1966/ita
1966,England,ita,Italy,79,5,Attack,15,Luigi Meroni,Right winger,80,false,https://7a0.com.br/en/copas/1966/ita
1966,England,ita,Italy,79,5,Attack,17,Marino Perani,Right winger,75,false,https://7a0.com.br/en/copas/1966/ita
1966,England,ita,Italy,79,5,Attack,20,Francesco Rizzo,Right winger,73,false,https://7a0.com.br/en/copas/1966/ita
1966,England,ita,Italy,79,5,Attack,3,Paolo Barison,Left winger,76,false,https://7a0.com.br/en/copas/1966/ita
1966,England,ita,Italy,79,5,Attack,16,Ezio Pascutti,Left winger,78,false,https://7a0.com.br/en/copas/1966/ita
1966,England,mex,Mexico,75,3,Goalkeepers,1,Antonio Carbajal,Goalkeeper,80,true,https://7a0.com.br/en/copas/1966/mex
1966,England,mex,Mexico,75,3,Goalkeepers,12,Ignacio Calderón,Goalkeeper,76,false,https://7a0.com.br/en/copas/1966/mex
1966,England,mex,Mexico,75,3,Goalkeepers,22,Javier Vargas,Goalkeeper,70,false,https://7a0.com.br/en/copas/1966/mex
1966,England,mex,Mexico,75,3,Defence,2,Arturo Chaires,Centre-back,75,false,https://7a0.com.br/en/copas/1966/mex
1966,England,mex,Mexico,75,3,Defence,3,Gustavo Peña,Centre-back,80,false,https://7a0.com.br/en/copas/1966/mex
1966,England,mex,Mexico,75,3,Defence,4,Jesús Del Muro,Centre-back,77,false,https://7a0.com.br/en/copas/1966/mex
1966,England,mex,Mexico,75,3,Defence,14,Gabriel Núñez,Centre-back,71,false,https://7a0.com.br/en/copas/1966/mex
1966,England,mex,Mexico,75,3,Defence,5,Ignacio Jáuregui,Left-back,75,false,https://7a0.com.br/en/copas/1966/mex
1966,England,mex,Mexico,75,3,Midfield,15,Guillermo Hernández,Defensive midfielder,71,false,https://7a0.com.br/en/copas/1966/mex
1966,England,mex,Mexico,75,3,Midfield,17,Magdaleno Mercado,Defensive midfielder,71,false,https://7a0.com.br/en/copas/1966/mex
1966,England,mex,Mexico,75,3,Midfield,6,Isidoro Díaz,Right midfielder,79,false,https://7a0.com.br/en/copas/1966/mex
1966,England,mex,Mexico,75,3,Midfield,13,José Luis González,Midfielder,74,false,https://7a0.com.br/en/copas/1966/mex
1966,England,mex,Mexico,75,3,Midfield,16,Luis Regueiro,Midfielder,70,false,https://7a0.com.br/en/copas/1966/mex
1966,England,mex,Mexico,75,3,Midfield,18,Elías Muñoz,Midfielder,70,false,https://7a0.com.br/en/copas/1966/mex
1966,England,mex,Mexico,75,3,Midfield,7,Felipe Ruvalcaba,Attacking midfielder,74,false,https://7a0.com.br/en/copas/1966/mex
1966,England,mex,Mexico,75,3,Attack,11,Francisco Jara,Right winger,72,false,https://7a0.com.br/en/copas/1966/mex
1966,England,mex,Mexico,75,3,Attack,21,Ramiro Navarro,Right winger,71,false,https://7a0.com.br/en/copas/1966/mex
1966,England,mex,Mexico,75,3,Attack,9,Ernesto Cisneros,Centre-forward,74,false,https://7a0.com.br/en/copas/1966/mex
1966,England,mex,Mexico,75,3,Attack,10,Javier Fragoso,Centre-forward,76,false,https://7a0.com.br/en/copas/1966/mex
1966,England,mex,Mexico,75,3,Attack,20,Enrique Borja,Centre-forward,78,true,https://7a0.com.br/en/copas/1966/mex
1966,England,mex,Mexico,75,3,Attack,8,Aarón Padilla,Left winger,78,false,https://7a0.com.br/en/copas/1966/mex
1966,England,mex,Mexico,75,3,Attack,19,Salvador Reyes,Left winger,79,true,https://7a0.com.br/en/copas/1966/mex
1966,England,por,Portugal,77,2,Goalkeepers,1,Américo,Goalkeeper,76,false,https://7a0.com.br/en/copas/1966/por
1966,England,por,Portugal,77,2,Goalkeepers,2,Joaquim Carvalho,Goalkeeper,73,false,https://7a0.com.br/en/copas/1966/por
1966,England,por,Portugal,77,2,Goalkeepers,3,José Pereira,Goalkeeper,74,false,https://7a0.com.br/en/copas/1966/por
1966,England,por,Portugal,77,2,Defence,14,Fernando Cruz,Right-back,77,false,https://7a0.com.br/en/copas/1966/por
1966,England,por,Portugal,77,2,Defence,17,João Morais,Right-back,76,false,https://7a0.com.br/en/copas/1966/por
1966,England,por,Portugal,77,2,Defence,22,Alberto Festa,Right-back,75,false,https://7a0.com.br/en/copas/1966/por
1966,England,por,Portugal,77,2,Defence,4,Vicente,Centre-back,79,false,https://7a0.com.br/en/copas/1966/por
1966,England,por,Portugal,77,2,Defence,5,Germano,Centre-back,82,false,https://7a0.com.br/en/copas/1966/por
1966,England,por,Portugal,77,2,Defence,21,José Carlos,Centre-back,76,false,https://7a0.com.br/en/copas/1966/por
1966,England,por,Portugal,77,2,Defence,9,Hilário,Left-back,79,false,https://7a0.com.br/en/copas/1966/por
1966,England,por,Portugal,77,2,Midfield,16,Jaime Graça,Defensive midfielder,77,false,https://7a0.com.br/en/copas/1966/por
1966,England,por,Portugal,77,2,Midfield,20,Alexandre Baptista,Defensive midfielder,74,false,https://7a0.com.br/en/copas/1966/por
1966,England,por,Portugal,77,2,Midfield,6,Fernando Peres,Right midfielder,73,false,https://7a0.com.br/en/copas/1966/por
1966,England,por,Portugal,77,2,Midfield,19,Custódio Pinto,Right midfielder,73,false,https://7a0.com.br/en/copas/1966/por
1966,England,por,Portugal,77,2,Midfield,10,Mário Coluna,Midfielder,87,true,https://7a0.com.br/en/copas/1966/por
1966,England,por,Portugal,77,2,Attack,12,José Augusto,Right winger,82,false,https://7a0.com.br/en/copas/1966/por
1966,England,por,Portugal,77,2,Attack,7,Ernesto Figueiredo,Centre-forward,72,false,https://7a0.com.br/en/copas/1966/por
1966,England,por,Portugal,77,2,Attack,8,João Lourenço,Centre-forward,71,false,https://7a0.com.br/en/copas/1966/por
1966,England,por,Portugal,77,2,Attack,13,Eusébio,Centre-forward,95,true,https://7a0.com.br/en/copas/1966/por
1966,England,por,Portugal,77,2,Attack,15,Manuel Duarte,Centre-forward,70,false,https://7a0.com.br/en/copas/1966/por
1966,England,por,Portugal,77,2,Attack,18,José Torres,Centre-forward,81,false,https://7a0.com.br/en/copas/1966/por
1966,England,por,Portugal,77,2,Attack,11,António Simões,Left winger,82,false,https://7a0.com.br/en/copas/1966/por
1966,England,urs,Soviet Union,78,3,Goalkeepers,1,Lev Yashin,Goalkeeper,94,true,https://7a0.com.br/en/copas/1966/urs
1966,England,urs,Soviet Union,78,3,Goalkeepers,21,Anzor Kavazashvili,Goalkeeper,74,false,https://7a0.com.br/en/copas/1966/urs
1966,England,urs,Soviet Union,78,3,Goalkeepers,22,Viktor Bannikov,Goalkeeper,72,false,https://7a0.com.br/en/copas/1966/urs
1966,England,urs,Soviet Union,78,3,Defence,4,Vladimir Ponomaryov,Right-back,78,false,https://7a0.com.br/en/copas/1966/urs
1966,England,urs,Soviet Union,78,3,Defence,6,Albert Shesternyov,Centre-back,83,true,https://7a0.com.br/en/copas/1966/urs
1966,England,urs,Soviet Union,78,3,Defence,7,Murtaz Khurtsilava,Centre-back,77,false,https://7a0.com.br/en/copas/1966/urs
1966,England,urs,Soviet Union,78,3,Defence,9,Viktor Getmanov,Centre-back,71,false,https://7a0.com.br/en/copas/1966/urs
1966,England,urs,Soviet Union,78,3,Defence,13,Alexey Korneyev,Centre-back,74,false,https://7a0.com.br/en/copas/1966/urs
1966,England,urs,Soviet Union,78,3,Defence,3,Leonid Ostrovskiy,Left-back,74,false,https://7a0.com.br/en/copas/1966/urs
1966,England,urs,Soviet Union,78,3,Defence,10,Vasiliy Danilov,Left-back,76,false,https://7a0.com.br/en/copas/1966/urs
1966,England,urs,Soviet Union,78,3,Midfield,5,Valentin Afonin,Defensive midfielder,75,false,https://7a0.com.br/en/copas/1966/urs
1966,England,urs,Soviet Union,78,3,Midfield,8,Yozhef Sabo,Defensive midfielder,78,false,https://7a0.com.br/en/copas/1966/urs
1966,England,urs,Soviet Union,78,3,Midfield,12,Valery Voronin,Midfielder,86,true,https://7a0.com.br/en/copas/1966/urs
1966,England,urs,Soviet Union,78,3,Midfield,14,Georgi Sichinava,Midfielder,72,false,https://7a0.com.br/en/copas/1966/urs
1966,England,urs,Soviet Union,78,3,Midfield,2,Viktor Serebryanikov,Left midfielder,76,false,https://7a0.com.br/en/copas/1966/urs
1966,England,urs,Soviet Union,78,3,Attack,11,Igor Chislenko,Right winger,82,false,https://7a0.com.br/en/copas/1966/urs
1966,England,urs,Soviet Union,78,3,Attack,16,Slava Metreveli,Right winger,80,false,https://7a0.com.br/en/copas/1966/urs
1966,England,urs,Soviet Union,78,3,Attack,17,Valeriy Porkujan,Centre-forward,78,false,https://7a0.com.br/en/copas/1966/urs
1966,England,urs,Soviet Union,78,3,Attack,18,Anatoliy Banishevskiy,Centre-forward,79,false,https://7a0.com.br/en/copas/1966/urs
1966,England,urs,Soviet Union,78,3,Attack,19,Eduard Malofeyev,Centre-forward,76,false,https://7a0.com.br/en/copas/1966/urs
1966,England,urs,Soviet Union,78,3,Attack,20,Eduard Markarov,Centre-forward,72,false,https://7a0.com.br/en/copas/1966/urs
1966,England,urs,Soviet Union,78,3,Attack,15,Galimzyan Khusainov,Left winger,79,false,https://7a0.com.br/en/copas/1966/urs
1966,England,esp,Spain,80,5,Goalkeepers,1,José Ángel Iribar,Goalkeeper,86,true,https://7a0.com.br/en/copas/1966/esp
1966,England,esp,Spain,80,5,Goalkeepers,12,Antonio Betancort,Goalkeeper,76,false,https://7a0.com.br/en/copas/1966/esp
1966,England,esp,Spain,80,5,Goalkeepers,13,Miguel Reina,Goalkeeper,73,false,https://7a0.com.br/en/copas/1966/esp
1966,England,esp,Spain,80,5,Defence,14,Feliciano Rivilla,Right-back,80,false,https://7a0.com.br/en/copas/1966/esp
1966,England,esp,Spain,80,5,Defence,2,Manuel Sanchís,Centre-back,76,false,https://7a0.com.br/en/copas/1966/esp
1966,England,esp,Spain,80,5,Defence,3,Eladio,Centre-back,75,false,https://7a0.com.br/en/copas/1966/esp
1966,England,esp,Spain,80,5,Defence,16,Ferran Olivella,Centre-back,80,false,https://7a0.com.br/en/copas/1966/esp
1966,England,esp,Spain,80,5,Defence,17,Gallego,Centre-back,73,false,https://7a0.com.br/en/copas/1966/esp
1966,England,esp,Spain,80,5,Defence,15,Severino Reija,Left-back,79,false,https://7a0.com.br/en/copas/1966/esp
1966,England,esp,Spain,80,5,Midfield,5,Ignacio Zoco,Defensive midfielder,80,false,https://7a0.com.br/en/copas/1966/esp
1966,England,esp,Spain,80,5,Midfield,6,Jesús Glaría,Defensive midfielder,74,false,https://7a0.com.br/en/copas/1966/esp
1966,England,esp,Spain,80,5,Midfield,4,Luis Del Sol,Midfielder,84,false,https://7a0.com.br/en/copas/1966/esp
1966,England,esp,Spain,80,5,Midfield,10,Luis Suárez,Midfielder,92,true,https://7a0.com.br/en/copas/1966/esp
1966,England,esp,Spain,80,5,Midfield,18,Pirri,Midfielder,84,true,https://7a0.com.br/en/copas/1966/esp
1966,England,esp,Spain,80,5,Midfield,19,Josep Maria Fusté,Midfielder,79,false,https://7a0.com.br/en/copas/1966/esp
1966,England,esp,Spain,80,5,Midfield,21,Adelardo,Midfielder,80,false,https://7a0.com.br/en/copas/1966/esp
1966,England,esp,Spain,80,5,Attack,7,José Ufarte,Right winger,76,false,https://7a0.com.br/en/copas/1966/esp
1966,England,esp,Spain,80,5,Attack,8,Amancio,Right winger,88,true,https://7a0.com.br/en/copas/1966/esp
1966,England,esp,Spain,80,5,Attack,9,Marcelino,Centre-forward,81,false,https://7a0.com.br/en/copas/1966/esp
1966,England,esp,Spain,80,5,Attack,20,Joaquín Peiró,Centre-forward,81,false,https://7a0.com.br/en/copas/1966/esp
1966,England,esp,Spain,80,5,Attack,11,Paco Gento,Left winger,90,true,https://7a0.com.br/en/copas/1966/esp
1966,England,esp,Spain,80,5,Attack,22,Carlos Lapetra,Left winger,79,false,https://7a0.com.br/en/copas/1966/esp
1970,Mexico,bel,Belgium,73,2,Goalkeepers,1,Christian Piot,Goalkeeper,74,false,https://7a0.com.br/en/copas/1970/bel
1970,Mexico,bel,Belgium,73,2,Goalkeepers,12,Jean-Marie Trappeniers,Goalkeeper,70,false,https://7a0.com.br/en/copas/1970/bel
1970,Mexico,bel,Belgium,73,2,Goalkeepers,22,Jacques Duquesne,Goalkeeper,66,false,https://7a0.com.br/en/copas/1970/bel
1970,Mexico,bel,Belgium,73,2,Defence,2,Georges Heylens,Right-back,74,false,https://7a0.com.br/en/copas/1970/bel
1970,Mexico,bel,Belgium,73,2,Defence,3,Jean Thissen,Centre-back,72,false,https://7a0.com.br/en/copas/1970/bel
1970,Mexico,bel,Belgium,73,2,Defence,4,Nicolas Dewalque,Centre-back,73,false,https://7a0.com.br/en/copas/1970/bel
1970,Mexico,bel,Belgium,73,2,Defence,13,Jacques Beurlet,Centre-back,70,false,https://7a0.com.br/en/copas/1970/bel
1970,Mexico,bel,Belgium,73,2,Defence,5,Léon Jeck,Left-back,72,false,https://7a0.com.br/en/copas/1970/bel
1970,Mexico,bel,Belgium,73,2,Midfield,7,Léon Semmeling,Defensive midfielder,76,false,https://7a0.com.br/en/copas/1970/bel
1970,Mexico,bel,Belgium,73,2,Midfield,15,Erwin Vandendaele,Defensive midfielder,70,false,https://7a0.com.br/en/copas/1970/bel
1970,Mexico,bel,Belgium,73,2,Midfield,17,Jan Verheyen,Defensive midfielder,71,false,https://7a0.com.br/en/copas/1970/bel
1970,Mexico,bel,Belgium,73,2,Midfield,20,Alfons Peeters,Defensive midfielder,71,false,https://7a0.com.br/en/copas/1970/bel
1970,Mexico,bel,Belgium,73,2,Midfield,6,Jean Dockx,Right midfielder,74,false,https://7a0.com.br/en/copas/1970/bel
1970,Mexico,bel,Belgium,73,2,Midfield,8,Wilfried Van Moer,Midfielder,78,true,https://7a0.com.br/en/copas/1970/bel
1970,Mexico,bel,Belgium,73,2,Midfield,14,Maurice Martens,Left midfielder,70,false,https://7a0.com.br/en/copas/1970/bel
1970,Mexico,bel,Belgium,73,2,Midfield,16,Odilon Polleunis,Attacking midfielder,74,false,https://7a0.com.br/en/copas/1970/bel
1970,Mexico,bel,Belgium,73,2,Attack,9,Johan Devrindt,Right winger,77,false,https://7a0.com.br/en/copas/1970/bel
1970,Mexico,bel,Belgium,73,2,Attack,21,Frans Janssens,Right winger,69,false,https://7a0.com.br/en/copas/1970/bel
1970,Mexico,bel,Belgium,73,2,Attack,10,Paul Van Himst,Centre-forward,85,true,https://7a0.com.br/en/copas/1970/bel
1970,Mexico,bel,Belgium,73,2,Attack,18,Raoul Lambert,Centre-forward,75,false,https://7a0.com.br/en/copas/1970/bel
1970,Mexico,bel,Belgium,73,2,Attack,11,Wilfried Puis,Left winger,76,false,https://7a0.com.br/en/copas/1970/bel
1970,Mexico,bel,Belgium,73,2,Attack,19,Pierre Carteus,Left winger,69,false,https://7a0.com.br/en/copas/1970/bel
1970,Mexico,bra,Brazil,80,4,Goalkeepers,1,Félix,Goalkeeper,76,false,https://7a0.com.br/en/copas/1970/bra
1970,Mexico,bra,Brazil,80,4,Goalkeepers,12,Ado,Goalkeeper,68,false,https://7a0.com.br/en/copas/1970/bra
1970,Mexico,bra,Brazil,80,4,Goalkeepers,22,Émerson Leão,Goalkeeper,78,false,https://7a0.com.br/en/copas/1970/bra
1970,Mexico,bra,Brazil,80,4,Defence,4,Carlos Alberto,Right-back,90,true,https://7a0.com.br/en/copas/1970/bra
1970,Mexico,bra,Brazil,80,4,Defence,21,Zé Maria,Right-back,72,false,https://7a0.com.br/en/copas/1970/bra
1970,Mexico,bra,Brazil,80,4,Defence,2,Brito,Centre-back,80,false,https://7a0.com.br/en/copas/1970/bra
1970,Mexico,bra,Brazil,80,4,Defence,3,Wilson Piazza,Centre-back,82,false,https://7a0.com.br/en/copas/1970/bra
1970,Mexico,bra,Brazil,80,4,Defence,14,Baldocchi,Centre-back,68,false,https://7a0.com.br/en/copas/1970/bra
1970,Mexico,bra,Brazil,80,4,Defence,15,Fontana,Centre-back,69,false,https://7a0.com.br/en/copas/1970/bra
1970,Mexico,bra,Brazil,80,4,Defence,17,Joel Camargo,Centre-back,70,false,https://7a0.com.br/en/copas/1970/bra
1970,Mexico,bra,Brazil,80,4,Defence,6,Marco Antônio,Left-back,76,false,https://7a0.com.br/en/copas/1970/bra
1970,Mexico,bra,Brazil,80,4,Defence,16,Everaldo,Left-back,77,false,https://7a0.com.br/en/copas/1970/bra
1970,Mexico,bra,Brazil,80,4,Midfield,5,Clodoaldo,Defensive midfielder,86,false,https://7a0.com.br/en/copas/1970/bra
1970,Mexico,bra,Brazil,80,4,Midfield,8,Gérson,Midfielder,92,false,https://7a0.com.br/en/copas/1970/bra
1970,Mexico,bra,Brazil,80,4,Midfield,11,Rivellino,Left midfielder,92,true,https://7a0.com.br/en/copas/1970/bra
1970,Mexico,bra,Brazil,80,4,Midfield,18,Paulo César Caju,Left midfielder,76,false,https://7a0.com.br/en/copas/1970/bra
1970,Mexico,bra,Brazil,80,4,Midfield,10,Pelé,Attacking midfielder,99,true,https://7a0.com.br/en/copas/1970/bra
1970,Mexico,bra,Brazil,80,4,Attack,7,Jairzinho,Right winger,95,true,https://7a0.com.br/en/copas/1970/bra
1970,Mexico,bra,Brazil,80,4,Attack,9,Tostão,Centre-forward,87,false,https://7a0.com.br/en/copas/1970/bra
1970,Mexico,bra,Brazil,80,4,Attack,13,Roberto Miranda,Centre-forward,72,false,https://7a0.com.br/en/copas/1970/bra
1970,Mexico,bra,Brazil,80,4,Attack,20,Dario,Centre-forward,72,false,https://7a0.com.br/en/copas/1970/bra
1970,Mexico,bra,Brazil,80,4,Attack,19,Edu,Left winger,75,false,https://7a0.com.br/en/copas/1970/bra
1970,Mexico,bul,Bulgaria,75,2,Goalkeepers,1,Simeon Simeonov,Goalkeeper,76,false,https://7a0.com.br/en/copas/1970/bul
1970,Mexico,bul,Bulgaria,75,2,Goalkeepers,13,Stoyan Yordanov,Goalkeeper,73,false,https://7a0.com.br/en/copas/1970/bul
1970,Mexico,bul,Bulgaria,75,2,Goalkeepers,22,Georgi Kamenski,Goalkeeper,71,false,https://7a0.com.br/en/copas/1970/bul
1970,Mexico,bul,Bulgaria,75,2,Defence,2,Aleksandar Shalamanov,Right-back,73,false,https://7a0.com.br/en/copas/1970/bul
1970,Mexico,bul,Bulgaria,75,2,Defence,12,Milko Gaydarski,Right-back,72,false,https://7a0.com.br/en/copas/1970/bul
1970,Mexico,bul,Bulgaria,75,2,Defence,3,Ivan Dimitrov,Centre-back,75,false,https://7a0.com.br/en/copas/1970/bul
1970,Mexico,bul,Bulgaria,75,2,Defence,6,Dimitar Penev,Centre-back,76,false,https://7a0.com.br/en/copas/1970/bul
1970,Mexico,bul,Bulgaria,75,2,Defence,14,Dobromir Zhechev,Centre-back,73,false,https://7a0.com.br/en/copas/1970/bul
1970,Mexico,bul,Bulgaria,75,2,Defence,4,Stefan Aladzhov,Left-back,72,false,https://7a0.com.br/en/copas/1970/bul
1970,Mexico,bul,Bulgaria,75,2,Defence,15,Boris Gaganelov,Left-back,72,false,https://7a0.com.br/en/copas/1970/bul
1970,Mexico,bul,Bulgaria,75,2,Midfield,17,Todor Kolev,Defensive midfielder,73,false,https://7a0.com.br/en/copas/1970/bul
1970,Mexico,bul,Bulgaria,75,2,Midfield,5,Ivan Davidov,Midfielder,74,false,https://7a0.com.br/en/copas/1970/bul
1970,Mexico,bul,Bulgaria,75,2,Midfield,8,Hristo Bonev,Midfielder,86,true,https://7a0.com.br/en/copas/1970/bul
1970,Mexico,bul,Bulgaria,75,2,Midfield,16,Asparuh Nikodimov,Midfielder,74,false,https://7a0.com.br/en/copas/1970/bul
1970,Mexico,bul,Bulgaria,75,2,Midfield,20,Vasil Mitkov,Left midfielder,72,false,https://7a0.com.br/en/copas/1970/bul
1970,Mexico,bul,Bulgaria,75,2,Midfield,10,Dimitar Yakimov,Attacking midfielder,75,false,https://7a0.com.br/en/copas/1970/bul
1970,Mexico,bul,Bulgaria,75,2,Attack,7,Georgi Popov,Right winger,73,false,https://7a0.com.br/en/copas/1970/bul
1970,Mexico,bul,Bulgaria,75,2,Attack,11,Dinko Dermendzhiev,Right winger,79,false,https://7a0.com.br/en/copas/1970/bul
1970,Mexico,bul,Bulgaria,75,2,Attack,9,Petar Zhekov,Centre-forward,85,false,https://7a0.com.br/en/copas/1970/bul
1970,Mexico,bul,Bulgaria,75,2,Attack,18,Dimitar Marashliev,Centre-forward,74,false,https://7a0.com.br/en/copas/1970/bul
1970,Mexico,bul,Bulgaria,75,2,Attack,19,Georgi Asparuhov,Centre-forward,87,true,https://7a0.com.br/en/copas/1970/bul
1970,Mexico,bul,Bulgaria,75,2,Attack,21,Bozhidar Grigorov,Centre-forward,71,false,https://7a0.com.br/en/copas/1970/bul
1970,Mexico,eng,England,80,4,Goalkeepers,1,Gordon Banks,Goalkeeper,89,true,https://7a0.com.br/en/copas/1970/eng
1970,Mexico,eng,England,80,4,Goalkeepers,12,Peter Bonetti,Goalkeeper,76,false,https://7a0.com.br/en/copas/1970/eng
1970,Mexico,eng,England,80,4,Goalkeepers,13,Alex Stepney,Goalkeeper,73,false,https://7a0.com.br/en/copas/1970/eng
1970,Mexico,eng,England,80,4,Defence,2,Keith Newton,Right-back,76,false,https://7a0.com.br/en/copas/1970/eng
1970,Mexico,eng,England,80,4,Defence,14,Tommy Wright,Right-back,73,false,https://7a0.com.br/en/copas/1970/eng
1970,Mexico,eng,England,80,4,Defence,5,Brian Labone,Centre-back,78,false,https://7a0.com.br/en/copas/1970/eng
1970,Mexico,eng,England,80,4,Defence,6,Bobby Moore,Centre-back,90,true,https://7a0.com.br/en/copas/1970/eng
1970,Mexico,eng,England,80,4,Defence,17,Jack Charlton,Centre-back,78,false,https://7a0.com.br/en/copas/1970/eng
1970,Mexico,eng,England,80,4,Defence,18,Norman Hunter,Centre-back,76,false,https://7a0.com.br/en/copas/1970/eng
1970,Mexico,eng,England,80,4,Defence,3,Terry Cooper,Left-back,78,false,https://7a0.com.br/en/copas/1970/eng
1970,Mexico,eng,England,80,4,Midfield,4,Alan Mullery,Defensive midfielder,78,false,https://7a0.com.br/en/copas/1970/eng
1970,Mexico,eng,England,80,4,Midfield,8,Alan Ball,Defensive midfielder,83,false,https://7a0.com.br/en/copas/1970/eng
1970,Mexico,eng,England,80,4,Midfield,15,Nobby Stiles,Defensive midfielder,78,false,https://7a0.com.br/en/copas/1970/eng
1970,Mexico,eng,England,80,4,Midfield,19,Colin Bell,Defensive midfielder,82,false,https://7a0.com.br/en/copas/1970/eng
1970,Mexico,eng,England,80,4,Midfield,11,Martin Peters,Midfielder,83,false,https://7a0.com.br/en/copas/1970/eng
1970,Mexico,eng,England,80,4,Midfield,16,Emlyn Hughes,Midfielder,77,false,https://7a0.com.br/en/copas/1970/eng
1970,Mexico,eng,England,80,4,Midfield,9,Bobby Charlton,Attacking midfielder,90,true,https://7a0.com.br/en/copas/1970/eng
1970,Mexico,eng,England,80,4,Attack,7,Francis Lee,Right winger,80,false,https://7a0.com.br/en/copas/1970/eng
1970,Mexico,eng,England,80,4,Attack,10,Geoff Hurst,Centre-forward,85,true,https://7a0.com.br/en/copas/1970/eng
1970,Mexico,eng,England,80,4,Attack,20,Peter Osgood,Centre-forward,77,false,https://7a0.com.br/en/copas/1970/eng
1970,Mexico,eng,England,80,4,Attack,21,Allan Clarke,Centre-forward,78,false,https://7a0.com.br/en/copas/1970/eng
1970,Mexico,eng,England,80,4,Attack,22,Jeff Astle,Centre-forward,74,false,https://7a0.com.br/en/copas/1970/eng
1970,Mexico,ger,Germany,81,4,Goalkeepers,1,Sepp Maier,Goalkeeper,89,true,https://7a0.com.br/en/copas/1970/ger
1970,Mexico,ger,Germany,81,4,Goalkeepers,21,Manfred Manglitz,Goalkeeper,71,false,https://7a0.com.br/en/copas/1970/ger
1970,Mexico,ger,Germany,81,4,Goalkeepers,22,Horst Wolter,Goalkeeper,70,false,https://7a0.com.br/en/copas/1970/ger
1970,Mexico,ger,Germany,81,4,Defence,2,Horst-Dieter Höttges,Right-back,78,false,https://7a0.com.br/en/copas/1970/ger
1970,Mexico,ger,Germany,81,4,Defence,7,Berti Vogts,Right-back,84,false,https://7a0.com.br/en/copas/1970/ger
1970,Mexico,ger,Germany,81,4,Defence,15,Bernd Patzke,Right-back,72,false,https://7a0.com.br/en/copas/1970/ger
1970,Mexico,ger,Germany,81,4,Defence,3,Karl-Heinz Schnellinger,Centre-back,83,false,https://7a0.com.br/en/copas/1970/ger
1970,Mexico,ger,Germany,81,4,Defence,4,Franz Beckenbauer,Centre-back,96,true,https://7a0.com.br/en/copas/1970/ger
1970,Mexico,ger,Germany,81,4,Defence,5,Willi Schulz,Centre-back,80,false,https://7a0.com.br/en/copas/1970/ger
1970,Mexico,ger,Germany,81,4,Defence,11,Klaus Fichtel,Centre-back,76,false,https://7a0.com.br/en/copas/1970/ger
1970,Mexico,ger,Germany,81,4,Defence,18,Klaus-Dieter Sieloff,Centre-back,73,false,https://7a0.com.br/en/copas/1970/ger
1970,Mexico,ger,Germany,81,4,Midfield,6,Wolfgang Weber,Defensive midfielder,78,false,https://7a0.com.br/en/copas/1970/ger
1970,Mexico,ger,Germany,81,4,Midfield,16,Max Lorenz,Defensive midfielder,74,false,https://7a0.com.br/en/copas/1970/ger
1970,Mexico,ger,Germany,81,4,Midfield,19,Peter Dietrich,Defensive midfielder,72,false,https://7a0.com.br/en/copas/1970/ger
1970,Mexico,ger,Germany,81,4,Midfield,8,Helmut Haller,Attacking midfielder,83,false,https://7a0.com.br/en/copas/1970/ger
1970,Mexico,ger,Germany,81,4,Midfield,12,Wolfgang Overath,Attacking midfielder,85,false,https://7a0.com.br/en/copas/1970/ger
1970,Mexico,ger,Germany,81,4,Attack,14,Reinhard Libuda,Right winger,81,false,https://7a0.com.br/en/copas/1970/ger
1970,Mexico,ger,Germany,81,4,Attack,20,Jürgen Grabowski,Right winger,82,false,https://7a0.com.br/en/copas/1970/ger
1970,Mexico,ger,Germany,81,4,Attack,9,Uwe Seeler,Centre-forward,90,true,https://7a0.com.br/en/copas/1970/ger
1970,Mexico,ger,Germany,81,4,Attack,10,Sigfried Held,Centre-forward,80,false,https://7a0.com.br/en/copas/1970/ger
1970,Mexico,ger,Germany,81,4,Attack,13,Gerd Müller,Centre-forward,97,true,https://7a0.com.br/en/copas/1970/ger
1970,Mexico,ger,Germany,81,4,Attack,17,Hannes Löhr,Left winger,78,false,https://7a0.com.br/en/copas/1970/ger
1970,Mexico,ita,Italy,76,4,Goalkeepers,1,Enrico Albertosi,Goalkeeper,82,false,https://7a0.com.br/en/copas/1970/ita
1970,Mexico,ita,Italy,76,4,Goalkeepers,12,Dino Zoff,Goalkeeper,80,false,https://7a0.com.br/en/copas/1970/ita
1970,Mexico,ita,Italy,76,4,Goalkeepers,17,Lido Vieri,Goalkeeper,68,false,https://7a0.com.br/en/copas/1970/ita
1970,Mexico,ita,Italy,76,4,Defence,2,Tarcisio Burgnich,Right-back,81,false,https://7a0.com.br/en/copas/1970/ita
1970,Mexico,ita,Italy,76,4,Defence,4,Fabrizio Poletti,Right-back,68,false,https://7a0.com.br/en/copas/1970/ita
1970,Mexico,ita,Italy,76,4,Defence,5,Pierluigi Cera,Centre-back,76,false,https://7a0.com.br/en/copas/1970/ita
1970,Mexico,ita,Italy,76,4,Defence,6,Ugo Ferrante,Centre-back,67,false,https://7a0.com.br/en/copas/1970/ita
1970,Mexico,ita,Italy,76,4,Defence,7,Comunardo Niccolai,Centre-back,66,false,https://7a0.com.br/en/copas/1970/ita
1970,Mexico,ita,Italy,76,4,Defence,8,Roberto Rosato,Centre-back,75,false,https://7a0.com.br/en/copas/1970/ita
1970,Mexico,ita,Italy,76,4,Defence,9,Giorgio Puia,Centre-back,68,false,https://7a0.com.br/en/copas/1970/ita
1970,Mexico,ita,Italy,76,4,Defence,3,Giacinto Facchetti,Left-back,89,true,https://7a0.com.br/en/copas/1970/ita
1970,Mexico,ita,Italy,76,4,Midfield,10,Mario Bertini,Defensive midfielder,74,false,https://7a0.com.br/en/copas/1970/ita
1970,Mexico,ita,Italy,76,4,Midfield,15,Sandro Mazzola,Defensive midfielder,86,true,https://7a0.com.br/en/copas/1970/ita
1970,Mexico,ita,Italy,76,4,Midfield,18,Antonio Juliano,Defensive midfielder,74,false,https://7a0.com.br/en/copas/1970/ita
1970,Mexico,ita,Italy,76,4,Midfield,21,Giuseppe Furino,Defensive midfielder,68,false,https://7a0.com.br/en/copas/1970/ita
1970,Mexico,ita,Italy,76,4,Midfield,16,Giancarlo De Sisti,Midfielder,76,false,https://7a0.com.br/en/copas/1970/ita
1970,Mexico,ita,Italy,76,4,Midfield,14,Gianni Rivera,Attacking midfielder,87,true,https://7a0.com.br/en/copas/1970/ita
1970,Mexico,ita,Italy,76,4,Attack,13,Angelo Domenghini,Right winger,77,false,https://7a0.com.br/en/copas/1970/ita
1970,Mexico,ita,Italy,76,4,Attack,19,Sergio Gori,Centre-forward,69,false,https://7a0.com.br/en/copas/1970/ita
1970,Mexico,ita,Italy,76,4,Attack,20,Roberto Boninsegna,Centre-forward,83,false,https://7a0.com.br/en/copas/1970/ita
1970,Mexico,ita,Italy,76,4,Attack,11,Gigi Riva,Left winger,89,true,https://7a0.com.br/en/copas/1970/ita
1970,Mexico,ita,Italy,76,4,Attack,22,Pierino Prati,Left winger,76,false,https://7a0.com.br/en/copas/1970/ita
1970,Mexico,mex,Mexico,73,2,Goalkeepers,1,Ignacio Calderón,Goalkeeper,76,false,https://7a0.com.br/en/copas/1970/mex
1970,Mexico,mex,Mexico,73,2,Goalkeepers,12,Antonio Mota,Goalkeeper,70,false,https://7a0.com.br/en/copas/1970/mex
1970,Mexico,mex,Mexico,73,2,Goalkeepers,22,Francisco Castrejón,Goalkeeper,68,false,https://7a0.com.br/en/copas/1970/mex
1970,Mexico,mex,Mexico,73,2,Defence,2,Juan Manuel Alejándrez,Right-back,72,false,https://7a0.com.br/en/copas/1970/mex
1970,Mexico,mex,Mexico,73,2,Defence,13,José Vantolrá,Right-back,73,false,https://7a0.com.br/en/copas/1970/mex
1970,Mexico,mex,Mexico,73,2,Defence,3,Gustavo Peña,Centre-back,77,true,https://7a0.com.br/en/copas/1970/mex
1970,Mexico,mex,Mexico,73,2,Defence,4,Francisco Montes,Centre-back,72,false,https://7a0.com.br/en/copas/1970/mex
1970,Mexico,mex,Mexico,73,2,Defence,6,Guillermo Hernández,Centre-back,74,false,https://7a0.com.br/en/copas/1970/mex
1970,Mexico,mex,Mexico,73,2,Defence,14,Javier Guzmán,Centre-back,71,false,https://7a0.com.br/en/copas/1970/mex
1970,Mexico,mex,Mexico,73,2,Defence,5,Mario Pérez,Left-back,73,false,https://7a0.com.br/en/copas/1970/mex
1970,Mexico,mex,Mexico,73,2,Midfield,7,Marcos Rivas,Defensive midfielder,72,false,https://7a0.com.br/en/copas/1970/mex
1970,Mexico,mex,Mexico,73,2,Midfield,8,Antonio Munguía,Midfielder,74,false,https://7a0.com.br/en/copas/1970/mex
1970,Mexico,mex,Mexico,73,2,Midfield,15,Héctor Pulido,Midfielder,72,false,https://7a0.com.br/en/copas/1970/mex
1970,Mexico,mex,Mexico,73,2,Midfield,17,José Luis González,Midfielder,72,false,https://7a0.com.br/en/copas/1970/mex
1970,Mexico,mex,Mexico,73,2,Midfield,18,Mario Velarde,Midfielder,75,false,https://7a0.com.br/en/copas/1970/mex
1970,Mexico,mex,Mexico,73,2,Midfield,20,Juan Ignacio Basaguren,Midfielder,73,false,https://7a0.com.br/en/copas/1970/mex
1970,Mexico,mex,Mexico,73,2,Attack,11,Aarón Padilla,Right winger,74,false,https://7a0.com.br/en/copas/1970/mex
1970,Mexico,mex,Mexico,73,2,Attack,9,Enrique Borja,Centre-forward,80,true,https://7a0.com.br/en/copas/1970/mex
1970,Mexico,mex,Mexico,73,2,Attack,19,Javier Valdivia,Centre-forward,71,false,https://7a0.com.br/en/copas/1970/mex
1970,Mexico,mex,Mexico,73,2,Attack,10,Horacio López Salgado,Left winger,75,false,https://7a0.com.br/en/copas/1970/mex
1970,Mexico,mex,Mexico,73,2,Attack,16,Isidoro Díaz,Left winger,71,false,https://7a0.com.br/en/copas/1970/mex
1970,Mexico,mex,Mexico,73,2,Attack,21,Javier Fragoso,Left winger,74,false,https://7a0.com.br/en/copas/1970/mex
1970,Mexico,per,Peru,75,2,Goalkeepers,1,Luis Rubiños,Goalkeeper,75,false,https://7a0.com.br/en/copas/1970/per
1970,Mexico,per,Peru,75,2,Goalkeepers,12,Rubén Correa,Goalkeeper,69,false,https://7a0.com.br/en/copas/1970/per
1970,Mexico,per,Peru,75,2,Goalkeepers,21,Jesus Goyzueta,Goalkeeper,68,false,https://7a0.com.br/en/copas/1970/per
1970,Mexico,per,Peru,75,2,Defence,2,Eloy Campos,Right-back,74,false,https://7a0.com.br/en/copas/1970/per
1970,Mexico,per,Peru,75,2,Defence,3,Orlando De la Torre,Centre-back,74,false,https://7a0.com.br/en/copas/1970/per
1970,Mexico,per,Peru,75,2,Defence,4,Héctor Chumpitaz,Centre-back,82,true,https://7a0.com.br/en/copas/1970/per
1970,Mexico,per,Peru,75,2,Defence,14,José Fernández,Centre-back,72,false,https://7a0.com.br/en/copas/1970/per
1970,Mexico,per,Peru,75,2,Defence,16,Félix Salinas,Centre-back,70,false,https://7a0.com.br/en/copas/1970/per
1970,Mexico,per,Peru,75,2,Defence,5,Nicolás Fuentes,Left-back,75,false,https://7a0.com.br/en/copas/1970/per
1970,Mexico,per,Peru,75,2,Midfield,7,Roberto Challe,Defensive midfielder,79,false,https://7a0.com.br/en/copas/1970/per
1970,Mexico,per,Peru,75,2,Midfield,13,Pedro González,Defensive midfielder,72,false,https://7a0.com.br/en/copas/1970/per
1970,Mexico,per,Peru,75,2,Midfield,17,Luis Cruzado,Defensive midfielder,74,false,https://7a0.com.br/en/copas/1970/per
1970,Mexico,per,Peru,75,2,Midfield,6,Ramón Mifflin,Midfielder,78,false,https://7a0.com.br/en/copas/1970/per
1970,Mexico,per,Peru,75,2,Midfield,15,Javier González,Midfielder,71,false,https://7a0.com.br/en/copas/1970/per
1970,Mexico,per,Peru,75,2,Midfield,10,Teófilo Cubillas,Attacking midfielder,87,true,https://7a0.com.br/en/copas/1970/per
1970,Mexico,per,Peru,75,2,Attack,8,Julio Baylón,Right winger,76,false,https://7a0.com.br/en/copas/1970/per
1970,Mexico,per,Peru,75,2,Attack,9,Pedro Pablo León,Centre-forward,79,false,https://7a0.com.br/en/copas/1970/per
1970,Mexico,per,Peru,75,2,Attack,18,José Del Castillo,Centre-forward,72,false,https://7a0.com.br/en/copas/1970/per
1970,Mexico,per,Peru,75,2,Attack,19,Eladio Reyes,Centre-forward,70,false,https://7a0.com.br/en/copas/1970/per
1970,Mexico,per,Peru,75,2,Attack,20,Hugo Sotil,Centre-forward,79,false,https://7a0.com.br/en/copas/1970/per
1970,Mexico,per,Peru,75,2,Attack,22,Oswaldo Ramírez,Centre-forward,76,false,https://7a0.com.br/en/copas/1970/per
1970,Mexico,per,Peru,75,2,Attack,11,Alberto Gallardo,Left winger,78,false,https://7a0.com.br/en/copas/1970/per
1970,Mexico,rou,Romania,74,2,Goalkeepers,1,Necula Răducanu,Goalkeeper,76,false,https://7a0.com.br/en/copas/1970/rou
1970,Mexico,rou,Romania,74,2,Goalkeepers,21,Stere Adamache,Goalkeeper,73,false,https://7a0.com.br/en/copas/1970/rou
1970,Mexico,rou,Romania,74,2,Goalkeepers,22,Gheorghe Gornea,Goalkeeper,68,false,https://7a0.com.br/en/copas/1970/rou
1970,Mexico,rou,Romania,74,2,Defence,2,Lajos Sătmăreanu,Right-back,72,false,https://7a0.com.br/en/copas/1970/rou
1970,Mexico,rou,Romania,74,2,Defence,13,Augustin Deleanu,Right-back,71,false,https://7a0.com.br/en/copas/1970/rou
1970,Mexico,rou,Romania,74,2,Defence,3,Nicolae Lupescu,Centre-back,73,false,https://7a0.com.br/en/copas/1970/rou
1970,Mexico,rou,Romania,74,2,Defence,4,Mihai Mocanu,Centre-back,73,false,https://7a0.com.br/en/copas/1970/rou
1970,Mexico,rou,Romania,74,2,Defence,12,Mihai Ivăncescu,Centre-back,72,false,https://7a0.com.br/en/copas/1970/rou
1970,Mexico,rou,Romania,74,2,Midfield,5,Cornel Dinu,Defensive midfielder,77,false,https://7a0.com.br/en/copas/1970/rou
1970,Mexico,rou,Romania,74,2,Midfield,14,Vasile Gergely,Defensive midfielder,74,false,https://7a0.com.br/en/copas/1970/rou
1970,Mexico,rou,Romania,74,2,Midfield,20,Nicolae Pescaru,Defensive midfielder,71,false,https://7a0.com.br/en/copas/1970/rou
1970,Mexico,rou,Romania,74,2,Midfield,6,Dan Coe,Right midfielder,72,false,https://7a0.com.br/en/copas/1970/rou
1970,Mexico,rou,Romania,74,2,Midfield,10,Radu Nunweiller,Midfielder,76,false,https://7a0.com.br/en/copas/1970/rou
1970,Mexico,rou,Romania,74,2,Midfield,15,Ion Dumitru,Midfielder,72,false,https://7a0.com.br/en/copas/1970/rou
1970,Mexico,rou,Romania,74,2,Midfield,17,Gheorghe Tătaru,Midfielder,75,false,https://7a0.com.br/en/copas/1970/rou
1970,Mexico,rou,Romania,74,2,Attack,16,Alexandru Neagu,Right winger,74,false,https://7a0.com.br/en/copas/1970/rou
1970,Mexico,rou,Romania,74,2,Attack,18,Marin Tufan,Right winger,71,false,https://7a0.com.br/en/copas/1970/rou
1970,Mexico,rou,Romania,74,2,Attack,9,Florea Dumitrache,Centre-forward,80,false,https://7a0.com.br/en/copas/1970/rou
1970,Mexico,rou,Romania,74,2,Attack,7,Emerich Dembrovschi,Left winger,78,false,https://7a0.com.br/en/copas/1970/rou
1970,Mexico,rou,Romania,74,2,Attack,8,Nicolae Dobrin,Left winger,85,true,https://7a0.com.br/en/copas/1970/rou
1970,Mexico,rou,Romania,74,2,Attack,11,Mircea Lucescu,Left winger,83,true,https://7a0.com.br/en/copas/1970/rou
1970,Mexico,rou,Romania,74,2,Attack,19,Flavius Domide,Left winger,72,false,https://7a0.com.br/en/copas/1970/rou
1970,Mexico,uru,Uruguay,73,1,Goalkeepers,1,Ladislao Mazurkiewicz,Goalkeeper,86,true,https://7a0.com.br/en/copas/1970/uru
1970,Mexico,uru,Uruguay,73,1,Goalkeepers,12,Héctor Santos,Goalkeeper,66,false,https://7a0.com.br/en/copas/1970/uru
1970,Mexico,uru,Uruguay,73,1,Goalkeepers,22,Walter Corbo,Goalkeeper,64,false,https://7a0.com.br/en/copas/1970/uru
1970,Mexico,uru,Uruguay,73,1,Defence,16,Omar Caetano,Right-back,75,false,https://7a0.com.br/en/copas/1970/uru
1970,Mexico,uru,Uruguay,73,1,Defence,2,Atilio Ancheta,Centre-back,78,false,https://7a0.com.br/en/copas/1970/uru
1970,Mexico,uru,Uruguay,73,1,Defence,3,Roberto Matosas,Centre-back,76,false,https://7a0.com.br/en/copas/1970/uru
1970,Mexico,uru,Uruguay,73,1,Defence,4,Luis Ubiña,Centre-back,77,false,https://7a0.com.br/en/copas/1970/uru
1970,Mexico,uru,Uruguay,73,1,Defence,13,Rodolfo Sandoval,Centre-back,66,false,https://7a0.com.br/en/copas/1970/uru
1970,Mexico,uru,Uruguay,73,1,Defence,14,Francisco Cámera,Centre-back,66,false,https://7a0.com.br/en/copas/1970/uru
1970,Mexico,uru,Uruguay,73,1,Defence,6,Juan Mujica,Left-back,76,false,https://7a0.com.br/en/copas/1970/uru
1970,Mexico,uru,Uruguay,73,1,Midfield,5,Julio Montero Castillo,Defensive midfielder,78,false,https://7a0.com.br/en/copas/1970/uru
1970,Mexico,uru,Uruguay,73,1,Midfield,15,Dagoberto Fontes,Defensive midfielder,68,false,https://7a0.com.br/en/copas/1970/uru
1970,Mexico,uru,Uruguay,73,1,Midfield,20,Julio César Cortés,Defensive midfielder,74,false,https://7a0.com.br/en/copas/1970/uru
1970,Mexico,uru,Uruguay,73,1,Midfield,10,Ildo Maneiro,Midfielder,74,false,https://7a0.com.br/en/copas/1970/uru
1970,Mexico,uru,Uruguay,73,1,Midfield,8,Pedro Rocha,Attacking midfielder,85,false,https://7a0.com.br/en/copas/1970/uru
1970,Mexico,uru,Uruguay,73,1,Midfield,9,Víctor Espárrago,Attacking midfielder,76,false,https://7a0.com.br/en/copas/1970/uru
1970,Mexico,uru,Uruguay,73,1,Attack,7,Luis Cubilla,Right winger,82,false,https://7a0.com.br/en/copas/1970/uru
1970,Mexico,uru,Uruguay,73,1,Attack,17,Rúben Bareño,Centre-forward,69,false,https://7a0.com.br/en/copas/1970/uru
1970,Mexico,uru,Uruguay,73,1,Attack,18,Alberto Gómez,Centre-forward,67,false,https://7a0.com.br/en/copas/1970/uru
1970,Mexico,uru,Uruguay,73,1,Attack,19,Oscar Zubia,Centre-forward,69,false,https://7a0.com.br/en/copas/1970/uru
1970,Mexico,uru,Uruguay,73,1,Attack,21,Julio Losada,Centre-forward,66,false,https://7a0.com.br/en/copas/1970/uru
1970,Mexico,uru,Uruguay,73,1,Attack,11,Julio Morales,Left winger,76,false,https://7a0.com.br/en/copas/1970/uru
1974,West Germany,arg,Argentina,78,0,Goalkeepers,1,Daniel Carnevali,Goalkeeper,76,false,https://7a0.com.br/en/copas/1974/arg
1974,West Germany,arg,Argentina,78,0,Goalkeepers,12,Ubaldo Fillol,Goalkeeper,83,false,https://7a0.com.br/en/copas/1974/arg
1974,West Germany,arg,Argentina,78,0,Goalkeepers,21,Miguel Ángel Santoro,Goalkeeper,72,false,https://7a0.com.br/en/copas/1974/arg
1974,West Germany,arg,Argentina,78,0,Defence,20,Enrique Wolff,Right-back,78,false,https://7a0.com.br/en/copas/1974/arg
1974,West Germany,arg,Argentina,78,0,Defence,5,Ángel Bargas,Centre-back,75,false,https://7a0.com.br/en/copas/1974/arg
1974,West Germany,arg,Argentina,78,0,Defence,9,Rubén Glaria,Centre-back,73,false,https://7a0.com.br/en/copas/1974/arg
1974,West Germany,arg,Argentina,78,0,Defence,10,Ramón Heredia,Centre-back,78,false,https://7a0.com.br/en/copas/1974/arg
1974,West Germany,arg,Argentina,78,0,Defence,14,Roberto Perfumo,Centre-back,81,false,https://7a0.com.br/en/copas/1974/arg
1974,West Germany,arg,Argentina,78,0,Defence,16,Francisco Sá,Centre-back,77,false,https://7a0.com.br/en/copas/1974/arg
1974,West Germany,arg,Argentina,78,0,Defence,7,Jorge Carrascosa,Left-back,78,false,https://7a0.com.br/en/copas/1974/arg
1974,West Germany,arg,Argentina,78,0,Midfield,3,Carlos Babington,Defensive midfielder,84,false,https://7a0.com.br/en/copas/1974/arg
1974,West Germany,arg,Argentina,78,0,Midfield,8,Enrique Chazarreta,Defensive midfielder,74,false,https://7a0.com.br/en/copas/1974/arg
1974,West Germany,arg,Argentina,78,0,Midfield,17,Carlos Squeo,Defensive midfielder,72,false,https://7a0.com.br/en/copas/1974/arg
1974,West Germany,arg,Argentina,78,0,Midfield,19,Néstor Togneri,Defensive midfielder,71,false,https://7a0.com.br/en/copas/1974/arg
1974,West Germany,arg,Argentina,78,0,Midfield,18,Roberto Telch,Midfielder,74,false,https://7a0.com.br/en/copas/1974/arg
1974,West Germany,arg,Argentina,78,0,Midfield,6,Miguel Ángel Brindisi,Attacking midfielder,83,false,https://7a0.com.br/en/copas/1974/arg
1974,West Germany,arg,Argentina,78,0,Attack,2,Rubén Ayala,Right winger,80,false,https://7a0.com.br/en/copas/1974/arg
1974,West Germany,arg,Argentina,78,0,Attack,4,Agustín Balbuena,Right winger,78,false,https://7a0.com.br/en/copas/1974/arg
1974,West Germany,arg,Argentina,78,0,Attack,11,René Houseman,Right winger,82,false,https://7a0.com.br/en/copas/1974/arg
1974,West Germany,arg,Argentina,78,0,Attack,13,Mario Kempes,Centre-forward,83,false,https://7a0.com.br/en/copas/1974/arg
1974,West Germany,arg,Argentina,78,0,Attack,15,Aldo Poy,Centre-forward,74,false,https://7a0.com.br/en/copas/1974/arg
1974,West Germany,arg,Argentina,78,0,Attack,22,Héctor Yazalde,Centre-forward,81,false,https://7a0.com.br/en/copas/1974/arg
1974,West Germany,bra,Brazil,80,2,Goalkeepers,1,Émerson Leão,Goalkeeper,84,false,https://7a0.com.br/en/copas/1974/bra
1974,West Germany,bra,Brazil,80,2,Goalkeepers,12,Renato,Goalkeeper,68,false,https://7a0.com.br/en/copas/1974/bra
1974,West Germany,bra,Brazil,80,2,Goalkeepers,22,Waldir Peres,Goalkeeper,74,false,https://7a0.com.br/en/copas/1974/bra
1974,West Germany,bra,Brazil,80,2,Defence,4,Zé Maria,Right-back,80,false,https://7a0.com.br/en/copas/1974/bra
1974,West Germany,bra,Brazil,80,2,Defence,14,Nelinho,Right-back,78,false,https://7a0.com.br/en/copas/1974/bra
1974,West Germany,bra,Brazil,80,2,Defence,2,Luís Pereira,Centre-back,87,false,https://7a0.com.br/en/copas/1974/bra
1974,West Germany,bra,Brazil,80,2,Defence,3,Marinho Peres,Centre-back,79,false,https://7a0.com.br/en/copas/1974/bra
1974,West Germany,bra,Brazil,80,2,Defence,15,Alfredo Mostarda,Centre-back,72,false,https://7a0.com.br/en/copas/1974/bra
1974,West Germany,bra,Brazil,80,2,Defence,6,Marinho Chagas,Left-back,86,false,https://7a0.com.br/en/copas/1974/bra
1974,West Germany,bra,Brazil,80,2,Defence,16,Marco Antônio,Left-back,75,false,https://7a0.com.br/en/copas/1974/bra
1974,West Germany,bra,Brazil,80,2,Midfield,5,Wilson Piazza,Defensive midfielder,82,false,https://7a0.com.br/en/copas/1974/bra
1974,West Germany,bra,Brazil,80,2,Midfield,17,Carpegiani,Midfielder,76,false,https://7a0.com.br/en/copas/1974/bra
1974,West Germany,bra,Brazil,80,2,Midfield,18,Ademir da Guia,Midfielder,85,false,https://7a0.com.br/en/copas/1974/bra
1974,West Germany,bra,Brazil,80,2,Midfield,11,Paulo César Caju,Left midfielder,82,false,https://7a0.com.br/en/copas/1974/bra
1974,West Germany,bra,Brazil,80,2,Midfield,8,Leivinha,Attacking midfielder,78,false,https://7a0.com.br/en/copas/1974/bra
1974,West Germany,bra,Brazil,80,2,Midfield,10,Rivelino,Attacking midfielder,92,true,https://7a0.com.br/en/copas/1974/bra
1974,West Germany,bra,Brazil,80,2,Midfield,21,Dirceu,Attacking midfielder,80,false,https://7a0.com.br/en/copas/1974/bra
1974,West Germany,bra,Brazil,80,2,Attack,7,Jairzinho,Right winger,88,true,https://7a0.com.br/en/copas/1974/bra
1974,West Germany,bra,Brazil,80,2,Attack,13,Valdomiro,Right winger,75,false,https://7a0.com.br/en/copas/1974/bra
1974,West Germany,bra,Brazil,80,2,Attack,9,César Maluco,Centre-forward,76,false,https://7a0.com.br/en/copas/1974/bra
1974,West Germany,bra,Brazil,80,2,Attack,19,Mirandinha,Centre-forward,73,false,https://7a0.com.br/en/copas/1974/bra
1974,West Germany,bra,Brazil,80,2,Attack,20,Edu,Left winger,80,false,https://7a0.com.br/en/copas/1974/bra
1974,West Germany,chi,Chile,77,3,Goalkeepers,1,Leopoldo Vallejos,Goalkeeper,76,false,https://7a0.com.br/en/copas/1974/chi
1974,West Germany,chi,Chile,77,3,Goalkeepers,21,Juan Olivares,Goalkeeper,70,false,https://7a0.com.br/en/copas/1974/chi
1974,West Germany,chi,Chile,77,3,Goalkeepers,22,Adolfo Nef,Goalkeeper,68,false,https://7a0.com.br/en/copas/1974/chi
1974,West Germany,chi,Chile,77,3,Defence,2,Rolando García,Right-back,73,false,https://7a0.com.br/en/copas/1974/chi
1974,West Germany,chi,Chile,77,3,Defence,12,Juan Machuca,Right-back,72,false,https://7a0.com.br/en/copas/1974/chi
1974,West Germany,chi,Chile,77,3,Defence,3,Alberto Quintano,Centre-back,77,false,https://7a0.com.br/en/copas/1974/chi
1974,West Germany,chi,Chile,77,3,Defence,5,Elías Figueroa,Centre-back,93,true,https://7a0.com.br/en/copas/1974/chi
1974,West Germany,chi,Chile,77,3,Defence,13,Rafael González,Centre-back,73,false,https://7a0.com.br/en/copas/1974/chi
1974,West Germany,chi,Chile,77,3,Defence,15,Mario Galindo,Centre-back,72,false,https://7a0.com.br/en/copas/1974/chi
1974,West Germany,chi,Chile,77,3,Defence,4,Antonio Arias,Left-back,74,false,https://7a0.com.br/en/copas/1974/chi
1974,West Germany,chi,Chile,77,3,Midfield,6,Juan Rodríguez,Defensive midfielder,74,false,https://7a0.com.br/en/copas/1974/chi
1974,West Germany,chi,Chile,77,3,Midfield,19,Rogelio Farías,Defensive midfielder,73,false,https://7a0.com.br/en/copas/1974/chi
1974,West Germany,chi,Chile,77,3,Midfield,10,Carlos Reinoso,Midfielder,89,true,https://7a0.com.br/en/copas/1974/chi
1974,West Germany,chi,Chile,77,3,Midfield,14,Alfonso Lara,Midfielder,75,false,https://7a0.com.br/en/copas/1974/chi
1974,West Germany,chi,Chile,77,3,Midfield,16,Guillermo Páez,Midfielder,76,false,https://7a0.com.br/en/copas/1974/chi
1974,West Germany,chi,Chile,77,3,Midfield,8,Francisco Valdés,Attacking midfielder,82,false,https://7a0.com.br/en/copas/1974/chi
1974,West Germany,chi,Chile,77,3,Midfield,17,Guillermo Yávar,Attacking midfielder,77,false,https://7a0.com.br/en/copas/1974/chi
1974,West Germany,chi,Chile,77,3,Midfield,18,Jorge Socías,Attacking midfielder,74,false,https://7a0.com.br/en/copas/1974/chi
1974,West Germany,chi,Chile,77,3,Attack,20,Osvaldo Castro,Right winger,76,false,https://7a0.com.br/en/copas/1974/chi
1974,West Germany,chi,Chile,77,3,Attack,7,Carlos Caszely,Left winger,88,true,https://7a0.com.br/en/copas/1974/chi
1974,West Germany,chi,Chile,77,3,Attack,9,Sergio Ahumada,Left winger,75,false,https://7a0.com.br/en/copas/1974/chi
1974,West Germany,chi,Chile,77,3,Attack,11,Leonardo Véliz,Left winger,78,false,https://7a0.com.br/en/copas/1974/chi
1974,West Germany,ger,Germany,81,3,Goalkeepers,1,Sepp Maier,Goalkeeper,91,true,https://7a0.com.br/en/copas/1974/ger
1974,West Germany,ger,Germany,81,3,Goalkeepers,21,Norbert Nigbur,Goalkeeper,71,false,https://7a0.com.br/en/copas/1974/ger
1974,West Germany,ger,Germany,81,3,Goalkeepers,22,Wolfgang Kleff,Goalkeeper,70,false,https://7a0.com.br/en/copas/1974/ger
1974,West Germany,ger,Germany,81,3,Defence,2,Berti Vogts,Right-back,86,false,https://7a0.com.br/en/copas/1974/ger
1974,West Germany,ger,Germany,81,3,Defence,6,Horst-Dieter Höttges,Right-back,76,false,https://7a0.com.br/en/copas/1974/ger
1974,West Germany,ger,Germany,81,3,Defence,4,Hans-Georg Schwarzenbeck,Centre-back,82,false,https://7a0.com.br/en/copas/1974/ger
1974,West Germany,ger,Germany,81,3,Defence,5,Franz Beckenbauer,Centre-back,98,true,https://7a0.com.br/en/copas/1974/ger
1974,West Germany,ger,Germany,81,3,Defence,3,Paul Breitner,Left-back,88,false,https://7a0.com.br/en/copas/1974/ger
1974,West Germany,ger,Germany,81,3,Defence,20,Helmut Kremers,Left-back,72,false,https://7a0.com.br/en/copas/1974/ger
1974,West Germany,ger,Germany,81,3,Midfield,7,Herbert Wimmer,Defensive midfielder,78,false,https://7a0.com.br/en/copas/1974/ger
1974,West Germany,ger,Germany,81,3,Midfield,15,Heinz Flohe,Defensive midfielder,76,false,https://7a0.com.br/en/copas/1974/ger
1974,West Germany,ger,Germany,81,3,Midfield,16,Rainer Bonhof,Defensive midfielder,83,false,https://7a0.com.br/en/copas/1974/ger
1974,West Germany,ger,Germany,81,3,Midfield,19,Jupp Kapellmann,Defensive midfielder,73,false,https://7a0.com.br/en/copas/1974/ger
1974,West Germany,ger,Germany,81,3,Midfield,8,Bernhard Cullmann,Midfielder,76,false,https://7a0.com.br/en/copas/1974/ger
1974,West Germany,ger,Germany,81,3,Midfield,10,Günter Netzer,Midfielder,80,false,https://7a0.com.br/en/copas/1974/ger
1974,West Germany,ger,Germany,81,3,Midfield,12,Wolfgang Overath,Attacking midfielder,83,false,https://7a0.com.br/en/copas/1974/ger
1974,West Germany,ger,Germany,81,3,Attack,9,Jürgen Grabowski,Right winger,82,false,https://7a0.com.br/en/copas/1974/ger
1974,West Germany,ger,Germany,81,3,Attack,14,Uli Hoeneß,Right winger,83,false,https://7a0.com.br/en/copas/1974/ger
1974,West Germany,ger,Germany,81,3,Attack,11,Jupp Heynckes,Centre-forward,80,false,https://7a0.com.br/en/copas/1974/ger
1974,West Germany,ger,Germany,81,3,Attack,13,Gerd Müller,Centre-forward,96,true,https://7a0.com.br/en/copas/1974/ger
1974,West Germany,ger,Germany,81,3,Attack,17,Bernd Hölzenbein,Left winger,80,false,https://7a0.com.br/en/copas/1974/ger
1974,West Germany,ger,Germany,81,3,Attack,18,Dieter Herzog,Left winger,72,false,https://7a0.com.br/en/copas/1974/ger
1974,West Germany,ita,Italy,80,4,Goalkeepers,1,Dino Zoff,Goalkeeper,95,true,https://7a0.com.br/en/copas/1974/ita
1974,West Germany,ita,Italy,80,4,Goalkeepers,12,Enrico Albertosi,Goalkeeper,76,false,https://7a0.com.br/en/copas/1974/ita
1974,West Germany,ita,Italy,80,4,Goalkeepers,22,Luciano Castellini,Goalkeeper,72,false,https://7a0.com.br/en/copas/1974/ita
1974,West Germany,ita,Italy,80,4,Defence,2,Luciano Spinosi,Right-back,74,false,https://7a0.com.br/en/copas/1974/ita
1974,West Germany,ita,Italy,80,4,Defence,5,Francesco Morini,Centre-back,77,false,https://7a0.com.br/en/copas/1974/ita
1974,West Germany,ita,Italy,80,4,Defence,6,Tarcisio Burgnich,Centre-back,82,false,https://7a0.com.br/en/copas/1974/ita
1974,West Germany,ita,Italy,80,4,Defence,13,Giuseppe Sabadini,Centre-back,70,false,https://7a0.com.br/en/copas/1974/ita
1974,West Germany,ita,Italy,80,4,Defence,14,Mauro Bellugi,Centre-back,72,false,https://7a0.com.br/en/copas/1974/ita
1974,West Germany,ita,Italy,80,4,Defence,15,Giuseppe Wilson,Centre-back,76,false,https://7a0.com.br/en/copas/1974/ita
1974,West Germany,ita,Italy,80,4,Defence,3,Giacinto Facchetti,Left-back,90,true,https://7a0.com.br/en/copas/1974/ita
1974,West Germany,ita,Italy,80,4,Midfield,4,Romeo Benetti,Defensive midfielder,80,false,https://7a0.com.br/en/copas/1974/ita
1974,West Germany,ita,Italy,80,4,Midfield,8,Fabio Capello,Defensive midfielder,82,false,https://7a0.com.br/en/copas/1974/ita
1974,West Germany,ita,Italy,80,4,Midfield,16,Antonio Juliano,Defensive midfielder,76,false,https://7a0.com.br/en/copas/1974/ita
1974,West Germany,ita,Italy,80,4,Midfield,7,Sandro Mazzola,Midfielder,88,false,https://7a0.com.br/en/copas/1974/ita
1974,West Germany,ita,Italy,80,4,Midfield,10,Gianni Rivera,Midfielder,90,true,https://7a0.com.br/en/copas/1974/ita
1974,West Germany,ita,Italy,80,4,Midfield,17,Luciano Re Cecconi,Midfielder,74,false,https://7a0.com.br/en/copas/1974/ita
1974,West Germany,ita,Italy,80,4,Attack,18,Franco Causio,Right winger,83,false,https://7a0.com.br/en/copas/1974/ita
1974,West Germany,ita,Italy,80,4,Attack,9,Giorgio Chinaglia,Centre-forward,80,false,https://7a0.com.br/en/copas/1974/ita
1974,West Germany,ita,Italy,80,4,Attack,11,Gigi Riva,Centre-forward,92,true,https://7a0.com.br/en/copas/1974/ita
1974,West Germany,ita,Italy,80,4,Attack,19,Pietro Anastasi,Centre-forward,81,false,https://7a0.com.br/en/copas/1974/ita
1974,West Germany,ita,Italy,80,4,Attack,20,Roberto Boninsegna,Centre-forward,82,false,https://7a0.com.br/en/copas/1974/ita
1974,West Germany,ita,Italy,80,4,Attack,21,Paolo Pulici,Centre-forward,76,false,https://7a0.com.br/en/copas/1974/ita
1974,West Germany,ned,Netherlands,79,2,Goalkeepers,8,Jan Jongbloed,Goalkeeper,76,false,https://7a0.com.br/en/copas/1974/ned
1974,West Germany,ned,Netherlands,79,2,Goalkeepers,18,Piet Schrijvers,Goalkeeper,73,false,https://7a0.com.br/en/copas/1974/ned
1974,West Germany,ned,Netherlands,79,2,Goalkeepers,21,Eddy Treijtel,Goalkeeper,68,false,https://7a0.com.br/en/copas/1974/ned
1974,West Germany,ned,Netherlands,79,2,Defence,20,Wim Suurbier,Right-back,81,false,https://7a0.com.br/en/copas/1974/ned
1974,West Germany,ned,Netherlands,79,2,Defence,4,Kees Van Ierssel,Centre-back,71,false,https://7a0.com.br/en/copas/1974/ned
1974,West Germany,ned,Netherlands,79,2,Defence,5,Rinus Israël,Centre-back,79,false,https://7a0.com.br/en/copas/1974/ned
1974,West Germany,ned,Netherlands,79,2,Defence,17,Wim Rijsbergen,Centre-back,79,false,https://7a0.com.br/en/copas/1974/ned
1974,West Germany,ned,Netherlands,79,2,Defence,19,Pleun Strik,Centre-back,70,false,https://7a0.com.br/en/copas/1974/ned
1974,West Germany,ned,Netherlands,79,2,Defence,22,Harry Vos,Centre-back,69,false,https://7a0.com.br/en/copas/1974/ned
1974,West Germany,ned,Netherlands,79,2,Defence,12,Ruud Krol,Left-back,85,false,https://7a0.com.br/en/copas/1974/ned
1974,West Germany,ned,Netherlands,79,2,Midfield,2,Arie Haan,Defensive midfielder,83,false,https://7a0.com.br/en/copas/1974/ned
1974,West Germany,ned,Netherlands,79,2,Midfield,7,Theo De Jong,Defensive midfielder,75,false,https://7a0.com.br/en/copas/1974/ned
1974,West Germany,ned,Netherlands,79,2,Midfield,10,René Van de Kerkhof,Defensive midfielder,78,false,https://7a0.com.br/en/copas/1974/ned
1974,West Germany,ned,Netherlands,79,2,Midfield,13,Johan Neeskens,Defensive midfielder,91,true,https://7a0.com.br/en/copas/1974/ned
1974,West Germany,ned,Netherlands,79,2,Midfield,6,Wim Jansen,Right midfielder,80,false,https://7a0.com.br/en/copas/1974/ned
1974,West Germany,ned,Netherlands,79,2,Midfield,11,Willy Van de Kerkhof,Right midfielder,76,false,https://7a0.com.br/en/copas/1974/ned
1974,West Germany,ned,Netherlands,79,2,Midfield,3,Willem Van Hanegem,Attacking midfielder,88,false,https://7a0.com.br/en/copas/1974/ned
1974,West Germany,ned,Netherlands,79,2,Attack,16,Johnny Rep,Right winger,82,false,https://7a0.com.br/en/copas/1974/ned
1974,West Germany,ned,Netherlands,79,2,Attack,1,Ruud Geels,Centre-forward,74,false,https://7a0.com.br/en/copas/1974/ned
1974,West Germany,ned,Netherlands,79,2,Attack,14,Johan Cruyff,Centre-forward,97,true,https://7a0.com.br/en/copas/1974/ned
1974,West Germany,ned,Netherlands,79,2,Attack,9,Piet Keizer,Left winger,76,false,https://7a0.com.br/en/copas/1974/ned
1974,West Germany,ned,Netherlands,79,2,Attack,15,Rob Rensenbrink,Left winger,86,false,https://7a0.com.br/en/copas/1974/ned
1974,West Germany,pol,Poland,76,2,Goalkeepers,1,Andrzej Fischer,Goalkeeper,68,false,https://7a0.com.br/en/copas/1974/pol
1974,West Germany,pol,Poland,76,2,Goalkeepers,2,Jan Tomaszewski,Goalkeeper,84,false,https://7a0.com.br/en/copas/1974/pol
1974,West Germany,pol,Poland,76,2,Goalkeepers,3,Zygmunt Kalinowski,Goalkeeper,67,false,https://7a0.com.br/en/copas/1974/pol
1974,West Germany,pol,Poland,76,2,Defence,4,Antoni Szymanowski,Right-back,80,false,https://7a0.com.br/en/copas/1974/pol
1974,West Germany,pol,Poland,76,2,Defence,5,Zbigniew Gut,Centre-back,70,false,https://7a0.com.br/en/copas/1974/pol
1974,West Germany,pol,Poland,76,2,Defence,6,Jerzy Gorgoń,Centre-back,82,false,https://7a0.com.br/en/copas/1974/pol
1974,West Germany,pol,Poland,76,2,Defence,8,Mirosław Bulzacki,Centre-back,72,false,https://7a0.com.br/en/copas/1974/pol
1974,West Germany,pol,Poland,76,2,Defence,9,Władysław Żmuda,Centre-back,83,false,https://7a0.com.br/en/copas/1974/pol
1974,West Germany,pol,Poland,76,2,Defence,10,Adam Musiał,Left-back,78,false,https://7a0.com.br/en/copas/1974/pol
1974,West Germany,pol,Poland,76,2,Midfield,11,Lesław Ćmikiewicz,Defensive midfielder,73,false,https://7a0.com.br/en/copas/1974/pol
1974,West Germany,pol,Poland,76,2,Midfield,12,Kazimierz Deyna,Defensive midfielder,88,true,https://7a0.com.br/en/copas/1974/pol
1974,West Germany,pol,Poland,76,2,Midfield,13,Henryk Kasperczak,Defensive midfielder,79,false,https://7a0.com.br/en/copas/1974/pol
1974,West Germany,pol,Poland,76,2,Midfield,14,Zygmunt Maszczyk,Defensive midfielder,77,false,https://7a0.com.br/en/copas/1974/pol
1974,West Germany,pol,Poland,76,2,Midfield,7,Henryk Wieczorek,Midfielder,73,false,https://7a0.com.br/en/copas/1974/pol
1974,West Germany,pol,Poland,76,2,Midfield,20,Zdzisław Kapka,Left midfielder,69,false,https://7a0.com.br/en/copas/1974/pol
1974,West Germany,pol,Poland,76,2,Attack,16,Grzegorz Lato,Right winger,90,true,https://7a0.com.br/en/copas/1974/pol
1974,West Germany,pol,Poland,76,2,Attack,15,Roman Jakóbczak,Centre-forward,69,false,https://7a0.com.br/en/copas/1974/pol
1974,West Germany,pol,Poland,76,2,Attack,17,Andrzej Szarmach,Centre-forward,83,false,https://7a0.com.br/en/copas/1974/pol
1974,West Germany,pol,Poland,76,2,Attack,19,Jan Domarski,Centre-forward,74,false,https://7a0.com.br/en/copas/1974/pol
1974,West Germany,pol,Poland,76,2,Attack,21,Kazimierz Kmiecik,Centre-forward,71,false,https://7a0.com.br/en/copas/1974/pol
1974,West Germany,pol,Poland,76,2,Attack,22,Marek Kusto,Centre-forward,70,false,https://7a0.com.br/en/copas/1974/pol
1974,West Germany,pol,Poland,76,2,Attack,18,Robert Gadocha,Left winger,82,false,https://7a0.com.br/en/copas/1974/pol
1974,West Germany,sco,Scotland,78,2,Goalkeepers,1,David Harvey,Goalkeeper,78,false,https://7a0.com.br/en/copas/1974/sco
1974,West Germany,sco,Scotland,78,2,Goalkeepers,12,Thomson Allan,Goalkeeper,72,false,https://7a0.com.br/en/copas/1974/sco
1974,West Germany,sco,Scotland,78,2,Goalkeepers,13,Jim Stewart,Goalkeeper,68,false,https://7a0.com.br/en/copas/1974/sco
1974,West Germany,sco,Scotland,78,2,Defence,2,Sandy Jardine,Right-back,80,false,https://7a0.com.br/en/copas/1974/sco
1974,West Germany,sco,Scotland,78,2,Defence,3,Danny McGrain,Right-back,82,false,https://7a0.com.br/en/copas/1974/sco
1974,West Germany,sco,Scotland,78,2,Defence,5,Jim Holton,Centre-back,76,false,https://7a0.com.br/en/copas/1974/sco
1974,West Germany,sco,Scotland,78,2,Defence,6,John Blackley,Centre-back,74,false,https://7a0.com.br/en/copas/1974/sco
1974,West Germany,sco,Scotland,78,2,Defence,14,Martin Buchan,Centre-back,79,false,https://7a0.com.br/en/copas/1974/sco
1974,West Germany,sco,Scotland,78,2,Defence,21,Gordon McQueen,Centre-back,76,false,https://7a0.com.br/en/copas/1974/sco
1974,West Germany,sco,Scotland,78,2,Defence,16,Willie Donachie,Left-back,75,false,https://7a0.com.br/en/copas/1974/sco
1974,West Germany,sco,Scotland,78,2,Defence,22,Erich Schaedler,Left-back,72,false,https://7a0.com.br/en/copas/1974/sco
1974,West Germany,sco,Scotland,78,2,Midfield,10,David Hay,Defensive midfielder,80,false,https://7a0.com.br/en/copas/1974/sco
1974,West Germany,sco,Scotland,78,2,Midfield,4,Billy Bremner,Midfielder,88,true,https://7a0.com.br/en/copas/1974/sco
1974,West Germany,sco,Scotland,78,2,Midfield,15,Peter Cormack,Midfielder,75,false,https://7a0.com.br/en/copas/1974/sco
1974,West Germany,sco,Scotland,78,2,Midfield,7,Jimmy Johnstone,Left midfielder,85,true,https://7a0.com.br/en/copas/1974/sco
1974,West Germany,sco,Scotland,78,2,Attack,20,Willie Morgan,Right winger,77,false,https://7a0.com.br/en/copas/1974/sco
1974,West Germany,sco,Scotland,78,2,Attack,8,Kenny Dalglish,Centre-forward,87,false,https://7a0.com.br/en/copas/1974/sco
1974,West Germany,sco,Scotland,78,2,Attack,9,Joe Jordan,Centre-forward,81,false,https://7a0.com.br/en/copas/1974/sco
1974,West Germany,sco,Scotland,78,2,Attack,11,Peter Lorimer,Centre-forward,84,false,https://7a0.com.br/en/copas/1974/sco
1974,West Germany,sco,Scotland,78,2,Attack,17,Donald Ford,Centre-forward,73,false,https://7a0.com.br/en/copas/1974/sco
1974,West Germany,sco,Scotland,78,2,Attack,19,Denis Law,Centre-forward,86,false,https://7a0.com.br/en/copas/1974/sco
1974,West Germany,sco,Scotland,78,2,Attack,18,Tommy Hutchison,Left winger,76,false,https://7a0.com.br/en/copas/1974/sco
1974,West Germany,swe,Sweden,76,2,Goalkeepers,1,Ronnie Hellström,Goalkeeper,86,false,https://7a0.com.br/en/copas/1974/swe
1974,West Germany,swe,Sweden,76,2,Goalkeepers,12,Sven-Gunnar Larsson,Goalkeeper,72,false,https://7a0.com.br/en/copas/1974/swe
1974,West Germany,swe,Sweden,76,2,Goalkeepers,17,Göran Hagberg,Goalkeeper,66,false,https://7a0.com.br/en/copas/1974/swe
1974,West Germany,swe,Sweden,76,2,Defence,2,Jan Olsson,Right-back,75,false,https://7a0.com.br/en/copas/1974/swe
1974,West Germany,swe,Sweden,76,2,Defence,13,Roland Grip,Right-back,74,false,https://7a0.com.br/en/copas/1974/swe
1974,West Germany,swe,Sweden,76,2,Defence,3,Kent Karlsson,Centre-back,72,false,https://7a0.com.br/en/copas/1974/swe
1974,West Germany,swe,Sweden,76,2,Defence,4,Björn Nordqvist,Centre-back,85,true,https://7a0.com.br/en/copas/1974/swe
1974,West Germany,swe,Sweden,76,2,Defence,5,Björn Andersson,Centre-back,73,false,https://7a0.com.br/en/copas/1974/swe
1974,West Germany,swe,Sweden,76,2,Defence,18,Jörgen Augustsson,Centre-back,69,false,https://7a0.com.br/en/copas/1974/swe
1974,West Germany,swe,Sweden,76,2,Midfield,6,Ove Grahn,Defensive midfielder,77,false,https://7a0.com.br/en/copas/1974/swe
1974,West Germany,swe,Sweden,76,2,Midfield,8,Conny Torstensson,Defensive midfielder,80,false,https://7a0.com.br/en/copas/1974/swe
1974,West Germany,swe,Sweden,76,2,Midfield,14,Staffan Tapper,Defensive midfielder,73,false,https://7a0.com.br/en/copas/1974/swe
1974,West Germany,swe,Sweden,76,2,Midfield,16,Inge Ejderstedt,Defensive midfielder,74,false,https://7a0.com.br/en/copas/1974/swe
1974,West Germany,swe,Sweden,76,2,Midfield,20,Sven Lindman,Defensive midfielder,72,false,https://7a0.com.br/en/copas/1974/swe
1974,West Germany,swe,Sweden,76,2,Midfield,22,Thomas Ahlström,Defensive midfielder,68,false,https://7a0.com.br/en/copas/1974/swe
1974,West Germany,swe,Sweden,76,2,Midfield,7,Bo Larsson,Left midfielder,84,true,https://7a0.com.br/en/copas/1974/swe
1974,West Germany,swe,Sweden,76,2,Midfield,15,Benno Magnusson,Left midfielder,70,false,https://7a0.com.br/en/copas/1974/swe
1974,West Germany,swe,Sweden,76,2,Midfield,19,Claes Cronqvist,Left midfielder,71,false,https://7a0.com.br/en/copas/1974/swe
1974,West Germany,swe,Sweden,76,2,Midfield,21,Örjan Persson,Attacking midfielder,76,false,https://7a0.com.br/en/copas/1974/swe
1974,West Germany,swe,Sweden,76,2,Attack,11,Roland Sandberg,Right winger,81,false,https://7a0.com.br/en/copas/1974/swe
1974,West Germany,swe,Sweden,76,2,Attack,9,Ove Kindvall,Centre-forward,83,false,https://7a0.com.br/en/copas/1974/swe
1974,West Germany,swe,Sweden,76,2,Attack,10,Ralf Edström,Centre-forward,82,false,https://7a0.com.br/en/copas/1974/swe
1974,West Germany,uru,Uruguay,75,2,Goalkeepers,1,Ladislao Mazurkiewicz,Goalkeeper,88,true,https://7a0.com.br/en/copas/1974/uru
1974,West Germany,uru,Uruguay,75,2,Goalkeepers,12,Héctor Santos,Goalkeeper,71,false,https://7a0.com.br/en/copas/1974/uru
1974,West Germany,uru,Uruguay,75,2,Goalkeepers,22,Gustavo Fernández,Goalkeeper,68,false,https://7a0.com.br/en/copas/1974/uru
1974,West Germany,uru,Uruguay,75,2,Defence,2,Baudilio Jáuregui,Right-back,72,false,https://7a0.com.br/en/copas/1974/uru
1974,West Germany,uru,Uruguay,75,2,Defence,3,Juan Carlos Masnik,Centre-back,77,false,https://7a0.com.br/en/copas/1974/uru
1974,West Germany,uru,Uruguay,75,2,Defence,4,Pablo Forlán,Centre-back,76,false,https://7a0.com.br/en/copas/1974/uru
1974,West Germany,uru,Uruguay,75,2,Defence,5,Julio Montero Castillo,Centre-back,78,false,https://7a0.com.br/en/copas/1974/uru
1974,West Germany,uru,Uruguay,75,2,Defence,6,Ricardo Pavoni,Centre-back,73,false,https://7a0.com.br/en/copas/1974/uru
1974,West Germany,uru,Uruguay,75,2,Defence,13,Gustavo De Simone,Centre-back,72,false,https://7a0.com.br/en/copas/1974/uru
1974,West Germany,uru,Uruguay,75,2,Defence,14,Luis Garisto,Centre-back,71,false,https://7a0.com.br/en/copas/1974/uru
1974,West Germany,uru,Uruguay,75,2,Defence,15,Mario González,Centre-back,73,false,https://7a0.com.br/en/copas/1974/uru
1974,West Germany,uru,Uruguay,75,2,Midfield,16,Alberto Cardaccio,Defensive midfielder,73,false,https://7a0.com.br/en/copas/1974/uru
1974,West Germany,uru,Uruguay,75,2,Midfield,17,Julio César Jiménez,Defensive midfielder,72,false,https://7a0.com.br/en/copas/1974/uru
1974,West Germany,uru,Uruguay,75,2,Midfield,8,Víctor Espárrago,Attacking midfielder,79,false,https://7a0.com.br/en/copas/1974/uru
1974,West Germany,uru,Uruguay,75,2,Midfield,10,Pedro Rocha,Attacking midfielder,83,false,https://7a0.com.br/en/copas/1974/uru
1974,West Germany,uru,Uruguay,75,2,Midfield,18,Walter Mantegazza,Attacking midfielder,72,false,https://7a0.com.br/en/copas/1974/uru
1974,West Germany,uru,Uruguay,75,2,Attack,7,Luis Cubilla,Right winger,84,true,https://7a0.com.br/en/copas/1974/uru
1974,West Germany,uru,Uruguay,75,2,Attack,9,Fernando Morena,Centre-forward,81,false,https://7a0.com.br/en/copas/1974/uru
1974,West Germany,uru,Uruguay,75,2,Attack,11,Rubén Corbo,Centre-forward,74,false,https://7a0.com.br/en/copas/1974/uru
1974,West Germany,uru,Uruguay,75,2,Attack,19,Denis Milar,Centre-forward,71,false,https://7a0.com.br/en/copas/1974/uru
1974,West Germany,uru,Uruguay,75,2,Attack,20,Juan Silva,Centre-forward,72,false,https://7a0.com.br/en/copas/1974/uru
1974,West Germany,uru,Uruguay,75,2,Attack,21,José Gómez,Centre-forward,70,false,https://7a0.com.br/en/copas/1974/uru
1978,Argentina,arg,Argentina,79,1,Goalkeepers,3,Héctor Baley,Goalkeeper,70,false,https://7a0.com.br/en/copas/1978/arg
1978,Argentina,arg,Argentina,79,1,Goalkeepers,5,Ubaldo Fillol,Goalkeeper,88,false,https://7a0.com.br/en/copas/1978/arg
1978,Argentina,arg,Argentina,79,1,Goalkeepers,13,Ricardo La Volpe,Goalkeeper,69,false,https://7a0.com.br/en/copas/1978/arg
1978,Argentina,arg,Argentina,79,1,Defence,15,Jorge Olguín,Right-back,79,false,https://7a0.com.br/en/copas/1978/arg
1978,Argentina,arg,Argentina,79,1,Defence,18,Rubén Pagnanini,Right-back,71,false,https://7a0.com.br/en/copas/1978/arg
1978,Argentina,arg,Argentina,79,1,Defence,7,Luis Galván,Centre-back,80,false,https://7a0.com.br/en/copas/1978/arg
1978,Argentina,arg,Argentina,79,1,Defence,11,Daniel Killer,Centre-back,71,false,https://7a0.com.br/en/copas/1978/arg
1978,Argentina,arg,Argentina,79,1,Defence,19,Daniel Passarella,Centre-back,92,false,https://7a0.com.br/en/copas/1978/arg
1978,Argentina,arg,Argentina,79,1,Defence,17,Miguel Oviedo,Left-back,72,false,https://7a0.com.br/en/copas/1978/arg
1978,Argentina,arg,Argentina,79,1,Defence,20,Alberto Tarantini,Left-back,81,false,https://7a0.com.br/en/copas/1978/arg
1978,Argentina,arg,Argentina,79,1,Midfield,2,Osvaldo Ardiles,Defensive midfielder,86,false,https://7a0.com.br/en/copas/1978/arg
1978,Argentina,arg,Argentina,79,1,Midfield,6,Américo Gallego,Defensive midfielder,81,false,https://7a0.com.br/en/copas/1978/arg
1978,Argentina,arg,Argentina,79,1,Midfield,8,Rubén Galván,Defensive midfielder,74,false,https://7a0.com.br/en/copas/1978/arg
1978,Argentina,arg,Argentina,79,1,Midfield,21,José Daniel Valencia,Defensive midfielder,78,false,https://7a0.com.br/en/copas/1978/arg
1978,Argentina,arg,Argentina,79,1,Midfield,22,Ricardo Villa,Defensive midfielder,76,false,https://7a0.com.br/en/copas/1978/arg
1978,Argentina,arg,Argentina,79,1,Midfield,12,Omar Larrosa,Midfielder,74,false,https://7a0.com.br/en/copas/1978/arg
1978,Argentina,arg,Argentina,79,1,Midfield,1,Norberto Alonso,Attacking midfielder,77,false,https://7a0.com.br/en/copas/1978/arg
1978,Argentina,arg,Argentina,79,1,Attack,4,Daniel Bertoni,Right winger,81,false,https://7a0.com.br/en/copas/1978/arg
1978,Argentina,arg,Argentina,79,1,Attack,9,René Houseman,Right winger,80,false,https://7a0.com.br/en/copas/1978/arg
1978,Argentina,arg,Argentina,79,1,Attack,10,Mario Kempes,Centre-forward,96,true,https://7a0.com.br/en/copas/1978/arg
1978,Argentina,arg,Argentina,79,1,Attack,14,Leopoldo Luque,Centre-forward,84,false,https://7a0.com.br/en/copas/1978/arg
1978,Argentina,arg,Argentina,79,1,Attack,16,Oscar Ortiz,Left winger,77,false,https://7a0.com.br/en/copas/1978/arg
1978,Argentina,aut,Austria,76,1,Goalkeepers,1,Friedrich Koncilia,Goalkeeper,80,false,https://7a0.com.br/en/copas/1978/aut
1978,Argentina,aut,Austria,76,1,Goalkeepers,21,Erwin Fuchsbichler,Goalkeeper,72,false,https://7a0.com.br/en/copas/1978/aut
1978,Argentina,aut,Austria,76,1,Goalkeepers,22,Hubert Baumgartner,Goalkeeper,72,false,https://7a0.com.br/en/copas/1978/aut
1978,Argentina,aut,Austria,76,1,Defence,2,Robert Sara,Right-back,77,false,https://7a0.com.br/en/copas/1978/aut
1978,Argentina,aut,Austria,76,1,Defence,16,Peter Persidis,Right-back,73,false,https://7a0.com.br/en/copas/1978/aut
1978,Argentina,aut,Austria,76,1,Defence,3,Erich Obermayer,Centre-back,77,false,https://7a0.com.br/en/copas/1978/aut
1978,Argentina,aut,Austria,76,1,Defence,4,Gerhard Breitenberger,Centre-back,74,false,https://7a0.com.br/en/copas/1978/aut
1978,Argentina,aut,Austria,76,1,Defence,5,Bruno Pezzey,Centre-back,81,false,https://7a0.com.br/en/copas/1978/aut
1978,Argentina,aut,Austria,76,1,Defence,15,Heribert Weber,Centre-back,74,false,https://7a0.com.br/en/copas/1978/aut
1978,Argentina,aut,Austria,76,1,Defence,14,Heinrich Strasser,Left-back,74,false,https://7a0.com.br/en/copas/1978/aut
1978,Argentina,aut,Austria,76,1,Midfield,6,Roland Hattenberger,Defensive midfielder,76,false,https://7a0.com.br/en/copas/1978/aut
1978,Argentina,aut,Austria,76,1,Midfield,7,Josef Hickersberger,Defensive midfielder,77,false,https://7a0.com.br/en/copas/1978/aut
1978,Argentina,aut,Austria,76,1,Midfield,13,Günther Happich,Defensive midfielder,72,false,https://7a0.com.br/en/copas/1978/aut
1978,Argentina,aut,Austria,76,1,Midfield,20,Ernst Baumeister,Defensive midfielder,72,false,https://7a0.com.br/en/copas/1978/aut
1978,Argentina,aut,Austria,76,1,Midfield,8,Herbert Prohaska,Midfielder,82,false,https://7a0.com.br/en/copas/1978/aut
1978,Argentina,aut,Austria,76,1,Midfield,12,Eduard Krieger,Midfielder,75,false,https://7a0.com.br/en/copas/1978/aut
1978,Argentina,aut,Austria,76,1,Midfield,10,Wilhelm Kreuz,Left midfielder,76,false,https://7a0.com.br/en/copas/1978/aut
1978,Argentina,aut,Austria,76,1,Midfield,11,Kurt Jara,Attacking midfielder,78,false,https://7a0.com.br/en/copas/1978/aut
1978,Argentina,aut,Austria,76,1,Attack,17,Franz Oberacher,Right winger,73,false,https://7a0.com.br/en/copas/1978/aut
1978,Argentina,aut,Austria,76,1,Attack,9,Hans Krankl,Centre-forward,89,true,https://7a0.com.br/en/copas/1978/aut
1978,Argentina,aut,Austria,76,1,Attack,18,Walter Schachner,Centre-forward,76,false,https://7a0.com.br/en/copas/1978/aut
1978,Argentina,aut,Austria,76,1,Attack,19,Hans Pirkner,Centre-forward,73,false,https://7a0.com.br/en/copas/1978/aut
1978,Argentina,bra,Brazil,79,2,Goalkeepers,1,Émerson Leão,Goalkeeper,85,false,https://7a0.com.br/en/copas/1978/bra
1978,Argentina,bra,Brazil,79,2,Goalkeepers,12,Carlos Gallo,Goalkeeper,70,false,https://7a0.com.br/en/copas/1978/bra
1978,Argentina,bra,Brazil,79,2,Goalkeepers,22,Waldir Peres,Goalkeeper,74,false,https://7a0.com.br/en/copas/1978/bra
1978,Argentina,bra,Brazil,79,2,Defence,2,Toninho,Right-back,76,false,https://7a0.com.br/en/copas/1978/bra
1978,Argentina,bra,Brazil,79,2,Defence,13,Nelinho,Right-back,81,false,https://7a0.com.br/en/copas/1978/bra
1978,Argentina,bra,Brazil,79,2,Defence,3,Oscar,Centre-back,82,false,https://7a0.com.br/en/copas/1978/bra
1978,Argentina,bra,Brazil,79,2,Defence,4,Amaral,Centre-back,78,false,https://7a0.com.br/en/copas/1978/bra
1978,Argentina,bra,Brazil,79,2,Defence,6,Edinho,Centre-back,79,false,https://7a0.com.br/en/copas/1978/bra
1978,Argentina,bra,Brazil,79,2,Defence,14,Abel,Centre-back,74,false,https://7a0.com.br/en/copas/1978/bra
1978,Argentina,bra,Brazil,79,2,Defence,15,Polozzi,Centre-back,71,false,https://7a0.com.br/en/copas/1978/bra
1978,Argentina,bra,Brazil,79,2,Defence,16,Rodrigues Neto,Left-back,76,false,https://7a0.com.br/en/copas/1978/bra
1978,Argentina,bra,Brazil,79,2,Midfield,5,Toninho Cerezo,Defensive midfielder,83,false,https://7a0.com.br/en/copas/1978/bra
1978,Argentina,bra,Brazil,79,2,Midfield,17,João Batista,Defensive midfielder,77,false,https://7a0.com.br/en/copas/1978/bra
1978,Argentina,bra,Brazil,79,2,Midfield,21,Chicão,Midfielder,72,false,https://7a0.com.br/en/copas/1978/bra
1978,Argentina,bra,Brazil,79,2,Midfield,8,Zico,Attacking midfielder,89,true,https://7a0.com.br/en/copas/1978/bra
1978,Argentina,bra,Brazil,79,2,Midfield,10,Rivelino,Attacking midfielder,86,true,https://7a0.com.br/en/copas/1978/bra
1978,Argentina,bra,Brazil,79,2,Midfield,11,Dirceu,Attacking midfielder,84,false,https://7a0.com.br/en/copas/1978/bra
1978,Argentina,bra,Brazil,79,2,Midfield,19,Jorge Mendonça,Attacking midfielder,74,false,https://7a0.com.br/en/copas/1978/bra
1978,Argentina,bra,Brazil,79,2,Attack,18,Gil,Right winger,75,false,https://7a0.com.br/en/copas/1978/bra
1978,Argentina,bra,Brazil,79,2,Attack,9,José Reinaldo,Centre-forward,87,false,https://7a0.com.br/en/copas/1978/bra
1978,Argentina,bra,Brazil,79,2,Attack,20,Roberto Dinamite,Centre-forward,88,false,https://7a0.com.br/en/copas/1978/bra
1978,Argentina,bra,Brazil,79,2,Attack,7,Zé Sérgio,Left winger,76,false,https://7a0.com.br/en/copas/1978/bra
1978,Argentina,fra,France,76,2,Goalkeepers,1,Dominique Baratelli,Goalkeeper,74,false,https://7a0.com.br/en/copas/1978/fra
1978,Argentina,fra,France,76,2,Goalkeepers,21,Jean-Paul Bertrand-Demanes,Goalkeeper,73,false,https://7a0.com.br/en/copas/1978/fra
1978,Argentina,fra,France,76,2,Goalkeepers,22,Dominique Dropsy,Goalkeeper,70,false,https://7a0.com.br/en/copas/1978/fra
1978,Argentina,fra,France,76,2,Defence,4,Gérard Janvion,Right-back,76,false,https://7a0.com.br/en/copas/1978/fra
1978,Argentina,fra,France,76,2,Defence,2,Patrick Battiston,Centre-back,75,false,https://7a0.com.br/en/copas/1978/fra
1978,Argentina,fra,France,76,2,Defence,3,Maxime Bossis,Centre-back,79,false,https://7a0.com.br/en/copas/1978/fra
1978,Argentina,fra,France,76,2,Defence,5,François Bracci,Centre-back,73,false,https://7a0.com.br/en/copas/1978/fra
1978,Argentina,fra,France,76,2,Defence,6,Christian Lopez,Centre-back,77,false,https://7a0.com.br/en/copas/1978/fra
1978,Argentina,fra,France,76,2,Defence,7,Patrice Rio,Centre-back,74,false,https://7a0.com.br/en/copas/1978/fra
1978,Argentina,fra,France,76,2,Defence,8,Marius Trésor,Centre-back,87,true,https://7a0.com.br/en/copas/1978/fra
1978,Argentina,fra,France,76,2,Midfield,9,Dominique Bathenay,Defensive midfielder,76,false,https://7a0.com.br/en/copas/1978/fra
1978,Argentina,fra,France,76,2,Midfield,11,Henri Michel,Defensive midfielder,77,false,https://7a0.com.br/en/copas/1978/fra
1978,Argentina,fra,France,76,2,Midfield,13,Jean Petit,Defensive midfielder,71,false,https://7a0.com.br/en/copas/1978/fra
1978,Argentina,fra,France,76,2,Midfield,10,Jean-Marc Guillou,Midfielder,75,false,https://7a0.com.br/en/copas/1978/fra
1978,Argentina,fra,France,76,2,Midfield,12,Claude Papi,Midfielder,71,false,https://7a0.com.br/en/copas/1978/fra
1978,Argentina,fra,France,76,2,Midfield,15,Michel Platini,Midfielder,88,true,https://7a0.com.br/en/copas/1978/fra
1978,Argentina,fra,France,76,2,Attack,18,Dominique Rocheteau,Right winger,83,false,https://7a0.com.br/en/copas/1978/fra
1978,Argentina,fra,France,76,2,Attack,14,Marc Berdoll,Centre-forward,73,false,https://7a0.com.br/en/copas/1978/fra
1978,Argentina,fra,France,76,2,Attack,16,Christian Dalger,Centre-forward,74,false,https://7a0.com.br/en/copas/1978/fra
1978,Argentina,fra,France,76,2,Attack,17,Bernard Lacombe,Centre-forward,80,false,https://7a0.com.br/en/copas/1978/fra
1978,Argentina,fra,France,76,2,Attack,20,Olivier Rouyer,Centre-forward,74,false,https://7a0.com.br/en/copas/1978/fra
1978,Argentina,fra,France,76,2,Attack,19,Didier Six,Left winger,78,false,https://7a0.com.br/en/copas/1978/fra
1978,Argentina,ita,Italy,79,3,Goalkeepers,1,Dino Zoff,Goalkeeper,86,true,https://7a0.com.br/en/copas/1978/ita
1978,Argentina,ita,Italy,79,3,Goalkeepers,12,Paolo Conti,Goalkeeper,70,false,https://7a0.com.br/en/copas/1978/ita
1978,Argentina,ita,Italy,79,3,Goalkeepers,22,Ivano Bordon,Goalkeeper,71,false,https://7a0.com.br/en/copas/1978/ita
1978,Argentina,ita,Italy,79,3,Defence,4,Antonello Cuccureddu,Right-back,76,false,https://7a0.com.br/en/copas/1978/ita
1978,Argentina,ita,Italy,79,3,Defence,5,Claudio Gentile,Right-back,82,false,https://7a0.com.br/en/copas/1978/ita
1978,Argentina,ita,Italy,79,3,Defence,2,Mauro Bellugi,Centre-back,78,false,https://7a0.com.br/en/copas/1978/ita
1978,Argentina,ita,Italy,79,3,Defence,7,Lionello Manfredonia,Centre-back,73,false,https://7a0.com.br/en/copas/1978/ita
1978,Argentina,ita,Italy,79,3,Defence,8,Gaetano Scirea,Centre-back,85,true,https://7a0.com.br/en/copas/1978/ita
1978,Argentina,ita,Italy,79,3,Defence,3,Antonio Cabrini,Left-back,80,false,https://7a0.com.br/en/copas/1978/ita
1978,Argentina,ita,Italy,79,3,Defence,6,Aldo Maldera,Left-back,76,false,https://7a0.com.br/en/copas/1978/ita
1978,Argentina,ita,Italy,79,3,Midfield,9,Giancarlo Antognoni,Defensive midfielder,84,false,https://7a0.com.br/en/copas/1978/ita
1978,Argentina,ita,Italy,79,3,Midfield,10,Romeo Benetti,Defensive midfielder,80,false,https://7a0.com.br/en/copas/1978/ita
1978,Argentina,ita,Italy,79,3,Midfield,14,Marco Tardelli,Defensive midfielder,83,false,https://7a0.com.br/en/copas/1978/ita
1978,Argentina,ita,Italy,79,3,Midfield,13,Patrizio Sala,Right midfielder,74,false,https://7a0.com.br/en/copas/1978/ita
1978,Argentina,ita,Italy,79,3,Midfield,11,Eraldo Pecci,Midfielder,75,false,https://7a0.com.br/en/copas/1978/ita
1978,Argentina,ita,Italy,79,3,Midfield,15,Renato Zaccarelli,Midfielder,75,false,https://7a0.com.br/en/copas/1978/ita
1978,Argentina,ita,Italy,79,3,Attack,16,Franco Causio,Right winger,82,false,https://7a0.com.br/en/copas/1978/ita
1978,Argentina,ita,Italy,79,3,Attack,18,Roberto Bettega,Centre-forward,85,false,https://7a0.com.br/en/copas/1978/ita
1978,Argentina,ita,Italy,79,3,Attack,19,Francesco Graziani,Centre-forward,80,false,https://7a0.com.br/en/copas/1978/ita
1978,Argentina,ita,Italy,79,3,Attack,20,Paolo Pulici,Centre-forward,78,false,https://7a0.com.br/en/copas/1978/ita
1978,Argentina,ita,Italy,79,3,Attack,21,Paolo Rossi,Centre-forward,82,true,https://7a0.com.br/en/copas/1978/ita
1978,Argentina,ita,Italy,79,3,Attack,17,Claudio Sala,Left winger,78,false,https://7a0.com.br/en/copas/1978/ita
1978,Argentina,mex,Mexico,72,1,Goalkeepers,1,José Pilar Reyes,Goalkeeper,72,false,https://7a0.com.br/en/copas/1978/mex
1978,Argentina,mex,Mexico,72,1,Goalkeepers,22,Pedro Soto,Goalkeeper,71,false,https://7a0.com.br/en/copas/1978/mex
1978,Argentina,mex,Mexico,72,1,Defence,2,Manuel Nájera,Right-back,70,false,https://7a0.com.br/en/copas/1978/mex
1978,Argentina,mex,Mexico,72,1,Defence,12,Jesús Martínez,Right-back,68,false,https://7a0.com.br/en/copas/1978/mex
1978,Argentina,mex,Mexico,72,1,Defence,4,Eduardo Ramos,Centre-back,74,false,https://7a0.com.br/en/copas/1978/mex
1978,Argentina,mex,Mexico,72,1,Defence,5,Arturo Vázquez,Centre-back,76,false,https://7a0.com.br/en/copas/1978/mex
1978,Argentina,mex,Mexico,72,1,Defence,13,Rigoberto Cisneros,Centre-back,69,false,https://7a0.com.br/en/copas/1978/mex
1978,Argentina,mex,Mexico,72,1,Defence,14,Carlos Gómez,Centre-back,69,false,https://7a0.com.br/en/copas/1978/mex
1978,Argentina,mex,Mexico,72,1,Defence,3,Alfredo Tena,Left-back,71,false,https://7a0.com.br/en/copas/1978/mex
1978,Argentina,mex,Mexico,72,1,Defence,15,Ignacio Flores,Left-back,70,false,https://7a0.com.br/en/copas/1978/mex
1978,Argentina,mex,Mexico,72,1,Midfield,6,Guillermo Mendizábal,Defensive midfielder,70,false,https://7a0.com.br/en/copas/1978/mex
1978,Argentina,mex,Mexico,72,1,Midfield,16,Javier Cárdenas,Defensive midfielder,72,false,https://7a0.com.br/en/copas/1978/mex
1978,Argentina,mex,Mexico,72,1,Midfield,18,Gerardo Lugo,Right midfielder,71,false,https://7a0.com.br/en/copas/1978/mex
1978,Argentina,mex,Mexico,72,1,Midfield,7,Antonio De la Torre,Left midfielder,78,false,https://7a0.com.br/en/copas/1978/mex
1978,Argentina,mex,Mexico,72,1,Midfield,8,Enrique López Zarza,Left midfielder,71,false,https://7a0.com.br/en/copas/1978/mex
1978,Argentina,mex,Mexico,72,1,Midfield,17,Leonardo Cuéllar,Left midfielder,73,false,https://7a0.com.br/en/copas/1978/mex
1978,Argentina,mex,Mexico,72,1,Attack,19,Hugo René Rodríguez,Right winger,70,false,https://7a0.com.br/en/copas/1978/mex
1978,Argentina,mex,Mexico,72,1,Attack,9,Víctor Rangel,Centre-forward,75,false,https://7a0.com.br/en/copas/1978/mex
1978,Argentina,mex,Mexico,72,1,Attack,10,Cristóbal Ortega,Centre-forward,73,false,https://7a0.com.br/en/copas/1978/mex
1978,Argentina,mex,Mexico,72,1,Attack,11,Hugo Sánchez,Centre-forward,82,true,https://7a0.com.br/en/copas/1978/mex
1978,Argentina,mex,Mexico,72,1,Attack,20,Mario Medina,Centre-forward,68,false,https://7a0.com.br/en/copas/1978/mex
1978,Argentina,mex,Mexico,72,1,Attack,21,Raúl Isiordia,Centre-forward,69,false,https://7a0.com.br/en/copas/1978/mex
1978,Argentina,ned,Netherlands,77,1,Goalkeepers,1,Piet Schrijvers,Goalkeeper,74,false,https://7a0.com.br/en/copas/1978/ned
1978,Argentina,ned,Netherlands,77,1,Goalkeepers,8,Jan Jongbloed,Goalkeeper,74,false,https://7a0.com.br/en/copas/1978/ned
1978,Argentina,ned,Netherlands,77,1,Goalkeepers,19,Pim Doesburg,Goalkeeper,68,false,https://7a0.com.br/en/copas/1978/ned
1978,Argentina,ned,Netherlands,77,1,Defence,2,Jan Poortvliet,Right-back,77,false,https://7a0.com.br/en/copas/1978/ned
1978,Argentina,ned,Netherlands,77,1,Defence,4,Adrie Van Kraay,Right-back,72,false,https://7a0.com.br/en/copas/1978/ned
1978,Argentina,ned,Netherlands,77,1,Defence,20,Wim Suurbier,Right-back,76,false,https://7a0.com.br/en/copas/1978/ned
1978,Argentina,ned,Netherlands,77,1,Defence,15,Hugo Hovenkamp,Centre-back,74,false,https://7a0.com.br/en/copas/1978/ned
1978,Argentina,ned,Netherlands,77,1,Defence,17,Wim Rijsbergen,Centre-back,78,false,https://7a0.com.br/en/copas/1978/ned
1978,Argentina,ned,Netherlands,77,1,Defence,22,Ernie Brandts,Centre-back,80,false,https://7a0.com.br/en/copas/1978/ned
1978,Argentina,ned,Netherlands,77,1,Defence,5,Ruud Krol,Left-back,89,false,https://7a0.com.br/en/copas/1978/ned
1978,Argentina,ned,Netherlands,77,1,Midfield,3,Dick Schoenaker,Defensive midfielder,73,false,https://7a0.com.br/en/copas/1978/ned
1978,Argentina,ned,Netherlands,77,1,Midfield,9,Arie Haan,Defensive midfielder,84,false,https://7a0.com.br/en/copas/1978/ned
1978,Argentina,ned,Netherlands,77,1,Midfield,10,René Van de Kerkhof,Defensive midfielder,81,false,https://7a0.com.br/en/copas/1978/ned
1978,Argentina,ned,Netherlands,77,1,Midfield,11,Willy Van de Kerkhof,Defensive midfielder,78,false,https://7a0.com.br/en/copas/1978/ned
1978,Argentina,ned,Netherlands,77,1,Midfield,13,Johan Neeskens,Defensive midfielder,86,true,https://7a0.com.br/en/copas/1978/ned
1978,Argentina,ned,Netherlands,77,1,Midfield,6,Wim Jansen,Right midfielder,79,false,https://7a0.com.br/en/copas/1978/ned
1978,Argentina,ned,Netherlands,77,1,Midfield,14,Johan Boskamp,Midfielder,73,false,https://7a0.com.br/en/copas/1978/ned
1978,Argentina,ned,Netherlands,77,1,Midfield,7,Piet Wildschut,Left midfielder,72,false,https://7a0.com.br/en/copas/1978/ned
1978,Argentina,ned,Netherlands,77,1,Attack,16,Johnny Rep,Right winger,83,false,https://7a0.com.br/en/copas/1978/ned
1978,Argentina,ned,Netherlands,77,1,Attack,18,Dick Nanninga,Centre-forward,75,false,https://7a0.com.br/en/copas/1978/ned
1978,Argentina,ned,Netherlands,77,1,Attack,21,Harry Lubse,Centre-forward,69,false,https://7a0.com.br/en/copas/1978/ned
1978,Argentina,ned,Netherlands,77,1,Attack,12,Rob Rensenbrink,Left winger,88,false,https://7a0.com.br/en/copas/1978/ned
1978,Argentina,per,Peru,75,2,Goalkeepers,1,Ottorino Sartor,Goalkeeper,76,false,https://7a0.com.br/en/copas/1978/per
1978,Argentina,per,Peru,75,2,Goalkeepers,13,Juan Cáceres,Goalkeeper,68,false,https://7a0.com.br/en/copas/1978/per
1978,Argentina,per,Peru,75,2,Goalkeepers,21,Ramón Quiroga,Goalkeeper,77,false,https://7a0.com.br/en/copas/1978/per
1978,Argentina,per,Peru,75,2,Defence,2,Jaime Duarte,Right-back,74,false,https://7a0.com.br/en/copas/1978/per
1978,Argentina,per,Peru,75,2,Defence,14,José Navarro,Right-back,71,false,https://7a0.com.br/en/copas/1978/per
1978,Argentina,per,Peru,75,2,Defence,3,Rodolfo Manzo,Centre-back,74,false,https://7a0.com.br/en/copas/1978/per
1978,Argentina,per,Peru,75,2,Defence,4,Héctor Chumpitaz,Centre-back,80,true,https://7a0.com.br/en/copas/1978/per
1978,Argentina,per,Peru,75,2,Defence,5,Rubén Toribio Díaz,Left-back,75,false,https://7a0.com.br/en/copas/1978/per
1978,Argentina,per,Peru,75,2,Defence,22,Roberto Rojas,Left-back,69,false,https://7a0.com.br/en/copas/1978/per
1978,Argentina,per,Peru,75,2,Midfield,6,José Velásquez,Defensive midfielder,76,false,https://7a0.com.br/en/copas/1978/per
1978,Argentina,per,Peru,75,2,Midfield,10,Teófilo Cubillas,Defensive midfielder,88,true,https://7a0.com.br/en/copas/1978/per
1978,Argentina,per,Peru,75,2,Midfield,15,Germán Leguía,Defensive midfielder,72,false,https://7a0.com.br/en/copas/1978/per
1978,Argentina,per,Peru,75,2,Midfield,17,Alfredo Quesada,Defensive midfielder,75,false,https://7a0.com.br/en/copas/1978/per
1978,Argentina,per,Peru,75,2,Midfield,16,Raúl Gorriti,Midfielder,70,false,https://7a0.com.br/en/copas/1978/per
1978,Argentina,per,Peru,75,2,Midfield,18,Ernesto Labarthe,Midfielder,68,false,https://7a0.com.br/en/copas/1978/per
1978,Argentina,per,Peru,75,2,Midfield,8,César Cueto,Attacking midfielder,83,false,https://7a0.com.br/en/copas/1978/per
1978,Argentina,per,Peru,75,2,Attack,7,Juan Muñante,Right winger,78,false,https://7a0.com.br/en/copas/1978/per
1978,Argentina,per,Peru,75,2,Attack,9,Percy Rojas,Centre-forward,75,false,https://7a0.com.br/en/copas/1978/per
1978,Argentina,per,Peru,75,2,Attack,12,Roberto Mosquera,Centre-forward,70,false,https://7a0.com.br/en/copas/1978/per
1978,Argentina,per,Peru,75,2,Attack,19,Guillermo La Rosa,Centre-forward,72,false,https://7a0.com.br/en/copas/1978/per
1978,Argentina,per,Peru,75,2,Attack,20,Hugo Sotil,Centre-forward,79,false,https://7a0.com.br/en/copas/1978/per
1978,Argentina,per,Peru,75,2,Attack,11,Juan Carlos Oblitas,Left winger,78,false,https://7a0.com.br/en/copas/1978/per
1978,Argentina,pol,Poland,77,3,Goalkeepers,1,Jan Tomaszewski,Goalkeeper,85,false,https://7a0.com.br/en/copas/1978/pol
1978,Argentina,pol,Poland,77,3,Goalkeepers,21,Zygmunt Kukla,Goalkeeper,70,false,https://7a0.com.br/en/copas/1978/pol
1978,Argentina,pol,Poland,77,3,Goalkeepers,22,Zdzisław Kostrzewa,Goalkeeper,67,false,https://7a0.com.br/en/copas/1978/pol
1978,Argentina,pol,Poland,77,3,Defence,4,Antoni Szymanowski,Right-back,79,false,https://7a0.com.br/en/copas/1978/pol
1978,Argentina,pol,Poland,77,3,Defence,10,Wojciech Rudy,Right-back,73,false,https://7a0.com.br/en/copas/1978/pol
1978,Argentina,pol,Poland,77,3,Defence,13,Janusz Kupcewicz,Right-back,71,false,https://7a0.com.br/en/copas/1978/pol
1978,Argentina,pol,Poland,77,3,Defence,20,Roman Wójcicki,Right-back,68,false,https://7a0.com.br/en/copas/1978/pol
1978,Argentina,pol,Poland,77,3,Defence,6,Jerzy Gorgoń,Centre-back,80,false,https://7a0.com.br/en/copas/1978/pol
1978,Argentina,pol,Poland,77,3,Defence,9,Władysław Żmuda,Centre-back,86,false,https://7a0.com.br/en/copas/1978/pol
1978,Argentina,pol,Poland,77,3,Defence,14,Mirosław Justek,Centre-back,72,false,https://7a0.com.br/en/copas/1978/pol
1978,Argentina,pol,Poland,77,3,Defence,3,Henryk Maculewicz,Left-back,75,false,https://7a0.com.br/en/copas/1978/pol
1978,Argentina,pol,Poland,77,3,Midfield,5,Adam Nawałka,Defensive midfielder,74,false,https://7a0.com.br/en/copas/1978/pol
1978,Argentina,pol,Poland,77,3,Midfield,8,Henryk Kasperczak,Defensive midfielder,80,false,https://7a0.com.br/en/copas/1978/pol
1978,Argentina,pol,Poland,77,3,Midfield,15,Marek Kusto,Defensive midfielder,73,false,https://7a0.com.br/en/copas/1978/pol
1978,Argentina,pol,Poland,77,3,Midfield,11,Bohdan Masztaler,Midfielder,74,false,https://7a0.com.br/en/copas/1978/pol
1978,Argentina,pol,Poland,77,3,Midfield,12,Kazimierz Deyna,Midfielder,89,true,https://7a0.com.br/en/copas/1978/pol
1978,Argentina,pol,Poland,77,3,Attack,7,Andrzej Iwan,Right winger,73,false,https://7a0.com.br/en/copas/1978/pol
1978,Argentina,pol,Poland,77,3,Attack,16,Grzegorz Lato,Right winger,87,true,https://7a0.com.br/en/copas/1978/pol
1978,Argentina,pol,Poland,77,3,Attack,2,Włodzimierz Mazur,Centre-forward,70,false,https://7a0.com.br/en/copas/1978/pol
1978,Argentina,pol,Poland,77,3,Attack,17,Andrzej Szarmach,Centre-forward,83,false,https://7a0.com.br/en/copas/1978/pol
1978,Argentina,pol,Poland,77,3,Attack,18,Zbigniew Boniek,Centre-forward,88,true,https://7a0.com.br/en/copas/1978/pol
1978,Argentina,pol,Poland,77,3,Attack,19,Włodzimierz Lubański,Centre-forward,85,false,https://7a0.com.br/en/copas/1978/pol
1978,Argentina,sco,Scotland,77,2,Goalkeepers,1,Alan Rough,Goalkeeper,76,false,https://7a0.com.br/en/copas/1978/sco
1978,Argentina,sco,Scotland,77,2,Goalkeepers,12,Jim Blyth,Goalkeeper,73,false,https://7a0.com.br/en/copas/1978/sco
1978,Argentina,sco,Scotland,77,2,Goalkeepers,20,Bobby Clark,Goalkeeper,73,false,https://7a0.com.br/en/copas/1978/sco
1978,Argentina,sco,Scotland,77,2,Defence,2,Sandy Jardine,Right-back,77,false,https://7a0.com.br/en/copas/1978/sco
1978,Argentina,sco,Scotland,77,2,Defence,13,Stuart Kennedy,Right-back,74,false,https://7a0.com.br/en/copas/1978/sco
1978,Argentina,sco,Scotland,77,2,Defence,4,Martin Buchan,Centre-back,79,false,https://7a0.com.br/en/copas/1978/sco
1978,Argentina,sco,Scotland,77,2,Defence,5,Gordon McQueen,Centre-back,78,false,https://7a0.com.br/en/copas/1978/sco
1978,Argentina,sco,Scotland,77,2,Defence,14,Tom Forsyth,Centre-back,75,false,https://7a0.com.br/en/copas/1978/sco
1978,Argentina,sco,Scotland,77,2,Defence,3,Willie Donachie,Left-back,77,false,https://7a0.com.br/en/copas/1978/sco
1978,Argentina,sco,Scotland,77,2,Midfield,22,Kenny Burns,Defensive midfielder,78,false,https://7a0.com.br/en/copas/1978/sco
1978,Argentina,sco,Scotland,77,2,Midfield,6,Bruce Rioch,Midfielder,77,false,https://7a0.com.br/en/copas/1978/sco
1978,Argentina,sco,Scotland,77,2,Midfield,7,Don Masson,Midfielder,76,false,https://7a0.com.br/en/copas/1978/sco
1978,Argentina,sco,Scotland,77,2,Midfield,10,Asa Hartford,Midfielder,77,false,https://7a0.com.br/en/copas/1978/sco
1978,Argentina,sco,Scotland,77,2,Midfield,15,Archie Gemmill,Midfielder,79,false,https://7a0.com.br/en/copas/1978/sco
1978,Argentina,sco,Scotland,77,2,Midfield,16,Lou Macari,Midfielder,77,false,https://7a0.com.br/en/copas/1978/sco
1978,Argentina,sco,Scotland,77,2,Midfield,18,Graeme Souness,Midfielder,82,true,https://7a0.com.br/en/copas/1978/sco
1978,Argentina,sco,Scotland,77,2,Attack,8,Kenny Dalglish,Centre-forward,83,true,https://7a0.com.br/en/copas/1978/sco
1978,Argentina,sco,Scotland,77,2,Attack,9,Joe Jordan,Centre-forward,79,false,https://7a0.com.br/en/copas/1978/sco
1978,Argentina,sco,Scotland,77,2,Attack,17,Derek Johnstone,Centre-forward,75,false,https://7a0.com.br/en/copas/1978/sco
1978,Argentina,sco,Scotland,77,2,Attack,21,Joe Harper,Centre-forward,74,false,https://7a0.com.br/en/copas/1978/sco
1978,Argentina,sco,Scotland,77,2,Attack,11,Willie Johnston,Left winger,76,false,https://7a0.com.br/en/copas/1978/sco
1978,Argentina,sco,Scotland,77,2,Attack,19,John Robertson,Left winger,77,false,https://7a0.com.br/en/copas/1978/sco
1978,Argentina,esp,Spain,77,2,Goalkeepers,1,Luis Arconada,Goalkeeper,84,true,https://7a0.com.br/en/copas/1978/esp
1978,Argentina,esp,Spain,77,2,Goalkeepers,13,Miguel Ángel,Goalkeeper,78,false,https://7a0.com.br/en/copas/1978/esp
1978,Argentina,esp,Spain,77,2,Goalkeepers,22,Urruti,Goalkeeper,72,false,https://7a0.com.br/en/copas/1978/esp
1978,Argentina,esp,Spain,77,2,Defence,2,Antonio De la Cruz,Right-back,73,false,https://7a0.com.br/en/copas/1978/esp
1978,Argentina,esp,Spain,77,2,Defence,16,Antonio Olmo,Right-back,74,false,https://7a0.com.br/en/copas/1978/esp
1978,Argentina,esp,Spain,77,2,Defence,3,Francisco Javier Uría,Centre-back,73,false,https://7a0.com.br/en/copas/1978/esp
1978,Argentina,esp,Spain,77,2,Defence,5,Migueli,Centre-back,77,false,https://7a0.com.br/en/copas/1978/esp
1978,Argentina,esp,Spain,77,2,Defence,6,Antonio Biosca,Centre-back,72,false,https://7a0.com.br/en/copas/1978/esp
1978,Argentina,esp,Spain,77,2,Defence,17,Marcelino,Centre-back,73,false,https://7a0.com.br/en/copas/1978/esp
1978,Argentina,esp,Spain,77,2,Defence,18,Pirri,Centre-back,82,false,https://7a0.com.br/en/copas/1978/esp
1978,Argentina,esp,Spain,77,2,Midfield,12,Antonio Guzmán,Defensive midfielder,72,false,https://7a0.com.br/en/copas/1978/esp
1978,Argentina,esp,Spain,77,2,Midfield,21,Isidoro San José,Defensive midfielder,74,false,https://7a0.com.br/en/copas/1978/esp
1978,Argentina,esp,Spain,77,2,Midfield,4,Juan Manuel Asensi,Midfielder,80,false,https://7a0.com.br/en/copas/1978/esp
1978,Argentina,esp,Spain,77,2,Midfield,11,Julio Cardeñosa,Midfielder,79,false,https://7a0.com.br/en/copas/1978/esp
1978,Argentina,esp,Spain,77,2,Midfield,14,Eugenio Leal,Left midfielder,73,false,https://7a0.com.br/en/copas/1978/esp
1978,Argentina,esp,Spain,77,2,Attack,8,Juanito,Right winger,79,false,https://7a0.com.br/en/copas/1978/esp
1978,Argentina,esp,Spain,77,2,Attack,9,Quini,Centre-forward,84,true,https://7a0.com.br/en/copas/1978/esp
1978,Argentina,esp,Spain,77,2,Attack,10,Santillana,Centre-forward,83,false,https://7a0.com.br/en/copas/1978/esp
1978,Argentina,esp,Spain,77,2,Attack,15,Marañón,Centre-forward,75,false,https://7a0.com.br/en/copas/1978/esp
1978,Argentina,esp,Spain,77,2,Attack,20,Rubén Cano,Centre-forward,76,false,https://7a0.com.br/en/copas/1978/esp
1978,Argentina,esp,Spain,77,2,Attack,7,Dani,Left winger,77,false,https://7a0.com.br/en/copas/1978/esp
1978,Argentina,esp,Spain,77,2,Attack,19,Carles Rexach,Left winger,79,false,https://7a0.com.br/en/copas/1978/esp
1982,Spain,alg,Algeria,75,3,Goalkeepers,1,Mehdi Cerbah,Goalkeeper,76,false,https://7a0.com.br/en/copas/1982/alg
1982,Spain,alg,Algeria,75,3,Goalkeepers,21,Mourad Amara,Goalkeeper,70,false,https://7a0.com.br/en/copas/1982/alg
1982,Spain,alg,Algeria,75,3,Goalkeepers,22,Yacine Bentalaa,Goalkeeper,69,false,https://7a0.com.br/en/copas/1982/alg
1982,Spain,alg,Algeria,75,3,Defence,16,Faouzi Mansouri,Right-back,71,false,https://7a0.com.br/en/copas/1982/alg
1982,Spain,alg,Algeria,75,3,Defence,17,Abdelkader Horr,Right-back,72,false,https://7a0.com.br/en/copas/1982/alg
1982,Spain,alg,Algeria,75,3,Defence,2,Mahmoud Guendouz,Centre-back,74,false,https://7a0.com.br/en/copas/1982/alg
1982,Spain,alg,Algeria,75,3,Defence,3,Mustapha Kouici,Centre-back,73,false,https://7a0.com.br/en/copas/1982/alg
1982,Spain,alg,Algeria,75,3,Defence,4,Noureddine Kourichi,Centre-back,77,false,https://7a0.com.br/en/copas/1982/alg
1982,Spain,alg,Algeria,75,3,Defence,5,Chaâbane Merzekane,Centre-back,74,false,https://7a0.com.br/en/copas/1982/alg
1982,Spain,alg,Algeria,75,3,Midfield,8,Ali Fergani,Defensive midfielder,77,true,https://7a0.com.br/en/copas/1982/alg
1982,Spain,alg,Algeria,75,3,Midfield,12,Salah Larbès,Defensive midfielder,73,false,https://7a0.com.br/en/copas/1982/alg
1982,Spain,alg,Algeria,75,3,Midfield,13,Hocine Yahi,Defensive midfielder,72,false,https://7a0.com.br/en/copas/1982/alg
1982,Spain,alg,Algeria,75,3,Midfield,18,Karim Maroc,Defensive midfielder,72,false,https://7a0.com.br/en/copas/1982/alg
1982,Spain,alg,Algeria,75,3,Midfield,19,Djamel Tlemçani,Defensive midfielder,72,false,https://7a0.com.br/en/copas/1982/alg
1982,Spain,alg,Algeria,75,3,Midfield,10,Lakhdar Belloumi,Midfielder,80,true,https://7a0.com.br/en/copas/1982/alg
1982,Spain,alg,Algeria,75,3,Midfield,14,Djamel Zidane,Attacking midfielder,75,false,https://7a0.com.br/en/copas/1982/alg
1982,Spain,alg,Algeria,75,3,Midfield,15,Mustapha Dahleb,Attacking midfielder,81,false,https://7a0.com.br/en/copas/1982/alg
1982,Spain,alg,Algeria,75,3,Attack,11,Rabah Madjer,Centre-forward,82,true,https://7a0.com.br/en/copas/1982/alg
1982,Spain,alg,Algeria,75,3,Attack,6,Ali Bencheikh,Left winger,73,false,https://7a0.com.br/en/copas/1982/alg
1982,Spain,alg,Algeria,75,3,Attack,7,Salah Assad,Left winger,81,false,https://7a0.com.br/en/copas/1982/alg
1982,Spain,alg,Algeria,75,3,Attack,9,Tedj Bensaoula,Left winger,78,false,https://7a0.com.br/en/copas/1982/alg
1982,Spain,alg,Algeria,75,3,Attack,20,Abdelmajid Bourebbou,Left winger,73,false,https://7a0.com.br/en/copas/1982/alg
1982,Spain,arg,Argentina,79,4,Goalkeepers,2,Héctor Baley,Goalkeeper,72,false,https://7a0.com.br/en/copas/1982/arg
1982,Spain,arg,Argentina,79,4,Goalkeepers,7,Ubaldo Fillol,Goalkeeper,88,true,https://7a0.com.br/en/copas/1982/arg
1982,Spain,arg,Argentina,79,4,Goalkeepers,16,Nery Pumpido,Goalkeeper,74,false,https://7a0.com.br/en/copas/1982/arg
1982,Spain,arg,Argentina,79,4,Defence,14,Jorge Olguín,Right-back,77,false,https://7a0.com.br/en/copas/1982/arg
1982,Spain,arg,Argentina,79,4,Defence,8,Luis Galván,Centre-back,78,false,https://7a0.com.br/en/copas/1982/arg
1982,Spain,arg,Argentina,79,4,Defence,15,Daniel Passarella,Centre-back,90,true,https://7a0.com.br/en/copas/1982/arg
1982,Spain,arg,Argentina,79,4,Defence,19,Enzo Trossero,Centre-back,73,false,https://7a0.com.br/en/copas/1982/arg
1982,Spain,arg,Argentina,79,4,Defence,22,José Van Tuyne,Centre-back,72,false,https://7a0.com.br/en/copas/1982/arg
1982,Spain,arg,Argentina,79,4,Defence,13,Julio Olarticoechea,Left-back,74,false,https://7a0.com.br/en/copas/1982/arg
1982,Spain,arg,Argentina,79,4,Defence,18,Alberto Tarantini,Left-back,78,false,https://7a0.com.br/en/copas/1982/arg
1982,Spain,arg,Argentina,79,4,Midfield,9,Américo Gallego,Defensive midfielder,77,false,https://7a0.com.br/en/copas/1982/arg
1982,Spain,arg,Argentina,79,4,Midfield,21,José Daniel Valencia,Defensive midfielder,74,false,https://7a0.com.br/en/copas/1982/arg
1982,Spain,arg,Argentina,79,4,Midfield,1,Osvaldo Ardiles,Midfielder,87,false,https://7a0.com.br/en/copas/1982/arg
1982,Spain,arg,Argentina,79,4,Midfield,12,Patricio Hernández,Left midfielder,74,false,https://7a0.com.br/en/copas/1982/arg
1982,Spain,arg,Argentina,79,4,Midfield,5,Gabriel Calderón,Attacking midfielder,76,false,https://7a0.com.br/en/copas/1982/arg
1982,Spain,arg,Argentina,79,4,Midfield,10,Diego Maradona,Attacking midfielder,95,true,https://7a0.com.br/en/copas/1982/arg
1982,Spain,arg,Argentina,79,4,Attack,3,Juan Barbas,Right winger,73,false,https://7a0.com.br/en/copas/1982/arg
1982,Spain,arg,Argentina,79,4,Attack,4,Daniel Bertoni,Right winger,80,false,https://7a0.com.br/en/copas/1982/arg
1982,Spain,arg,Argentina,79,4,Attack,6,Ramón Díaz,Centre-forward,82,false,https://7a0.com.br/en/copas/1982/arg
1982,Spain,arg,Argentina,79,4,Attack,11,Mario Kempes,Centre-forward,88,true,https://7a0.com.br/en/copas/1982/arg
1982,Spain,arg,Argentina,79,4,Attack,17,Santiago Santamaría,Centre-forward,73,false,https://7a0.com.br/en/copas/1982/arg
1982,Spain,arg,Argentina,79,4,Attack,20,Jorge Valdano,Centre-forward,83,false,https://7a0.com.br/en/copas/1982/arg
1982,Spain,aut,Austria,76,2,Goalkeepers,1,Friedrich Koncilia,Goalkeeper,79,false,https://7a0.com.br/en/copas/1982/aut
1982,Spain,aut,Austria,76,2,Goalkeepers,21,Herbert Feurer,Goalkeeper,73,false,https://7a0.com.br/en/copas/1982/aut
1982,Spain,aut,Austria,76,2,Goalkeepers,22,Klaus Lindenberger,Goalkeeper,72,false,https://7a0.com.br/en/copas/1982/aut
1982,Spain,aut,Austria,76,2,Defence,2,Bernd Krauss,Right-back,76,false,https://7a0.com.br/en/copas/1982/aut
1982,Spain,aut,Austria,76,2,Defence,3,Erich Obermayer,Centre-back,77,false,https://7a0.com.br/en/copas/1982/aut
1982,Spain,aut,Austria,76,2,Defence,4,Josef Degeorgi,Centre-back,73,false,https://7a0.com.br/en/copas/1982/aut
1982,Spain,aut,Austria,76,2,Defence,5,Bruno Pezzey,Centre-back,81,false,https://7a0.com.br/en/copas/1982/aut
1982,Spain,aut,Austria,76,2,Defence,12,Anton Pichler,Centre-back,73,false,https://7a0.com.br/en/copas/1982/aut
1982,Spain,aut,Austria,76,2,Defence,16,Gerald Messlender,Centre-back,72,false,https://7a0.com.br/en/copas/1982/aut
1982,Spain,aut,Austria,76,2,Defence,19,Heribert Weber,Centre-back,75,false,https://7a0.com.br/en/copas/1982/aut
1982,Spain,aut,Austria,76,2,Defence,17,Johann Pregesbauer,Left-back,73,false,https://7a0.com.br/en/copas/1982/aut
1982,Spain,aut,Austria,76,2,Midfield,6,Roland Hattenberger,Defensive midfielder,75,false,https://7a0.com.br/en/copas/1982/aut
1982,Spain,aut,Austria,76,2,Midfield,10,Reinhold Hintermaier,Defensive midfielder,76,false,https://7a0.com.br/en/copas/1982/aut
1982,Spain,aut,Austria,76,2,Midfield,14,Ernst Baumeister,Defensive midfielder,75,false,https://7a0.com.br/en/copas/1982/aut
1982,Spain,aut,Austria,76,2,Midfield,15,Johann Dihanich,Defensive midfielder,73,false,https://7a0.com.br/en/copas/1982/aut
1982,Spain,aut,Austria,76,2,Midfield,8,Herbert Prohaska,Midfielder,85,true,https://7a0.com.br/en/copas/1982/aut
1982,Spain,aut,Austria,76,2,Midfield,11,Kurt Jara,Attacking midfielder,77,false,https://7a0.com.br/en/copas/1982/aut
1982,Spain,aut,Austria,76,2,Attack,18,Gernot Jurtin,Right winger,73,false,https://7a0.com.br/en/copas/1982/aut
1982,Spain,aut,Austria,76,2,Attack,7,Walter Schachner,Centre-forward,78,false,https://7a0.com.br/en/copas/1982/aut
1982,Spain,aut,Austria,76,2,Attack,9,Hans Krankl,Centre-forward,82,true,https://7a0.com.br/en/copas/1982/aut
1982,Spain,aut,Austria,76,2,Attack,13,Max Hagmayr,Centre-forward,73,false,https://7a0.com.br/en/copas/1982/aut
1982,Spain,aut,Austria,76,2,Attack,20,Kurt Welzl,Centre-forward,74,false,https://7a0.com.br/en/copas/1982/aut
1982,Spain,bel,Belgium,77,3,Goalkeepers,1,Jean-Marie Pfaff,Goalkeeper,90,true,https://7a0.com.br/en/copas/1982/bel
1982,Spain,bel,Belgium,77,3,Goalkeepers,12,Theo Custers,Goalkeeper,69,false,https://7a0.com.br/en/copas/1982/bel
1982,Spain,bel,Belgium,77,3,Goalkeepers,22,Jacky Munaron,Goalkeeper,70,false,https://7a0.com.br/en/copas/1982/bel
1982,Spain,bel,Belgium,77,3,Defence,2,Eric Gerets,Right-back,86,true,https://7a0.com.br/en/copas/1982/bel
1982,Spain,bel,Belgium,77,3,Defence,15,Maurits De Schrijver,Right-back,72,false,https://7a0.com.br/en/copas/1982/bel
1982,Spain,bel,Belgium,77,3,Defence,3,Luc Millecamps,Centre-back,78,false,https://7a0.com.br/en/copas/1982/bel
1982,Spain,bel,Belgium,77,3,Defence,4,Walter Meeuws,Centre-back,77,false,https://7a0.com.br/en/copas/1982/bel
1982,Spain,bel,Belgium,77,3,Defence,14,Marc Baecke,Centre-back,74,false,https://7a0.com.br/en/copas/1982/bel
1982,Spain,bel,Belgium,77,3,Defence,5,Michel Renquin,Left-back,76,false,https://7a0.com.br/en/copas/1982/bel
1982,Spain,bel,Belgium,77,3,Defence,16,Gerard Plessers,Left-back,72,false,https://7a0.com.br/en/copas/1982/bel
1982,Spain,bel,Belgium,77,3,Midfield,19,Marc Millecamps,Defensive midfielder,73,false,https://7a0.com.br/en/copas/1982/bel
1982,Spain,bel,Belgium,77,3,Midfield,20,Guy Vandersmissen,Defensive midfielder,73,false,https://7a0.com.br/en/copas/1982/bel
1982,Spain,bel,Belgium,77,3,Midfield,17,René Verheyen,Right midfielder,74,false,https://7a0.com.br/en/copas/1982/bel
1982,Spain,bel,Belgium,77,3,Midfield,7,Jos Daerden,Midfielder,72,false,https://7a0.com.br/en/copas/1982/bel
1982,Spain,bel,Belgium,77,3,Midfield,8,Wilfried Van Moer,Midfielder,81,false,https://7a0.com.br/en/copas/1982/bel
1982,Spain,bel,Belgium,77,3,Midfield,10,Ludo Coeck,Midfielder,80,false,https://7a0.com.br/en/copas/1982/bel
1982,Spain,bel,Belgium,77,3,Midfield,11,Jan Ceulemans,Attacking midfielder,87,true,https://7a0.com.br/en/copas/1982/bel
1982,Spain,bel,Belgium,77,3,Attack,13,François Van Der Elst,Right winger,79,false,https://7a0.com.br/en/copas/1982/bel
1982,Spain,bel,Belgium,77,3,Attack,9,Erwin Vandenbergh,Centre-forward,83,false,https://7a0.com.br/en/copas/1982/bel
1982,Spain,bel,Belgium,77,3,Attack,18,Raymond Mommens,Centre-forward,72,false,https://7a0.com.br/en/copas/1982/bel
1982,Spain,bel,Belgium,77,3,Attack,21,Alexandre Czerniatynski,Centre-forward,74,false,https://7a0.com.br/en/copas/1982/bel
1982,Spain,bel,Belgium,77,3,Attack,6,Franky Vercauteren,Left winger,80,false,https://7a0.com.br/en/copas/1982/bel
1982,Spain,bra,Brazil,78,3,Goalkeepers,1,Waldir Peres,Goalkeeper,74,false,https://7a0.com.br/en/copas/1982/bra
1982,Spain,bra,Brazil,78,3,Goalkeepers,12,Paulo Sérgio,Goalkeeper,68,false,https://7a0.com.br/en/copas/1982/bra
1982,Spain,bra,Brazil,78,3,Goalkeepers,22,Carlos Gallo,Goalkeeper,68,false,https://7a0.com.br/en/copas/1982/bra
1982,Spain,bra,Brazil,78,3,Defence,2,José Leandro,Right-back,87,false,https://7a0.com.br/en/copas/1982/bra
1982,Spain,bra,Brazil,78,3,Defence,13,Edevaldo,Right-back,70,false,https://7a0.com.br/en/copas/1982/bra
1982,Spain,bra,Brazil,78,3,Defence,3,Oscar,Centre-back,80,false,https://7a0.com.br/en/copas/1982/bra
1982,Spain,bra,Brazil,78,3,Defence,4,Luizinho,Centre-back,76,false,https://7a0.com.br/en/copas/1982/bra
1982,Spain,bra,Brazil,78,3,Defence,14,Juninho,Centre-back,70,false,https://7a0.com.br/en/copas/1982/bra
1982,Spain,bra,Brazil,78,3,Defence,16,Edinho,Centre-back,75,false,https://7a0.com.br/en/copas/1982/bra
1982,Spain,bra,Brazil,78,3,Defence,6,Júnior,Left-back,87,false,https://7a0.com.br/en/copas/1982/bra
1982,Spain,bra,Brazil,78,3,Defence,17,Pedrinho,Left-back,69,false,https://7a0.com.br/en/copas/1982/bra
1982,Spain,bra,Brazil,78,3,Midfield,5,Toninho Cerezo,Defensive midfielder,83,false,https://7a0.com.br/en/copas/1982/bra
1982,Spain,bra,Brazil,78,3,Midfield,7,Paulo Isidoro,Defensive midfielder,74,false,https://7a0.com.br/en/copas/1982/bra
1982,Spain,bra,Brazil,78,3,Midfield,15,Falcão,Defensive midfielder,94,true,https://7a0.com.br/en/copas/1982/bra
1982,Spain,bra,Brazil,78,3,Midfield,18,João Batista,Defensive midfielder,73,false,https://7a0.com.br/en/copas/1982/bra
1982,Spain,bra,Brazil,78,3,Midfield,8,Sócrates,Midfielder,91,true,https://7a0.com.br/en/copas/1982/bra
1982,Spain,bra,Brazil,78,3,Midfield,21,Dirceu,Left midfielder,74,false,https://7a0.com.br/en/copas/1982/bra
1982,Spain,bra,Brazil,78,3,Midfield,10,Zico,Attacking midfielder,94,true,https://7a0.com.br/en/copas/1982/bra
1982,Spain,bra,Brazil,78,3,Midfield,19,Carlos Renato,Attacking midfielder,70,false,https://7a0.com.br/en/copas/1982/bra
1982,Spain,bra,Brazil,78,3,Attack,9,Serginho,Centre-forward,74,false,https://7a0.com.br/en/copas/1982/bra
1982,Spain,bra,Brazil,78,3,Attack,20,Roberto Dinamite,Centre-forward,89,false,https://7a0.com.br/en/copas/1982/bra
1982,Spain,bra,Brazil,78,3,Attack,11,Éder,Left winger,83,false,https://7a0.com.br/en/copas/1982/bra
1982,Spain,cmr,Cameroon,72,2,Goalkeepers,1,Thomas N'Kono,Goalkeeper,80,true,https://7a0.com.br/en/copas/1982/cmr
1982,Spain,cmr,Cameroon,72,2,Goalkeepers,12,Joseph-Antoine Bell,Goalkeeper,76,false,https://7a0.com.br/en/copas/1982/cmr
1982,Spain,cmr,Cameroon,72,2,Goalkeepers,22,Simon Tchobang,Goalkeeper,68,false,https://7a0.com.br/en/copas/1982/cmr
1982,Spain,cmr,Cameroon,72,2,Defence,2,Michel Kaham,Right-back,70,false,https://7a0.com.br/en/copas/1982/cmr
1982,Spain,cmr,Cameroon,72,2,Defence,16,Ibrahim Aoudou,Right-back,70,false,https://7a0.com.br/en/copas/1982/cmr
1982,Spain,cmr,Cameroon,72,2,Defence,3,Edmond Enoka,Centre-back,69,false,https://7a0.com.br/en/copas/1982/cmr
1982,Spain,cmr,Cameroon,72,2,Defence,4,René N'Djeya,Centre-back,72,false,https://7a0.com.br/en/copas/1982/cmr
1982,Spain,cmr,Cameroon,72,2,Defence,6,Emmanuel Kundé,Centre-back,76,false,https://7a0.com.br/en/copas/1982/cmr
1982,Spain,cmr,Cameroon,72,2,Defence,15,François N'Doumbé,Left-back,69,false,https://7a0.com.br/en/copas/1982/cmr
1982,Spain,cmr,Cameroon,72,2,Midfield,5,Elie Onana,Defensive midfielder,71,false,https://7a0.com.br/en/copas/1982/cmr
1982,Spain,cmr,Cameroon,72,2,Midfield,11,Charles Toubé,Defensive midfielder,71,false,https://7a0.com.br/en/copas/1982/cmr
1982,Spain,cmr,Cameroon,72,2,Midfield,17,Joseph Kamga,Defensive midfielder,70,false,https://7a0.com.br/en/copas/1982/cmr
1982,Spain,cmr,Cameroon,72,2,Midfield,7,Ephrem M'Bom,Midfielder,70,false,https://7a0.com.br/en/copas/1982/cmr
1982,Spain,cmr,Cameroon,72,2,Midfield,8,Grégoire M'Bida,Midfielder,75,false,https://7a0.com.br/en/copas/1982/cmr
1982,Spain,cmr,Cameroon,72,2,Midfield,14,Théophile Abega,Midfielder,77,false,https://7a0.com.br/en/copas/1982/cmr
1982,Spain,cmr,Cameroon,72,2,Midfield,10,Jean-Pierre Tokoto,Attacking midfielder,76,false,https://7a0.com.br/en/copas/1982/cmr
1982,Spain,cmr,Cameroon,72,2,Midfield,19,Joseph Enanga,Attacking midfielder,69,false,https://7a0.com.br/en/copas/1982/cmr
1982,Spain,cmr,Cameroon,72,2,Attack,13,Paul Bahoken,Right winger,72,false,https://7a0.com.br/en/copas/1982/cmr
1982,Spain,cmr,Cameroon,72,2,Attack,21,Ernest Ebongué,Right winger,67,false,https://7a0.com.br/en/copas/1982/cmr
1982,Spain,cmr,Cameroon,72,2,Attack,9,Roger Milla,Centre-forward,79,true,https://7a0.com.br/en/copas/1982/cmr
1982,Spain,cmr,Cameroon,72,2,Attack,18,Jacques N'Guea,Centre-forward,71,false,https://7a0.com.br/en/copas/1982/cmr
1982,Spain,cmr,Cameroon,72,2,Attack,20,Oscar Eyobo,Left winger,68,false,https://7a0.com.br/en/copas/1982/cmr
1982,Spain,eng,England,80,3,Goalkeepers,1,Ray Clemence,Goalkeeper,83,false,https://7a0.com.br/en/copas/1982/eng
1982,Spain,eng,England,80,3,Goalkeepers,13,Joe Corrigan,Goalkeeper,74,false,https://7a0.com.br/en/copas/1982/eng
1982,Spain,eng,England,80,3,Goalkeepers,22,Peter Shilton,Goalkeeper,92,true,https://7a0.com.br/en/copas/1982/eng
1982,Spain,eng,England,80,3,Defence,2,Viv Anderson,Right-back,76,false,https://7a0.com.br/en/copas/1982/eng
1982,Spain,eng,England,80,3,Defence,12,Mick Mills,Right-back,77,false,https://7a0.com.br/en/copas/1982/eng
1982,Spain,eng,England,80,3,Defence,14,Phil Neal,Right-back,79,false,https://7a0.com.br/en/copas/1982/eng
1982,Spain,eng,England,80,3,Defence,4,Terry Butcher,Centre-back,82,false,https://7a0.com.br/en/copas/1982/eng
1982,Spain,eng,England,80,3,Defence,6,Steve Foster,Centre-back,74,false,https://7a0.com.br/en/copas/1982/eng
1982,Spain,eng,England,80,3,Defence,18,Phil Thompson,Centre-back,79,false,https://7a0.com.br/en/copas/1982/eng
1982,Spain,eng,England,80,3,Defence,17,Kenny Sansom,Left-back,81,false,https://7a0.com.br/en/copas/1982/eng
1982,Spain,eng,England,80,3,Midfield,10,Terry McDermott,Defensive midfielder,77,false,https://7a0.com.br/en/copas/1982/eng
1982,Spain,eng,England,80,3,Midfield,19,Ray Wilkins,Defensive midfielder,82,false,https://7a0.com.br/en/copas/1982/eng
1982,Spain,eng,England,80,3,Midfield,3,Trevor Brooking,Midfielder,80,false,https://7a0.com.br/en/copas/1982/eng
1982,Spain,eng,England,80,3,Midfield,9,Glenn Hoddle,Midfielder,82,false,https://7a0.com.br/en/copas/1982/eng
1982,Spain,eng,England,80,3,Midfield,16,Bryan Robson,Midfielder,91,true,https://7a0.com.br/en/copas/1982/eng
1982,Spain,eng,England,80,3,Midfield,15,Graham Rix,Left midfielder,76,false,https://7a0.com.br/en/copas/1982/eng
1982,Spain,eng,England,80,3,Attack,5,Steve Coppell,Right winger,78,false,https://7a0.com.br/en/copas/1982/eng
1982,Spain,eng,England,80,3,Attack,7,Kevin Keegan,Centre-forward,88,true,https://7a0.com.br/en/copas/1982/eng
1982,Spain,eng,England,80,3,Attack,8,Trevor Francis,Centre-forward,84,false,https://7a0.com.br/en/copas/1982/eng
1982,Spain,eng,England,80,3,Attack,11,Paul Mariner,Centre-forward,80,false,https://7a0.com.br/en/copas/1982/eng
1982,Spain,eng,England,80,3,Attack,20,Peter Withe,Centre-forward,74,false,https://7a0.com.br/en/copas/1982/eng
1982,Spain,eng,England,80,3,Attack,21,Tony Woodcock,Centre-forward,77,false,https://7a0.com.br/en/copas/1982/eng
1982,Spain,fra,France,79,3,Goalkeepers,1,Dominique Baratelli,Goalkeeper,74,false,https://7a0.com.br/en/copas/1982/fra
1982,Spain,fra,France,79,3,Goalkeepers,21,Jean Castaneda,Goalkeeper,73,false,https://7a0.com.br/en/copas/1982/fra
1982,Spain,fra,France,79,3,Goalkeepers,22,Jean-Luc Ettori,Goalkeeper,80,false,https://7a0.com.br/en/copas/1982/fra
1982,Spain,fra,France,79,3,Defence,2,Manuel Amoros,Right-back,81,false,https://7a0.com.br/en/copas/1982/fra
1982,Spain,fra,France,79,3,Defence,5,Gérard Janvion,Right-back,75,false,https://7a0.com.br/en/copas/1982/fra
1982,Spain,fra,France,79,3,Defence,7,Philippe Mahut,Right-back,72,false,https://7a0.com.br/en/copas/1982/fra
1982,Spain,fra,France,79,3,Defence,3,Patrick Battiston,Centre-back,80,false,https://7a0.com.br/en/copas/1982/fra
1982,Spain,fra,France,79,3,Defence,4,Maxime Bossis,Centre-back,83,false,https://7a0.com.br/en/copas/1982/fra
1982,Spain,fra,France,79,3,Defence,6,Christian Lopez,Centre-back,77,false,https://7a0.com.br/en/copas/1982/fra
1982,Spain,fra,France,79,3,Defence,8,Marius Trésor,Centre-back,86,true,https://7a0.com.br/en/copas/1982/fra
1982,Spain,fra,France,79,3,Midfield,11,René Girard,Defensive midfielder,75,false,https://7a0.com.br/en/copas/1982/fra
1982,Spain,fra,France,79,3,Midfield,14,Jean Tigana,Defensive midfielder,87,false,https://7a0.com.br/en/copas/1982/fra
1982,Spain,fra,France,79,3,Midfield,10,Michel Platini,Midfielder,97,true,https://7a0.com.br/en/copas/1982/fra
1982,Spain,fra,France,79,3,Midfield,12,Alain Giresse,Midfielder,88,true,https://7a0.com.br/en/copas/1982/fra
1982,Spain,fra,France,79,3,Midfield,9,Bernard Genghini,Left midfielder,78,false,https://7a0.com.br/en/copas/1982/fra
1982,Spain,fra,France,79,3,Attack,13,Jean-François Larios,Right winger,74,false,https://7a0.com.br/en/copas/1982/fra
1982,Spain,fra,France,79,3,Attack,18,Dominique Rocheteau,Right winger,85,false,https://7a0.com.br/en/copas/1982/fra
1982,Spain,fra,France,79,3,Attack,20,Gérard Soler,Right winger,74,false,https://7a0.com.br/en/copas/1982/fra
1982,Spain,fra,France,79,3,Attack,17,Bernard Lacombe,Centre-forward,78,false,https://7a0.com.br/en/copas/1982/fra
1982,Spain,fra,France,79,3,Attack,15,Bruno Bellone,Left winger,76,false,https://7a0.com.br/en/copas/1982/fra
1982,Spain,fra,France,79,3,Attack,16,Alain Couriol,Left winger,73,false,https://7a0.com.br/en/copas/1982/fra
1982,Spain,fra,France,79,3,Attack,19,Didier Six,Left winger,80,false,https://7a0.com.br/en/copas/1982/fra
1982,Spain,ger,Germany,79,2,Goalkeepers,1,Harald Schumacher,Goalkeeper,87,false,https://7a0.com.br/en/copas/1982/ger
1982,Spain,ger,Germany,79,2,Goalkeepers,21,Bernd Franke,Goalkeeper,70,false,https://7a0.com.br/en/copas/1982/ger
1982,Spain,ger,Germany,79,2,Goalkeepers,22,Eike Immel,Goalkeeper,71,false,https://7a0.com.br/en/copas/1982/ger
1982,Spain,ger,Germany,79,2,Defence,20,Manfred Kaltz,Right-back,82,false,https://7a0.com.br/en/copas/1982/ger
1982,Spain,ger,Germany,79,2,Defence,4,Karlheinz Förster,Centre-back,83,false,https://7a0.com.br/en/copas/1982/ger
1982,Spain,ger,Germany,79,2,Defence,5,Bernd Förster,Centre-back,79,false,https://7a0.com.br/en/copas/1982/ger
1982,Spain,ger,Germany,79,2,Defence,12,Wilfried Hannes,Centre-back,73,false,https://7a0.com.br/en/copas/1982/ger
1982,Spain,ger,Germany,79,2,Defence,19,Holger Hieronymus,Centre-back,72,false,https://7a0.com.br/en/copas/1982/ger
1982,Spain,ger,Germany,79,2,Defence,2,Hans-Peter Briegel,Left-back,84,false,https://7a0.com.br/en/copas/1982/ger
1982,Spain,ger,Germany,79,2,Midfield,6,Wolfgang Dremmler,Defensive midfielder,76,false,https://7a0.com.br/en/copas/1982/ger
1982,Spain,ger,Germany,79,2,Midfield,14,Felix Magath,Defensive midfielder,82,false,https://7a0.com.br/en/copas/1982/ger
1982,Spain,ger,Germany,79,2,Midfield,15,Uli Stielike,Defensive midfielder,83,false,https://7a0.com.br/en/copas/1982/ger
1982,Spain,ger,Germany,79,2,Midfield,18,Lothar Matthäus,Defensive midfielder,80,true,https://7a0.com.br/en/copas/1982/ger
1982,Spain,ger,Germany,79,2,Midfield,3,Paul Breitner,Midfielder,85,false,https://7a0.com.br/en/copas/1982/ger
1982,Spain,ger,Germany,79,2,Midfield,17,Stephan Engels,Midfielder,73,false,https://7a0.com.br/en/copas/1982/ger
1982,Spain,ger,Germany,79,2,Midfield,10,Hansi Müller,Attacking midfielder,80,false,https://7a0.com.br/en/copas/1982/ger
1982,Spain,ger,Germany,79,2,Attack,13,Uwe Reinders,Right winger,74,false,https://7a0.com.br/en/copas/1982/ger
1982,Spain,ger,Germany,79,2,Attack,8,Klaus Fischer,Centre-forward,82,false,https://7a0.com.br/en/copas/1982/ger
1982,Spain,ger,Germany,79,2,Attack,9,Horst Hrubesch,Centre-forward,81,false,https://7a0.com.br/en/copas/1982/ger
1982,Spain,ger,Germany,79,2,Attack,11,Karl-Heinz Rummenigge,Centre-forward,92,true,https://7a0.com.br/en/copas/1982/ger
1982,Spain,ger,Germany,79,2,Attack,16,Thomas Allofs,Centre-forward,73,false,https://7a0.com.br/en/copas/1982/ger
1982,Spain,ger,Germany,79,2,Attack,7,Pierre Littbarski,Left winger,84,false,https://7a0.com.br/en/copas/1982/ger
1982,Spain,hun,Hungary,76,1,Goalkeepers,1,Ferenc Mészáros,Goalkeeper,78,false,https://7a0.com.br/en/copas/1982/hun
1982,Spain,hun,Hungary,76,1,Goalkeepers,21,Béla Katzirz,Goalkeeper,73,false,https://7a0.com.br/en/copas/1982/hun
1982,Spain,hun,Hungary,76,1,Goalkeepers,22,Imre Kiss,Goalkeeper,72,false,https://7a0.com.br/en/copas/1982/hun
1982,Spain,hun,Hungary,76,1,Defence,19,József Varga,Right-back,74,false,https://7a0.com.br/en/copas/1982/hun
1982,Spain,hun,Hungary,76,1,Defence,2,Győző Martos,Centre-back,76,false,https://7a0.com.br/en/copas/1982/hun
1982,Spain,hun,Hungary,76,1,Defence,3,László Bálint,Centre-back,78,false,https://7a0.com.br/en/copas/1982/hun
1982,Spain,hun,Hungary,76,1,Defence,6,Imre Garaba,Centre-back,79,false,https://7a0.com.br/en/copas/1982/hun
1982,Spain,hun,Hungary,76,1,Defence,13,Tibor Rab,Centre-back,74,false,https://7a0.com.br/en/copas/1982/hun
1982,Spain,hun,Hungary,76,1,Defence,14,Sándor Sallai,Centre-back,75,false,https://7a0.com.br/en/copas/1982/hun
1982,Spain,hun,Hungary,76,1,Defence,18,Attila Kerekes,Centre-back,74,false,https://7a0.com.br/en/copas/1982/hun
1982,Spain,hun,Hungary,76,1,Defence,20,József Csuhay,Centre-back,74,false,https://7a0.com.br/en/copas/1982/hun
1982,Spain,hun,Hungary,76,1,Defence,4,József Tóth,Left-back,76,false,https://7a0.com.br/en/copas/1982/hun
1982,Spain,hun,Hungary,76,1,Midfield,5,Sándor Müller,Midfielder,76,false,https://7a0.com.br/en/copas/1982/hun
1982,Spain,hun,Hungary,76,1,Midfield,16,Ferenc Csongrádi,Midfielder,75,false,https://7a0.com.br/en/copas/1982/hun
1982,Spain,hun,Hungary,76,1,Midfield,17,Károly Csapó,Midfielder,75,false,https://7a0.com.br/en/copas/1982/hun
1982,Spain,hun,Hungary,76,1,Midfield,15,Béla Bodonyi,Left midfielder,75,false,https://7a0.com.br/en/copas/1982/hun
1982,Spain,hun,Hungary,76,1,Midfield,8,Tibor Nyilasi,Attacking midfielder,85,true,https://7a0.com.br/en/copas/1982/hun
1982,Spain,hun,Hungary,76,1,Attack,7,László Fazekas,Right winger,81,false,https://7a0.com.br/en/copas/1982/hun
1982,Spain,hun,Hungary,76,1,Attack,11,Gábor Pölöskei,Right winger,76,false,https://7a0.com.br/en/copas/1982/hun
1982,Spain,hun,Hungary,76,1,Attack,9,András Törőcsik,Centre-forward,82,false,https://7a0.com.br/en/copas/1982/hun
1982,Spain,hun,Hungary,76,1,Attack,10,László Kiss,Centre-forward,78,false,https://7a0.com.br/en/copas/1982/hun
1982,Spain,hun,Hungary,76,1,Attack,12,Lázár Szentes,Centre-forward,74,false,https://7a0.com.br/en/copas/1982/hun
1982,Spain,ita,Italy,79,5,Goalkeepers,1,Dino Zoff,Goalkeeper,87,true,https://7a0.com.br/en/copas/1982/ita
1982,Spain,ita,Italy,79,5,Goalkeepers,12,Ivano Bordon,Goalkeeper,70,false,https://7a0.com.br/en/copas/1982/ita
1982,Spain,ita,Italy,79,5,Goalkeepers,22,Giovanni Galli,Goalkeeper,70,false,https://7a0.com.br/en/copas/1982/ita
1982,Spain,ita,Italy,79,5,Defence,3,Giuseppe Bergomi,Right-back,78,false,https://7a0.com.br/en/copas/1982/ita
1982,Spain,ita,Italy,79,5,Defence,6,Claudio Gentile,Right-back,85,true,https://7a0.com.br/en/copas/1982/ita
1982,Spain,ita,Italy,79,5,Defence,2,Franco Baresi,Centre-back,76,false,https://7a0.com.br/en/copas/1982/ita
1982,Spain,ita,Italy,79,5,Defence,5,Fulvio Collovati,Centre-back,78,false,https://7a0.com.br/en/copas/1982/ita
1982,Spain,ita,Italy,79,5,Defence,7,Gaetano Scirea,Centre-back,87,true,https://7a0.com.br/en/copas/1982/ita
1982,Spain,ita,Italy,79,5,Defence,8,Pietro Vierchowod,Centre-back,76,false,https://7a0.com.br/en/copas/1982/ita
1982,Spain,ita,Italy,79,5,Defence,4,Antonio Cabrini,Left-back,83,false,https://7a0.com.br/en/copas/1982/ita
1982,Spain,ita,Italy,79,5,Midfield,14,Marco Tardelli,Defensive midfielder,85,true,https://7a0.com.br/en/copas/1982/ita
1982,Spain,ita,Italy,79,5,Midfield,11,Giampiero Marini,Right midfielder,73,false,https://7a0.com.br/en/copas/1982/ita
1982,Spain,ita,Italy,79,5,Midfield,13,Gabriele Oriali,Right midfielder,76,false,https://7a0.com.br/en/copas/1982/ita
1982,Spain,ita,Italy,79,5,Midfield,10,Giuseppe Dossena,Left midfielder,72,false,https://7a0.com.br/en/copas/1982/ita
1982,Spain,ita,Italy,79,5,Midfield,9,Giancarlo Antognoni,Attacking midfielder,83,false,https://7a0.com.br/en/copas/1982/ita
1982,Spain,ita,Italy,79,5,Attack,15,Franco Causio,Right winger,77,false,https://7a0.com.br/en/copas/1982/ita
1982,Spain,ita,Italy,79,5,Attack,16,Bruno Conti,Right winger,88,false,https://7a0.com.br/en/copas/1982/ita
1982,Spain,ita,Italy,79,5,Attack,17,Daniele Massaro,Centre-forward,70,false,https://7a0.com.br/en/copas/1982/ita
1982,Spain,ita,Italy,79,5,Attack,18,Alessandro Altobelli,Centre-forward,81,false,https://7a0.com.br/en/copas/1982/ita
1982,Spain,ita,Italy,79,5,Attack,19,Francesco Graziani,Centre-forward,79,false,https://7a0.com.br/en/copas/1982/ita
1982,Spain,ita,Italy,79,5,Attack,20,Paolo Rossi,Centre-forward,94,true,https://7a0.com.br/en/copas/1982/ita
1982,Spain,ita,Italy,79,5,Attack,21,Franco Selvaggi,Centre-forward,68,false,https://7a0.com.br/en/copas/1982/ita
1982,Spain,pol,Poland,76,2,Goalkeepers,1,Józef Młynarczyk,Goalkeeper,81,false,https://7a0.com.br/en/copas/1982/pol
1982,Spain,pol,Poland,76,2,Goalkeepers,21,Jacek Kazimierski,Goalkeeper,68,false,https://7a0.com.br/en/copas/1982/pol
1982,Spain,pol,Poland,76,2,Goalkeepers,22,Piotr Mowlik,Goalkeeper,67,false,https://7a0.com.br/en/copas/1982/pol
1982,Spain,pol,Poland,76,2,Defence,2,Marek Dziuba,Right-back,76,false,https://7a0.com.br/en/copas/1982/pol
1982,Spain,pol,Poland,76,2,Defence,4,Tadeusz Dolny,Right-back,70,false,https://7a0.com.br/en/copas/1982/pol
1982,Spain,pol,Poland,76,2,Defence,5,Paweł Janas,Centre-back,80,false,https://7a0.com.br/en/copas/1982/pol
1982,Spain,pol,Poland,76,2,Defence,6,Piotr Skrobowski,Centre-back,68,false,https://7a0.com.br/en/copas/1982/pol
1982,Spain,pol,Poland,76,2,Defence,9,Władysław Żmuda,Centre-back,84,false,https://7a0.com.br/en/copas/1982/pol
1982,Spain,pol,Poland,76,2,Defence,10,Stefan Majewski,Centre-back,75,false,https://7a0.com.br/en/copas/1982/pol
1982,Spain,pol,Poland,76,2,Defence,12,Roman Wójcicki,Centre-back,76,false,https://7a0.com.br/en/copas/1982/pol
1982,Spain,pol,Poland,76,2,Defence,7,Jan Jałocha,Left-back,73,false,https://7a0.com.br/en/copas/1982/pol
1982,Spain,pol,Poland,76,2,Midfield,3,Janusz Kupcewicz,Defensive midfielder,79,false,https://7a0.com.br/en/copas/1982/pol
1982,Spain,pol,Poland,76,2,Midfield,8,Waldemar Matysik,Right midfielder,77,false,https://7a0.com.br/en/copas/1982/pol
1982,Spain,pol,Poland,76,2,Midfield,13,Andrzej Buncol,Midfielder,74,false,https://7a0.com.br/en/copas/1982/pol
1982,Spain,pol,Poland,76,2,Midfield,14,Andrzej Pałasz,Left midfielder,71,false,https://7a0.com.br/en/copas/1982/pol
1982,Spain,pol,Poland,76,2,Midfield,20,Zbigniew Boniek,Attacking midfielder,89,true,https://7a0.com.br/en/copas/1982/pol
1982,Spain,pol,Poland,76,2,Attack,16,Grzegorz Lato,Right winger,83,true,https://7a0.com.br/en/copas/1982/pol
1982,Spain,pol,Poland,76,2,Attack,15,Włodzimierz Ciołek,Centre-forward,72,false,https://7a0.com.br/en/copas/1982/pol
1982,Spain,pol,Poland,76,2,Attack,17,Andrzej Szarmach,Centre-forward,80,false,https://7a0.com.br/en/copas/1982/pol
1982,Spain,pol,Poland,76,2,Attack,18,Marek Kusto,Centre-forward,71,false,https://7a0.com.br/en/copas/1982/pol
1982,Spain,pol,Poland,76,2,Attack,19,Andrzej Iwan,Centre-forward,74,false,https://7a0.com.br/en/copas/1982/pol
1982,Spain,pol,Poland,76,2,Attack,11,Włodzimierz Smolarek,Left winger,81,false,https://7a0.com.br/en/copas/1982/pol
1982,Spain,sco,Scotland,78,3,Goalkeepers,1,Alan Rough,Goalkeeper,76,false,https://7a0.com.br/en/copas/1982/sco
1982,Spain,sco,Scotland,78,3,Goalkeepers,12,George Wood,Goalkeeper,73,false,https://7a0.com.br/en/copas/1982/sco
1982,Spain,sco,Scotland,78,3,Goalkeepers,22,Jim Leighton,Goalkeeper,75,false,https://7a0.com.br/en/copas/1982/sco
1982,Spain,sco,Scotland,78,3,Defence,2,Danny McGrain,Right-back,79,false,https://7a0.com.br/en/copas/1982/sco
1982,Spain,sco,Scotland,78,3,Defence,21,George Burley,Right-back,74,false,https://7a0.com.br/en/copas/1982/sco
1982,Spain,sco,Scotland,78,3,Defence,5,Alan Hansen,Centre-back,82,true,https://7a0.com.br/en/copas/1982/sco
1982,Spain,sco,Scotland,78,3,Defence,6,Willie Miller,Centre-back,80,false,https://7a0.com.br/en/copas/1982/sco
1982,Spain,sco,Scotland,78,3,Defence,13,Alex McLeish,Centre-back,78,false,https://7a0.com.br/en/copas/1982/sco
1982,Spain,sco,Scotland,78,3,Defence,14,David Narey,Centre-back,77,false,https://7a0.com.br/en/copas/1982/sco
1982,Spain,sco,Scotland,78,3,Defence,17,Allan Evans,Centre-back,75,false,https://7a0.com.br/en/copas/1982/sco
1982,Spain,sco,Scotland,78,3,Defence,3,Frank Gray,Left-back,77,false,https://7a0.com.br/en/copas/1982/sco
1982,Spain,sco,Scotland,78,3,Midfield,7,Gordon Strachan,Right midfielder,80,false,https://7a0.com.br/en/copas/1982/sco
1982,Spain,sco,Scotland,78,3,Midfield,4,Graeme Souness,Midfielder,83,true,https://7a0.com.br/en/copas/1982/sco
1982,Spain,sco,Scotland,78,3,Midfield,10,John Wark,Midfielder,79,false,https://7a0.com.br/en/copas/1982/sco
1982,Spain,sco,Scotland,78,3,Midfield,16,Asa Hartford,Midfielder,76,false,https://7a0.com.br/en/copas/1982/sco
1982,Spain,sco,Scotland,78,3,Attack,20,Davie Provan,Right winger,75,false,https://7a0.com.br/en/copas/1982/sco
1982,Spain,sco,Scotland,78,3,Attack,8,Kenny Dalglish,Centre-forward,90,true,https://7a0.com.br/en/copas/1982/sco
1982,Spain,sco,Scotland,78,3,Attack,9,Alan Brazil,Centre-forward,77,false,https://7a0.com.br/en/copas/1982/sco
1982,Spain,sco,Scotland,78,3,Attack,15,Joe Jordan,Centre-forward,78,false,https://7a0.com.br/en/copas/1982/sco
1982,Spain,sco,Scotland,78,3,Attack,18,Steve Archibald,Centre-forward,78,false,https://7a0.com.br/en/copas/1982/sco
1982,Spain,sco,Scotland,78,3,Attack,19,Paul Sturrock,Centre-forward,76,false,https://7a0.com.br/en/copas/1982/sco
1982,Spain,sco,Scotland,78,3,Attack,11,John Robertson,Left winger,78,false,https://7a0.com.br/en/copas/1982/sco
1986,Mexico,arg,Argentina,78,1,Goalkeepers,15,Luis Islas,Goalkeeper,70,false,https://7a0.com.br/en/copas/1986/arg
1986,Mexico,arg,Argentina,78,1,Goalkeepers,18,Nery Pumpido,Goalkeeper,81,false,https://7a0.com.br/en/copas/1986/arg
1986,Mexico,arg,Argentina,78,1,Goalkeepers,22,Héctor Zelada,Goalkeeper,68,false,https://7a0.com.br/en/copas/1986/arg
1986,Mexico,arg,Argentina,78,1,Defence,8,Néstor Clausen,Right-back,75,false,https://7a0.com.br/en/copas/1986/arg
1986,Mexico,arg,Argentina,78,1,Defence,5,José Luis Brown,Centre-back,80,false,https://7a0.com.br/en/copas/1986/arg
1986,Mexico,arg,Argentina,78,1,Defence,6,Daniel Passarella,Centre-back,82,false,https://7a0.com.br/en/copas/1986/arg
1986,Mexico,arg,Argentina,78,1,Defence,9,José Luis Cuciuffo,Centre-back,76,false,https://7a0.com.br/en/copas/1986/arg
1986,Mexico,arg,Argentina,78,1,Defence,19,Oscar Ruggeri,Centre-back,83,false,https://7a0.com.br/en/copas/1986/arg
1986,Mexico,arg,Argentina,78,1,Defence,13,Oscar Garré,Left-back,75,false,https://7a0.com.br/en/copas/1986/arg
1986,Mexico,arg,Argentina,78,1,Defence,16,Julio Olarticoechea,Left-back,78,false,https://7a0.com.br/en/copas/1986/arg
1986,Mexico,arg,Argentina,78,1,Midfield,2,Sergio Batista,Defensive midfielder,82,false,https://7a0.com.br/en/copas/1986/arg
1986,Mexico,arg,Argentina,78,1,Midfield,4,Claudio Borghi,Defensive midfielder,74,false,https://7a0.com.br/en/copas/1986/arg
1986,Mexico,arg,Argentina,78,1,Midfield,12,Héctor Enrique,Defensive midfielder,76,false,https://7a0.com.br/en/copas/1986/arg
1986,Mexico,arg,Argentina,78,1,Midfield,14,Ricardo Giusti,Defensive midfielder,80,false,https://7a0.com.br/en/copas/1986/arg
1986,Mexico,arg,Argentina,78,1,Midfield,21,Marcelo Trobbiani,Defensive midfielder,71,false,https://7a0.com.br/en/copas/1986/arg
1986,Mexico,arg,Argentina,78,1,Midfield,20,Carlos Tapia,Midfielder,72,false,https://7a0.com.br/en/copas/1986/arg
1986,Mexico,arg,Argentina,78,1,Midfield,3,Ricardo Bochini,Attacking midfielder,75,false,https://7a0.com.br/en/copas/1986/arg
1986,Mexico,arg,Argentina,78,1,Midfield,7,Jorge Burruchaga,Attacking midfielder,85,false,https://7a0.com.br/en/copas/1986/arg
1986,Mexico,arg,Argentina,78,1,Midfield,10,Diego Maradona,Attacking midfielder,99,true,https://7a0.com.br/en/copas/1986/arg
1986,Mexico,arg,Argentina,78,1,Attack,1,Sergio Almirón,Centre-forward,70,false,https://7a0.com.br/en/copas/1986/arg
1986,Mexico,arg,Argentina,78,1,Attack,11,Jorge Valdano,Centre-forward,85,false,https://7a0.com.br/en/copas/1986/arg
1986,Mexico,arg,Argentina,78,1,Attack,17,Pedro Pasculli,Centre-forward,76,false,https://7a0.com.br/en/copas/1986/arg
1986,Mexico,bel,Belgium,75,3,Goalkeepers,1,Jean-Marie Pfaff,Goalkeeper,84,true,https://7a0.com.br/en/copas/1986/bel
1986,Mexico,bel,Belgium,75,3,Goalkeepers,12,Jacky Munaron,Goalkeeper,68,false,https://7a0.com.br/en/copas/1986/bel
1986,Mexico,bel,Belgium,75,3,Goalkeepers,20,Gilbert Bodart,Goalkeeper,66,false,https://7a0.com.br/en/copas/1986/bel
1986,Mexico,bel,Belgium,75,3,Defence,2,Eric Gerets,Right-back,84,false,https://7a0.com.br/en/copas/1986/bel
1986,Mexico,bel,Belgium,75,3,Defence,4,Michel De Wolf,Centre-back,72,false,https://7a0.com.br/en/copas/1986/bel
1986,Mexico,bel,Belgium,75,3,Defence,5,Michel Renquin,Centre-back,73,false,https://7a0.com.br/en/copas/1986/bel
1986,Mexico,bel,Belgium,75,3,Defence,13,Georges Grün,Centre-back,75,false,https://7a0.com.br/en/copas/1986/bel
1986,Mexico,bel,Belgium,75,3,Defence,14,Leo Clijsters,Centre-back,74,false,https://7a0.com.br/en/copas/1986/bel
1986,Mexico,bel,Belgium,75,3,Defence,19,Hugo Broos,Centre-back,72,false,https://7a0.com.br/en/copas/1986/bel
1986,Mexico,bel,Belgium,75,3,Defence,21,Stéphane Demol,Centre-back,73,false,https://7a0.com.br/en/copas/1986/bel
1986,Mexico,bel,Belgium,75,3,Midfield,3,Franky Van Der Elst,Defensive midfielder,76,false,https://7a0.com.br/en/copas/1986/bel
1986,Mexico,bel,Belgium,75,3,Midfield,7,René Vandereycken,Defensive midfielder,77,false,https://7a0.com.br/en/copas/1986/bel
1986,Mexico,bel,Belgium,75,3,Midfield,8,Enzo Scifo,Defensive midfielder,88,true,https://7a0.com.br/en/copas/1986/bel
1986,Mexico,bel,Belgium,75,3,Midfield,15,Leo Van Der Elst,Defensive midfielder,70,false,https://7a0.com.br/en/copas/1986/bel
1986,Mexico,bel,Belgium,75,3,Midfield,6,Franky Vercauteren,Left midfielder,80,false,https://7a0.com.br/en/copas/1986/bel
1986,Mexico,bel,Belgium,75,3,Midfield,17,Raymond Mommens,Left midfielder,71,false,https://7a0.com.br/en/copas/1986/bel
1986,Mexico,bel,Belgium,75,3,Midfield,22,Patrick Vervoort,Left midfielder,70,false,https://7a0.com.br/en/copas/1986/bel
1986,Mexico,bel,Belgium,75,3,Midfield,10,Philippe Desmet,Attacking midfielder,71,false,https://7a0.com.br/en/copas/1986/bel
1986,Mexico,bel,Belgium,75,3,Attack,18,Daniel Veyt,Right winger,69,false,https://7a0.com.br/en/copas/1986/bel
1986,Mexico,bel,Belgium,75,3,Attack,9,Erwin Vandenbergh,Centre-forward,76,false,https://7a0.com.br/en/copas/1986/bel
1986,Mexico,bel,Belgium,75,3,Attack,11,Jan Ceulemans,Centre-forward,84,true,https://7a0.com.br/en/copas/1986/bel
1986,Mexico,bel,Belgium,75,3,Attack,16,Nico Claesen,Centre-forward,76,false,https://7a0.com.br/en/copas/1986/bel
1986,Mexico,bra,Brazil,79,5,Goalkeepers,1,Carlos Gallo,Goalkeeper,74,false,https://7a0.com.br/en/copas/1986/bra
1986,Mexico,bra,Brazil,79,5,Goalkeepers,12,Paulo Vítor,Goalkeeper,69,false,https://7a0.com.br/en/copas/1986/bra
1986,Mexico,bra,Brazil,79,5,Goalkeepers,22,Émerson Leão,Goalkeeper,74,false,https://7a0.com.br/en/copas/1986/bra
1986,Mexico,bra,Brazil,79,5,Defence,2,Édson,Right-back,75,false,https://7a0.com.br/en/copas/1986/bra
1986,Mexico,bra,Brazil,79,5,Defence,13,Josimar,Right-back,80,false,https://7a0.com.br/en/copas/1986/bra
1986,Mexico,bra,Brazil,79,5,Defence,3,Oscar,Centre-back,80,false,https://7a0.com.br/en/copas/1986/bra
1986,Mexico,bra,Brazil,79,5,Defence,4,Edinho,Centre-back,79,false,https://7a0.com.br/en/copas/1986/bra
1986,Mexico,bra,Brazil,79,5,Defence,14,Júlio César,Centre-back,78,false,https://7a0.com.br/en/copas/1986/bra
1986,Mexico,bra,Brazil,79,5,Defence,16,Mauro Galvão,Centre-back,75,false,https://7a0.com.br/en/copas/1986/bra
1986,Mexico,bra,Brazil,79,5,Defence,6,Júnior,Left-back,87,true,https://7a0.com.br/en/copas/1986/bra
1986,Mexico,bra,Brazil,79,5,Defence,17,Branco,Left-back,81,false,https://7a0.com.br/en/copas/1986/bra
1986,Mexico,bra,Brazil,79,5,Midfield,5,Falcão,Defensive midfielder,86,true,https://7a0.com.br/en/copas/1986/bra
1986,Mexico,bra,Brazil,79,5,Midfield,15,Alemão,Defensive midfielder,81,false,https://7a0.com.br/en/copas/1986/bra
1986,Mexico,bra,Brazil,79,5,Midfield,19,Elzo,Defensive midfielder,74,false,https://7a0.com.br/en/copas/1986/bra
1986,Mexico,bra,Brazil,79,5,Midfield,18,Sócrates,Midfielder,88,true,https://7a0.com.br/en/copas/1986/bra
1986,Mexico,bra,Brazil,79,5,Midfield,10,Zico,Attacking midfielder,88,true,https://7a0.com.br/en/copas/1986/bra
1986,Mexico,bra,Brazil,79,5,Midfield,20,Paulo Silas,Attacking midfielder,76,false,https://7a0.com.br/en/copas/1986/bra
1986,Mexico,bra,Brazil,79,5,Midfield,21,Valdo,Attacking midfielder,77,false,https://7a0.com.br/en/copas/1986/bra
1986,Mexico,bra,Brazil,79,5,Attack,7,Müller,Right winger,80,false,https://7a0.com.br/en/copas/1986/bra
1986,Mexico,bra,Brazil,79,5,Attack,8,Walter Casagrande,Centre-forward,81,false,https://7a0.com.br/en/copas/1986/bra
1986,Mexico,bra,Brazil,79,5,Attack,9,Careca,Centre-forward,87,true,https://7a0.com.br/en/copas/1986/bra
1986,Mexico,bra,Brazil,79,5,Attack,11,Edivaldo,Left winger,74,false,https://7a0.com.br/en/copas/1986/bra
1986,Mexico,bul,Bulgaria,75,0,Goalkeepers,1,Borislav Mihaylov,Goalkeeper,80,false,https://7a0.com.br/en/copas/1986/bul
1986,Mexico,bul,Bulgaria,75,0,Goalkeepers,22,Iliya Valov,Goalkeeper,71,false,https://7a0.com.br/en/copas/1986/bul
1986,Mexico,bul,Bulgaria,75,0,Defence,4,Petar Petrov,Right-back,76,false,https://7a0.com.br/en/copas/1986/bul
1986,Mexico,bul,Bulgaria,75,0,Defence,3,Nikolay Arabov,Centre-back,73,false,https://7a0.com.br/en/copas/1986/bul
1986,Mexico,bul,Bulgaria,75,0,Defence,5,Georgi Dimitrov,Centre-back,78,false,https://7a0.com.br/en/copas/1986/bul
1986,Mexico,bul,Bulgaria,75,0,Defence,13,Aleksandar Markov,Centre-back,73,false,https://7a0.com.br/en/copas/1986/bul
1986,Mexico,bul,Bulgaria,75,0,Defence,21,Iliya Dyakov,Left-back,68,false,https://7a0.com.br/en/copas/1986/bul
1986,Mexico,bul,Bulgaria,75,0,Midfield,12,Radoslav Zdravkov,Defensive midfielder,79,false,https://7a0.com.br/en/copas/1986/bul
1986,Mexico,bul,Bulgaria,75,0,Midfield,14,Plamen Markov,Defensive midfielder,77,false,https://7a0.com.br/en/copas/1986/bul
1986,Mexico,bul,Bulgaria,75,0,Midfield,17,Hristo Kolev,Defensive midfielder,70,false,https://7a0.com.br/en/copas/1986/bul
1986,Mexico,bul,Bulgaria,75,0,Midfield,7,Bozhidar Iskrenov,Midfielder,77,false,https://7a0.com.br/en/copas/1986/bul
1986,Mexico,bul,Bulgaria,75,0,Midfield,8,Ayan Sadakov,Midfielder,78,false,https://7a0.com.br/en/copas/1986/bul
1986,Mexico,bul,Bulgaria,75,0,Midfield,10,Zhivko Gospodinov,Midfielder,76,false,https://7a0.com.br/en/copas/1986/bul
1986,Mexico,bul,Bulgaria,75,0,Midfield,11,Plamen Getov,Attacking midfielder,74,false,https://7a0.com.br/en/copas/1986/bul
1986,Mexico,bul,Bulgaria,75,0,Midfield,15,Georgi Yordanov,Attacking midfielder,74,false,https://7a0.com.br/en/copas/1986/bul
1986,Mexico,bul,Bulgaria,75,0,Attack,6,Andrey Zhelyazkov,Centre-forward,74,false,https://7a0.com.br/en/copas/1986/bul
1986,Mexico,bul,Bulgaria,75,0,Attack,9,Stoycho Mladenov,Centre-forward,77,false,https://7a0.com.br/en/copas/1986/bul
1986,Mexico,bul,Bulgaria,75,0,Attack,16,Vasil Dragolov,Centre-forward,68,false,https://7a0.com.br/en/copas/1986/bul
1986,Mexico,bul,Bulgaria,75,0,Attack,18,Boycho Velichkov,Centre-forward,75,false,https://7a0.com.br/en/copas/1986/bul
1986,Mexico,bul,Bulgaria,75,0,Attack,19,Atanas Pashev,Centre-forward,72,false,https://7a0.com.br/en/copas/1986/bul
1986,Mexico,bul,Bulgaria,75,0,Attack,20,Kostadin Kostadinov,Centre-forward,76,false,https://7a0.com.br/en/copas/1986/bul
1986,Mexico,bul,Bulgaria,75,0,Attack,2,Nasko Sirakov,Left winger,81,false,https://7a0.com.br/en/copas/1986/bul
1986,Mexico,den,Denmark,78,4,Goalkeepers,1,Troels Rasmussen,Goalkeeper,74,false,https://7a0.com.br/en/copas/1986/den
1986,Mexico,den,Denmark,78,4,Goalkeepers,16,Ole Qvist,Goalkeeper,72,false,https://7a0.com.br/en/copas/1986/den
1986,Mexico,den,Denmark,78,4,Goalkeepers,22,Lars Høgh,Goalkeeper,81,false,https://7a0.com.br/en/copas/1986/den
1986,Mexico,den,Denmark,78,4,Defence,2,John Sivebæk,Right-back,78,false,https://7a0.com.br/en/copas/1986/den
1986,Mexico,den,Denmark,78,4,Defence,3,Søren Busk,Centre-back,75,false,https://7a0.com.br/en/copas/1986/den
1986,Mexico,den,Denmark,78,4,Defence,4,Morten Olsen,Centre-back,82,true,https://7a0.com.br/en/copas/1986/den
1986,Mexico,den,Denmark,78,4,Defence,5,Ivan Nielsen,Centre-back,76,false,https://7a0.com.br/en/copas/1986/den
1986,Mexico,den,Denmark,78,4,Defence,17,Kent Nielsen,Centre-back,75,false,https://7a0.com.br/en/copas/1986/den
1986,Mexico,den,Denmark,78,4,Defence,21,Henrik Andersen,Centre-back,76,false,https://7a0.com.br/en/copas/1986/den
1986,Mexico,den,Denmark,78,4,Midfield,6,Søren Lerby,Defensive midfielder,81,false,https://7a0.com.br/en/copas/1986/den
1986,Mexico,den,Denmark,78,4,Midfield,9,Klaus Berggreen,Defensive midfielder,74,false,https://7a0.com.br/en/copas/1986/den
1986,Mexico,den,Denmark,78,4,Midfield,12,Jens Jørn Bertelsen,Defensive midfielder,75,false,https://7a0.com.br/en/copas/1986/den
1986,Mexico,den,Denmark,78,4,Midfield,13,Per Frimann,Defensive midfielder,76,false,https://7a0.com.br/en/copas/1986/den
1986,Mexico,den,Denmark,78,4,Midfield,20,Jan Bartram,Defensive midfielder,74,false,https://7a0.com.br/en/copas/1986/den
1986,Mexico,den,Denmark,78,4,Midfield,11,Michael Laudrup,Right midfielder,93,true,https://7a0.com.br/en/copas/1986/den
1986,Mexico,den,Denmark,78,4,Midfield,7,Jan Mølby,Midfielder,84,false,https://7a0.com.br/en/copas/1986/den
1986,Mexico,den,Denmark,78,4,Midfield,8,Jesper Olsen,Midfielder,80,false,https://7a0.com.br/en/copas/1986/den
1986,Mexico,den,Denmark,78,4,Midfield,15,Frank Arnesen,Midfielder,79,false,https://7a0.com.br/en/copas/1986/den
1986,Mexico,den,Denmark,78,4,Midfield,14,Allan Simonsen,Left midfielder,80,true,https://7a0.com.br/en/copas/1986/den
1986,Mexico,den,Denmark,78,4,Attack,10,Preben Elkjær,Centre-forward,89,true,https://7a0.com.br/en/copas/1986/den
1986,Mexico,den,Denmark,78,4,Attack,18,Flemming Christensen,Left winger,75,false,https://7a0.com.br/en/copas/1986/den
1986,Mexico,den,Denmark,78,4,Attack,19,John Eriksen,Left winger,76,false,https://7a0.com.br/en/copas/1986/den
1986,Mexico,eng,England,79,2,Goalkeepers,1,Peter Shilton,Goalkeeper,89,true,https://7a0.com.br/en/copas/1986/eng
1986,Mexico,eng,England,79,2,Goalkeepers,13,Chris Woods,Goalkeeper,74,false,https://7a0.com.br/en/copas/1986/eng
1986,Mexico,eng,England,79,2,Goalkeepers,22,Gary Bailey,Goalkeeper,72,false,https://7a0.com.br/en/copas/1986/eng
1986,Mexico,eng,England,79,2,Defence,2,Gary M. Stevens,Right-back,78,false,https://7a0.com.br/en/copas/1986/eng
1986,Mexico,eng,England,79,2,Defence,12,Viv Anderson,Right-back,76,false,https://7a0.com.br/en/copas/1986/eng
1986,Mexico,eng,England,79,2,Defence,15,Gary A. Stevens,Right-back,72,false,https://7a0.com.br/en/copas/1986/eng
1986,Mexico,eng,England,79,2,Defence,5,Alvin Martin,Centre-back,74,false,https://7a0.com.br/en/copas/1986/eng
1986,Mexico,eng,England,79,2,Defence,6,Terry Butcher,Centre-back,82,false,https://7a0.com.br/en/copas/1986/eng
1986,Mexico,eng,England,79,2,Defence,14,Terry Fenwick,Centre-back,73,false,https://7a0.com.br/en/copas/1986/eng
1986,Mexico,eng,England,79,2,Defence,3,Kenny Sansom,Left-back,80,false,https://7a0.com.br/en/copas/1986/eng
1986,Mexico,eng,England,79,2,Midfield,8,Ray Wilkins,Defensive midfielder,80,false,https://7a0.com.br/en/copas/1986/eng
1986,Mexico,eng,England,79,2,Midfield,16,Peter Reid,Defensive midfielder,79,false,https://7a0.com.br/en/copas/1986/eng
1986,Mexico,eng,England,79,2,Midfield,4,Glenn Hoddle,Midfielder,87,false,https://7a0.com.br/en/copas/1986/eng
1986,Mexico,eng,England,79,2,Midfield,7,Bryan Robson,Midfielder,86,false,https://7a0.com.br/en/copas/1986/eng
1986,Mexico,eng,England,79,2,Midfield,18,Steve Hodge,Left midfielder,75,false,https://7a0.com.br/en/copas/1986/eng
1986,Mexico,eng,England,79,2,Attack,17,Trevor Steven,Right winger,79,false,https://7a0.com.br/en/copas/1986/eng
1986,Mexico,eng,England,79,2,Attack,9,Mark Hateley,Centre-forward,76,false,https://7a0.com.br/en/copas/1986/eng
1986,Mexico,eng,England,79,2,Attack,10,Gary Lineker,Centre-forward,92,true,https://7a0.com.br/en/copas/1986/eng
1986,Mexico,eng,England,79,2,Attack,20,Peter Beardsley,Centre-forward,84,false,https://7a0.com.br/en/copas/1986/eng
1986,Mexico,eng,England,79,2,Attack,21,Kerry Dixon,Centre-forward,74,false,https://7a0.com.br/en/copas/1986/eng
1986,Mexico,eng,England,79,2,Attack,11,Chris Waddle,Left winger,83,false,https://7a0.com.br/en/copas/1986/eng
1986,Mexico,eng,England,79,2,Attack,19,John Barnes,Left winger,82,false,https://7a0.com.br/en/copas/1986/eng
1986,Mexico,fra,France,79,1,Goalkeepers,1,Joël Bats,Goalkeeper,82,false,https://7a0.com.br/en/copas/1986/fra
1986,Mexico,fra,France,79,1,Goalkeepers,22,Albert Rust,Goalkeeper,72,false,https://7a0.com.br/en/copas/1986/fra
1986,Mexico,fra,France,79,1,Defence,2,Manuel Amoros,Right-back,84,false,https://7a0.com.br/en/copas/1986/fra
1986,Mexico,fra,France,79,1,Defence,3,William Ayache,Right-back,76,false,https://7a0.com.br/en/copas/1986/fra
1986,Mexico,fra,France,79,1,Defence,4,Patrick Battiston,Centre-back,81,false,https://7a0.com.br/en/copas/1986/fra
1986,Mexico,fra,France,79,1,Defence,5,Michel Bibard,Centre-back,72,false,https://7a0.com.br/en/copas/1986/fra
1986,Mexico,fra,France,79,1,Defence,6,Maxime Bossis,Centre-back,82,false,https://7a0.com.br/en/copas/1986/fra
1986,Mexico,fra,France,79,1,Defence,7,Yvon Le Roux,Centre-back,79,false,https://7a0.com.br/en/copas/1986/fra
1986,Mexico,fra,France,79,1,Defence,8,Thierry Tusseau,Left-back,76,false,https://7a0.com.br/en/copas/1986/fra
1986,Mexico,fra,France,79,1,Midfield,9,Luis Fernandez,Defensive midfielder,83,false,https://7a0.com.br/en/copas/1986/fra
1986,Mexico,fra,France,79,1,Midfield,10,Michel Platini,Defensive midfielder,94,true,https://7a0.com.br/en/copas/1986/fra
1986,Mexico,fra,France,79,1,Midfield,11,Jean-Marc Ferreri,Defensive midfielder,74,false,https://7a0.com.br/en/copas/1986/fra
1986,Mexico,fra,France,79,1,Midfield,14,Jean Tigana,Defensive midfielder,89,false,https://7a0.com.br/en/copas/1986/fra
1986,Mexico,fra,France,79,1,Midfield,12,Alain Giresse,Midfielder,87,false,https://7a0.com.br/en/copas/1986/fra
1986,Mexico,fra,France,79,1,Midfield,13,Bernard Genghini,Left midfielder,75,false,https://7a0.com.br/en/copas/1986/fra
1986,Mexico,fra,France,79,1,Midfield,15,Philippe Vercruysse,Attacking midfielder,72,false,https://7a0.com.br/en/copas/1986/fra
1986,Mexico,fra,France,79,1,Attack,18,Dominique Rocheteau,Right winger,80,false,https://7a0.com.br/en/copas/1986/fra
1986,Mexico,fra,France,79,1,Attack,17,Jean-Pierre Papin,Centre-forward,78,false,https://7a0.com.br/en/copas/1986/fra
1986,Mexico,fra,France,79,1,Attack,19,Yannick Stopyra,Centre-forward,77,false,https://7a0.com.br/en/copas/1986/fra
1986,Mexico,fra,France,79,1,Attack,20,Daniel Xuereb,Centre-forward,72,false,https://7a0.com.br/en/copas/1986/fra
1986,Mexico,fra,France,79,1,Attack,16,Bruno Bellone,Left winger,76,false,https://7a0.com.br/en/copas/1986/fra
1986,Mexico,ger,Germany,80,3,Goalkeepers,1,Harald Schumacher,Goalkeeper,86,false,https://7a0.com.br/en/copas/1986/ger
1986,Mexico,ger,Germany,80,3,Goalkeepers,12,Uli Stein,Goalkeeper,72,false,https://7a0.com.br/en/copas/1986/ger
1986,Mexico,ger,Germany,80,3,Goalkeepers,22,Eike Immel,Goalkeeper,72,false,https://7a0.com.br/en/copas/1986/ger
1986,Mexico,ger,Germany,80,3,Defence,14,Thomas Berthold,Right-back,80,false,https://7a0.com.br/en/copas/1986/ger
1986,Mexico,ger,Germany,80,3,Defence,4,Karlheinz Förster,Centre-back,83,false,https://7a0.com.br/en/copas/1986/ger
1986,Mexico,ger,Germany,80,3,Defence,6,Norbert Eder,Centre-back,75,false,https://7a0.com.br/en/copas/1986/ger
1986,Mexico,ger,Germany,80,3,Defence,15,Klaus Augenthaler,Centre-back,82,false,https://7a0.com.br/en/copas/1986/ger
1986,Mexico,ger,Germany,80,3,Defence,17,Ditmar Jakobs,Centre-back,73,false,https://7a0.com.br/en/copas/1986/ger
1986,Mexico,ger,Germany,80,3,Defence,2,Hans-Peter Briegel,Left-back,83,false,https://7a0.com.br/en/copas/1986/ger
1986,Mexico,ger,Germany,80,3,Defence,3,Andreas Brehme,Left-back,86,false,https://7a0.com.br/en/copas/1986/ger
1986,Mexico,ger,Germany,80,3,Midfield,5,Matthias Herget,Defensive midfielder,78,false,https://7a0.com.br/en/copas/1986/ger
1986,Mexico,ger,Germany,80,3,Midfield,8,Lothar Matthäus,Defensive midfielder,89,true,https://7a0.com.br/en/copas/1986/ger
1986,Mexico,ger,Germany,80,3,Midfield,10,Felix Magath,Defensive midfielder,81,false,https://7a0.com.br/en/copas/1986/ger
1986,Mexico,ger,Germany,80,3,Midfield,16,Olaf Thon,Defensive midfielder,80,false,https://7a0.com.br/en/copas/1986/ger
1986,Mexico,ger,Germany,80,3,Midfield,21,Wolfgang Rolff,Defensive midfielder,72,false,https://7a0.com.br/en/copas/1986/ger
1986,Mexico,ger,Germany,80,3,Midfield,13,Karl Allgöwer,Attacking midfielder,74,false,https://7a0.com.br/en/copas/1986/ger
1986,Mexico,ger,Germany,80,3,Attack,7,Pierre Littbarski,Right winger,84,false,https://7a0.com.br/en/copas/1986/ger
1986,Mexico,ger,Germany,80,3,Attack,18,Uwe Rahn,Right winger,75,false,https://7a0.com.br/en/copas/1986/ger
1986,Mexico,ger,Germany,80,3,Attack,9,Rudi Völler,Centre-forward,87,true,https://7a0.com.br/en/copas/1986/ger
1986,Mexico,ger,Germany,80,3,Attack,11,Karl-Heinz Rummenigge,Centre-forward,88,true,https://7a0.com.br/en/copas/1986/ger
1986,Mexico,ger,Germany,80,3,Attack,19,Klaus Allofs,Centre-forward,81,false,https://7a0.com.br/en/copas/1986/ger
1986,Mexico,ger,Germany,80,3,Attack,20,Dieter Hoeneß,Centre-forward,76,false,https://7a0.com.br/en/copas/1986/ger
1986,Mexico,ita,Italy,80,2,Goalkeepers,1,Giovanni Galli,Goalkeeper,80,false,https://7a0.com.br/en/copas/1986/ita
1986,Mexico,ita,Italy,80,2,Goalkeepers,12,Franco Tancredi,Goalkeeper,76,false,https://7a0.com.br/en/copas/1986/ita
1986,Mexico,ita,Italy,80,2,Goalkeepers,22,Walter Zenga,Goalkeeper,78,false,https://7a0.com.br/en/copas/1986/ita
1986,Mexico,ita,Italy,80,2,Defence,5,Sebastiano Nela,Right-back,73,false,https://7a0.com.br/en/copas/1986/ita
1986,Mexico,ita,Italy,80,2,Defence,2,Giuseppe Bergomi,Centre-back,84,false,https://7a0.com.br/en/copas/1986/ita
1986,Mexico,ita,Italy,80,2,Defence,4,Fulvio Collovati,Centre-back,76,false,https://7a0.com.br/en/copas/1986/ita
1986,Mexico,ita,Italy,80,2,Defence,7,Roberto Tricella,Centre-back,74,false,https://7a0.com.br/en/copas/1986/ita
1986,Mexico,ita,Italy,80,2,Defence,8,Pietro Vierchowod,Centre-back,80,false,https://7a0.com.br/en/copas/1986/ita
1986,Mexico,ita,Italy,80,2,Defence,3,Antonio Cabrini,Left-back,83,false,https://7a0.com.br/en/copas/1986/ita
1986,Mexico,ita,Italy,80,2,Midfield,6,Gaetano Scirea,Defensive midfielder,92,true,https://7a0.com.br/en/copas/1986/ita
1986,Mexico,ita,Italy,80,2,Midfield,15,Marco Tardelli,Defensive midfielder,85,false,https://7a0.com.br/en/copas/1986/ita
1986,Mexico,ita,Italy,80,2,Midfield,10,Salvatore Bagni,Right midfielder,76,false,https://7a0.com.br/en/copas/1986/ita
1986,Mexico,ita,Italy,80,2,Midfield,11,Giuseppe Baresi,Right midfielder,75,false,https://7a0.com.br/en/copas/1986/ita
1986,Mexico,ita,Italy,80,2,Midfield,9,Carlo Ancelotti,Midfielder,80,false,https://7a0.com.br/en/copas/1986/ita
1986,Mexico,ita,Italy,80,2,Midfield,13,Fernando De Napoli,Midfielder,79,false,https://7a0.com.br/en/copas/1986/ita
1986,Mexico,ita,Italy,80,2,Midfield,14,Antonio Di Gennaro,Left midfielder,74,false,https://7a0.com.br/en/copas/1986/ita
1986,Mexico,ita,Italy,80,2,Attack,17,Gianluca Vialli,Centre-forward,84,false,https://7a0.com.br/en/copas/1986/ita
1986,Mexico,ita,Italy,80,2,Attack,18,Alessandro Altobelli,Centre-forward,85,false,https://7a0.com.br/en/copas/1986/ita
1986,Mexico,ita,Italy,80,2,Attack,19,Giuseppe Galderisi,Centre-forward,74,false,https://7a0.com.br/en/copas/1986/ita
1986,Mexico,ita,Italy,80,2,Attack,20,Paolo Rossi,Centre-forward,88,true,https://7a0.com.br/en/copas/1986/ita
1986,Mexico,ita,Italy,80,2,Attack,21,Aldo Serena,Centre-forward,77,false,https://7a0.com.br/en/copas/1986/ita
1986,Mexico,ita,Italy,80,2,Attack,16,Bruno Conti,Left winger,83,false,https://7a0.com.br/en/copas/1986/ita
1986,Mexico,mex,Mexico,75,1,Goalkeepers,1,Pablo Larios,Goalkeeper,78,false,https://7a0.com.br/en/copas/1986/mex
1986,Mexico,mex,Mexico,75,1,Goalkeepers,12,Ignacio Rodríguez,Goalkeeper,70,false,https://7a0.com.br/en/copas/1986/mex
1986,Mexico,mex,Mexico,75,1,Goalkeepers,20,Olaf Heredia,Goalkeeper,69,false,https://7a0.com.br/en/copas/1986/mex
1986,Mexico,mex,Mexico,75,1,Defence,2,Mario Trejo,Right-back,75,false,https://7a0.com.br/en/copas/1986/mex
1986,Mexico,mex,Mexico,75,1,Defence,3,Fernando Quirarte,Centre-back,79,false,https://7a0.com.br/en/copas/1986/mex
1986,Mexico,mex,Mexico,75,1,Defence,4,Armando Manzo,Centre-back,74,false,https://7a0.com.br/en/copas/1986/mex
1986,Mexico,mex,Mexico,75,1,Defence,17,Raúl Servín,Centre-back,74,false,https://7a0.com.br/en/copas/1986/mex
1986,Mexico,mex,Mexico,75,1,Defence,14,Felix Cruz,Left-back,73,false,https://7a0.com.br/en/copas/1986/mex
1986,Mexico,mex,Mexico,75,1,Defence,18,Rafael Amador,Left-back,73,false,https://7a0.com.br/en/copas/1986/mex
1986,Mexico,mex,Mexico,75,1,Midfield,7,Miguel España,Defensive midfielder,77,false,https://7a0.com.br/en/copas/1986/mex
1986,Mexico,mex,Mexico,75,1,Midfield,8,Alejandro Domínguez,Defensive midfielder,72,false,https://7a0.com.br/en/copas/1986/mex
1986,Mexico,mex,Mexico,75,1,Midfield,13,Javier Aguirre,Defensive midfielder,76,false,https://7a0.com.br/en/copas/1986/mex
1986,Mexico,mex,Mexico,75,1,Midfield,16,Carlos Muñoz,Defensive midfielder,72,false,https://7a0.com.br/en/copas/1986/mex
1986,Mexico,mex,Mexico,75,1,Midfield,6,Carlos De los Cobos,Midfielder,75,false,https://7a0.com.br/en/copas/1986/mex
1986,Mexico,mex,Mexico,75,1,Midfield,10,Tomás Boy,Midfielder,80,false,https://7a0.com.br/en/copas/1986/mex
1986,Mexico,mex,Mexico,75,1,Midfield,19,Javier Hernández,Left midfielder,72,false,https://7a0.com.br/en/copas/1986/mex
1986,Mexico,mex,Mexico,75,1,Midfield,22,Manuel Negrete,Attacking midfielder,81,false,https://7a0.com.br/en/copas/1986/mex
1986,Mexico,mex,Mexico,75,1,Attack,15,Luis Flores,Right winger,78,false,https://7a0.com.br/en/copas/1986/mex
1986,Mexico,mex,Mexico,75,1,Attack,5,Francisco Javier Cruz,Centre-forward,73,false,https://7a0.com.br/en/copas/1986/mex
1986,Mexico,mex,Mexico,75,1,Attack,9,Hugo Sánchez,Centre-forward,88,true,https://7a0.com.br/en/copas/1986/mex
1986,Mexico,mex,Mexico,75,1,Attack,11,Carlos Hermosillo,Centre-forward,76,false,https://7a0.com.br/en/copas/1986/mex
1986,Mexico,mex,Mexico,75,1,Attack,21,Cristóbal Ortega,Left winger,72,false,https://7a0.com.br/en/copas/1986/mex
1986,Mexico,mar,Morocco,75,3,Goalkeepers,1,Ezzaki Badou,Goalkeeper,87,true,https://7a0.com.br/en/copas/1986/mar
1986,Mexico,mar,Morocco,75,3,Goalkeepers,12,Salahdine Hmied,Goalkeeper,70,false,https://7a0.com.br/en/copas/1986/mar
1986,Mexico,mar,Morocco,75,3,Goalkeepers,22,Abdelfettah Mouddani,Goalkeeper,68,false,https://7a0.com.br/en/copas/1986/mar
1986,Mexico,mar,Morocco,75,3,Defence,2,Labid Khalifa,Right-back,68,false,https://7a0.com.br/en/copas/1986/mar
1986,Mexico,mar,Morocco,75,3,Defence,3,Abdelmajid Lamriss,Centre-back,74,false,https://7a0.com.br/en/copas/1986/mar
1986,Mexico,mar,Morocco,75,3,Defence,4,Mustapha El Biyaz,Centre-back,75,false,https://7a0.com.br/en/copas/1986/mar
1986,Mexico,mar,Morocco,75,3,Defence,5,Noureddine Bouyahyaoui,Centre-back,75,false,https://7a0.com.br/en/copas/1986/mar
1986,Mexico,mar,Morocco,75,3,Defence,20,Abdellah Bidane,Centre-back,72,false,https://7a0.com.br/en/copas/1986/mar
1986,Mexico,mar,Morocco,75,3,Defence,14,Lahcen Ouadani,Left-back,72,false,https://7a0.com.br/en/copas/1986/mar
1986,Mexico,mar,Morocco,75,3,Midfield,6,Abdelmajid Dolmy,Defensive midfielder,81,false,https://7a0.com.br/en/copas/1986/mar
1986,Mexico,mar,Morocco,75,3,Midfield,7,Mustafa El Haddaoui,Midfielder,78,false,https://7a0.com.br/en/copas/1986/mar
1986,Mexico,mar,Morocco,75,3,Midfield,10,Mohamed Timoumi,Midfielder,85,true,https://7a0.com.br/en/copas/1986/mar
1986,Mexico,mar,Morocco,75,3,Midfield,15,Mouncif El Haddaoui,Midfielder,74,false,https://7a0.com.br/en/copas/1986/mar
1986,Mexico,mar,Morocco,75,3,Midfield,16,Azzedine Amanallah,Midfielder,73,false,https://7a0.com.br/en/copas/1986/mar
1986,Mexico,mar,Morocco,75,3,Midfield,18,Mohammed Sahil,Midfielder,73,false,https://7a0.com.br/en/copas/1986/mar
1986,Mexico,mar,Morocco,75,3,Midfield,19,Fadel Jilal,Midfielder,73,false,https://7a0.com.br/en/copas/1986/mar
1986,Mexico,mar,Morocco,75,3,Midfield,21,Abdelaziz Souleimani,Midfielder,72,false,https://7a0.com.br/en/copas/1986/mar
1986,Mexico,mar,Morocco,75,3,Midfield,8,Aziz Bouderbala,Attacking midfielder,83,true,https://7a0.com.br/en/copas/1986/mar
1986,Mexico,mar,Morocco,75,3,Attack,9,Abdelkrim Merry Krimau,Centre-forward,77,false,https://7a0.com.br/en/copas/1986/mar
1986,Mexico,mar,Morocco,75,3,Attack,11,Mustafa Merry,Centre-forward,74,false,https://7a0.com.br/en/copas/1986/mar
1986,Mexico,mar,Morocco,75,3,Attack,13,Abdelfettah Rhiati,Centre-forward,73,false,https://7a0.com.br/en/copas/1986/mar
1986,Mexico,mar,Morocco,75,3,Attack,17,Abderrazak Khairi,Left winger,79,false,https://7a0.com.br/en/copas/1986/mar
1986,Mexico,par,Paraguay,73,2,Goalkeepers,1,Roberto Fernández,Goalkeeper,76,false,https://7a0.com.br/en/copas/1986/par
1986,Mexico,par,Paraguay,73,2,Goalkeepers,12,Jorge Battaglia,Goalkeeper,68,false,https://7a0.com.br/en/copas/1986/par
1986,Mexico,par,Paraguay,73,2,Goalkeepers,22,Julián Coronel,Goalkeeper,66,false,https://7a0.com.br/en/copas/1986/par
1986,Mexico,par,Paraguay,73,2,Defence,2,Juan Torales,Right-back,74,false,https://7a0.com.br/en/copas/1986/par
1986,Mexico,par,Paraguay,73,2,Defence,14,Luis Caballero,Right-back,70,false,https://7a0.com.br/en/copas/1986/par
1986,Mexico,par,Paraguay,73,2,Defence,3,César Zabala,Centre-back,72,false,https://7a0.com.br/en/copas/1986/par
1986,Mexico,par,Paraguay,73,2,Defence,4,Vladimiro Schettina,Centre-back,75,false,https://7a0.com.br/en/copas/1986/par
1986,Mexico,par,Paraguay,73,2,Defence,5,Rogelio Delgado,Centre-back,76,false,https://7a0.com.br/en/copas/1986/par
1986,Mexico,par,Paraguay,73,2,Defence,13,Virginio Cáceres,Centre-back,72,false,https://7a0.com.br/en/copas/1986/par
1986,Mexico,par,Paraguay,73,2,Midfield,6,Jorge Amado Nunes,Defensive midfielder,75,false,https://7a0.com.br/en/copas/1986/par
1986,Mexico,par,Paraguay,73,2,Midfield,8,Julio César Romero,Midfielder,82,true,https://7a0.com.br/en/copas/1986/par
1986,Mexico,par,Paraguay,73,2,Midfield,16,Jorge Guasch,Midfielder,70,false,https://7a0.com.br/en/copas/1986/par
1986,Mexico,par,Paraguay,73,2,Midfield,19,Rolando Chilavert,Left midfielder,72,false,https://7a0.com.br/en/copas/1986/par
1986,Mexico,par,Paraguay,73,2,Midfield,10,Adolfino Cañete,Attacking midfielder,76,false,https://7a0.com.br/en/copas/1986/par
1986,Mexico,par,Paraguay,73,2,Attack,17,Francisco Alcaraz,Right winger,71,false,https://7a0.com.br/en/copas/1986/par
1986,Mexico,par,Paraguay,73,2,Attack,18,Evaristo Isasi,Right winger,73,false,https://7a0.com.br/en/copas/1986/par
1986,Mexico,par,Paraguay,73,2,Attack,9,Roberto Cabañas,Centre-forward,84,true,https://7a0.com.br/en/copas/1986/par
1986,Mexico,par,Paraguay,73,2,Attack,15,Eufemio Cabral,Centre-forward,72,false,https://7a0.com.br/en/copas/1986/par
1986,Mexico,par,Paraguay,73,2,Attack,20,Ramón Hicks,Centre-forward,73,false,https://7a0.com.br/en/copas/1986/par
1986,Mexico,par,Paraguay,73,2,Attack,7,Buenaventura Ferreira,Left winger,73,false,https://7a0.com.br/en/copas/1986/par
1986,Mexico,par,Paraguay,73,2,Attack,11,Alfredo Mendoza,Left winger,73,false,https://7a0.com.br/en/copas/1986/par
1986,Mexico,par,Paraguay,73,2,Attack,21,Faustino Alonso,Left winger,70,false,https://7a0.com.br/en/copas/1986/par
1986,Mexico,pol,Poland,75,2,Goalkeepers,1,Józef Młynarczyk,Goalkeeper,79,false,https://7a0.com.br/en/copas/1986/pol
1986,Mexico,pol,Poland,75,2,Goalkeepers,12,Jacek Kazimierski,Goalkeeper,72,false,https://7a0.com.br/en/copas/1986/pol
1986,Mexico,pol,Poland,75,2,Goalkeepers,19,Józef Wandzik,Goalkeeper,65,false,https://7a0.com.br/en/copas/1986/pol
1986,Mexico,pol,Poland,75,2,Defence,2,Kazimierz Przybyś,Right-back,70,false,https://7a0.com.br/en/copas/1986/pol
1986,Mexico,pol,Poland,75,2,Defence,10,Stefan Majewski,Right-back,78,false,https://7a0.com.br/en/copas/1986/pol
1986,Mexico,pol,Poland,75,2,Defence,14,Dariusz Kubicki,Right-back,70,false,https://7a0.com.br/en/copas/1986/pol
1986,Mexico,pol,Poland,75,2,Defence,3,Władysław Żmuda,Centre-back,83,true,https://7a0.com.br/en/copas/1986/pol
1986,Mexico,pol,Poland,75,2,Defence,4,Marek Ostrowski,Centre-back,74,false,https://7a0.com.br/en/copas/1986/pol
1986,Mexico,pol,Poland,75,2,Defence,5,Roman Wójcicki,Centre-back,79,false,https://7a0.com.br/en/copas/1986/pol
1986,Mexico,pol,Poland,75,2,Defence,18,Krzysztof Pawlak,Left-back,73,false,https://7a0.com.br/en/copas/1986/pol
1986,Mexico,pol,Poland,75,2,Midfield,6,Waldemar Matysik,Defensive midfielder,77,false,https://7a0.com.br/en/copas/1986/pol
1986,Mexico,pol,Poland,75,2,Midfield,7,Ryszard Tarasiewicz,Midfielder,73,false,https://7a0.com.br/en/copas/1986/pol
1986,Mexico,pol,Poland,75,2,Midfield,9,Jan Karaś,Midfielder,68,false,https://7a0.com.br/en/copas/1986/pol
1986,Mexico,pol,Poland,75,2,Midfield,13,Ryszard Komornicki,Midfielder,72,false,https://7a0.com.br/en/copas/1986/pol
1986,Mexico,pol,Poland,75,2,Midfield,15,Andrzej Buncol,Midfielder,78,false,https://7a0.com.br/en/copas/1986/pol
1986,Mexico,pol,Poland,75,2,Midfield,16,Andrzej Pałasz,Midfielder,75,false,https://7a0.com.br/en/copas/1986/pol
1986,Mexico,pol,Poland,75,2,Midfield,20,Zbigniew Boniek,Left midfielder,92,true,https://7a0.com.br/en/copas/1986/pol
1986,Mexico,pol,Poland,75,2,Attack,8,Jan Urban,Right winger,75,false,https://7a0.com.br/en/copas/1986/pol
1986,Mexico,pol,Poland,75,2,Attack,17,Andrzej Zgutczyński,Centre-forward,68,false,https://7a0.com.br/en/copas/1986/pol
1986,Mexico,pol,Poland,75,2,Attack,21,Dariusz Dziekanowski,Centre-forward,80,false,https://7a0.com.br/en/copas/1986/pol
1986,Mexico,pol,Poland,75,2,Attack,22,Jan Furtok,Centre-forward,72,false,https://7a0.com.br/en/copas/1986/pol
1986,Mexico,pol,Poland,75,2,Attack,11,Włodzimierz Smolarek,Left winger,84,false,https://7a0.com.br/en/copas/1986/pol
1986,Mexico,urs,Soviet Union,79,3,Goalkeepers,1,Rinat Dasayev,Goalkeeper,88,true,https://7a0.com.br/en/copas/1986/urs
1986,Mexico,urs,Soviet Union,79,3,Goalkeepers,16,Viktor Chanov,Goalkeeper,73,false,https://7a0.com.br/en/copas/1986/urs
1986,Mexico,urs,Soviet Union,79,3,Goalkeepers,22,Serhiy Krakovskiy,Goalkeeper,72,false,https://7a0.com.br/en/copas/1986/urs
1986,Mexico,urs,Soviet Union,79,3,Defence,2,Volodymyr Bezsonov,Right-back,79,false,https://7a0.com.br/en/copas/1986/urs
1986,Mexico,urs,Soviet Union,79,3,Defence,3,Aleksandr Chivadze,Centre-back,78,false,https://7a0.com.br/en/copas/1986/urs
1986,Mexico,urs,Soviet Union,79,3,Defence,4,Gennady Morozov,Centre-back,76,false,https://7a0.com.br/en/copas/1986/urs
1986,Mexico,urs,Soviet Union,79,3,Defence,6,Aleksandr Bubnov,Centre-back,76,false,https://7a0.com.br/en/copas/1986/urs
1986,Mexico,urs,Soviet Union,79,3,Defence,10,Oleh Kuznetsov,Centre-back,78,false,https://7a0.com.br/en/copas/1986/urs
1986,Mexico,urs,Soviet Union,79,3,Defence,5,Anatoliy Demyanenko,Left-back,82,false,https://7a0.com.br/en/copas/1986/urs
1986,Mexico,urs,Soviet Union,79,3,Midfield,8,Pavlo Yakovenko,Defensive midfielder,80,false,https://7a0.com.br/en/copas/1986/urs
1986,Mexico,urs,Soviet Union,79,3,Midfield,12,Andriy Bal,Defensive midfielder,76,false,https://7a0.com.br/en/copas/1986/urs
1986,Mexico,urs,Soviet Union,79,3,Midfield,15,Nikolay Larionov,Defensive midfielder,75,false,https://7a0.com.br/en/copas/1986/urs
1986,Mexico,urs,Soviet Union,79,3,Midfield,20,Sergei Aleinikov,Defensive midfielder,81,false,https://7a0.com.br/en/copas/1986/urs
1986,Mexico,urs,Soviet Union,79,3,Midfield,7,Ivan Yaremchuk,Midfielder,77,false,https://7a0.com.br/en/copas/1986/urs
1986,Mexico,urs,Soviet Union,79,3,Midfield,13,Hennadiy Litovchenko,Midfielder,79,false,https://7a0.com.br/en/copas/1986/urs
1986,Mexico,urs,Soviet Union,79,3,Midfield,21,Vasyl Rats,Left midfielder,81,false,https://7a0.com.br/en/copas/1986/urs
1986,Mexico,urs,Soviet Union,79,3,Midfield,9,Oleksandr Zavarov,Attacking midfielder,85,false,https://7a0.com.br/en/copas/1986/urs
1986,Mexico,urs,Soviet Union,79,3,Attack,17,Vadym Yevtushenko,Right winger,77,false,https://7a0.com.br/en/copas/1986/urs
1986,Mexico,urs,Soviet Union,79,3,Attack,14,Sergey Rodionov,Centre-forward,77,false,https://7a0.com.br/en/copas/1986/urs
1986,Mexico,urs,Soviet Union,79,3,Attack,18,Oleh Protasov,Centre-forward,83,false,https://7a0.com.br/en/copas/1986/urs
1986,Mexico,urs,Soviet Union,79,3,Attack,19,Ihor Belanov,Centre-forward,89,true,https://7a0.com.br/en/copas/1986/urs
1986,Mexico,urs,Soviet Union,79,3,Attack,11,Oleh Blokhin,Left winger,83,true,https://7a0.com.br/en/copas/1986/urs
1986,Mexico,esp,Spain,78,2,Goalkeepers,1,Andoni Zubizarreta,Goalkeeper,88,true,https://7a0.com.br/en/copas/1986/esp
1986,Mexico,esp,Spain,78,2,Goalkeepers,13,Urruti,Goalkeeper,76,false,https://7a0.com.br/en/copas/1986/esp
1986,Mexico,esp,Spain,78,2,Goalkeepers,22,Juan Carlos Ablanedo,Goalkeeper,70,false,https://7a0.com.br/en/copas/1986/esp
1986,Mexico,esp,Spain,78,2,Defence,2,Tomás,Right-back,72,false,https://7a0.com.br/en/copas/1986/esp
1986,Mexico,esp,Spain,78,2,Defence,11,Julio Alberto,Right-back,78,false,https://7a0.com.br/en/copas/1986/esp
1986,Mexico,esp,Spain,78,2,Defence,15,Chendo,Right-back,75,false,https://7a0.com.br/en/copas/1986/esp
1986,Mexico,esp,Spain,78,2,Defence,4,Antonio Maceda,Centre-back,78,false,https://7a0.com.br/en/copas/1986/esp
1986,Mexico,esp,Spain,78,2,Defence,8,Andoni Goikoetxea,Centre-back,79,false,https://7a0.com.br/en/copas/1986/esp
1986,Mexico,esp,Spain,78,2,Defence,3,José Antonio Camacho,Left-back,82,false,https://7a0.com.br/en/copas/1986/esp
1986,Mexico,esp,Spain,78,2,Defence,6,Rafael Gordillo,Left-back,83,false,https://7a0.com.br/en/copas/1986/esp
1986,Mexico,esp,Spain,78,2,Midfield,17,Francisco,Defensive midfielder,76,false,https://7a0.com.br/en/copas/1986/esp
1986,Mexico,esp,Spain,78,2,Midfield,5,Víctor Muñoz,Midfielder,79,false,https://7a0.com.br/en/copas/1986/esp
1986,Mexico,esp,Spain,78,2,Midfield,12,Quique Setién,Midfielder,74,false,https://7a0.com.br/en/copas/1986/esp
1986,Mexico,esp,Spain,78,2,Midfield,14,Ricardo Gallego,Midfielder,77,false,https://7a0.com.br/en/copas/1986/esp
1986,Mexico,esp,Spain,78,2,Midfield,18,Ramón Calderé,Midfielder,77,false,https://7a0.com.br/en/copas/1986/esp
1986,Mexico,esp,Spain,78,2,Midfield,7,Juan Señor,Attacking midfielder,78,false,https://7a0.com.br/en/copas/1986/esp
1986,Mexico,esp,Spain,78,2,Midfield,10,Francisco José Carrasco,Attacking midfielder,79,false,https://7a0.com.br/en/copas/1986/esp
1986,Mexico,esp,Spain,78,2,Midfield,21,Michel,Attacking midfielder,86,false,https://7a0.com.br/en/copas/1986/esp
1986,Mexico,esp,Spain,78,2,Attack,9,Emilio Butragueño,Centre-forward,90,true,https://7a0.com.br/en/copas/1986/esp
1986,Mexico,esp,Spain,78,2,Attack,16,Hipólito Rincón,Centre-forward,76,false,https://7a0.com.br/en/copas/1986/esp
1986,Mexico,esp,Spain,78,2,Attack,19,Julio Salinas,Centre-forward,77,false,https://7a0.com.br/en/copas/1986/esp
1986,Mexico,esp,Spain,78,2,Attack,20,Eloy,Centre-forward,75,false,https://7a0.com.br/en/copas/1986/esp
1986,Mexico,uru,Uruguay,77,2,Goalkeepers,1,Rodolfo Rodríguez,Goalkeeper,76,false,https://7a0.com.br/en/copas/1986/uru
1986,Mexico,uru,Uruguay,77,2,Goalkeepers,12,Fernando Álvez,Goalkeeper,80,false,https://7a0.com.br/en/copas/1986/uru
1986,Mexico,uru,Uruguay,77,2,Goalkeepers,22,Celso Otero,Goalkeeper,72,false,https://7a0.com.br/en/copas/1986/uru
1986,Mexico,uru,Uruguay,77,2,Defence,2,Nelson Gutiérrez,Right-back,74,false,https://7a0.com.br/en/copas/1986/uru
1986,Mexico,uru,Uruguay,77,2,Defence,14,Darío Pereyra,Right-back,77,false,https://7a0.com.br/en/copas/1986/uru
1986,Mexico,uru,Uruguay,77,2,Defence,4,Víctor Diogo,Centre-back,75,false,https://7a0.com.br/en/copas/1986/uru
1986,Mexico,uru,Uruguay,77,2,Defence,6,José Batista,Centre-back,78,false,https://7a0.com.br/en/copas/1986/uru
1986,Mexico,uru,Uruguay,77,2,Defence,13,César Vega,Centre-back,73,false,https://7a0.com.br/en/copas/1986/uru
1986,Mexico,uru,Uruguay,77,2,Defence,15,Eliseo Rivero,Centre-back,74,false,https://7a0.com.br/en/copas/1986/uru
1986,Mexico,uru,Uruguay,77,2,Defence,3,Eduardo Mario Acevedo,Left-back,74,false,https://7a0.com.br/en/copas/1986/uru
1986,Mexico,uru,Uruguay,77,2,Midfield,5,Miguel Bossio,Defensive midfielder,76,false,https://7a0.com.br/en/copas/1986/uru
1986,Mexico,uru,Uruguay,77,2,Midfield,8,Jorge Barrios,Defensive midfielder,79,false,https://7a0.com.br/en/copas/1986/uru
1986,Mexico,uru,Uruguay,77,2,Midfield,17,José Zalazar,Defensive midfielder,74,false,https://7a0.com.br/en/copas/1986/uru
1986,Mexico,uru,Uruguay,77,2,Midfield,16,Mario Saralegui,Midfielder,77,false,https://7a0.com.br/en/copas/1986/uru
1986,Mexico,uru,Uruguay,77,2,Midfield,10,Enzo Francescoli,Attacking midfielder,90,true,https://7a0.com.br/en/copas/1986/uru
1986,Mexico,uru,Uruguay,77,2,Midfield,18,Rubén Paz,Attacking midfielder,82,false,https://7a0.com.br/en/copas/1986/uru
1986,Mexico,uru,Uruguay,77,2,Attack,20,Carlos Aguilera,Right winger,83,true,https://7a0.com.br/en/copas/1986/uru
1986,Mexico,uru,Uruguay,77,2,Attack,9,Jorge Da Silva,Centre-forward,77,false,https://7a0.com.br/en/copas/1986/uru
1986,Mexico,uru,Uruguay,77,2,Attack,19,Venancio Ramos,Centre-forward,73,false,https://7a0.com.br/en/copas/1986/uru
1986,Mexico,uru,Uruguay,77,2,Attack,21,Wilmar Cabrera,Centre-forward,78,false,https://7a0.com.br/en/copas/1986/uru
1986,Mexico,uru,Uruguay,77,2,Attack,7,Antonio Alzamendi,Left winger,80,false,https://7a0.com.br/en/copas/1986/uru
1986,Mexico,uru,Uruguay,77,2,Attack,11,Sergio Santín,Left winger,75,false,https://7a0.com.br/en/copas/1986/uru
1990,Italy,arg,Argentina,77,1,Goalkeepers,1,Nery Pumpido,Goalkeeper,79,false,https://7a0.com.br/en/copas/1990/arg
1990,Italy,arg,Argentina,77,1,Goalkeepers,12,Sergio Goycochea,Goalkeeper,83,false,https://7a0.com.br/en/copas/1990/arg
1990,Italy,arg,Argentina,77,1,Goalkeepers,22,Fabián Cancelarich,Goalkeeper,66,false,https://7a0.com.br/en/copas/1990/arg
1990,Italy,arg,Argentina,77,1,Defence,18,José Serrizuela,Right-back,74,false,https://7a0.com.br/en/copas/1990/arg
1990,Italy,arg,Argentina,77,1,Defence,5,Edgardo Bauza,Centre-back,74,false,https://7a0.com.br/en/copas/1990/arg
1990,Italy,arg,Argentina,77,1,Defence,11,Néstor Fabbri,Centre-back,73,false,https://7a0.com.br/en/copas/1990/arg
1990,Italy,arg,Argentina,77,1,Defence,13,Néstor Lorenzo,Centre-back,73,false,https://7a0.com.br/en/copas/1990/arg
1990,Italy,arg,Argentina,77,1,Defence,17,Roberto Sensini,Centre-back,78,false,https://7a0.com.br/en/copas/1990/arg
1990,Italy,arg,Argentina,77,1,Defence,19,Oscar Ruggeri,Centre-back,83,false,https://7a0.com.br/en/copas/1990/arg
1990,Italy,arg,Argentina,77,1,Defence,20,Juan Simón,Centre-back,76,false,https://7a0.com.br/en/copas/1990/arg
1990,Italy,arg,Argentina,77,1,Defence,15,Pedro Monzón,Left-back,73,false,https://7a0.com.br/en/copas/1990/arg
1990,Italy,arg,Argentina,77,1,Defence,16,Julio Olarticoechea,Left-back,76,false,https://7a0.com.br/en/copas/1990/arg
1990,Italy,arg,Argentina,77,1,Midfield,2,Sergio Batista,Defensive midfielder,80,false,https://7a0.com.br/en/copas/1990/arg
1990,Italy,arg,Argentina,77,1,Midfield,14,Ricardo Giusti,Defensive midfielder,78,false,https://7a0.com.br/en/copas/1990/arg
1990,Italy,arg,Argentina,77,1,Midfield,21,Pedro Troglio,Defensive midfielder,75,false,https://7a0.com.br/en/copas/1990/arg
1990,Italy,arg,Argentina,77,1,Midfield,4,José Basualdo,Right midfielder,77,false,https://7a0.com.br/en/copas/1990/arg
1990,Italy,arg,Argentina,77,1,Midfield,7,Jorge Burruchaga,Right midfielder,81,false,https://7a0.com.br/en/copas/1990/arg
1990,Italy,arg,Argentina,77,1,Midfield,6,Gabriel Calderón,Left midfielder,76,false,https://7a0.com.br/en/copas/1990/arg
1990,Italy,arg,Argentina,77,1,Midfield,10,Diego Maradona,Attacking midfielder,92,true,https://7a0.com.br/en/copas/1990/arg
1990,Italy,arg,Argentina,77,1,Attack,8,Claudio Caniggia,Right winger,84,false,https://7a0.com.br/en/copas/1990/arg
1990,Italy,arg,Argentina,77,1,Attack,3,Abel Balbo,Centre-forward,77,false,https://7a0.com.br/en/copas/1990/arg
1990,Italy,arg,Argentina,77,1,Attack,9,Gustavo Dezotti,Centre-forward,72,false,https://7a0.com.br/en/copas/1990/arg
1990,Italy,bra,Brazil,81,3,Goalkeepers,1,Cláudio Taffarel,Goalkeeper,88,true,https://7a0.com.br/en/copas/1990/bra
1990,Italy,bra,Brazil,81,3,Goalkeepers,12,Acácio,Goalkeeper,71,false,https://7a0.com.br/en/copas/1990/bra
1990,Italy,bra,Brazil,81,3,Goalkeepers,22,Zé Carlos,Goalkeeper,68,false,https://7a0.com.br/en/copas/1990/bra
1990,Italy,bra,Brazil,81,3,Defence,2,Jorginho,Right-back,82,false,https://7a0.com.br/en/copas/1990/bra
1990,Italy,bra,Brazil,81,3,Defence,18,Mazinho,Right-back,79,false,https://7a0.com.br/en/copas/1990/bra
1990,Italy,bra,Brazil,81,3,Defence,3,Ricardo Gomes,Centre-back,80,false,https://7a0.com.br/en/copas/1990/bra
1990,Italy,bra,Brazil,81,3,Defence,13,Carlos Mozer,Centre-back,81,false,https://7a0.com.br/en/copas/1990/bra
1990,Italy,bra,Brazil,81,3,Defence,14,Aldair,Centre-back,83,false,https://7a0.com.br/en/copas/1990/bra
1990,Italy,bra,Brazil,81,3,Defence,19,Ricardo Rocha,Centre-back,78,false,https://7a0.com.br/en/copas/1990/bra
1990,Italy,bra,Brazil,81,3,Defence,21,Mauro Galvão,Centre-back,79,false,https://7a0.com.br/en/copas/1990/bra
1990,Italy,bra,Brazil,81,3,Defence,6,Branco,Left-back,85,false,https://7a0.com.br/en/copas/1990/bra
1990,Italy,bra,Brazil,81,3,Midfield,4,Dunga,Defensive midfielder,83,false,https://7a0.com.br/en/copas/1990/bra
1990,Italy,bra,Brazil,81,3,Midfield,5,Alemão,Defensive midfielder,85,false,https://7a0.com.br/en/copas/1990/bra
1990,Italy,bra,Brazil,81,3,Midfield,7,Bismarck,Right midfielder,77,false,https://7a0.com.br/en/copas/1990/bra
1990,Italy,bra,Brazil,81,3,Midfield,8,Valdo,Left midfielder,84,false,https://7a0.com.br/en/copas/1990/bra
1990,Italy,bra,Brazil,81,3,Midfield,10,Paulo Silas,Left midfielder,78,false,https://7a0.com.br/en/copas/1990/bra
1990,Italy,bra,Brazil,81,3,Attack,9,Careca,Centre-forward,90,true,https://7a0.com.br/en/copas/1990/bra
1990,Italy,bra,Brazil,81,3,Attack,11,Romário,Centre-forward,87,true,https://7a0.com.br/en/copas/1990/bra
1990,Italy,bra,Brazil,81,3,Attack,15,Müller,Centre-forward,84,false,https://7a0.com.br/en/copas/1990/bra
1990,Italy,bra,Brazil,81,3,Attack,16,Bebeto,Centre-forward,86,false,https://7a0.com.br/en/copas/1990/bra
1990,Italy,bra,Brazil,81,3,Attack,17,Renato Gaúcho,Left winger,78,false,https://7a0.com.br/en/copas/1990/bra
1990,Italy,bra,Brazil,81,3,Attack,20,Tita,Left winger,76,false,https://7a0.com.br/en/copas/1990/bra
1990,Italy,cmr,Cameroon,74,2,Goalkeepers,1,Joseph-Antoine Bell,Goalkeeper,76,false,https://7a0.com.br/en/copas/1990/cmr
1990,Italy,cmr,Cameroon,74,2,Goalkeepers,16,Thomas N'Kono,Goalkeeper,80,true,https://7a0.com.br/en/copas/1990/cmr
1990,Italy,cmr,Cameroon,74,2,Goalkeepers,22,Jacques Songo'o,Goalkeeper,70,false,https://7a0.com.br/en/copas/1990/cmr
1990,Italy,cmr,Cameroon,74,2,Defence,14,Stephen Tataw,Right-back,76,false,https://7a0.com.br/en/copas/1990/cmr
1990,Italy,cmr,Cameroon,74,2,Defence,2,André Kana-Biyik,Centre-back,75,false,https://7a0.com.br/en/copas/1990/cmr
1990,Italy,cmr,Cameroon,74,2,Defence,4,Benjamin Massing,Centre-back,74,false,https://7a0.com.br/en/copas/1990/cmr
1990,Italy,cmr,Cameroon,74,2,Defence,6,Emmanuel Kundé,Centre-back,78,false,https://7a0.com.br/en/copas/1990/cmr
1990,Italy,cmr,Cameroon,74,2,Defence,12,Alphonse Yombi,Centre-back,66,false,https://7a0.com.br/en/copas/1990/cmr
1990,Italy,cmr,Cameroon,74,2,Defence,17,Victor N'Dip,Centre-back,72,false,https://7a0.com.br/en/copas/1990/cmr
1990,Italy,cmr,Cameroon,74,2,Defence,5,Bertin Ebwellé,Left-back,71,false,https://7a0.com.br/en/copas/1990/cmr
1990,Italy,cmr,Cameroon,74,2,Defence,13,Jean-Claude Pagal,Left-back,71,false,https://7a0.com.br/en/copas/1990/cmr
1990,Italy,cmr,Cameroon,74,2,Midfield,3,Jules Onana,Defensive midfielder,72,false,https://7a0.com.br/en/copas/1990/cmr
1990,Italy,cmr,Cameroon,74,2,Midfield,8,Émile Mbouh,Defensive midfielder,74,false,https://7a0.com.br/en/copas/1990/cmr
1990,Italy,cmr,Cameroon,74,2,Midfield,15,Thomas Libiih,Defensive midfielder,68,false,https://7a0.com.br/en/copas/1990/cmr
1990,Italy,cmr,Cameroon,74,2,Midfield,19,Roger Feutmba,Defensive midfielder,67,false,https://7a0.com.br/en/copas/1990/cmr
1990,Italy,cmr,Cameroon,74,2,Midfield,21,Emmanuel Maboang,Defensive midfielder,70,false,https://7a0.com.br/en/copas/1990/cmr
1990,Italy,cmr,Cameroon,74,2,Midfield,10,Louis-Paul M'Fédé,Left midfielder,75,false,https://7a0.com.br/en/copas/1990/cmr
1990,Italy,cmr,Cameroon,74,2,Midfield,20,Cyrille Makanaky,Left midfielder,77,false,https://7a0.com.br/en/copas/1990/cmr
1990,Italy,cmr,Cameroon,74,2,Attack,7,François Omam-Biyik,Centre-forward,80,false,https://7a0.com.br/en/copas/1990/cmr
1990,Italy,cmr,Cameroon,74,2,Attack,9,Roger Milla,Centre-forward,88,true,https://7a0.com.br/en/copas/1990/cmr
1990,Italy,cmr,Cameroon,74,2,Attack,11,Eugène Ekéké,Centre-forward,73,false,https://7a0.com.br/en/copas/1990/cmr
1990,Italy,cmr,Cameroon,74,2,Attack,18,Bonaventure Djonkep,Left winger,70,false,https://7a0.com.br/en/copas/1990/cmr
1990,Italy,col,Colombia,76,2,Goalkeepers,1,René Higuita,Goalkeeper,84,true,https://7a0.com.br/en/copas/1990/col
1990,Italy,col,Colombia,76,2,Goalkeepers,12,Eduardo Niño,Goalkeeper,71,false,https://7a0.com.br/en/copas/1990/col
1990,Italy,col,Colombia,76,2,Defence,4,Luis Herrera,Right-back,76,false,https://7a0.com.br/en/copas/1990/col
1990,Italy,col,Colombia,76,2,Defence,2,Andrés Escobar,Centre-back,81,false,https://7a0.com.br/en/copas/1990/col
1990,Italy,col,Colombia,76,2,Defence,3,Gildardo Gómez,Centre-back,73,false,https://7a0.com.br/en/copas/1990/col
1990,Italy,col,Colombia,76,2,Defence,6,José Ricardo Pérez,Centre-back,72,false,https://7a0.com.br/en/copas/1990/col
1990,Italy,col,Colombia,76,2,Defence,13,Carlos Hoyos,Centre-back,70,false,https://7a0.com.br/en/copas/1990/col
1990,Italy,col,Colombia,76,2,Defence,15,Luis Carlos Perea,Centre-back,78,false,https://7a0.com.br/en/copas/1990/col
1990,Italy,col,Colombia,76,2,Defence,17,Geovanis Cassiani,Left-back,71,false,https://7a0.com.br/en/copas/1990/col
1990,Italy,col,Colombia,76,2,Defence,18,Wílmer Cabrera,Left-back,75,false,https://7a0.com.br/en/copas/1990/col
1990,Italy,col,Colombia,76,2,Defence,21,Alexis Mendoza,Left-back,73,false,https://7a0.com.br/en/copas/1990/col
1990,Italy,col,Colombia,76,2,Midfield,5,León Villa,Defensive midfielder,72,false,https://7a0.com.br/en/copas/1990/col
1990,Italy,col,Colombia,76,2,Midfield,8,Gabriel Gómez,Defensive midfielder,76,false,https://7a0.com.br/en/copas/1990/col
1990,Italy,col,Colombia,76,2,Midfield,14,Leonel Álvarez,Defensive midfielder,80,false,https://7a0.com.br/en/copas/1990/col
1990,Italy,col,Colombia,76,2,Midfield,19,Freddy Rincón,Defensive midfielder,83,false,https://7a0.com.br/en/copas/1990/col
1990,Italy,col,Colombia,76,2,Midfield,20,Luis Fajardo,Left midfielder,70,false,https://7a0.com.br/en/copas/1990/col
1990,Italy,col,Colombia,76,2,Midfield,10,Carlos Valderrama,Attacking midfielder,85,true,https://7a0.com.br/en/copas/1990/col
1990,Italy,col,Colombia,76,2,Midfield,11,Bernardo Redín,Attacking midfielder,77,false,https://7a0.com.br/en/copas/1990/col
1990,Italy,col,Colombia,76,2,Attack,7,Carlos Estrada,Right winger,72,false,https://7a0.com.br/en/copas/1990/col
1990,Italy,col,Colombia,76,2,Attack,16,Arnoldo Iguarán,Centre-forward,80,false,https://7a0.com.br/en/copas/1990/col
1990,Italy,col,Colombia,76,2,Attack,22,Rubén Darío Hernández,Centre-forward,74,false,https://7a0.com.br/en/copas/1990/col
1990,Italy,col,Colombia,76,2,Attack,9,Miguel Guerrero,Left winger,72,false,https://7a0.com.br/en/copas/1990/col
1990,Italy,tch,Czechoslovakia,77,0,Goalkeepers,1,Jan Stejskal,Goalkeeper,78,false,https://7a0.com.br/en/copas/1990/tch
1990,Italy,tch,Czechoslovakia,77,0,Goalkeepers,21,Luděk Mikloško,Goalkeeper,78,false,https://7a0.com.br/en/copas/1990/tch
1990,Italy,tch,Czechoslovakia,77,0,Goalkeepers,22,Peter Palúch,Goalkeeper,72,false,https://7a0.com.br/en/copas/1990/tch
1990,Italy,tch,Czechoslovakia,77,0,Defence,14,Vladimír Weiss,Right-back,75,false,https://7a0.com.br/en/copas/1990/tch
1990,Italy,tch,Czechoslovakia,77,0,Defence,2,Július Bielik,Centre-back,74,false,https://7a0.com.br/en/copas/1990/tch
1990,Italy,tch,Czechoslovakia,77,0,Defence,3,Miroslav Kadlec,Centre-back,79,false,https://7a0.com.br/en/copas/1990/tch
1990,Italy,tch,Czechoslovakia,77,0,Defence,5,Ján Kocian,Centre-back,78,false,https://7a0.com.br/en/copas/1990/tch
1990,Italy,tch,Czechoslovakia,77,0,Defence,6,František Straka,Centre-back,77,false,https://7a0.com.br/en/copas/1990/tch
1990,Italy,tch,Czechoslovakia,77,0,Defence,9,Luboš Kubík,Centre-back,80,false,https://7a0.com.br/en/copas/1990/tch
1990,Italy,tch,Czechoslovakia,77,0,Defence,15,Vladimír Kinier,Centre-back,73,false,https://7a0.com.br/en/copas/1990/tch
1990,Italy,tch,Czechoslovakia,77,0,Midfield,4,Ivan Hašek,Defensive midfielder,81,false,https://7a0.com.br/en/copas/1990/tch
1990,Italy,tch,Czechoslovakia,77,0,Midfield,8,Jozef Chovanec,Defensive midfielder,80,false,https://7a0.com.br/en/copas/1990/tch
1990,Italy,tch,Czechoslovakia,77,0,Midfield,16,Viliam Hýravý,Right midfielder,73,false,https://7a0.com.br/en/copas/1990/tch
1990,Italy,tch,Czechoslovakia,77,0,Midfield,13,Jiří Němec,Midfielder,76,false,https://7a0.com.br/en/copas/1990/tch
1990,Italy,tch,Czechoslovakia,77,0,Midfield,20,Václav Němeček,Midfielder,75,false,https://7a0.com.br/en/copas/1990/tch
1990,Italy,tch,Czechoslovakia,77,0,Midfield,11,Ľubomír Moravčík,Left midfielder,82,false,https://7a0.com.br/en/copas/1990/tch
1990,Italy,tch,Czechoslovakia,77,0,Midfield,7,Michal Bílek,Attacking midfielder,78,false,https://7a0.com.br/en/copas/1990/tch
1990,Italy,tch,Czechoslovakia,77,0,Attack,12,Peter Fieber,Right winger,74,false,https://7a0.com.br/en/copas/1990/tch
1990,Italy,tch,Czechoslovakia,77,0,Attack,10,Tomáš Skuhravý,Centre-forward,82,false,https://7a0.com.br/en/copas/1990/tch
1990,Italy,tch,Czechoslovakia,77,0,Attack,18,Milan Luhový,Centre-forward,78,false,https://7a0.com.br/en/copas/1990/tch
1990,Italy,tch,Czechoslovakia,77,0,Attack,19,Stanislav Griga,Centre-forward,77,false,https://7a0.com.br/en/copas/1990/tch
1990,Italy,tch,Czechoslovakia,77,0,Attack,17,Ivo Knoflíček,Left winger,77,false,https://7a0.com.br/en/copas/1990/tch
1990,Italy,egy,Egypt,75,0,Goalkeepers,1,Ahmed Shobair,Goalkeeper,77,false,https://7a0.com.br/en/copas/1990/egy
1990,Italy,egy,Egypt,75,0,Goalkeepers,21,Ayman Taher,Goalkeeper,72,false,https://7a0.com.br/en/copas/1990/egy
1990,Italy,egy,Egypt,75,0,Goalkeepers,22,Thabet El-Batal,Goalkeeper,72,false,https://7a0.com.br/en/copas/1990/egy
1990,Italy,egy,Egypt,75,0,Defence,2,Ibrahim Hassan,Right-back,77,false,https://7a0.com.br/en/copas/1990/egy
1990,Italy,egy,Egypt,75,0,Defence,13,Ahmed Ramzy,Right-back,74,false,https://7a0.com.br/en/copas/1990/egy
1990,Italy,egy,Egypt,75,0,Defence,4,Hany Ramzy,Centre-back,78,false,https://7a0.com.br/en/copas/1990/egy
1990,Italy,egy,Egypt,75,0,Defence,5,Hesham Yakan,Centre-back,75,false,https://7a0.com.br/en/copas/1990/egy
1990,Italy,egy,Egypt,75,0,Defence,14,Alaa Maihoub,Centre-back,73,false,https://7a0.com.br/en/copas/1990/egy
1990,Italy,egy,Egypt,75,0,Defence,11,Tarek Soliman,Left-back,76,false,https://7a0.com.br/en/copas/1990/egy
1990,Italy,egy,Egypt,75,0,Midfield,3,Rabie Yassin,Defensive midfielder,77,false,https://7a0.com.br/en/copas/1990/egy
1990,Italy,egy,Egypt,75,0,Midfield,7,Ismail Youssef,Defensive midfielder,76,false,https://7a0.com.br/en/copas/1990/egy
1990,Italy,egy,Egypt,75,0,Midfield,8,Magdi Abdelghani,Defensive midfielder,78,false,https://7a0.com.br/en/copas/1990/egy
1990,Italy,egy,Egypt,75,0,Midfield,16,Magdy Tolba,Defensive midfielder,73,false,https://7a0.com.br/en/copas/1990/egy
1990,Italy,egy,Egypt,75,0,Midfield,6,Ashraf Kasem,Midfielder,76,false,https://7a0.com.br/en/copas/1990/egy
1990,Italy,egy,Egypt,75,0,Midfield,18,Osama Orabi,Midfielder,72,false,https://7a0.com.br/en/copas/1990/egy
1990,Italy,egy,Egypt,75,0,Midfield,15,Saber Eid,Left midfielder,73,false,https://7a0.com.br/en/copas/1990/egy
1990,Italy,egy,Egypt,75,0,Midfield,17,Ayman Shawky,Attacking midfielder,73,false,https://7a0.com.br/en/copas/1990/egy
1990,Italy,egy,Egypt,75,0,Attack,12,Taher Abouzeid,Right winger,76,false,https://7a0.com.br/en/copas/1990/egy
1990,Italy,egy,Egypt,75,0,Attack,9,Hossam Hassan,Centre-forward,79,false,https://7a0.com.br/en/copas/1990/egy
1990,Italy,egy,Egypt,75,0,Attack,19,Adel Abdel Rahman,Centre-forward,73,false,https://7a0.com.br/en/copas/1990/egy
1990,Italy,egy,Egypt,75,0,Attack,20,Ahmed El-Kass,Centre-forward,74,false,https://7a0.com.br/en/copas/1990/egy
1990,Italy,egy,Egypt,75,0,Attack,10,Abdelhamid,Left winger,77,false,https://7a0.com.br/en/copas/1990/egy
1990,Italy,eng,England,78,4,Goalkeepers,1,Peter Shilton,Goalkeeper,82,true,https://7a0.com.br/en/copas/1990/eng
1990,Italy,eng,England,78,4,Goalkeepers,13,Chris Woods,Goalkeeper,72,false,https://7a0.com.br/en/copas/1990/eng
1990,Italy,eng,England,78,4,Goalkeepers,22,Dave Beasant,Goalkeeper,68,false,https://7a0.com.br/en/copas/1990/eng
1990,Italy,eng,England,78,4,Defence,2,Gary Stevens,Right-back,75,false,https://7a0.com.br/en/copas/1990/eng
1990,Italy,eng,England,78,4,Defence,12,Paul Parker,Right-back,76,false,https://7a0.com.br/en/copas/1990/eng
1990,Italy,eng,England,78,4,Defence,5,Des Walker,Centre-back,80,false,https://7a0.com.br/en/copas/1990/eng
1990,Italy,eng,England,78,4,Defence,6,Terry Butcher,Centre-back,78,false,https://7a0.com.br/en/copas/1990/eng
1990,Italy,eng,England,78,4,Defence,14,Mark Wright,Centre-back,76,false,https://7a0.com.br/en/copas/1990/eng
1990,Italy,eng,England,78,4,Defence,3,Stuart Pearce,Left-back,82,false,https://7a0.com.br/en/copas/1990/eng
1990,Italy,eng,England,78,4,Defence,15,Tony Dorigo,Left-back,72,false,https://7a0.com.br/en/copas/1990/eng
1990,Italy,eng,England,78,4,Midfield,7,Bryan Robson,Defensive midfielder,80,true,https://7a0.com.br/en/copas/1990/eng
1990,Italy,eng,England,78,4,Midfield,16,Steve McMahon,Defensive midfielder,74,false,https://7a0.com.br/en/copas/1990/eng
1990,Italy,eng,England,78,4,Midfield,17,David Platt,Defensive midfielder,78,false,https://7a0.com.br/en/copas/1990/eng
1990,Italy,eng,England,78,4,Midfield,4,Neil Webb,Midfielder,73,false,https://7a0.com.br/en/copas/1990/eng
1990,Italy,eng,England,78,4,Midfield,19,Paul Gascoigne,Midfielder,88,true,https://7a0.com.br/en/copas/1990/eng
1990,Italy,eng,England,78,4,Midfield,18,Steve Hodge,Left midfielder,72,false,https://7a0.com.br/en/copas/1990/eng
1990,Italy,eng,England,78,4,Midfield,9,Peter Beardsley,Attacking midfielder,82,false,https://7a0.com.br/en/copas/1990/eng
1990,Italy,eng,England,78,4,Attack,8,Chris Waddle,Right winger,84,false,https://7a0.com.br/en/copas/1990/eng
1990,Italy,eng,England,78,4,Attack,20,Trevor Steven,Right winger,74,false,https://7a0.com.br/en/copas/1990/eng
1990,Italy,eng,England,78,4,Attack,10,Gary Lineker,Centre-forward,88,true,https://7a0.com.br/en/copas/1990/eng
1990,Italy,eng,England,78,4,Attack,21,Steve Bull,Centre-forward,70,false,https://7a0.com.br/en/copas/1990/eng
1990,Italy,eng,England,78,4,Attack,11,John Barnes,Left winger,84,false,https://7a0.com.br/en/copas/1990/eng
1990,Italy,ger,Germany,82,2,Goalkeepers,1,Bodo Illgner,Goalkeeper,85,false,https://7a0.com.br/en/copas/1990/ger
1990,Italy,ger,Germany,82,2,Goalkeepers,12,Raimond Aumann,Goalkeeper,74,false,https://7a0.com.br/en/copas/1990/ger
1990,Italy,ger,Germany,82,2,Goalkeepers,22,Andreas Köpke,Goalkeeper,75,false,https://7a0.com.br/en/copas/1990/ger
1990,Italy,ger,Germany,82,2,Defence,2,Stefan Reuter,Right-back,81,false,https://7a0.com.br/en/copas/1990/ger
1990,Italy,ger,Germany,82,2,Defence,14,Thomas Berthold,Right-back,82,false,https://7a0.com.br/en/copas/1990/ger
1990,Italy,ger,Germany,82,2,Defence,4,Jürgen Köhler,Centre-back,87,false,https://7a0.com.br/en/copas/1990/ger
1990,Italy,ger,Germany,82,2,Defence,5,Klaus Augenthaler,Centre-back,83,false,https://7a0.com.br/en/copas/1990/ger
1990,Italy,ger,Germany,82,2,Defence,6,Guido Buchwald,Centre-back,84,false,https://7a0.com.br/en/copas/1990/ger
1990,Italy,ger,Germany,82,2,Defence,16,Paul Steiner,Centre-back,73,false,https://7a0.com.br/en/copas/1990/ger
1990,Italy,ger,Germany,82,2,Defence,3,Andreas Brehme,Left-back,91,true,https://7a0.com.br/en/copas/1990/ger
1990,Italy,ger,Germany,82,2,Defence,19,Hans Pflügler,Left-back,74,false,https://7a0.com.br/en/copas/1990/ger
1990,Italy,ger,Germany,82,2,Midfield,10,Lothar Matthäus,Defensive midfielder,96,true,https://7a0.com.br/en/copas/1990/ger
1990,Italy,ger,Germany,82,2,Midfield,20,Olaf Thon,Defensive midfielder,80,false,https://7a0.com.br/en/copas/1990/ger
1990,Italy,ger,Germany,82,2,Midfield,21,Günter Hermann,Defensive midfielder,73,false,https://7a0.com.br/en/copas/1990/ger
1990,Italy,ger,Germany,82,2,Midfield,8,Thomas Häßler,Attacking midfielder,84,false,https://7a0.com.br/en/copas/1990/ger
1990,Italy,ger,Germany,82,2,Midfield,15,Uwe Bein,Attacking midfielder,80,false,https://7a0.com.br/en/copas/1990/ger
1990,Italy,ger,Germany,82,2,Midfield,17,Andreas Möller,Attacking midfielder,82,false,https://7a0.com.br/en/copas/1990/ger
1990,Italy,ger,Germany,82,2,Attack,9,Rudi Völler,Centre-forward,88,false,https://7a0.com.br/en/copas/1990/ger
1990,Italy,ger,Germany,82,2,Attack,11,Frank Mill,Centre-forward,74,false,https://7a0.com.br/en/copas/1990/ger
1990,Italy,ger,Germany,82,2,Attack,13,Karl-Heinz Riedle,Centre-forward,82,false,https://7a0.com.br/en/copas/1990/ger
1990,Italy,ger,Germany,82,2,Attack,18,Jürgen Klinsmann,Centre-forward,87,false,https://7a0.com.br/en/copas/1990/ger
1990,Italy,ger,Germany,82,2,Attack,7,Pierre Littbarski,Left winger,82,false,https://7a0.com.br/en/copas/1990/ger
1990,Italy,irl,Ireland,76,1,Goalkeepers,1,Packie Bonner,Goalkeeper,78,false,https://7a0.com.br/en/copas/1990/irl
1990,Italy,irl,Ireland,76,1,Goalkeepers,22,Gerry Peyton,Goalkeeper,73,false,https://7a0.com.br/en/copas/1990/irl
1990,Italy,irl,Ireland,76,1,Defence,2,Chris Morris,Right-back,75,false,https://7a0.com.br/en/copas/1990/irl
1990,Italy,irl,Ireland,76,1,Defence,4,Mick McCarthy,Centre-back,78,false,https://7a0.com.br/en/copas/1990/irl
1990,Italy,irl,Ireland,76,1,Defence,5,Kevin Moran,Centre-back,78,false,https://7a0.com.br/en/copas/1990/irl
1990,Italy,irl,Ireland,76,1,Defence,7,Paul McGrath,Centre-back,84,true,https://7a0.com.br/en/copas/1990/irl
1990,Italy,irl,Ireland,76,1,Defence,12,David O'Leary,Centre-back,77,false,https://7a0.com.br/en/copas/1990/irl
1990,Italy,irl,Ireland,76,1,Defence,3,Steve Staunton,Left-back,78,false,https://7a0.com.br/en/copas/1990/irl
1990,Italy,irl,Ireland,76,1,Defence,14,Chris Hughton,Left-back,74,false,https://7a0.com.br/en/copas/1990/irl
1990,Italy,irl,Ireland,76,1,Midfield,8,Ray Houghton,Defensive midfielder,78,false,https://7a0.com.br/en/copas/1990/irl
1990,Italy,irl,Ireland,76,1,Midfield,6,Ronnie Whelan,Midfielder,78,false,https://7a0.com.br/en/copas/1990/irl
1990,Italy,irl,Ireland,76,1,Midfield,13,Andy Townsend,Midfielder,78,false,https://7a0.com.br/en/copas/1990/irl
1990,Italy,irl,Ireland,76,1,Midfield,16,John Sheridan,Midfielder,75,false,https://7a0.com.br/en/copas/1990/irl
1990,Italy,irl,Ireland,76,1,Midfield,21,Alan McLoughlin,Midfielder,73,false,https://7a0.com.br/en/copas/1990/irl
1990,Italy,irl,Ireland,76,1,Midfield,11,Kevin Sheedy,Left midfielder,78,false,https://7a0.com.br/en/copas/1990/irl
1990,Italy,irl,Ireland,76,1,Attack,9,John Aldridge,Centre-forward,79,false,https://7a0.com.br/en/copas/1990/irl
1990,Italy,irl,Ireland,76,1,Attack,10,Tony Cascarino,Centre-forward,76,false,https://7a0.com.br/en/copas/1990/irl
1990,Italy,irl,Ireland,76,1,Attack,15,Bernie Slaven,Centre-forward,73,false,https://7a0.com.br/en/copas/1990/irl
1990,Italy,irl,Ireland,76,1,Attack,17,Niall Quinn,Centre-forward,78,false,https://7a0.com.br/en/copas/1990/irl
1990,Italy,irl,Ireland,76,1,Attack,18,Frank Stapleton,Centre-forward,74,false,https://7a0.com.br/en/copas/1990/irl
1990,Italy,irl,Ireland,76,1,Attack,19,David Kelly,Centre-forward,73,false,https://7a0.com.br/en/copas/1990/irl
1990,Italy,irl,Ireland,76,1,Attack,20,John Byrne,Centre-forward,73,false,https://7a0.com.br/en/copas/1990/irl
1990,Italy,ita,Italy,82,3,Goalkeepers,1,Walter Zenga,Goalkeeper,88,false,https://7a0.com.br/en/copas/1990/ita
1990,Italy,ita,Italy,82,3,Goalkeepers,12,Stefano Tacconi,Goalkeeper,78,false,https://7a0.com.br/en/copas/1990/ita
1990,Italy,ita,Italy,82,3,Goalkeepers,22,Gianluca Pagliuca,Goalkeeper,76,false,https://7a0.com.br/en/copas/1990/ita
1990,Italy,ita,Italy,82,3,Defence,4,Luigi De Agostini,Right-back,80,false,https://7a0.com.br/en/copas/1990/ita
1990,Italy,ita,Italy,82,3,Defence,2,Franco Baresi,Centre-back,94,true,https://7a0.com.br/en/copas/1990/ita
1990,Italy,ita,Italy,82,3,Defence,3,Giuseppe Bergomi,Centre-back,83,false,https://7a0.com.br/en/copas/1990/ita
1990,Italy,ita,Italy,82,3,Defence,5,Ciro Ferrara,Centre-back,78,false,https://7a0.com.br/en/copas/1990/ita
1990,Italy,ita,Italy,82,3,Defence,6,Riccardo Ferri,Centre-back,80,false,https://7a0.com.br/en/copas/1990/ita
1990,Italy,ita,Italy,82,3,Defence,8,Pietro Vierchowod,Centre-back,82,false,https://7a0.com.br/en/copas/1990/ita
1990,Italy,ita,Italy,82,3,Defence,7,Paolo Maldini,Left-back,89,true,https://7a0.com.br/en/copas/1990/ita
1990,Italy,ita,Italy,82,3,Midfield,10,Nicola Berti,Defensive midfielder,80,false,https://7a0.com.br/en/copas/1990/ita
1990,Italy,ita,Italy,82,3,Midfield,11,Fernando De Napoli,Defensive midfielder,78,false,https://7a0.com.br/en/copas/1990/ita
1990,Italy,ita,Italy,82,3,Midfield,14,Giancarlo Marocchi,Defensive midfielder,74,false,https://7a0.com.br/en/copas/1990/ita
1990,Italy,ita,Italy,82,3,Midfield,17,Roberto Donadoni,Defensive midfielder,84,false,https://7a0.com.br/en/copas/1990/ita
1990,Italy,ita,Italy,82,3,Midfield,9,Carlo Ancelotti,Midfielder,81,false,https://7a0.com.br/en/copas/1990/ita
1990,Italy,ita,Italy,82,3,Midfield,13,Giuseppe Giannini,Left midfielder,82,false,https://7a0.com.br/en/copas/1990/ita
1990,Italy,ita,Italy,82,3,Attack,15,Roberto Baggio,Right winger,90,true,https://7a0.com.br/en/copas/1990/ita
1990,Italy,ita,Italy,82,3,Attack,16,Andrea Carnevale,Centre-forward,77,false,https://7a0.com.br/en/copas/1990/ita
1990,Italy,ita,Italy,82,3,Attack,18,Roberto Mancini,Centre-forward,82,false,https://7a0.com.br/en/copas/1990/ita
1990,Italy,ita,Italy,82,3,Attack,19,Salvatore Schillaci,Centre-forward,86,false,https://7a0.com.br/en/copas/1990/ita
1990,Italy,ita,Italy,82,3,Attack,20,Aldo Serena,Centre-forward,78,false,https://7a0.com.br/en/copas/1990/ita
1990,Italy,ita,Italy,82,3,Attack,21,Gianluca Vialli,Centre-forward,84,false,https://7a0.com.br/en/copas/1990/ita
1990,Italy,ned,Netherlands,81,3,Goalkeepers,1,Hans Van Breukelen,Goalkeeper,85,false,https://7a0.com.br/en/copas/1990/ned
1990,Italy,ned,Netherlands,81,3,Goalkeepers,16,Joop Hiele,Goalkeeper,73,false,https://7a0.com.br/en/copas/1990/ned
1990,Italy,ned,Netherlands,81,3,Goalkeepers,22,Stanley Menzo,Goalkeeper,78,false,https://7a0.com.br/en/copas/1990/ned
1990,Italy,ned,Netherlands,81,3,Defence,2,Berry Van Aerle,Right-back,79,false,https://7a0.com.br/en/copas/1990/ned
1990,Italy,ned,Netherlands,81,3,Defence,4,Ronald Koeman,Centre-back,90,false,https://7a0.com.br/en/copas/1990/ned
1990,Italy,ned,Netherlands,81,3,Defence,5,Adri Van Tiggelen,Centre-back,80,false,https://7a0.com.br/en/copas/1990/ned
1990,Italy,ned,Netherlands,81,3,Defence,13,Graeme Rutjes,Centre-back,73,false,https://7a0.com.br/en/copas/1990/ned
1990,Italy,ned,Netherlands,81,3,Defence,18,Henk Fraser,Centre-back,72,false,https://7a0.com.br/en/copas/1990/ned
1990,Italy,ned,Netherlands,81,3,Defence,21,Danny Blind,Centre-back,77,false,https://7a0.com.br/en/copas/1990/ned
1990,Italy,ned,Netherlands,81,3,Midfield,6,Jan Wouters,Defensive midfielder,82,false,https://7a0.com.br/en/copas/1990/ned
1990,Italy,ned,Netherlands,81,3,Midfield,7,Erwin Koeman,Defensive midfielder,79,false,https://7a0.com.br/en/copas/1990/ned
1990,Italy,ned,Netherlands,81,3,Midfield,20,Aron Winter,Defensive midfielder,81,false,https://7a0.com.br/en/copas/1990/ned
1990,Italy,ned,Netherlands,81,3,Midfield,3,Frank Rijkaard,Midfielder,92,true,https://7a0.com.br/en/copas/1990/ned
1990,Italy,ned,Netherlands,81,3,Midfield,10,Ruud Gullit,Midfielder,92,true,https://7a0.com.br/en/copas/1990/ned
1990,Italy,ned,Netherlands,81,3,Midfield,11,Richard Witschge,Midfielder,79,false,https://7a0.com.br/en/copas/1990/ned
1990,Italy,ned,Netherlands,81,3,Attack,8,Gerald Vanenburg,Right winger,79,false,https://7a0.com.br/en/copas/1990/ned
1990,Italy,ned,Netherlands,81,3,Attack,9,Marco Van Basten,Centre-forward,93,true,https://7a0.com.br/en/copas/1990/ned
1990,Italy,ned,Netherlands,81,3,Attack,12,Wim Kieft,Centre-forward,80,false,https://7a0.com.br/en/copas/1990/ned
1990,Italy,ned,Netherlands,81,3,Attack,14,John Van 't Schip,Centre-forward,80,false,https://7a0.com.br/en/copas/1990/ned
1990,Italy,ned,Netherlands,81,3,Attack,17,Hans Gillhaus,Centre-forward,78,false,https://7a0.com.br/en/copas/1990/ned
1990,Italy,ned,Netherlands,81,3,Attack,19,John Van Loen,Centre-forward,73,false,https://7a0.com.br/en/copas/1990/ned
1990,Italy,ned,Netherlands,81,3,Attack,15,Bryan Roy,Left winger,76,false,https://7a0.com.br/en/copas/1990/ned
1990,Italy,rou,Romania,77,2,Goalkeepers,1,Silviu Lung,Goalkeeper,78,false,https://7a0.com.br/en/copas/1990/rou
1990,Italy,rou,Romania,77,2,Goalkeepers,12,Bogdan Stelea,Goalkeeper,74,false,https://7a0.com.br/en/copas/1990/rou
1990,Italy,rou,Romania,77,2,Goalkeepers,22,Gheorghe Liliac,Goalkeeper,68,false,https://7a0.com.br/en/copas/1990/rou
1990,Italy,rou,Romania,77,2,Defence,2,Mircea Rednic,Right-back,75,false,https://7a0.com.br/en/copas/1990/rou
1990,Italy,rou,Romania,77,2,Defence,4,Ioan Andone,Centre-back,76,false,https://7a0.com.br/en/copas/1990/rou
1990,Italy,rou,Romania,77,2,Defence,6,Gheorghe Popescu,Centre-back,87,true,https://7a0.com.br/en/copas/1990/rou
1990,Italy,rou,Romania,77,2,Defence,13,Adrian Popescu,Centre-back,72,false,https://7a0.com.br/en/copas/1990/rou
1990,Italy,rou,Romania,77,2,Defence,19,Emil Săndoi,Centre-back,73,false,https://7a0.com.br/en/copas/1990/rou
1990,Italy,rou,Romania,77,2,Defence,3,Michael Klein,Left-back,74,false,https://7a0.com.br/en/copas/1990/rou
1990,Italy,rou,Romania,77,2,Midfield,5,Iosif Rotariu,Defensive midfielder,76,false,https://7a0.com.br/en/copas/1990/rou
1990,Italy,rou,Romania,77,2,Midfield,16,Daniel Timofte,Defensive midfielder,75,false,https://7a0.com.br/en/copas/1990/rou
1990,Italy,rou,Romania,77,2,Midfield,20,Zsolt Muzsnay,Defensive midfielder,73,false,https://7a0.com.br/en/copas/1990/rou
1990,Italy,rou,Romania,77,2,Midfield,21,Ioan Lupescu,Defensive midfielder,76,false,https://7a0.com.br/en/copas/1990/rou
1990,Italy,rou,Romania,77,2,Midfield,8,Ioan Sabău,Attacking midfielder,78,false,https://7a0.com.br/en/copas/1990/rou
1990,Italy,rou,Romania,77,2,Midfield,10,Gheorghe Hagi,Attacking midfielder,89,true,https://7a0.com.br/en/copas/1990/rou
1990,Italy,rou,Romania,77,2,Midfield,11,Dănuț Lupu,Attacking midfielder,76,false,https://7a0.com.br/en/copas/1990/rou
1990,Italy,rou,Romania,77,2,Midfield,15,Dorin Mateuț,Attacking midfielder,78,false,https://7a0.com.br/en/copas/1990/rou
1990,Italy,rou,Romania,77,2,Attack,18,Gabi Balint,Right winger,79,false,https://7a0.com.br/en/copas/1990/rou
1990,Italy,rou,Romania,77,2,Attack,9,Rodion Cămătaru,Centre-forward,75,false,https://7a0.com.br/en/copas/1990/rou
1990,Italy,rou,Romania,77,2,Attack,14,Florin Răducioiu,Centre-forward,84,false,https://7a0.com.br/en/copas/1990/rou
1990,Italy,rou,Romania,77,2,Attack,17,Ilie Dumitrescu,Centre-forward,80,false,https://7a0.com.br/en/copas/1990/rou
1990,Italy,rou,Romania,77,2,Attack,7,Marius Lăcătuș,Left winger,82,false,https://7a0.com.br/en/copas/1990/rou
1990,Italy,yug,Yugoslavia,79,0,Goalkeepers,1,Tomislav Ivković,Goalkeeper,78,false,https://7a0.com.br/en/copas/1990/yug
1990,Italy,yug,Yugoslavia,79,0,Goalkeepers,12,Fahrudin Omerović,Goalkeeper,73,false,https://7a0.com.br/en/copas/1990/yug
1990,Italy,yug,Yugoslavia,79,0,Goalkeepers,22,Dragoje Leković,Goalkeeper,72,false,https://7a0.com.br/en/copas/1990/yug
1990,Italy,yug,Yugoslavia,79,0,Defence,2,Vujadin Stanojković,Right-back,77,false,https://7a0.com.br/en/copas/1990/yug
1990,Italy,yug,Yugoslavia,79,0,Defence,3,Predrag Spasić,Centre-back,77,false,https://7a0.com.br/en/copas/1990/yug
1990,Italy,yug,Yugoslavia,79,0,Defence,4,Zoran Vulić,Centre-back,76,false,https://7a0.com.br/en/copas/1990/yug
1990,Italy,yug,Yugoslavia,79,0,Defence,5,Faruk Hadžibegić,Centre-back,80,false,https://7a0.com.br/en/copas/1990/yug
1990,Italy,yug,Yugoslavia,79,0,Defence,6,Davor Jozić,Centre-back,77,false,https://7a0.com.br/en/copas/1990/yug
1990,Italy,yug,Yugoslavia,79,0,Defence,21,Andrej Panadić,Centre-back,72,false,https://7a0.com.br/en/copas/1990/yug
1990,Italy,yug,Yugoslavia,79,0,Defence,7,Dragoljub Brnović,Left-back,77,false,https://7a0.com.br/en/copas/1990/yug
1990,Italy,yug,Yugoslavia,79,0,Defence,17,Robert Jarni,Left-back,78,false,https://7a0.com.br/en/copas/1990/yug
1990,Italy,yug,Yugoslavia,79,0,Midfield,10,Dragan Stojković,Defensive midfielder,90,false,https://7a0.com.br/en/copas/1990/yug
1990,Italy,yug,Yugoslavia,79,0,Midfield,13,Srečko Katanec,Defensive midfielder,80,false,https://7a0.com.br/en/copas/1990/yug
1990,Italy,yug,Yugoslavia,79,0,Midfield,15,Robert Prosinečki,Defensive midfielder,86,false,https://7a0.com.br/en/copas/1990/yug
1990,Italy,yug,Yugoslavia,79,0,Midfield,16,Refik Šabanadžović,Defensive midfielder,77,false,https://7a0.com.br/en/copas/1990/yug
1990,Italy,yug,Yugoslavia,79,0,Midfield,18,Mirsad Baljić,Midfielder,74,false,https://7a0.com.br/en/copas/1990/yug
1990,Italy,yug,Yugoslavia,79,0,Midfield,8,Safet Sušić,Attacking midfielder,85,false,https://7a0.com.br/en/copas/1990/yug
1990,Italy,yug,Yugoslavia,79,0,Midfield,19,Dejan Savićević,Attacking midfielder,84,false,https://7a0.com.br/en/copas/1990/yug
1990,Italy,yug,Yugoslavia,79,0,Attack,9,Darko Pančev,Centre-forward,84,false,https://7a0.com.br/en/copas/1990/yug
1990,Italy,yug,Yugoslavia,79,0,Attack,11,Zlatko Vujović,Centre-forward,80,false,https://7a0.com.br/en/copas/1990/yug
1990,Italy,yug,Yugoslavia,79,0,Attack,14,Alen Bokšić,Centre-forward,78,false,https://7a0.com.br/en/copas/1990/yug
1990,Italy,yug,Yugoslavia,79,0,Attack,20,Davor Šuker,Centre-forward,79,false,https://7a0.com.br/en/copas/1990/yug
1994,United States,arg,Argentina,79,2,Goalkeepers,1,Sergio Goycochea,Goalkeeper,83,false,https://7a0.com.br/en/copas/1994/arg
1994,United States,arg,Argentina,79,2,Goalkeepers,12,Luis Islas,Goalkeeper,78,false,https://7a0.com.br/en/copas/1994/arg
1994,United States,arg,Argentina,79,2,Goalkeepers,22,Norberto Scoponi,Goalkeeper,70,false,https://7a0.com.br/en/copas/1994/arg
1994,United States,arg,Argentina,79,2,Defence,2,Sergio Vázquez,Right-back,72,false,https://7a0.com.br/en/copas/1994/arg
1994,United States,arg,Argentina,79,2,Defence,4,Roberto Sensini,Centre-back,82,false,https://7a0.com.br/en/copas/1994/arg
1994,United States,arg,Argentina,79,2,Defence,6,Oscar Ruggeri,Centre-back,82,false,https://7a0.com.br/en/copas/1994/arg
1994,United States,arg,Argentina,79,2,Defence,13,Fernando Cáceres,Centre-back,73,false,https://7a0.com.br/en/copas/1994/arg
1994,United States,arg,Argentina,79,2,Defence,15,Jorge Borelli,Centre-back,72,false,https://7a0.com.br/en/copas/1994/arg
1994,United States,arg,Argentina,79,2,Defence,16,Hernán Díaz,Centre-back,73,false,https://7a0.com.br/en/copas/1994/arg
1994,United States,arg,Argentina,79,2,Defence,3,José Chamot,Left-back,81,false,https://7a0.com.br/en/copas/1994/arg
1994,United States,arg,Argentina,79,2,Midfield,8,José Basualdo,Defensive midfielder,74,false,https://7a0.com.br/en/copas/1994/arg
1994,United States,arg,Argentina,79,2,Midfield,14,Diego Simeone,Defensive midfielder,86,false,https://7a0.com.br/en/copas/1994/arg
1994,United States,arg,Argentina,79,2,Midfield,20,Leonardo Rodríguez,Defensive midfielder,75,false,https://7a0.com.br/en/copas/1994/arg
1994,United States,arg,Argentina,79,2,Midfield,5,Fernando Redondo,Midfielder,89,false,https://7a0.com.br/en/copas/1994/arg
1994,United States,arg,Argentina,79,2,Midfield,18,Hugo Pérez,Midfielder,73,false,https://7a0.com.br/en/copas/1994/arg
1994,United States,arg,Argentina,79,2,Midfield,10,Diego Maradona,Attacking midfielder,92,true,https://7a0.com.br/en/copas/1994/arg
1994,United States,arg,Argentina,79,2,Midfield,17,Ariel Ortega,Attacking midfielder,83,false,https://7a0.com.br/en/copas/1994/arg
1994,United States,arg,Argentina,79,2,Midfield,21,Alejandro Mancuso,Attacking midfielder,70,false,https://7a0.com.br/en/copas/1994/arg
1994,United States,arg,Argentina,79,2,Attack,7,Claudio Caniggia,Centre-forward,87,false,https://7a0.com.br/en/copas/1994/arg
1994,United States,arg,Argentina,79,2,Attack,9,Gabriel Batistuta,Centre-forward,92,true,https://7a0.com.br/en/copas/1994/arg
1994,United States,arg,Argentina,79,2,Attack,19,Abel Balbo,Centre-forward,79,false,https://7a0.com.br/en/copas/1994/arg
1994,United States,arg,Argentina,79,2,Attack,11,Ramón Medina Bello,Left winger,72,false,https://7a0.com.br/en/copas/1994/arg
1994,United States,bra,Brazil,80,3,Goalkeepers,1,Cláudio Taffarel,Goalkeeper,85,false,https://7a0.com.br/en/copas/1994/bra
1994,United States,bra,Brazil,80,3,Goalkeepers,12,Zetti,Goalkeeper,72,false,https://7a0.com.br/en/copas/1994/bra
1994,United States,bra,Brazil,80,3,Goalkeepers,22,Gilmar Rinaldi,Goalkeeper,68,false,https://7a0.com.br/en/copas/1994/bra
1994,United States,bra,Brazil,80,3,Defence,2,Jorginho,Right-back,84,false,https://7a0.com.br/en/copas/1994/bra
1994,United States,bra,Brazil,80,3,Defence,14,Cafu,Right-back,82,true,https://7a0.com.br/en/copas/1994/bra
1994,United States,bra,Brazil,80,3,Defence,3,Ricardo Rocha,Centre-back,75,false,https://7a0.com.br/en/copas/1994/bra
1994,United States,bra,Brazil,80,3,Defence,4,Ronaldão,Centre-back,71,false,https://7a0.com.br/en/copas/1994/bra
1994,United States,bra,Brazil,80,3,Defence,13,Aldair,Centre-back,84,false,https://7a0.com.br/en/copas/1994/bra
1994,United States,bra,Brazil,80,3,Defence,15,Márcio Santos,Centre-back,76,false,https://7a0.com.br/en/copas/1994/bra
1994,United States,bra,Brazil,80,3,Defence,6,Branco,Left-back,79,false,https://7a0.com.br/en/copas/1994/bra
1994,United States,bra,Brazil,80,3,Defence,16,Leonardo,Left-back,80,false,https://7a0.com.br/en/copas/1994/bra
1994,United States,bra,Brazil,80,3,Midfield,5,Mauro Silva,Defensive midfielder,82,false,https://7a0.com.br/en/copas/1994/bra
1994,United States,bra,Brazil,80,3,Midfield,8,Dunga,Defensive midfielder,88,false,https://7a0.com.br/en/copas/1994/bra
1994,United States,bra,Brazil,80,3,Midfield,17,Mazinho,Defensive midfielder,76,false,https://7a0.com.br/en/copas/1994/bra
1994,United States,bra,Brazil,80,3,Midfield,9,Zinho,Left midfielder,78,false,https://7a0.com.br/en/copas/1994/bra
1994,United States,bra,Brazil,80,3,Midfield,10,Raí,Attacking midfielder,80,false,https://7a0.com.br/en/copas/1994/bra
1994,United States,bra,Brazil,80,3,Attack,18,Paulo Sérgio,Right winger,76,false,https://7a0.com.br/en/copas/1994/bra
1994,United States,bra,Brazil,80,3,Attack,7,Bebeto,Centre-forward,90,false,https://7a0.com.br/en/copas/1994/bra
1994,United States,bra,Brazil,80,3,Attack,11,Romário,Centre-forward,96,true,https://7a0.com.br/en/copas/1994/bra
1994,United States,bra,Brazil,80,3,Attack,19,Müller,Centre-forward,76,false,https://7a0.com.br/en/copas/1994/bra
1994,United States,bra,Brazil,80,3,Attack,20,Ronaldo,Centre-forward,80,true,https://7a0.com.br/en/copas/1994/bra
1994,United States,bra,Brazil,80,3,Attack,21,Viola,Left winger,74,false,https://7a0.com.br/en/copas/1994/bra
1994,United States,bul,Bulgaria,76,1,Goalkeepers,1,Borislav Mihaylov,Goalkeeper,78,false,https://7a0.com.br/en/copas/1994/bul
1994,United States,bul,Bulgaria,76,1,Goalkeepers,12,Plamen Nikolov,Goalkeeper,70,false,https://7a0.com.br/en/copas/1994/bul
1994,United States,bul,Bulgaria,76,1,Defence,2,Emil Kremenliev,Right-back,75,false,https://7a0.com.br/en/copas/1994/bul
1994,United States,bul,Bulgaria,76,1,Defence,16,Iliyan Kiryakov,Right-back,74,false,https://7a0.com.br/en/copas/1994/bul
1994,United States,bul,Bulgaria,76,1,Defence,3,Trifon Ivanov,Centre-back,79,false,https://7a0.com.br/en/copas/1994/bul
1994,United States,bul,Bulgaria,76,1,Defence,5,Petar Hubchev,Centre-back,76,false,https://7a0.com.br/en/copas/1994/bul
1994,United States,bul,Bulgaria,76,1,Defence,15,Nikolay Iliev,Centre-back,71,false,https://7a0.com.br/en/copas/1994/bul
1994,United States,bul,Bulgaria,76,1,Defence,4,Tsanko Tsvetanov,Left-back,75,false,https://7a0.com.br/en/copas/1994/bul
1994,United States,bul,Bulgaria,76,1,Midfield,9,Yordan Letchkov,Defensive midfielder,80,false,https://7a0.com.br/en/copas/1994/bul
1994,United States,bul,Bulgaria,76,1,Midfield,11,Daniel Borimirov,Defensive midfielder,76,false,https://7a0.com.br/en/copas/1994/bul
1994,United States,bul,Bulgaria,76,1,Midfield,6,Zlatko Yankov,Right midfielder,75,false,https://7a0.com.br/en/copas/1994/bul
1994,United States,bul,Bulgaria,76,1,Midfield,13,Ivaylo Yordanov,Left midfielder,73,false,https://7a0.com.br/en/copas/1994/bul
1994,United States,bul,Bulgaria,76,1,Midfield,14,Boncho Genchev,Attacking midfielder,74,false,https://7a0.com.br/en/copas/1994/bul
1994,United States,bul,Bulgaria,76,1,Midfield,19,Georgi Georgiev,Attacking midfielder,71,false,https://7a0.com.br/en/copas/1994/bul
1994,United States,bul,Bulgaria,76,1,Midfield,20,Krasimir Balakov,Attacking midfielder,83,false,https://7a0.com.br/en/copas/1994/bul
1994,United States,bul,Bulgaria,76,1,Attack,7,Emil Kostadinov,Right winger,82,false,https://7a0.com.br/en/copas/1994/bul
1994,United States,bul,Bulgaria,76,1,Attack,17,Petar Mihtarski,Right winger,72,false,https://7a0.com.br/en/copas/1994/bul
1994,United States,bul,Bulgaria,76,1,Attack,10,Nasko Sirakov,Centre-forward,78,false,https://7a0.com.br/en/copas/1994/bul
1994,United States,bul,Bulgaria,76,1,Attack,18,Petar Aleksandrov,Centre-forward,73,false,https://7a0.com.br/en/copas/1994/bul
1994,United States,bul,Bulgaria,76,1,Attack,21,Velko Yotov,Centre-forward,70,false,https://7a0.com.br/en/copas/1994/bul
1994,United States,bul,Bulgaria,76,1,Attack,22,Ivaylo Andonov,Centre-forward,71,false,https://7a0.com.br/en/copas/1994/bul
1994,United States,bul,Bulgaria,76,1,Attack,8,Hristo Stoichkov,Left winger,89,true,https://7a0.com.br/en/copas/1994/bul
1994,United States,col,Colombia,77,1,Goalkeepers,1,Óscar Córdoba,Goalkeeper,74,false,https://7a0.com.br/en/copas/1994/col
1994,United States,col,Colombia,77,1,Goalkeepers,12,Faryd Mondragón,Goalkeeper,78,false,https://7a0.com.br/en/copas/1994/col
1994,United States,col,Colombia,77,1,Goalkeepers,22,José María Pazo,Goalkeeper,68,false,https://7a0.com.br/en/copas/1994/col
1994,United States,col,Colombia,77,1,Goalkeepers,25,René Higuita,Goalkeeper,81,true,https://7a0.com.br/en/copas/1994/col
1994,United States,col,Colombia,77,1,Defence,4,Luis Fernando Herrera,Right-back,75,false,https://7a0.com.br/en/copas/1994/col
1994,United States,col,Colombia,77,1,Defence,8,Harold Lozano,Right-back,75,false,https://7a0.com.br/en/copas/1994/col
1994,United States,col,Colombia,77,1,Defence,18,Óscar Cortés,Right-back,72,false,https://7a0.com.br/en/copas/1994/col
1994,United States,col,Colombia,77,1,Defence,20,Wilson Pérez,Right-back,71,false,https://7a0.com.br/en/copas/1994/col
1994,United States,col,Colombia,77,1,Defence,2,Andrés Escobar,Centre-back,76,false,https://7a0.com.br/en/copas/1994/col
1994,United States,col,Colombia,77,1,Defence,3,Alexis Mendoza,Centre-back,72,false,https://7a0.com.br/en/copas/1994/col
1994,United States,col,Colombia,77,1,Defence,13,Néstor Ortiz,Centre-back,73,false,https://7a0.com.br/en/copas/1994/col
1994,United States,col,Colombia,77,1,Defence,15,Luis Carlos Perea,Centre-back,78,false,https://7a0.com.br/en/copas/1994/col
1994,United States,col,Colombia,77,1,Defence,5,Hermán Gaviria,Left-back,73,false,https://7a0.com.br/en/copas/1994/col
1994,United States,col,Colombia,77,1,Midfield,6,Gabriel Gómez,Defensive midfielder,78,false,https://7a0.com.br/en/copas/1994/col
1994,United States,col,Colombia,77,1,Midfield,14,Leonel Álvarez,Defensive midfielder,80,false,https://7a0.com.br/en/copas/1994/col
1994,United States,col,Colombia,77,1,Midfield,17,Mauricio Serna,Defensive midfielder,79,false,https://7a0.com.br/en/copas/1994/col
1994,United States,col,Colombia,77,1,Midfield,10,Carlos Valderrama,Midfielder,92,false,https://7a0.com.br/en/copas/1994/col
1994,United States,col,Colombia,77,1,Midfield,19,Freddy Rincón,Midfielder,85,false,https://7a0.com.br/en/copas/1994/col
1994,United States,col,Colombia,77,1,Attack,7,Antony De Ávila,Right winger,78,false,https://7a0.com.br/en/copas/1994/col
1994,United States,col,Colombia,77,1,Attack,16,Víctor Aristizábal,Centre-forward,79,false,https://7a0.com.br/en/copas/1994/col
1994,United States,col,Colombia,77,1,Attack,9,Iván Valenciano,Left winger,74,false,https://7a0.com.br/en/copas/1994/col
1994,United States,col,Colombia,77,1,Attack,11,Adolfo Valencia,Left winger,76,false,https://7a0.com.br/en/copas/1994/col
1994,United States,col,Colombia,77,1,Attack,21,Faustino Asprilla,Left winger,87,false,https://7a0.com.br/en/copas/1994/col
1994,United States,ger,Germany,82,3,Goalkeepers,1,Bodo Illgner,Goalkeeper,85,false,https://7a0.com.br/en/copas/1994/ger
1994,United States,ger,Germany,82,3,Goalkeepers,12,Andreas Köpke,Goalkeeper,82,false,https://7a0.com.br/en/copas/1994/ger
1994,United States,ger,Germany,82,3,Goalkeepers,22,Oliver Kahn,Goalkeeper,84,false,https://7a0.com.br/en/copas/1994/ger
1994,United States,ger,Germany,82,3,Defence,14,Thomas Berthold,Right-back,81,false,https://7a0.com.br/en/copas/1994/ger
1994,United States,ger,Germany,82,3,Defence,4,Jürgen Köhler,Centre-back,86,false,https://7a0.com.br/en/copas/1994/ger
1994,United States,ger,Germany,82,3,Defence,5,Thomas Helmer,Centre-back,82,false,https://7a0.com.br/en/copas/1994/ger
1994,United States,ger,Germany,82,3,Defence,6,Guido Buchwald,Centre-back,83,false,https://7a0.com.br/en/copas/1994/ger
1994,United States,ger,Germany,82,3,Defence,16,Matthias Sammer,Centre-back,87,true,https://7a0.com.br/en/copas/1994/ger
1994,United States,ger,Germany,82,3,Defence,3,Andreas Brehme,Left-back,86,false,https://7a0.com.br/en/copas/1994/ger
1994,United States,ger,Germany,82,3,Midfield,2,Thomas Strunz,Defensive midfielder,78,false,https://7a0.com.br/en/copas/1994/ger
1994,United States,ger,Germany,82,3,Midfield,8,Thomas Häßler,Right midfielder,83,false,https://7a0.com.br/en/copas/1994/ger
1994,United States,ger,Germany,82,3,Midfield,10,Lothar Matthäus,Midfielder,90,true,https://7a0.com.br/en/copas/1994/ger
1994,United States,ger,Germany,82,3,Midfield,15,Maurizio Gaudino,Midfielder,73,false,https://7a0.com.br/en/copas/1994/ger
1994,United States,ger,Germany,82,3,Midfield,20,Stefan Effenberg,Midfielder,84,false,https://7a0.com.br/en/copas/1994/ger
1994,United States,ger,Germany,82,3,Midfield,21,Mario Basler,Left midfielder,78,false,https://7a0.com.br/en/copas/1994/ger
1994,United States,ger,Germany,82,3,Midfield,7,Andreas Möller,Attacking midfielder,85,false,https://7a0.com.br/en/copas/1994/ger
1994,United States,ger,Germany,82,3,Attack,9,Karl-Heinz Riedle,Centre-forward,81,false,https://7a0.com.br/en/copas/1994/ger
1994,United States,ger,Germany,82,3,Attack,11,Stefan Kuntz,Centre-forward,77,false,https://7a0.com.br/en/copas/1994/ger
1994,United States,ger,Germany,82,3,Attack,13,Rudi Völler,Centre-forward,86,false,https://7a0.com.br/en/copas/1994/ger
1994,United States,ger,Germany,82,3,Attack,17,Martin Wagner,Centre-forward,70,false,https://7a0.com.br/en/copas/1994/ger
1994,United States,ger,Germany,82,3,Attack,18,Jürgen Klinsmann,Centre-forward,88,true,https://7a0.com.br/en/copas/1994/ger
1994,United States,ger,Germany,82,3,Attack,19,Ulf Kirsten,Centre-forward,80,false,https://7a0.com.br/en/copas/1994/ger
1994,United States,ita,Italy,79,3,Goalkeepers,1,Gianluca Pagliuca,Goalkeeper,83,false,https://7a0.com.br/en/copas/1994/ita
1994,United States,ita,Italy,79,3,Goalkeepers,12,Luca Marchegiani,Goalkeeper,74,false,https://7a0.com.br/en/copas/1994/ita
1994,United States,ita,Italy,79,3,Goalkeepers,22,Luca Bucci,Goalkeeper,70,false,https://7a0.com.br/en/copas/1994/ita
1994,United States,ita,Italy,79,3,Defence,3,Antonio Benarrivo,Right-back,73,false,https://7a0.com.br/en/copas/1994/ita
1994,United States,ita,Italy,79,3,Defence,8,Roberto Mussi,Right-back,73,false,https://7a0.com.br/en/copas/1994/ita
1994,United States,ita,Italy,79,3,Defence,9,Mauro Tassotti,Right-back,76,false,https://7a0.com.br/en/copas/1994/ita
1994,United States,ita,Italy,79,3,Defence,2,Luigi Apolloni,Centre-back,74,false,https://7a0.com.br/en/copas/1994/ita
1994,United States,ita,Italy,79,3,Defence,4,Alessandro Costacurta,Centre-back,83,false,https://7a0.com.br/en/copas/1994/ita
1994,United States,ita,Italy,79,3,Defence,6,Franco Baresi,Centre-back,90,true,https://7a0.com.br/en/copas/1994/ita
1994,United States,ita,Italy,79,3,Defence,7,Lorenzo Minotti,Centre-back,73,false,https://7a0.com.br/en/copas/1994/ita
1994,United States,ita,Italy,79,3,Defence,5,Paolo Maldini,Left-back,92,true,https://7a0.com.br/en/copas/1994/ita
1994,United States,ita,Italy,79,3,Midfield,13,Dino Baggio,Defensive midfielder,80,false,https://7a0.com.br/en/copas/1994/ita
1994,United States,ita,Italy,79,3,Midfield,14,Nicola Berti,Defensive midfielder,78,false,https://7a0.com.br/en/copas/1994/ita
1994,United States,ita,Italy,79,3,Midfield,11,Demetrio Albertini,Midfielder,85,false,https://7a0.com.br/en/copas/1994/ita
1994,United States,ita,Italy,79,3,Midfield,15,Antonio Conte,Midfielder,76,false,https://7a0.com.br/en/copas/1994/ita
1994,United States,ita,Italy,79,3,Midfield,16,Roberto Donadoni,Left midfielder,82,false,https://7a0.com.br/en/copas/1994/ita
1994,United States,ita,Italy,79,3,Midfield,17,Alberico Evani,Left midfielder,70,false,https://7a0.com.br/en/copas/1994/ita
1994,United States,ita,Italy,79,3,Midfield,10,Roberto Baggio,Attacking midfielder,92,true,https://7a0.com.br/en/copas/1994/ita
1994,United States,ita,Italy,79,3,Attack,18,Pierluigi Casiraghi,Centre-forward,77,false,https://7a0.com.br/en/copas/1994/ita
1994,United States,ita,Italy,79,3,Attack,19,Daniele Massaro,Centre-forward,75,false,https://7a0.com.br/en/copas/1994/ita
1994,United States,ita,Italy,79,3,Attack,20,Giuseppe Signori,Centre-forward,80,false,https://7a0.com.br/en/copas/1994/ita
1994,United States,ita,Italy,79,3,Attack,21,Gianfranco Zola,Left winger,83,false,https://7a0.com.br/en/copas/1994/ita
1994,United States,mex,Mexico,77,2,Goalkeepers,1,Jorge Campos,Goalkeeper,87,true,https://7a0.com.br/en/copas/1994/mex
1994,United States,mex,Mexico,77,2,Goalkeepers,12,Félix Fernández,Goalkeeper,72,false,https://7a0.com.br/en/copas/1994/mex
1994,United States,mex,Mexico,77,2,Goalkeepers,22,Adrián Chávez,Goalkeeper,71,false,https://7a0.com.br/en/copas/1994/mex
1994,United States,mex,Mexico,77,2,Defence,18,José Luis Salgado,Right-back,71,false,https://7a0.com.br/en/copas/1994/mex
1994,United States,mex,Mexico,77,2,Defence,21,Raúl Gutiérrez,Right-back,74,false,https://7a0.com.br/en/copas/1994/mex
1994,United States,mex,Mexico,77,2,Defence,2,Claudio Suárez,Centre-back,82,false,https://7a0.com.br/en/copas/1994/mex
1994,United States,mex,Mexico,77,2,Defence,3,Juan Ramírez,Centre-back,76,false,https://7a0.com.br/en/copas/1994/mex
1994,United States,mex,Mexico,77,2,Midfield,4,Ignacio Ambríz,Defensive midfielder,78,false,https://7a0.com.br/en/copas/1994/mex
1994,United States,mex,Mexico,77,2,Midfield,5,Ramón Ramírez,Defensive midfielder,82,false,https://7a0.com.br/en/copas/1994/mex
1994,United States,mex,Mexico,77,2,Midfield,6,Marcelino Bernal,Defensive midfielder,76,false,https://7a0.com.br/en/copas/1994/mex
1994,United States,mex,Mexico,77,2,Midfield,20,Jorge Rodríguez,Defensive midfielder,75,false,https://7a0.com.br/en/copas/1994/mex
1994,United States,mex,Mexico,77,2,Midfield,8,Alberto García Aspe,Midfielder,83,false,https://7a0.com.br/en/copas/1994/mex
1994,United States,mex,Mexico,77,2,Midfield,13,Juan Carlos Chávez,Midfielder,72,false,https://7a0.com.br/en/copas/1994/mex
1994,United States,mex,Mexico,77,2,Midfield,14,Joaquín Del Olmo,Midfielder,74,false,https://7a0.com.br/en/copas/1994/mex
1994,United States,mex,Mexico,77,2,Midfield,15,Missael Espinoza,Midfielder,75,false,https://7a0.com.br/en/copas/1994/mex
1994,United States,mex,Mexico,77,2,Midfield,17,Benjamín Galindo,Attacking midfielder,77,false,https://7a0.com.br/en/copas/1994/mex
1994,United States,mex,Mexico,77,2,Attack,7,Carlos Hermosillo,Centre-forward,79,false,https://7a0.com.br/en/copas/1994/mex
1994,United States,mex,Mexico,77,2,Attack,9,Hugo Sánchez,Centre-forward,91,true,https://7a0.com.br/en/copas/1994/mex
1994,United States,mex,Mexico,77,2,Attack,10,Luis García,Centre-forward,84,false,https://7a0.com.br/en/copas/1994/mex
1994,United States,mex,Mexico,77,2,Attack,11,Zague,Centre-forward,79,false,https://7a0.com.br/en/copas/1994/mex
1994,United States,mex,Mexico,77,2,Attack,16,Luis Antonio Valdéz,Centre-forward,73,false,https://7a0.com.br/en/copas/1994/mex
1994,United States,mex,Mexico,77,2,Attack,19,Luis Miguel Salvador,Centre-forward,73,false,https://7a0.com.br/en/copas/1994/mex
1994,United States,ned,Netherlands,81,3,Goalkeepers,1,Ed De Goey,Goalkeeper,82,false,https://7a0.com.br/en/copas/1994/ned
1994,United States,ned,Netherlands,81,3,Goalkeepers,13,Edwin Van der Sar,Goalkeeper,77,false,https://7a0.com.br/en/copas/1994/ned
1994,United States,ned,Netherlands,81,3,Goalkeepers,22,Theo Snelders,Goalkeeper,78,false,https://7a0.com.br/en/copas/1994/ned
1994,United States,ned,Netherlands,81,3,Defence,2,Frank de Boer,Right-back,83,false,https://7a0.com.br/en/copas/1994/ned
1994,United States,ned,Netherlands,81,3,Defence,4,Ronald Koeman,Centre-back,91,true,https://7a0.com.br/en/copas/1994/ned
1994,United States,ned,Netherlands,81,3,Defence,14,Ulrich Van Gobbel,Centre-back,76,false,https://7a0.com.br/en/copas/1994/ned
1994,United States,ned,Netherlands,81,3,Defence,15,Danny Blind,Centre-back,80,false,https://7a0.com.br/en/copas/1994/ned
1994,United States,ned,Netherlands,81,3,Defence,18,Stan Valckx,Centre-back,77,false,https://7a0.com.br/en/copas/1994/ned
1994,United States,ned,Netherlands,81,3,Defence,21,John De Wolf,Centre-back,76,false,https://7a0.com.br/en/copas/1994/ned
1994,United States,ned,Netherlands,81,3,Defence,16,Arthur Numan,Left-back,79,false,https://7a0.com.br/en/copas/1994/ned
1994,United States,ned,Netherlands,81,3,Midfield,20,Aron Winter,Defensive midfielder,83,false,https://7a0.com.br/en/copas/1994/ned
1994,United States,ned,Netherlands,81,3,Midfield,6,Jan Wouters,Right midfielder,80,false,https://7a0.com.br/en/copas/1994/ned
1994,United States,ned,Netherlands,81,3,Midfield,3,Frank Rijkaard,Midfielder,87,true,https://7a0.com.br/en/copas/1994/ned
1994,United States,ned,Netherlands,81,3,Midfield,8,Wim Jonk,Midfielder,82,false,https://7a0.com.br/en/copas/1994/ned
1994,United States,ned,Netherlands,81,3,Midfield,5,Rob Witschge,Attacking midfielder,78,false,https://7a0.com.br/en/copas/1994/ned
1994,United States,ned,Netherlands,81,3,Midfield,9,Ronald de Boer,Attacking midfielder,82,false,https://7a0.com.br/en/copas/1994/ned
1994,United States,ned,Netherlands,81,3,Attack,17,Gaston Taument,Right winger,74,false,https://7a0.com.br/en/copas/1994/ned
1994,United States,ned,Netherlands,81,3,Attack,10,Dennis Bergkamp,Centre-forward,91,true,https://7a0.com.br/en/copas/1994/ned
1994,United States,ned,Netherlands,81,3,Attack,12,John Bosman,Centre-forward,75,false,https://7a0.com.br/en/copas/1994/ned
1994,United States,ned,Netherlands,81,3,Attack,19,Peter Van Vossen,Centre-forward,79,false,https://7a0.com.br/en/copas/1994/ned
1994,United States,ned,Netherlands,81,3,Attack,7,Marc Overmars,Left winger,86,false,https://7a0.com.br/en/copas/1994/ned
1994,United States,ned,Netherlands,81,3,Attack,11,Bryan Roy,Left winger,82,false,https://7a0.com.br/en/copas/1994/ned
1994,United States,nga,Nigeria,76,1,Goalkeepers,1,Peter Rufai,Goalkeeper,79,false,https://7a0.com.br/en/copas/1994/nga
1994,United States,nga,Nigeria,76,1,Goalkeepers,16,Alloysius Agu,Goalkeeper,68,false,https://7a0.com.br/en/copas/1994/nga
1994,United States,nga,Nigeria,76,1,Goalkeepers,22,Wilfred Agbonavbare,Goalkeeper,66,false,https://7a0.com.br/en/copas/1994/nga
1994,United States,nga,Nigeria,76,1,Defence,2,Augustine Eguavoen,Right-back,76,false,https://7a0.com.br/en/copas/1994/nga
1994,United States,nga,Nigeria,76,1,Defence,4,Stephen Keshi,Centre-back,78,false,https://7a0.com.br/en/copas/1994/nga
1994,United States,nga,Nigeria,76,1,Defence,5,Uche Okechukwu,Centre-back,76,false,https://7a0.com.br/en/copas/1994/nga
1994,United States,nga,Nigeria,76,1,Defence,6,Chidi Nwanu,Centre-back,72,false,https://7a0.com.br/en/copas/1994/nga
1994,United States,nga,Nigeria,76,1,Defence,20,Uche Okafor,Centre-back,72,false,https://7a0.com.br/en/copas/1994/nga
1994,United States,nga,Nigeria,76,1,Defence,3,Benedict Iroha,Left-back,75,false,https://7a0.com.br/en/copas/1994/nga
1994,United States,nga,Nigeria,76,1,Defence,19,Michael Emenalo,Left-back,71,false,https://7a0.com.br/en/copas/1994/nga
1994,United States,nga,Nigeria,76,1,Midfield,13,Emeka Ezeugo,Defensive midfielder,71,false,https://7a0.com.br/en/copas/1994/nga
1994,United States,nga,Nigeria,76,1,Midfield,21,Mutiu Adepoju,Defensive midfielder,74,false,https://7a0.com.br/en/copas/1994/nga
1994,United States,nga,Nigeria,76,1,Midfield,8,Thompson Oliha,Right midfielder,74,false,https://7a0.com.br/en/copas/1994/nga
1994,United States,nga,Nigeria,76,1,Midfield,10,Jay-Jay Okocha,Right midfielder,85,true,https://7a0.com.br/en/copas/1994/nga
1994,United States,nga,Nigeria,76,1,Midfield,15,Sunday Oliseh,Right midfielder,77,false,https://7a0.com.br/en/copas/1994/nga
1994,United States,nga,Nigeria,76,1,Midfield,12,Samson Siasia,Attacking midfielder,73,false,https://7a0.com.br/en/copas/1994/nga
1994,United States,nga,Nigeria,76,1,Attack,7,Finidi George,Right winger,83,false,https://7a0.com.br/en/copas/1994/nga
1994,United States,nga,Nigeria,76,1,Attack,9,Rashidi Yekini,Centre-forward,83,false,https://7a0.com.br/en/copas/1994/nga
1994,United States,nga,Nigeria,76,1,Attack,14,Daniel Amokachi,Centre-forward,82,false,https://7a0.com.br/en/copas/1994/nga
1994,United States,nga,Nigeria,76,1,Attack,17,Victor Ikpeba,Centre-forward,78,false,https://7a0.com.br/en/copas/1994/nga
1994,United States,nga,Nigeria,76,1,Attack,18,Efan Ekoku,Centre-forward,75,false,https://7a0.com.br/en/copas/1994/nga
1994,United States,nga,Nigeria,76,1,Attack,11,Emmanuel Amunike,Left winger,82,false,https://7a0.com.br/en/copas/1994/nga
1994,United States,nor,Norway,77,1,Goalkeepers,1,Erik Thorstvedt,Goalkeeper,82,false,https://7a0.com.br/en/copas/1994/nor
1994,United States,nor,Norway,77,1,Goalkeepers,12,Ola By Rise,Goalkeeper,73,false,https://7a0.com.br/en/copas/1994/nor
1994,United States,nor,Norway,77,1,Goalkeepers,22,Frode Grodås,Goalkeeper,76,false,https://7a0.com.br/en/copas/1994/nor
1994,United States,nor,Norway,77,1,Defence,2,Gunnar Halle,Right-back,76,false,https://7a0.com.br/en/copas/1994/nor
1994,United States,nor,Norway,77,1,Defence,3,Rune Bratseth,Centre-back,85,true,https://7a0.com.br/en/copas/1994/nor
1994,United States,nor,Norway,77,1,Defence,4,Henning Berg,Centre-back,79,false,https://7a0.com.br/en/copas/1994/nor
1994,United States,nor,Norway,77,1,Defence,18,Erland Johnsen,Centre-back,76,false,https://7a0.com.br/en/copas/1994/nor
1994,United States,nor,Norway,77,1,Defence,19,T. Pedersen,Centre-back,74,false,https://7a0.com.br/en/copas/1994/nor
1994,United States,nor,Norway,77,1,Defence,5,Stig Inge Bjørnebye,Left-back,79,false,https://7a0.com.br/en/copas/1994/nor
1994,United States,nor,Norway,77,1,Defence,16,Roger Nilsen,Left-back,74,false,https://7a0.com.br/en/copas/1994/nor
1994,United States,nor,Norway,77,1,Midfield,13,Alf-Inge Håland,Defensive midfielder,77,false,https://7a0.com.br/en/copas/1994/nor
1994,United States,nor,Norway,77,1,Midfield,8,Øyvind Leonhardsen,Right midfielder,80,false,https://7a0.com.br/en/copas/1994/nor
1994,United States,nor,Norway,77,1,Midfield,21,Roar Strand,Right midfielder,74,false,https://7a0.com.br/en/copas/1994/nor
1994,United States,nor,Norway,77,1,Midfield,6,Erik Mykland,Midfielder,79,false,https://7a0.com.br/en/copas/1994/nor
1994,United States,nor,Norway,77,1,Midfield,9,Kjetil Rekdal,Midfielder,81,false,https://7a0.com.br/en/copas/1994/nor
1994,United States,nor,Norway,77,1,Midfield,17,Ingebrigtsen,Midfielder,74,false,https://7a0.com.br/en/copas/1994/nor
1994,United States,nor,Norway,77,1,Midfield,20,Ø. Berg,Midfielder,73,false,https://7a0.com.br/en/copas/1994/nor
1994,United States,nor,Norway,77,1,Midfield,7,Lars Bohinen,Attacking midfielder,80,false,https://7a0.com.br/en/copas/1994/nor
1994,United States,nor,Norway,77,1,Attack,15,Jostein Flo,Right winger,78,false,https://7a0.com.br/en/copas/1994/nor
1994,United States,nor,Norway,77,1,Attack,10,Jan Åge Fjørtoft,Centre-forward,80,false,https://7a0.com.br/en/copas/1994/nor
1994,United States,nor,Norway,77,1,Attack,14,Gøran Sørloth,Centre-forward,75,false,https://7a0.com.br/en/copas/1994/nor
1994,United States,nor,Norway,77,1,Attack,11,Mini Jakobsen,Left winger,77,false,https://7a0.com.br/en/copas/1994/nor
1994,United States,rou,Romania,77,2,Goalkeepers,1,Florin Prunea,Goalkeeper,76,false,https://7a0.com.br/en/copas/1994/rou
1994,United States,rou,Romania,77,2,Goalkeepers,12,Bogdan Stelea,Goalkeeper,75,false,https://7a0.com.br/en/copas/1994/rou
1994,United States,rou,Romania,77,2,Goalkeepers,22,Ștefan Preda,Goalkeeper,70,false,https://7a0.com.br/en/copas/1994/rou
1994,United States,rou,Romania,77,2,Defence,2,Dan Petrescu,Right-back,82,false,https://7a0.com.br/en/copas/1994/rou
1994,United States,rou,Romania,77,2,Defence,3,Daniel Prodan,Centre-back,78,false,https://7a0.com.br/en/copas/1994/rou
1994,United States,rou,Romania,77,2,Defence,4,Miodrag Belodedici,Centre-back,80,false,https://7a0.com.br/en/copas/1994/rou
1994,United States,rou,Romania,77,2,Defence,14,Gheorghe Mihali,Centre-back,75,false,https://7a0.com.br/en/copas/1994/rou
1994,United States,rou,Romania,77,2,Defence,19,Corneliu Papură,Centre-back,71,false,https://7a0.com.br/en/copas/1994/rou
1994,United States,rou,Romania,77,2,Defence,13,Tibor Selymes,Left-back,76,false,https://7a0.com.br/en/copas/1994/rou
1994,United States,rou,Romania,77,2,Midfield,5,Ioan Lupescu,Defensive midfielder,80,false,https://7a0.com.br/en/copas/1994/rou
1994,United States,rou,Romania,77,2,Midfield,6,Gheorghe Popescu,Defensive midfielder,85,true,https://7a0.com.br/en/copas/1994/rou
1994,United States,rou,Romania,77,2,Midfield,8,Iulian Chiriță,Defensive midfielder,72,false,https://7a0.com.br/en/copas/1994/rou
1994,United States,rou,Romania,77,2,Midfield,15,Basarab Panduru,Defensive midfielder,74,false,https://7a0.com.br/en/copas/1994/rou
1994,United States,rou,Romania,77,2,Midfield,18,Constantin Gâlcă,Defensive midfielder,74,false,https://7a0.com.br/en/copas/1994/rou
1994,United States,rou,Romania,77,2,Midfield,7,Dorinel Munteanu,Midfielder,81,false,https://7a0.com.br/en/copas/1994/rou
1994,United States,rou,Romania,77,2,Midfield,10,Gheorghe Hagi,Attacking midfielder,88,true,https://7a0.com.br/en/copas/1994/rou
1994,United States,rou,Romania,77,2,Midfield,20,Ovidiu Stîngă,Attacking midfielder,74,false,https://7a0.com.br/en/copas/1994/rou
1994,United States,rou,Romania,77,2,Attack,21,Marian Ivan,Right winger,71,false,https://7a0.com.br/en/copas/1994/rou
1994,United States,rou,Romania,77,2,Attack,9,Florin Răducioiu,Centre-forward,83,false,https://7a0.com.br/en/copas/1994/rou
1994,United States,rou,Romania,77,2,Attack,16,Ion Vlădoiu,Centre-forward,72,false,https://7a0.com.br/en/copas/1994/rou
1994,United States,rou,Romania,77,2,Attack,17,Viorel Moldovan,Centre-forward,76,false,https://7a0.com.br/en/copas/1994/rou
1994,United States,rou,Romania,77,2,Attack,11,Ilie Dumitrescu,Left winger,82,false,https://7a0.com.br/en/copas/1994/rou
1994,United States,swe,Sweden,77,1,Goalkeepers,1,Thomas Ravelli,Goalkeeper,82,false,https://7a0.com.br/en/copas/1994/swe
1994,United States,swe,Sweden,77,1,Goalkeepers,12,Lars Eriksson,Goalkeeper,71,false,https://7a0.com.br/en/copas/1994/swe
1994,United States,swe,Sweden,77,1,Goalkeepers,22,Magnus Hedman,Goalkeeper,72,false,https://7a0.com.br/en/copas/1994/swe
1994,United States,swe,Sweden,77,1,Defence,2,Roland Nilsson,Right-back,79,false,https://7a0.com.br/en/copas/1994/swe
1994,United States,swe,Sweden,77,1,Defence,13,Mikael Nilsson,Right-back,72,false,https://7a0.com.br/en/copas/1994/swe
1994,United States,swe,Sweden,77,1,Defence,3,Patrik Andersson,Centre-back,80,false,https://7a0.com.br/en/copas/1994/swe
1994,United States,swe,Sweden,77,1,Defence,4,Joachim Björklund,Centre-back,78,false,https://7a0.com.br/en/copas/1994/swe
1994,United States,swe,Sweden,77,1,Defence,14,Pontus Kåmark,Centre-back,75,false,https://7a0.com.br/en/copas/1994/swe
1994,United States,swe,Sweden,77,1,Defence,15,Teddy Lučić,Centre-back,71,false,https://7a0.com.br/en/copas/1994/swe
1994,United States,swe,Sweden,77,1,Defence,20,Magnus Erlingmark,Centre-back,70,false,https://7a0.com.br/en/copas/1994/swe
1994,United States,swe,Sweden,77,1,Defence,5,Roger Ljung,Left-back,75,false,https://7a0.com.br/en/copas/1994/swe
1994,United States,swe,Sweden,77,1,Midfield,8,Klas Ingesson,Defensive midfielder,77,false,https://7a0.com.br/en/copas/1994/swe
1994,United States,swe,Sweden,77,1,Midfield,9,Jonas Thern,Defensive midfielder,82,false,https://7a0.com.br/en/copas/1994/swe
1994,United States,swe,Sweden,77,1,Midfield,6,Stefan Schwarz,Midfielder,81,false,https://7a0.com.br/en/copas/1994/swe
1994,United States,swe,Sweden,77,1,Midfield,17,Stefan Rehn,Midfielder,73,false,https://7a0.com.br/en/copas/1994/swe
1994,United States,swe,Sweden,77,1,Midfield,18,Håkan Mild,Midfielder,76,false,https://7a0.com.br/en/copas/1994/swe
1994,United States,swe,Sweden,77,1,Attack,7,Henrik Larsson,Right winger,78,false,https://7a0.com.br/en/copas/1994/swe
1994,United States,swe,Sweden,77,1,Attack,11,Tomas Brolin,Right winger,85,true,https://7a0.com.br/en/copas/1994/swe
1994,United States,swe,Sweden,77,1,Attack,10,Martin Dahlin,Centre-forward,82,false,https://7a0.com.br/en/copas/1994/swe
1994,United States,swe,Sweden,77,1,Attack,19,Kennet Andersson,Centre-forward,83,false,https://7a0.com.br/en/copas/1994/swe
1994,United States,swe,Sweden,77,1,Attack,16,Anders Limpar,Left winger,80,false,https://7a0.com.br/en/copas/1994/swe
1994,United States,swe,Sweden,77,1,Attack,21,Jesper Blomqvist,Left winger,76,false,https://7a0.com.br/en/copas/1994/swe
1994,United States,usa,United States,74,0,Goalkeepers,1,Tony Meola,Goalkeeper,78,false,https://7a0.com.br/en/copas/1994/usa
1994,United States,usa,United States,74,0,Goalkeepers,12,Juergen Sommer,Goalkeeper,68,false,https://7a0.com.br/en/copas/1994/usa
1994,United States,usa,United States,74,0,Goalkeepers,18,Brad Friedel,Goalkeeper,74,false,https://7a0.com.br/en/copas/1994/usa
1994,United States,usa,United States,74,0,Defence,3,Mike Burns,Right-back,67,false,https://7a0.com.br/en/copas/1994/usa
1994,United States,usa,United States,74,0,Defence,21,Fernando Clavijo,Right-back,70,false,https://7a0.com.br/en/copas/1994/usa
1994,United States,usa,United States,74,0,Defence,2,Mike Lapper,Centre-back,66,false,https://7a0.com.br/en/copas/1994/usa
1994,United States,usa,United States,74,0,Defence,4,Cle Kooiman,Centre-back,67,false,https://7a0.com.br/en/copas/1994/usa
1994,United States,usa,United States,74,0,Defence,17,Marcelo Balboa,Centre-back,79,false,https://7a0.com.br/en/copas/1994/usa
1994,United States,usa,United States,74,0,Defence,22,Alexi Lalas,Centre-back,78,false,https://7a0.com.br/en/copas/1994/usa
1994,United States,usa,United States,74,0,Defence,20,Paul Caligiuri,Left-back,73,false,https://7a0.com.br/en/copas/1994/usa
1994,United States,usa,United States,74,0,Midfield,5,Thomas Dooley,Defensive midfielder,78,false,https://7a0.com.br/en/copas/1994/usa
1994,United States,usa,United States,74,0,Midfield,6,John Harkes,Defensive midfielder,79,false,https://7a0.com.br/en/copas/1994/usa
1994,United States,usa,United States,74,0,Midfield,16,Mike Sorber,Defensive midfielder,70,false,https://7a0.com.br/en/copas/1994/usa
1994,United States,usa,United States,74,0,Midfield,19,Claudio Reyna,Defensive midfielder,76,false,https://7a0.com.br/en/copas/1994/usa
1994,United States,usa,United States,74,0,Midfield,7,Hugo Pérez,Midfielder,74,false,https://7a0.com.br/en/copas/1994/usa
1994,United States,usa,United States,74,0,Midfield,9,Tab Ramos,Attacking midfielder,80,false,https://7a0.com.br/en/copas/1994/usa
1994,United States,usa,United States,74,0,Attack,8,Earnie Stewart,Right winger,77,false,https://7a0.com.br/en/copas/1994/usa
1994,United States,usa,United States,74,0,Attack,13,Cobi Jones,Right winger,75,false,https://7a0.com.br/en/copas/1994/usa
1994,United States,usa,United States,74,0,Attack,10,Roy Wegerle,Centre-forward,75,false,https://7a0.com.br/en/copas/1994/usa
1994,United States,usa,United States,74,0,Attack,11,Eric Wynalda,Centre-forward,80,false,https://7a0.com.br/en/copas/1994/usa
1994,United States,usa,United States,74,0,Attack,14,Frank Klopas,Centre-forward,68,false,https://7a0.com.br/en/copas/1994/usa
1994,United States,usa,United States,74,0,Attack,15,Joe-Max Moore,Centre-forward,72,false,https://7a0.com.br/en/copas/1994/usa
1998,France,arg,Argentina,81,3,Goalkeepers,1,Carlos Roa,Goalkeeper,82,false,https://7a0.com.br/en/copas/1998/arg
1998,France,arg,Argentina,81,3,Goalkeepers,12,Germán Burgos,Goalkeeper,76,false,https://7a0.com.br/en/copas/1998/arg
1998,France,arg,Argentina,81,3,Goalkeepers,17,Pablo Cavallero,Goalkeeper,75,false,https://7a0.com.br/en/copas/1998/arg
1998,France,arg,Argentina,81,3,Defence,14,Nelson Vivas,Right-back,77,false,https://7a0.com.br/en/copas/1998/arg
1998,France,arg,Argentina,81,3,Defence,22,Javier Zanetti,Right-back,88,true,https://7a0.com.br/en/copas/1998/arg
1998,France,arg,Argentina,81,3,Defence,2,Roberto Ayala,Centre-back,86,false,https://7a0.com.br/en/copas/1998/arg
1998,France,arg,Argentina,81,3,Defence,3,José Chamot,Centre-back,82,false,https://7a0.com.br/en/copas/1998/arg
1998,France,arg,Argentina,81,3,Defence,4,Mauricio Pineda,Centre-back,74,false,https://7a0.com.br/en/copas/1998/arg
1998,France,arg,Argentina,81,3,Defence,6,Roberto Sensini,Centre-back,80,false,https://7a0.com.br/en/copas/1998/arg
1998,France,arg,Argentina,81,3,Defence,13,Pablo Paz,Centre-back,74,false,https://7a0.com.br/en/copas/1998/arg
1998,France,arg,Argentina,81,3,Midfield,5,Matías Almeyda,Defensive midfielder,82,false,https://7a0.com.br/en/copas/1998/arg
1998,France,arg,Argentina,81,3,Midfield,8,Diego Simeone,Defensive midfielder,85,false,https://7a0.com.br/en/copas/1998/arg
1998,France,arg,Argentina,81,3,Midfield,15,Leonardo Astrada,Defensive midfielder,76,false,https://7a0.com.br/en/copas/1998/arg
1998,France,arg,Argentina,81,3,Midfield,11,Juan Sebastián Verón,Midfielder,88,true,https://7a0.com.br/en/copas/1998/arg
1998,France,arg,Argentina,81,3,Midfield,10,Ariel Ortega,Attacking midfielder,86,false,https://7a0.com.br/en/copas/1998/arg
1998,France,arg,Argentina,81,3,Midfield,20,Marcelo Gallardo,Attacking midfielder,80,false,https://7a0.com.br/en/copas/1998/arg
1998,France,arg,Argentina,81,3,Attack,16,Sergio Berti,Right winger,75,false,https://7a0.com.br/en/copas/1998/arg
1998,France,arg,Argentina,81,3,Attack,7,Claudio López,Centre-forward,83,false,https://7a0.com.br/en/copas/1998/arg
1998,France,arg,Argentina,81,3,Attack,9,Gabriel Batistuta,Centre-forward,92,true,https://7a0.com.br/en/copas/1998/arg
1998,France,arg,Argentina,81,3,Attack,18,Abel Balbo,Centre-forward,79,false,https://7a0.com.br/en/copas/1998/arg
1998,France,arg,Argentina,81,3,Attack,19,Hernán Crespo,Centre-forward,84,false,https://7a0.com.br/en/copas/1998/arg
1998,France,arg,Argentina,81,3,Attack,21,Marcelo Delgado,Centre-forward,76,false,https://7a0.com.br/en/copas/1998/arg
1998,France,bra,Brazil,80,4,Goalkeepers,1,Cláudio Taffarel,Goalkeeper,83,false,https://7a0.com.br/en/copas/1998/bra
1998,France,bra,Brazil,80,4,Goalkeepers,12,Carlos Germano,Goalkeeper,70,false,https://7a0.com.br/en/copas/1998/bra
1998,France,bra,Brazil,80,4,Goalkeepers,22,Dida,Goalkeeper,76,false,https://7a0.com.br/en/copas/1998/bra
1998,France,bra,Brazil,80,4,Defence,2,Cafu,Right-back,86,true,https://7a0.com.br/en/copas/1998/bra
1998,France,bra,Brazil,80,4,Defence,13,Zé Carlos,Right-back,72,false,https://7a0.com.br/en/copas/1998/bra
1998,France,bra,Brazil,80,4,Defence,3,Aldair,Centre-back,84,false,https://7a0.com.br/en/copas/1998/bra
1998,France,bra,Brazil,80,4,Defence,4,Júnior Baiano,Centre-back,77,false,https://7a0.com.br/en/copas/1998/bra
1998,France,bra,Brazil,80,4,Defence,14,Marcelo Gonçalves,Centre-back,71,false,https://7a0.com.br/en/copas/1998/bra
1998,France,bra,Brazil,80,4,Defence,15,André Cruz,Centre-back,73,false,https://7a0.com.br/en/copas/1998/bra
1998,France,bra,Brazil,80,4,Defence,6,Roberto Carlos,Left-back,89,true,https://7a0.com.br/en/copas/1998/bra
1998,France,bra,Brazil,80,4,Midfield,5,César Sampaio,Defensive midfielder,78,false,https://7a0.com.br/en/copas/1998/bra
1998,France,bra,Brazil,80,4,Midfield,8,Dunga,Defensive midfielder,85,false,https://7a0.com.br/en/copas/1998/bra
1998,France,bra,Brazil,80,4,Midfield,11,Emerson,Defensive midfielder,79,false,https://7a0.com.br/en/copas/1998/bra
1998,France,bra,Brazil,80,4,Midfield,17,Doriva,Defensive midfielder,70,false,https://7a0.com.br/en/copas/1998/bra
1998,France,bra,Brazil,80,4,Midfield,16,Zé Roberto,Left midfielder,79,false,https://7a0.com.br/en/copas/1998/bra
1998,France,bra,Brazil,80,4,Midfield,18,Leonardo,Left midfielder,81,false,https://7a0.com.br/en/copas/1998/bra
1998,France,bra,Brazil,80,4,Midfield,7,Giovanni,Attacking midfielder,76,false,https://7a0.com.br/en/copas/1998/bra
1998,France,bra,Brazil,80,4,Midfield,10,Rivaldo,Attacking midfielder,90,true,https://7a0.com.br/en/copas/1998/bra
1998,France,bra,Brazil,80,4,Attack,9,Ronaldo,Centre-forward,95,true,https://7a0.com.br/en/copas/1998/bra
1998,France,bra,Brazil,80,4,Attack,20,Bebeto,Centre-forward,80,false,https://7a0.com.br/en/copas/1998/bra
1998,France,bra,Brazil,80,4,Attack,21,Edmilton,Centre-forward,79,false,https://7a0.com.br/en/copas/1998/bra
1998,France,bra,Brazil,80,4,Attack,19,Denílson,Left winger,77,false,https://7a0.com.br/en/copas/1998/bra
1998,France,chi,Chile,77,2,Goalkeepers,1,Nelson Tapia,Goalkeeper,77,false,https://7a0.com.br/en/copas/1998/chi
1998,France,chi,Chile,77,2,Goalkeepers,12,Marcelo Ramírez,Goalkeeper,73,false,https://7a0.com.br/en/copas/1998/chi
1998,France,chi,Chile,77,2,Goalkeepers,22,Carlos Tejas,Goalkeeper,72,false,https://7a0.com.br/en/copas/1998/chi
1998,France,chi,Chile,77,2,Defence,2,Cristián Castañeda,Right-back,76,false,https://7a0.com.br/en/copas/1998/chi
1998,France,chi,Chile,77,2,Defence,3,Ronald Fuentes,Centre-back,75,false,https://7a0.com.br/en/copas/1998/chi
1998,France,chi,Chile,77,2,Defence,4,Francisco Rojas,Centre-back,75,false,https://7a0.com.br/en/copas/1998/chi
1998,France,chi,Chile,77,2,Defence,5,Javier Margas,Centre-back,80,false,https://7a0.com.br/en/copas/1998/chi
1998,France,chi,Chile,77,2,Defence,6,Pedro Reyes,Centre-back,77,false,https://7a0.com.br/en/copas/1998/chi
1998,France,chi,Chile,77,2,Midfield,7,Nelson Parraguez,Defensive midfielder,75,false,https://7a0.com.br/en/copas/1998/chi
1998,France,chi,Chile,77,2,Midfield,8,Clarence Acuña,Defensive midfielder,80,false,https://7a0.com.br/en/copas/1998/chi
1998,France,chi,Chile,77,2,Midfield,14,Miguel Ramírez,Defensive midfielder,75,false,https://7a0.com.br/en/copas/1998/chi
1998,France,chi,Chile,77,2,Midfield,15,Moisés Villarroel,Defensive midfielder,74,false,https://7a0.com.br/en/copas/1998/chi
1998,France,chi,Chile,77,2,Midfield,18,Luis Musrri,Defensive midfielder,75,false,https://7a0.com.br/en/copas/1998/chi
1998,France,chi,Chile,77,2,Midfield,17,Marcelo Vega,Midfielder,76,false,https://7a0.com.br/en/copas/1998/chi
1998,France,chi,Chile,77,2,Midfield,19,Fernando Cornejo,Midfielder,74,false,https://7a0.com.br/en/copas/1998/chi
1998,France,chi,Chile,77,2,Midfield,16,Mauricio Aros,Left midfielder,74,false,https://7a0.com.br/en/copas/1998/chi
1998,France,chi,Chile,77,2,Midfield,10,José Luis Sierra,Attacking midfielder,82,false,https://7a0.com.br/en/copas/1998/chi
1998,France,chi,Chile,77,2,Midfield,20,Fabián Estay,Attacking midfielder,78,false,https://7a0.com.br/en/copas/1998/chi
1998,France,chi,Chile,77,2,Attack,9,Iván Zamorano,Centre-forward,85,true,https://7a0.com.br/en/copas/1998/chi
1998,France,chi,Chile,77,2,Attack,11,Marcelo Salas,Centre-forward,86,true,https://7a0.com.br/en/copas/1998/chi
1998,France,chi,Chile,77,2,Attack,13,Manuel Neira,Centre-forward,73,false,https://7a0.com.br/en/copas/1998/chi
1998,France,chi,Chile,77,2,Attack,21,Rodrigo Barrera,Centre-forward,73,false,https://7a0.com.br/en/copas/1998/chi
1998,France,col,Colombia,76,2,Goalkeepers,1,Óscar Córdoba,Goalkeeper,82,false,https://7a0.com.br/en/copas/1998/col
1998,France,col,Colombia,76,2,Goalkeepers,12,Miguel Calero,Goalkeeper,73,false,https://7a0.com.br/en/copas/1998/col
1998,France,col,Colombia,76,2,Goalkeepers,22,Faryd Mondragón,Goalkeeper,78,false,https://7a0.com.br/en/copas/1998/col
1998,France,col,Colombia,76,2,Defence,8,Harold Lozano,Right-back,75,false,https://7a0.com.br/en/copas/1998/col
1998,France,col,Colombia,76,2,Defence,16,Luis Antonio Moreno,Right-back,72,false,https://7a0.com.br/en/copas/1998/col
1998,France,col,Colombia,76,2,Defence,2,Iván Córdoba,Centre-back,79,false,https://7a0.com.br/en/copas/1998/col
1998,France,col,Colombia,76,2,Defence,4,José Santa,Centre-back,75,false,https://7a0.com.br/en/copas/1998/col
1998,France,col,Colombia,76,2,Defence,5,Jorge Bermúdez,Centre-back,80,false,https://7a0.com.br/en/copas/1998/col
1998,France,col,Colombia,76,2,Defence,3,Ever Palacios,Left-back,67,false,https://7a0.com.br/en/copas/1998/col
1998,France,col,Colombia,76,2,Defence,13,Wílmer Cabrera,Left-back,75,false,https://7a0.com.br/en/copas/1998/col
1998,France,col,Colombia,76,2,Midfield,6,Mauricio Serna,Defensive midfielder,77,false,https://7a0.com.br/en/copas/1998/col
1998,France,col,Colombia,76,2,Midfield,18,John Wilmar Pérez,Defensive midfielder,73,false,https://7a0.com.br/en/copas/1998/col
1998,France,col,Colombia,76,2,Midfield,19,Freddy Rincón,Defensive midfielder,83,false,https://7a0.com.br/en/copas/1998/col
1998,France,col,Colombia,76,2,Midfield,10,Carlos Valderrama,Midfielder,84,true,https://7a0.com.br/en/copas/1998/col
1998,France,col,Colombia,76,2,Midfield,14,Jorge Bolaño,Midfielder,68,false,https://7a0.com.br/en/copas/1998/col
1998,France,col,Colombia,76,2,Midfield,17,Andrés Estrada,Attacking midfielder,70,false,https://7a0.com.br/en/copas/1998/col
1998,France,col,Colombia,76,2,Attack,7,Antony De Ávila,Centre-forward,76,false,https://7a0.com.br/en/copas/1998/col
1998,France,col,Colombia,76,2,Attack,9,Adolfo Valencia,Centre-forward,78,false,https://7a0.com.br/en/copas/1998/col
1998,France,col,Colombia,76,2,Attack,11,Faustino Asprilla,Centre-forward,86,true,https://7a0.com.br/en/copas/1998/col
1998,France,col,Colombia,76,2,Attack,15,Víctor Aristizábal,Centre-forward,79,false,https://7a0.com.br/en/copas/1998/col
1998,France,col,Colombia,76,2,Attack,20,Hámilton Ricard,Centre-forward,75,false,https://7a0.com.br/en/copas/1998/col
1998,France,col,Colombia,76,2,Attack,21,Léider Preciado,Left winger,70,false,https://7a0.com.br/en/copas/1998/col
1998,France,cro,Croatia,78,3,Goalkeepers,1,Dražen Ladić,Goalkeeper,80,false,https://7a0.com.br/en/copas/1998/cro
1998,France,cro,Croatia,78,3,Goalkeepers,12,Marijan Mrmić,Goalkeeper,71,false,https://7a0.com.br/en/copas/1998/cro
1998,France,cro,Croatia,78,3,Goalkeepers,22,Vladimir Vasilj,Goalkeeper,69,false,https://7a0.com.br/en/copas/1998/cro
1998,France,cro,Croatia,78,3,Defence,18,Zoran Mamić,Right-back,74,false,https://7a0.com.br/en/copas/1998/cro
1998,France,cro,Croatia,78,3,Defence,20,Dario Šimić,Right-back,79,false,https://7a0.com.br/en/copas/1998/cro
1998,France,cro,Croatia,78,3,Defence,4,Igor Štimac,Centre-back,80,false,https://7a0.com.br/en/copas/1998/cro
1998,France,cro,Croatia,78,3,Defence,5,Goran Jurić,Centre-back,74,false,https://7a0.com.br/en/copas/1998/cro
1998,France,cro,Croatia,78,3,Defence,6,Slaven Bilić,Centre-back,80,false,https://7a0.com.br/en/copas/1998/cro
1998,France,cro,Croatia,78,3,Defence,15,Igor Tudor,Centre-back,78,false,https://7a0.com.br/en/copas/1998/cro
1998,France,cro,Croatia,78,3,Defence,3,Anthony Šerić,Left-back,71,false,https://7a0.com.br/en/copas/1998/cro
1998,France,cro,Croatia,78,3,Defence,17,Robert Jarni,Left-back,83,false,https://7a0.com.br/en/copas/1998/cro
1998,France,cro,Croatia,78,3,Midfield,8,Robert Prosinečki,Defensive midfielder,85,true,https://7a0.com.br/en/copas/1998/cro
1998,France,cro,Croatia,78,3,Midfield,10,Zvonimir Boban,Defensive midfielder,86,true,https://7a0.com.br/en/copas/1998/cro
1998,France,cro,Croatia,78,3,Midfield,13,Mario Stanić,Defensive midfielder,80,false,https://7a0.com.br/en/copas/1998/cro
1998,France,cro,Croatia,78,3,Midfield,14,Zvonimir Soldo,Defensive midfielder,79,false,https://7a0.com.br/en/copas/1998/cro
1998,France,cro,Croatia,78,3,Midfield,21,Krunoslav Jurčić,Defensive midfielder,73,false,https://7a0.com.br/en/copas/1998/cro
1998,France,cro,Croatia,78,3,Midfield,7,Aljoša Asanović,Attacking midfielder,83,false,https://7a0.com.br/en/copas/1998/cro
1998,France,cro,Croatia,78,3,Midfield,11,Silvio Marić,Attacking midfielder,74,false,https://7a0.com.br/en/copas/1998/cro
1998,France,cro,Croatia,78,3,Attack,2,Petar Krpan,Centre-forward,70,false,https://7a0.com.br/en/copas/1998/cro
1998,France,cro,Croatia,78,3,Attack,9,Davor Šuker,Centre-forward,90,true,https://7a0.com.br/en/copas/1998/cro
1998,France,cro,Croatia,78,3,Attack,19,Goran Vlaović,Centre-forward,79,false,https://7a0.com.br/en/copas/1998/cro
1998,France,cro,Croatia,78,3,Attack,16,Ardian Kozniku,Left winger,72,false,https://7a0.com.br/en/copas/1998/cro
1998,France,den,Denmark,78,3,Goalkeepers,1,Peter Schmeichel,Goalkeeper,88,true,https://7a0.com.br/en/copas/1998/den
1998,France,den,Denmark,78,3,Goalkeepers,16,Mogens Krogh,Goalkeeper,72,false,https://7a0.com.br/en/copas/1998/den
1998,France,den,Denmark,78,3,Goalkeepers,22,Peter Kjær,Goalkeeper,71,false,https://7a0.com.br/en/copas/1998/den
1998,France,den,Denmark,78,3,Defence,2,Michael Schjønberg,Right-back,76,false,https://7a0.com.br/en/copas/1998/den
1998,France,den,Denmark,78,3,Defence,4,Jes Høgh,Right-back,75,false,https://7a0.com.br/en/copas/1998/den
1998,France,den,Denmark,78,3,Defence,6,Thomas Helveg,Right-back,80,false,https://7a0.com.br/en/copas/1998/den
1998,France,den,Denmark,78,3,Defence,12,Søren Colding,Right-back,73,false,https://7a0.com.br/en/copas/1998/den
1998,France,den,Denmark,78,3,Defence,3,Marc Rieper,Centre-back,78,false,https://7a0.com.br/en/copas/1998/den
1998,France,den,Denmark,78,3,Defence,13,Jacob Laursen,Centre-back,76,false,https://7a0.com.br/en/copas/1998/den
1998,France,den,Denmark,78,3,Defence,20,René Henriksen,Centre-back,77,false,https://7a0.com.br/en/copas/1998/den
1998,France,den,Denmark,78,3,Defence,5,Jan Heintze,Left-back,74,false,https://7a0.com.br/en/copas/1998/den
1998,France,den,Denmark,78,3,Midfield,7,Allan Nielsen,Defensive midfielder,76,false,https://7a0.com.br/en/copas/1998/den
1998,France,den,Denmark,78,3,Midfield,8,Per Frandsen,Defensive midfielder,76,false,https://7a0.com.br/en/copas/1998/den
1998,France,den,Denmark,78,3,Midfield,14,Morten Wieghorst,Defensive midfielder,76,false,https://7a0.com.br/en/copas/1998/den
1998,France,den,Denmark,78,3,Midfield,15,Stig Tøfting,Defensive midfielder,79,false,https://7a0.com.br/en/copas/1998/den
1998,France,den,Denmark,78,3,Midfield,17,Bjarne Goldbæk,Right midfielder,77,false,https://7a0.com.br/en/copas/1998/den
1998,France,den,Denmark,78,3,Midfield,21,Martin Jørgensen,Right midfielder,80,false,https://7a0.com.br/en/copas/1998/den
1998,France,den,Denmark,78,3,Midfield,11,Brian Laudrup,Left midfielder,88,true,https://7a0.com.br/en/copas/1998/den
1998,France,den,Denmark,78,3,Midfield,10,Michael Laudrup,Attacking midfielder,92,true,https://7a0.com.br/en/copas/1998/den
1998,France,den,Denmark,78,3,Attack,9,Miklos Molnar,Left winger,76,false,https://7a0.com.br/en/copas/1998/den
1998,France,den,Denmark,78,3,Attack,18,Peter Møller,Left winger,74,false,https://7a0.com.br/en/copas/1998/den
1998,France,den,Denmark,78,3,Attack,19,Ebbe Sand,Left winger,80,false,https://7a0.com.br/en/copas/1998/den
1998,France,eng,England,81,3,Goalkeepers,1,David Seaman,Goalkeeper,86,false,https://7a0.com.br/en/copas/1998/eng
1998,France,eng,England,81,3,Goalkeepers,13,Nigel Martyn,Goalkeeper,78,false,https://7a0.com.br/en/copas/1998/eng
1998,France,eng,England,81,3,Goalkeepers,22,Tim Flowers,Goalkeeper,74,false,https://7a0.com.br/en/copas/1998/eng
1998,France,eng,England,81,3,Defence,12,Gary Neville,Right-back,81,false,https://7a0.com.br/en/copas/1998/eng
1998,France,eng,England,81,3,Defence,2,Sol Campbell,Centre-back,83,false,https://7a0.com.br/en/copas/1998/eng
1998,France,eng,England,81,3,Defence,5,Tony Adams,Centre-back,85,false,https://7a0.com.br/en/copas/1998/eng
1998,France,eng,England,81,3,Defence,6,Gareth Southgate,Centre-back,79,false,https://7a0.com.br/en/copas/1998/eng
1998,France,eng,England,81,3,Defence,18,Martin Keown,Centre-back,79,false,https://7a0.com.br/en/copas/1998/eng
1998,France,eng,England,81,3,Defence,21,Rio Ferdinand,Centre-back,79,false,https://7a0.com.br/en/copas/1998/eng
1998,France,eng,England,81,3,Defence,3,Graeme Le Saux,Left-back,79,false,https://7a0.com.br/en/copas/1998/eng
1998,France,eng,England,81,3,Midfield,4,Paul Ince,Defensive midfielder,83,false,https://7a0.com.br/en/copas/1998/eng
1998,France,eng,England,81,3,Midfield,7,David Beckham,Defensive midfielder,86,true,https://7a0.com.br/en/copas/1998/eng
1998,France,eng,England,81,3,Midfield,8,David Batty,Defensive midfielder,78,false,https://7a0.com.br/en/copas/1998/eng
1998,France,eng,England,81,3,Midfield,16,Paul Scholes,Midfielder,85,false,https://7a0.com.br/en/copas/1998/eng
1998,France,eng,England,81,3,Midfield,17,Rob Lee,Midfielder,75,false,https://7a0.com.br/en/copas/1998/eng
1998,France,eng,England,81,3,Midfield,15,Paul Merson,Attacking midfielder,79,false,https://7a0.com.br/en/copas/1998/eng
1998,France,eng,England,81,3,Attack,14,Darren Anderton,Right winger,80,false,https://7a0.com.br/en/copas/1998/eng
1998,France,eng,England,81,3,Attack,9,Alan Shearer,Centre-forward,88,true,https://7a0.com.br/en/copas/1998/eng
1998,France,eng,England,81,3,Attack,10,Teddy Sheringham,Centre-forward,82,false,https://7a0.com.br/en/copas/1998/eng
1998,France,eng,England,81,3,Attack,19,Les Ferdinand,Centre-forward,79,false,https://7a0.com.br/en/copas/1998/eng
1998,France,eng,England,81,3,Attack,20,Michael Owen,Centre-forward,87,true,https://7a0.com.br/en/copas/1998/eng
1998,France,eng,England,81,3,Attack,11,Steve McManaman,Left winger,80,false,https://7a0.com.br/en/copas/1998/eng
1998,France,fra,France,82,3,Goalkeepers,1,Bernard Lama,Goalkeeper,78,false,https://7a0.com.br/en/copas/1998/fra
1998,France,fra,France,82,3,Goalkeepers,16,Fabien Barthez,Goalkeeper,88,false,https://7a0.com.br/en/copas/1998/fra
1998,France,fra,France,82,3,Goalkeepers,22,Lionel Charbonnier,Goalkeeper,70,false,https://7a0.com.br/en/copas/1998/fra
1998,France,fra,France,82,3,Defence,15,Lilian Thuram,Right-back,90,false,https://7a0.com.br/en/copas/1998/fra
1998,France,fra,France,82,3,Defence,5,Laurent Blanc,Centre-back,86,false,https://7a0.com.br/en/copas/1998/fra
1998,France,fra,France,82,3,Defence,8,Marcel Desailly,Centre-back,90,true,https://7a0.com.br/en/copas/1998/fra
1998,France,fra,France,82,3,Defence,18,Frank Leboeuf,Centre-back,80,false,https://7a0.com.br/en/copas/1998/fra
1998,France,fra,France,82,3,Defence,2,Vincent Candela,Left-back,79,false,https://7a0.com.br/en/copas/1998/fra
1998,France,fra,France,82,3,Defence,3,Bixente Lizarazu,Left-back,89,false,https://7a0.com.br/en/copas/1998/fra
1998,France,fra,France,82,3,Midfield,4,Patrick Vieira,Defensive midfielder,84,false,https://7a0.com.br/en/copas/1998/fra
1998,France,fra,France,82,3,Midfield,7,Didier Deschamps,Defensive midfielder,85,false,https://7a0.com.br/en/copas/1998/fra
1998,France,fra,France,82,3,Midfield,14,Alain Boghossian,Defensive midfielder,78,false,https://7a0.com.br/en/copas/1998/fra
1998,France,fra,France,82,3,Midfield,17,Emmanuel Petit,Defensive midfielder,85,false,https://7a0.com.br/en/copas/1998/fra
1998,France,fra,France,82,3,Midfield,19,Christian Karembeu,Right midfielder,79,false,https://7a0.com.br/en/copas/1998/fra
1998,France,fra,France,82,3,Midfield,10,Zinedine Zidane,Midfielder,95,true,https://7a0.com.br/en/copas/1998/fra
1998,France,fra,France,82,3,Midfield,11,Robert Pires,Left midfielder,80,false,https://7a0.com.br/en/copas/1998/fra
1998,France,fra,France,82,3,Midfield,6,Youri Djorkaeff,Attacking midfielder,84,false,https://7a0.com.br/en/copas/1998/fra
1998,France,fra,France,82,3,Attack,12,Thierry Henry,Right winger,83,true,https://7a0.com.br/en/copas/1998/fra
1998,France,fra,France,82,3,Attack,9,Stéphane Guivarc'h,Centre-forward,74,false,https://7a0.com.br/en/copas/1998/fra
1998,France,fra,France,82,3,Attack,20,David Trezeguet,Centre-forward,80,false,https://7a0.com.br/en/copas/1998/fra
1998,France,fra,France,82,3,Attack,21,Christophe Dugarry,Centre-forward,78,false,https://7a0.com.br/en/copas/1998/fra
1998,France,fra,France,82,3,Attack,13,Bernard Diomède,Left winger,74,false,https://7a0.com.br/en/copas/1998/fra
1998,France,ger,Germany,80,3,Goalkeepers,1,Andreas Köpke,Goalkeeper,84,false,https://7a0.com.br/en/copas/1998/ger
1998,France,ger,Germany,80,3,Goalkeepers,12,Oliver Kahn,Goalkeeper,87,true,https://7a0.com.br/en/copas/1998/ger
1998,France,ger,Germany,80,3,Goalkeepers,22,Jens Lehmann,Goalkeeper,78,false,https://7a0.com.br/en/copas/1998/ger
1998,France,ger,Germany,80,3,Defence,14,Markus Babbel,Right-back,81,false,https://7a0.com.br/en/copas/1998/ger
1998,France,ger,Germany,80,3,Defence,19,Stefan Reuter,Right-back,78,false,https://7a0.com.br/en/copas/1998/ger
1998,France,ger,Germany,80,3,Defence,2,Christian Wörns,Centre-back,78,false,https://7a0.com.br/en/copas/1998/ger
1998,France,ger,Germany,80,3,Defence,4,Jürgen Köhler,Centre-back,82,false,https://7a0.com.br/en/copas/1998/ger
1998,France,ger,Germany,80,3,Defence,5,Thomas Helmer,Centre-back,78,false,https://7a0.com.br/en/copas/1998/ger
1998,France,ger,Germany,80,3,Defence,8,Lothar Matthäus,Centre-back,88,true,https://7a0.com.br/en/copas/1998/ger
1998,France,ger,Germany,80,3,Defence,3,Jörg Heinrich,Left-back,75,false,https://7a0.com.br/en/copas/1998/ger
1998,France,ger,Germany,80,3,Defence,17,Christian Ziege,Left-back,82,false,https://7a0.com.br/en/copas/1998/ger
1998,France,ger,Germany,80,3,Defence,21,Michael Tarnat,Left-back,76,false,https://7a0.com.br/en/copas/1998/ger
1998,France,ger,Germany,80,3,Midfield,6,Olaf Thon,Defensive midfielder,77,false,https://7a0.com.br/en/copas/1998/ger
1998,France,ger,Germany,80,3,Midfield,10,Thomas Häßler,Right midfielder,80,false,https://7a0.com.br/en/copas/1998/ger
1998,France,ger,Germany,80,3,Midfield,13,Jens Jeremies,Right midfielder,77,false,https://7a0.com.br/en/copas/1998/ger
1998,France,ger,Germany,80,3,Midfield,15,Steffen Freund,Right midfielder,78,false,https://7a0.com.br/en/copas/1998/ger
1998,France,ger,Germany,80,3,Midfield,16,Dietmar Hamann,Left midfielder,80,false,https://7a0.com.br/en/copas/1998/ger
1998,France,ger,Germany,80,3,Midfield,7,Andreas Möller,Attacking midfielder,83,false,https://7a0.com.br/en/copas/1998/ger
1998,France,ger,Germany,80,3,Attack,9,Ulf Kirsten,Centre-forward,78,false,https://7a0.com.br/en/copas/1998/ger
1998,France,ger,Germany,80,3,Attack,11,Olaf Marschall,Centre-forward,75,false,https://7a0.com.br/en/copas/1998/ger
1998,France,ger,Germany,80,3,Attack,18,Jürgen Klinsmann,Centre-forward,86,true,https://7a0.com.br/en/copas/1998/ger
1998,France,ger,Germany,80,3,Attack,20,Oliver Bierhoff,Centre-forward,84,false,https://7a0.com.br/en/copas/1998/ger
1998,France,ita,Italy,81,3,Goalkeepers,1,Francesco Toldo,Goalkeeper,82,false,https://7a0.com.br/en/copas/1998/ita
1998,France,ita,Italy,81,3,Goalkeepers,12,Gianluca Pagliuca,Goalkeeper,83,false,https://7a0.com.br/en/copas/1998/ita
1998,France,ita,Italy,81,3,Goalkeepers,22,Gianluigi Buffon,Goalkeeper,80,false,https://7a0.com.br/en/copas/1998/ita
1998,France,ita,Italy,81,3,Defence,7,Gianluca Pessotto,Right-back,74,false,https://7a0.com.br/en/copas/1998/ita
1998,France,ita,Italy,81,3,Defence,8,Moreno Torricelli,Right-back,76,false,https://7a0.com.br/en/copas/1998/ita
1998,France,ita,Italy,81,3,Defence,2,Giuseppe Bergomi,Centre-back,80,false,https://7a0.com.br/en/copas/1998/ita
1998,France,ita,Italy,81,3,Defence,4,Fabio Cannavaro,Centre-back,82,false,https://7a0.com.br/en/copas/1998/ita
1998,France,ita,Italy,81,3,Defence,5,Alessandro Costacurta,Centre-back,82,false,https://7a0.com.br/en/copas/1998/ita
1998,France,ita,Italy,81,3,Defence,6,Alessandro Nesta,Centre-back,83,false,https://7a0.com.br/en/copas/1998/ita
1998,France,ita,Italy,81,3,Defence,3,Paolo Maldini,Left-back,95,true,https://7a0.com.br/en/copas/1998/ita
1998,France,ita,Italy,81,3,Midfield,11,Dino Baggio,Defensive midfielder,79,false,https://7a0.com.br/en/copas/1998/ita
1998,France,ita,Italy,81,3,Midfield,14,Luigi Di Biagio,Defensive midfielder,78,false,https://7a0.com.br/en/copas/1998/ita
1998,France,ita,Italy,81,3,Midfield,16,Roberto Di Matteo,Defensive midfielder,79,false,https://7a0.com.br/en/copas/1998/ita
1998,France,ita,Italy,81,3,Midfield,15,Angelo Di Livio,Right midfielder,79,false,https://7a0.com.br/en/copas/1998/ita
1998,France,ita,Italy,81,3,Midfield,9,Demetrio Albertini,Midfielder,82,false,https://7a0.com.br/en/copas/1998/ita
1998,France,ita,Italy,81,3,Midfield,13,Sandro Cois,Midfielder,68,false,https://7a0.com.br/en/copas/1998/ita
1998,France,ita,Italy,81,3,Attack,17,Francesco Moriero,Right winger,73,false,https://7a0.com.br/en/copas/1998/ita
1998,France,ita,Italy,81,3,Attack,20,Enrico Chiesa,Right winger,80,false,https://7a0.com.br/en/copas/1998/ita
1998,France,ita,Italy,81,3,Attack,10,Alessandro Del Piero,Centre-forward,89,true,https://7a0.com.br/en/copas/1998/ita
1998,France,ita,Italy,81,3,Attack,18,Roberto Baggio,Centre-forward,88,true,https://7a0.com.br/en/copas/1998/ita
1998,France,ita,Italy,81,3,Attack,19,Filippo Inzaghi,Centre-forward,84,false,https://7a0.com.br/en/copas/1998/ita
1998,France,ita,Italy,81,3,Attack,21,Christian Vieri,Centre-forward,85,false,https://7a0.com.br/en/copas/1998/ita
1998,France,ned,Netherlands,81,2,Goalkeepers,1,Edwin Van der Sar,Goalkeeper,86,false,https://7a0.com.br/en/copas/1998/ned
1998,France,ned,Netherlands,81,2,Goalkeepers,18,Ed De Goey,Goalkeeper,76,false,https://7a0.com.br/en/copas/1998/ned
1998,France,ned,Netherlands,81,2,Goalkeepers,22,Ruud Hesp,Goalkeeper,70,false,https://7a0.com.br/en/copas/1998/ned
1998,France,ned,Netherlands,81,2,Defence,2,Michael Reiziger,Right-back,82,false,https://7a0.com.br/en/copas/1998/ned
1998,France,ned,Netherlands,81,2,Defence,3,Jaap Stam,Centre-back,89,true,https://7a0.com.br/en/copas/1998/ned
1998,France,ned,Netherlands,81,2,Defence,4,Frank de Boer,Centre-back,86,false,https://7a0.com.br/en/copas/1998/ned
1998,France,ned,Netherlands,81,2,Defence,13,André Ooijer,Centre-back,74,false,https://7a0.com.br/en/copas/1998/ned
1998,France,ned,Netherlands,81,2,Defence,15,Winston Bogarde,Centre-back,73,false,https://7a0.com.br/en/copas/1998/ned
1998,France,ned,Netherlands,81,2,Defence,5,Arthur Numan,Left-back,81,false,https://7a0.com.br/en/copas/1998/ned
1998,France,ned,Netherlands,81,2,Defence,19,Giovanni Van Bronckhorst,Left-back,79,false,https://7a0.com.br/en/copas/1998/ned
1998,France,ned,Netherlands,81,2,Midfield,6,Wim Jonk,Defensive midfielder,80,false,https://7a0.com.br/en/copas/1998/ned
1998,France,ned,Netherlands,81,2,Midfield,10,Clarence Seedorf,Defensive midfielder,84,false,https://7a0.com.br/en/copas/1998/ned
1998,France,ned,Netherlands,81,2,Midfield,11,Phillip Cocu,Defensive midfielder,83,false,https://7a0.com.br/en/copas/1998/ned
1998,France,ned,Netherlands,81,2,Midfield,16,Edgar Davids,Defensive midfielder,86,false,https://7a0.com.br/en/copas/1998/ned
1998,France,ned,Netherlands,81,2,Midfield,20,Aron Winter,Defensive midfielder,77,false,https://7a0.com.br/en/copas/1998/ned
1998,France,ned,Netherlands,81,2,Midfield,12,Boudewijn Zenden,Left midfielder,78,false,https://7a0.com.br/en/copas/1998/ned
1998,France,ned,Netherlands,81,2,Midfield,7,Ronald de Boer,Attacking midfielder,82,false,https://7a0.com.br/en/copas/1998/ned
1998,France,ned,Netherlands,81,2,Attack,8,Dennis Bergkamp,Centre-forward,93,true,https://7a0.com.br/en/copas/1998/ned
1998,France,ned,Netherlands,81,2,Attack,9,Patrick Kluivert,Centre-forward,87,false,https://7a0.com.br/en/copas/1998/ned
1998,France,ned,Netherlands,81,2,Attack,17,Pierre Van Hooijdonk,Centre-forward,78,false,https://7a0.com.br/en/copas/1998/ned
1998,France,ned,Netherlands,81,2,Attack,21,Jimmy Floyd Hasselbaink,Centre-forward,80,false,https://7a0.com.br/en/copas/1998/ned
1998,France,ned,Netherlands,81,2,Attack,14,Marc Overmars,Left winger,87,false,https://7a0.com.br/en/copas/1998/ned
1998,France,nga,Nigeria,78,2,Goalkeepers,1,Peter Rufai,Goalkeeper,82,false,https://7a0.com.br/en/copas/1998/nga
1998,France,nga,Nigeria,78,2,Goalkeepers,12,Willy Okpara,Goalkeeper,70,false,https://7a0.com.br/en/copas/1998/nga
1998,France,nga,Nigeria,78,2,Goalkeepers,22,Abiodun Baruwa,Goalkeeper,68,false,https://7a0.com.br/en/copas/1998/nga
1998,France,nga,Nigeria,78,2,Defence,2,Mobi Oparaku,Right-back,73,false,https://7a0.com.br/en/copas/1998/nga
1998,France,nga,Nigeria,78,2,Defence,17,Augustine Eguavoen,Right-back,74,false,https://7a0.com.br/en/copas/1998/nga
1998,France,nga,Nigeria,78,2,Defence,5,Uche Okechukwu,Centre-back,78,false,https://7a0.com.br/en/copas/1998/nga
1998,France,nga,Nigeria,78,2,Defence,6,Taribo West,Centre-back,84,false,https://7a0.com.br/en/copas/1998/nga
1998,France,nga,Nigeria,78,2,Defence,16,Uche Okafor,Centre-back,72,false,https://7a0.com.br/en/copas/1998/nga
1998,France,nga,Nigeria,78,2,Defence,21,Godwin Okpara,Centre-back,71,false,https://7a0.com.br/en/copas/1998/nga
1998,France,nga,Nigeria,78,2,Defence,3,Celestine Babayaro,Left-back,80,false,https://7a0.com.br/en/copas/1998/nga
1998,France,nga,Nigeria,78,2,Defence,19,Benedict Iroha,Left-back,72,false,https://7a0.com.br/en/copas/1998/nga
1998,France,nga,Nigeria,78,2,Midfield,8,Mutiu Adepoju,Defensive midfielder,76,false,https://7a0.com.br/en/copas/1998/nga
1998,France,nga,Nigeria,78,2,Midfield,11,Garba Lawal,Defensive midfielder,79,false,https://7a0.com.br/en/copas/1998/nga
1998,France,nga,Nigeria,78,2,Midfield,15,Sunday Oliseh,Defensive midfielder,81,false,https://7a0.com.br/en/copas/1998/nga
1998,France,nga,Nigeria,78,2,Midfield,10,Jay-Jay Okocha,Attacking midfielder,89,true,https://7a0.com.br/en/copas/1998/nga
1998,France,nga,Nigeria,78,2,Midfield,18,Wilson Oruma,Attacking midfielder,77,false,https://7a0.com.br/en/copas/1998/nga
1998,France,nga,Nigeria,78,2,Attack,7,Finidi George,Right winger,85,false,https://7a0.com.br/en/copas/1998/nga
1998,France,nga,Nigeria,78,2,Attack,4,Nwankwo Kanu,Centre-forward,88,true,https://7a0.com.br/en/copas/1998/nga
1998,France,nga,Nigeria,78,2,Attack,9,Rashidi Yekini,Centre-forward,79,false,https://7a0.com.br/en/copas/1998/nga
1998,France,nga,Nigeria,78,2,Attack,14,Daniel Amokachi,Centre-forward,82,false,https://7a0.com.br/en/copas/1998/nga
1998,France,nga,Nigeria,78,2,Attack,20,Victor Ikpeba,Centre-forward,81,false,https://7a0.com.br/en/copas/1998/nga
1998,France,nga,Nigeria,78,2,Attack,13,Tijani Babangida,Left winger,80,false,https://7a0.com.br/en/copas/1998/nga
1998,France,nor,Norway,78,1,Goalkeepers,1,Frode Grodås,Goalkeeper,79,false,https://7a0.com.br/en/copas/1998/nor
1998,France,nor,Norway,78,1,Goalkeepers,12,Espen Baardsen,Goalkeeper,74,false,https://7a0.com.br/en/copas/1998/nor
1998,France,nor,Norway,78,1,Goalkeepers,22,Thomas Myhre,Goalkeeper,75,false,https://7a0.com.br/en/copas/1998/nor
1998,France,nor,Norway,78,1,Defence,2,Gunnar Halle,Right-back,75,false,https://7a0.com.br/en/copas/1998/nor
1998,France,nor,Norway,78,1,Defence,14,Vegard Heggem,Right-back,78,false,https://7a0.com.br/en/copas/1998/nor
1998,France,nor,Norway,78,1,Defence,3,Ronny Johnsen,Centre-back,84,false,https://7a0.com.br/en/copas/1998/nor
1998,France,nor,Norway,78,1,Defence,4,Henning Berg,Centre-back,82,false,https://7a0.com.br/en/copas/1998/nor
1998,France,nor,Norway,78,1,Defence,15,Dan Eggen,Centre-back,76,false,https://7a0.com.br/en/copas/1998/nor
1998,France,nor,Norway,78,1,Defence,19,Erik Hoftun,Centre-back,76,false,https://7a0.com.br/en/copas/1998/nor
1998,France,nor,Norway,78,1,Defence,5,Stig Inge Bjørnebye,Left-back,80,false,https://7a0.com.br/en/copas/1998/nor
1998,France,nor,Norway,78,1,Midfield,13,Vidar Riseth,Defensive midfielder,75,false,https://7a0.com.br/en/copas/1998/nor
1998,France,nor,Norway,78,1,Midfield,8,Øyvind Leonhardsen,Right midfielder,82,false,https://7a0.com.br/en/copas/1998/nor
1998,France,nor,Norway,78,1,Midfield,21,Roar Strand,Right midfielder,75,false,https://7a0.com.br/en/copas/1998/nor
1998,France,nor,Norway,78,1,Midfield,6,Ståle Solbakken,Midfielder,77,false,https://7a0.com.br/en/copas/1998/nor
1998,France,nor,Norway,78,1,Midfield,7,Erik Mykland,Midfielder,80,false,https://7a0.com.br/en/copas/1998/nor
1998,France,nor,Norway,78,1,Midfield,10,Kjetil Rekdal,Midfielder,82,false,https://7a0.com.br/en/copas/1998/nor
1998,France,nor,Norway,78,1,Midfield,11,Rudi,Left midfielder,76,false,https://7a0.com.br/en/copas/1998/nor
1998,France,nor,Norway,78,1,Attack,16,Jostein Flo,Right winger,75,false,https://7a0.com.br/en/copas/1998/nor
1998,France,nor,Norway,78,1,Attack,9,Tore André Flo,Centre-forward,85,false,https://7a0.com.br/en/copas/1998/nor
1998,France,nor,Norway,78,1,Attack,17,Håvard Flo,Centre-forward,76,false,https://7a0.com.br/en/copas/1998/nor
1998,France,nor,Norway,78,1,Attack,18,Egil Østenstad,Centre-forward,76,false,https://7a0.com.br/en/copas/1998/nor
1998,France,nor,Norway,78,1,Attack,20,Ole Gunnar Solskjær,Centre-forward,86,true,https://7a0.com.br/en/copas/1998/nor
1998,France,par,Paraguay,74,2,Goalkeepers,1,José Luis Chilavert,Goalkeeper,89,true,https://7a0.com.br/en/copas/1998/par
1998,France,par,Paraguay,74,2,Goalkeepers,12,Danilo Aceval,Goalkeeper,67,false,https://7a0.com.br/en/copas/1998/par
1998,France,par,Paraguay,74,2,Goalkeepers,22,Rubén Ruiz Díaz,Goalkeeper,67,false,https://7a0.com.br/en/copas/1998/par
1998,France,par,Paraguay,74,2,Defence,2,Francisco Arce,Right-back,78,false,https://7a0.com.br/en/copas/1998/par
1998,France,par,Paraguay,74,2,Defence,20,Denis Caniza,Right-back,77,false,https://7a0.com.br/en/copas/1998/par
1998,France,par,Paraguay,74,2,Defence,3,Catalino Rivarola,Centre-back,74,false,https://7a0.com.br/en/copas/1998/par
1998,France,par,Paraguay,74,2,Defence,4,Carlos Gamarra,Centre-back,88,true,https://7a0.com.br/en/copas/1998/par
1998,France,par,Paraguay,74,2,Defence,5,Celso Ayala,Centre-back,80,false,https://7a0.com.br/en/copas/1998/par
1998,France,par,Paraguay,74,2,Defence,6,Edgar Aguilera,Centre-back,68,false,https://7a0.com.br/en/copas/1998/par
1998,France,par,Paraguay,74,2,Defence,11,Pedro Sarabia,Centre-back,74,false,https://7a0.com.br/en/copas/1998/par
1998,France,par,Paraguay,74,2,Defence,14,Ricardo Rojas,Centre-back,72,false,https://7a0.com.br/en/copas/1998/par
1998,France,par,Paraguay,74,2,Midfield,13,Carlos Paredes,Defensive midfielder,75,false,https://7a0.com.br/en/copas/1998/par
1998,France,par,Paraguay,74,2,Midfield,16,Julio César Enciso,Defensive midfielder,71,false,https://7a0.com.br/en/copas/1998/par
1998,France,par,Paraguay,74,2,Midfield,10,Roberto Acuña,Midfielder,80,false,https://7a0.com.br/en/copas/1998/par
1998,France,par,Paraguay,74,2,Midfield,7,Julio César Yegros,Attacking midfielder,72,false,https://7a0.com.br/en/copas/1998/par
1998,France,par,Paraguay,74,2,Midfield,19,Carlos Morales,Attacking midfielder,68,false,https://7a0.com.br/en/copas/1998/par
1998,France,par,Paraguay,74,2,Midfield,21,Jorge Luis Campos,Attacking midfielder,70,false,https://7a0.com.br/en/copas/1998/par
1998,France,par,Paraguay,74,2,Attack,8,Arístides Rojas,Centre-forward,70,false,https://7a0.com.br/en/copas/1998/par
1998,France,par,Paraguay,74,2,Attack,9,José Cardozo,Centre-forward,82,false,https://7a0.com.br/en/copas/1998/par
1998,France,par,Paraguay,74,2,Attack,15,Miguel Ángel Benítez,Centre-forward,76,false,https://7a0.com.br/en/copas/1998/par
1998,France,par,Paraguay,74,2,Attack,17,Hugo Brizuela,Centre-forward,71,false,https://7a0.com.br/en/copas/1998/par
1998,France,par,Paraguay,74,2,Attack,18,César Ramírez,Centre-forward,69,false,https://7a0.com.br/en/copas/1998/par
1998,France,rou,Romania,79,2,Goalkeepers,1,Dumitru Stângaciu,Goalkeeper,76,false,https://7a0.com.br/en/copas/1998/rou
1998,France,rou,Romania,79,2,Goalkeepers,12,Bogdan Stelea,Goalkeeper,79,false,https://7a0.com.br/en/copas/1998/rou
1998,France,rou,Romania,79,2,Goalkeepers,22,Florin Prunea,Goalkeeper,78,false,https://7a0.com.br/en/copas/1998/rou
1998,France,rou,Romania,79,2,Defence,2,Dan Petrescu,Right-back,82,false,https://7a0.com.br/en/copas/1998/rou
1998,France,rou,Romania,79,2,Defence,3,Cristian Dulca,Centre-back,76,false,https://7a0.com.br/en/copas/1998/rou
1998,France,rou,Romania,79,2,Defence,4,Anton Doboș,Centre-back,77,false,https://7a0.com.br/en/copas/1998/rou
1998,France,rou,Romania,79,2,Defence,6,Gheorghe Popescu,Centre-back,84,true,https://7a0.com.br/en/copas/1998/rou
1998,France,rou,Romania,79,2,Defence,13,Liviu Ciobotariu,Centre-back,76,false,https://7a0.com.br/en/copas/1998/rou
1998,France,rou,Romania,79,2,Defence,18,Iulian Filipescu,Centre-back,78,false,https://7a0.com.br/en/copas/1998/rou
1998,France,rou,Romania,79,2,Defence,20,Tibor Selymes,Left-back,77,false,https://7a0.com.br/en/copas/1998/rou
1998,France,rou,Romania,79,2,Midfield,5,Constantin Gâlcă,Defensive midfielder,79,false,https://7a0.com.br/en/copas/1998/rou
1998,France,rou,Romania,79,2,Midfield,8,Dorinel Munteanu,Defensive midfielder,81,false,https://7a0.com.br/en/copas/1998/rou
1998,France,rou,Romania,79,2,Midfield,15,Lucian Marinescu,Midfielder,74,false,https://7a0.com.br/en/copas/1998/rou
1998,France,rou,Romania,79,2,Midfield,16,Gabriel Popescu,Midfielder,76,false,https://7a0.com.br/en/copas/1998/rou
1998,France,rou,Romania,79,2,Midfield,10,Gheorghe Hagi,Attacking midfielder,89,true,https://7a0.com.br/en/copas/1998/rou
1998,France,rou,Romania,79,2,Midfield,17,Ilie Dumitrescu,Attacking midfielder,80,false,https://7a0.com.br/en/copas/1998/rou
1998,France,rou,Romania,79,2,Midfield,19,Ovidiu Stîngă,Attacking midfielder,77,false,https://7a0.com.br/en/copas/1998/rou
1998,France,rou,Romania,79,2,Attack,7,Marius Lăcătuș,Right winger,79,false,https://7a0.com.br/en/copas/1998/rou
1998,France,rou,Romania,79,2,Attack,9,Viorel Moldovan,Centre-forward,80,false,https://7a0.com.br/en/copas/1998/rou
1998,France,rou,Romania,79,2,Attack,11,Adrian Ilie,Centre-forward,82,false,https://7a0.com.br/en/copas/1998/rou
1998,France,rou,Romania,79,2,Attack,14,Radu Niculescu,Centre-forward,74,false,https://7a0.com.br/en/copas/1998/rou
1998,France,rou,Romania,79,2,Attack,21,Gheorghe Craioveanu,Centre-forward,77,false,https://7a0.com.br/en/copas/1998/rou
1998,France,yug,Yugoslavia,79,0,Goalkeepers,1,Ivica Kralj,Goalkeeper,78,false,https://7a0.com.br/en/copas/1998/yug
1998,France,yug,Yugoslavia,79,0,Goalkeepers,12,Dragoje Leković,Goalkeeper,72,false,https://7a0.com.br/en/copas/1998/yug
1998,France,yug,Yugoslavia,79,0,Defence,2,Zoran Mirković,Right-back,79,false,https://7a0.com.br/en/copas/1998/yug
1998,France,yug,Yugoslavia,79,0,Defence,16,Željko Petrović,Right-back,75,false,https://7a0.com.br/en/copas/1998/yug
1998,France,yug,Yugoslavia,79,0,Defence,3,Goran Đorović,Centre-back,76,false,https://7a0.com.br/en/copas/1998/yug
1998,France,yug,Yugoslavia,79,0,Defence,5,Miroslav Đukić,Centre-back,80,false,https://7a0.com.br/en/copas/1998/yug
1998,France,yug,Yugoslavia,79,0,Defence,11,Siniša Mihajlović,Centre-back,83,false,https://7a0.com.br/en/copas/1998/yug
1998,France,yug,Yugoslavia,79,0,Defence,13,Slobodan Komljenović,Centre-back,76,false,https://7a0.com.br/en/copas/1998/yug
1998,France,yug,Yugoslavia,79,0,Defence,14,Niša Saveljić,Centre-back,76,false,https://7a0.com.br/en/copas/1998/yug
1998,France,yug,Yugoslavia,79,0,Midfield,4,Slaviša Jokanović,Defensive midfielder,79,false,https://7a0.com.br/en/copas/1998/yug
1998,France,yug,Yugoslavia,79,0,Midfield,7,Vladimir Jugović,Defensive midfielder,82,false,https://7a0.com.br/en/copas/1998/yug
1998,France,yug,Yugoslavia,79,0,Midfield,10,Dragan Stojković,Defensive midfielder,84,false,https://7a0.com.br/en/copas/1998/yug
1998,France,yug,Yugoslavia,79,0,Midfield,19,Miroslav Stević,Defensive midfielder,74,false,https://7a0.com.br/en/copas/1998/yug
1998,France,yug,Yugoslavia,79,0,Midfield,20,Dejan Stanković,Defensive midfielder,80,false,https://7a0.com.br/en/copas/1998/yug
1998,France,yug,Yugoslavia,79,0,Midfield,6,Branko Brnović,Midfielder,76,false,https://7a0.com.br/en/copas/1998/yug
1998,France,yug,Yugoslavia,79,0,Midfield,18,Dejan Govedarica,Left midfielder,74,false,https://7a0.com.br/en/copas/1998/yug
1998,France,yug,Yugoslavia,79,0,Midfield,8,Dejan Savićević,Attacking midfielder,82,false,https://7a0.com.br/en/copas/1998/yug
1998,France,yug,Yugoslavia,79,0,Attack,21,Perica Ognjenović,Right winger,76,false,https://7a0.com.br/en/copas/1998/yug
1998,France,yug,Yugoslavia,79,0,Attack,9,Predrag Mijatović,Centre-forward,85,false,https://7a0.com.br/en/copas/1998/yug
1998,France,yug,Yugoslavia,79,0,Attack,17,Savo Milošević,Centre-forward,81,false,https://7a0.com.br/en/copas/1998/yug
1998,France,yug,Yugoslavia,79,0,Attack,22,Darko Kovačević,Centre-forward,81,false,https://7a0.com.br/en/copas/1998/yug
1998,France,yug,Yugoslavia,79,0,Attack,15,Ljubinko Drulović,Left winger,78,false,https://7a0.com.br/en/copas/1998/yug
2002,South Korea/Japan,arg,Argentina,82,3,Goalkeepers,1,Germán Burgos,Goalkeeper,76,false,https://7a0.com.br/en/copas/2002/arg
2002,South Korea/Japan,arg,Argentina,82,3,Goalkeepers,12,Pablo Cavallero,Goalkeeper,80,false,https://7a0.com.br/en/copas/2002/arg
2002,South Korea/Japan,arg,Argentina,82,3,Goalkeepers,23,Roberto Bonano,Goalkeeper,73,false,https://7a0.com.br/en/copas/2002/arg
2002,South Korea/Japan,arg,Argentina,82,3,Defence,8,Javier Zanetti,Right-back,88,true,https://7a0.com.br/en/copas/2002/arg
2002,South Korea/Japan,arg,Argentina,82,3,Defence,2,Roberto Ayala,Centre-back,86,false,https://7a0.com.br/en/copas/2002/arg
2002,South Korea/Japan,arg,Argentina,82,3,Defence,4,Mauricio Pochettino,Centre-back,78,false,https://7a0.com.br/en/copas/2002/arg
2002,South Korea/Japan,arg,Argentina,82,3,Defence,6,Walter Samuel,Centre-back,84,false,https://7a0.com.br/en/copas/2002/arg
2002,South Korea/Japan,arg,Argentina,82,3,Defence,13,Diego Placente,Centre-back,74,false,https://7a0.com.br/en/copas/2002/arg
2002,South Korea/Japan,arg,Argentina,82,3,Defence,22,José Chamot,Centre-back,77,false,https://7a0.com.br/en/copas/2002/arg
2002,South Korea/Japan,arg,Argentina,82,3,Defence,3,Juan Pablo Sorín,Left-back,83,false,https://7a0.com.br/en/copas/2002/arg
2002,South Korea/Japan,arg,Argentina,82,3,Midfield,5,Matías Almeyda,Defensive midfielder,78,false,https://7a0.com.br/en/copas/2002/arg
2002,South Korea/Japan,arg,Argentina,82,3,Midfield,11,Juan Sebastián Verón,Midfielder,90,true,https://7a0.com.br/en/copas/2002/arg
2002,South Korea/Japan,arg,Argentina,82,3,Midfield,14,Diego Simeone,Midfielder,87,false,https://7a0.com.br/en/copas/2002/arg
2002,South Korea/Japan,arg,Argentina,82,3,Midfield,15,Claudio Husaín,Midfielder,74,false,https://7a0.com.br/en/copas/2002/arg
2002,South Korea/Japan,arg,Argentina,82,3,Midfield,18,Kily González,Midfielder,79,false,https://7a0.com.br/en/copas/2002/arg
2002,South Korea/Japan,arg,Argentina,82,3,Midfield,10,Ariel Ortega,Attacking midfielder,84,false,https://7a0.com.br/en/copas/2002/arg
2002,South Korea/Japan,arg,Argentina,82,3,Midfield,16,Pablo Aimar,Attacking midfielder,86,false,https://7a0.com.br/en/copas/2002/arg
2002,South Korea/Japan,arg,Argentina,82,3,Midfield,17,Gustavo López,Attacking midfielder,76,false,https://7a0.com.br/en/copas/2002/arg
2002,South Korea/Japan,arg,Argentina,82,3,Midfield,20,Marcelo Gallardo,Attacking midfielder,80,false,https://7a0.com.br/en/copas/2002/arg
2002,South Korea/Japan,arg,Argentina,82,3,Attack,7,Claudio López,Centre-forward,81,false,https://7a0.com.br/en/copas/2002/arg
2002,South Korea/Japan,arg,Argentina,82,3,Attack,9,Gabriel Batistuta,Centre-forward,93,true,https://7a0.com.br/en/copas/2002/arg
2002,South Korea/Japan,arg,Argentina,82,3,Attack,19,Hernán Crespo,Centre-forward,88,false,https://7a0.com.br/en/copas/2002/arg
2002,South Korea/Japan,arg,Argentina,82,3,Attack,21,Claudio Caniggia,Centre-forward,85,false,https://7a0.com.br/en/copas/2002/arg
2002,South Korea/Japan,bra,Brazil,81,6,Goalkeepers,1,Marcão,Goalkeeper,88,false,https://7a0.com.br/en/copas/2002/bra
2002,South Korea/Japan,bra,Brazil,81,6,Goalkeepers,12,Dida,Goalkeeper,80,false,https://7a0.com.br/en/copas/2002/bra
2002,South Korea/Japan,bra,Brazil,81,6,Goalkeepers,22,Rogério Ceni,Goalkeeper,75,false,https://7a0.com.br/en/copas/2002/bra
2002,South Korea/Japan,bra,Brazil,81,6,Defence,2,Cafu,Right-back,89,true,https://7a0.com.br/en/copas/2002/bra
2002,South Korea/Japan,bra,Brazil,81,6,Defence,13,Juliano Belletti,Right-back,76,false,https://7a0.com.br/en/copas/2002/bra
2002,South Korea/Japan,bra,Brazil,81,6,Defence,3,Lúcio,Centre-back,85,false,https://7a0.com.br/en/copas/2002/bra
2002,South Korea/Japan,bra,Brazil,81,6,Defence,4,Roque Júnior,Centre-back,80,false,https://7a0.com.br/en/copas/2002/bra
2002,South Korea/Japan,bra,Brazil,81,6,Defence,5,Edmílson,Centre-back,81,false,https://7a0.com.br/en/copas/2002/bra
2002,South Korea/Japan,bra,Brazil,81,6,Defence,14,Ânderson Polga,Centre-back,71,false,https://7a0.com.br/en/copas/2002/bra
2002,South Korea/Japan,bra,Brazil,81,6,Defence,6,Roberto Carlos,Left-back,91,true,https://7a0.com.br/en/copas/2002/bra
2002,South Korea/Japan,bra,Brazil,81,6,Defence,16,Júnior,Left-back,76,false,https://7a0.com.br/en/copas/2002/bra
2002,South Korea/Japan,bra,Brazil,81,6,Midfield,7,Ricardinho,Defensive midfielder,75,false,https://7a0.com.br/en/copas/2002/bra
2002,South Korea/Japan,bra,Brazil,81,6,Midfield,8,Gilberto Silva,Defensive midfielder,85,false,https://7a0.com.br/en/copas/2002/bra
2002,South Korea/Japan,bra,Brazil,81,6,Midfield,15,José Kléberson,Defensive midfielder,76,false,https://7a0.com.br/en/copas/2002/bra
2002,South Korea/Japan,bra,Brazil,81,6,Midfield,18,Vampeta,Defensive midfielder,74,false,https://7a0.com.br/en/copas/2002/bra
2002,South Korea/Japan,bra,Brazil,81,6,Midfield,10,Rivaldo,Attacking midfielder,92,true,https://7a0.com.br/en/copas/2002/bra
2002,South Korea/Japan,bra,Brazil,81,6,Midfield,11,Ronaldinho,Attacking midfielder,90,true,https://7a0.com.br/en/copas/2002/bra
2002,South Korea/Japan,bra,Brazil,81,6,Midfield,19,Juninho Paulista,Attacking midfielder,76,false,https://7a0.com.br/en/copas/2002/bra
2002,South Korea/Japan,bra,Brazil,81,6,Midfield,23,Kaká,Attacking midfielder,78,true,https://7a0.com.br/en/copas/2002/bra
2002,South Korea/Japan,bra,Brazil,81,6,Attack,20,Edílson,Right winger,76,false,https://7a0.com.br/en/copas/2002/bra
2002,South Korea/Japan,bra,Brazil,81,6,Attack,9,Ronaldo,Centre-forward,97,true,https://7a0.com.br/en/copas/2002/bra
2002,South Korea/Japan,bra,Brazil,81,6,Attack,21,Luizão,Centre-forward,75,false,https://7a0.com.br/en/copas/2002/bra
2002,South Korea/Japan,bra,Brazil,81,6,Attack,17,Denílson,Left winger,78,false,https://7a0.com.br/en/copas/2002/bra
2002,South Korea/Japan,cmr,Cameroon,74,2,Goalkeepers,1,Alioum Boukar,Goalkeeper,72,false,https://7a0.com.br/en/copas/2002/cmr
2002,South Korea/Japan,cmr,Cameroon,74,2,Goalkeepers,16,Jacques Songo'o,Goalkeeper,76,false,https://7a0.com.br/en/copas/2002/cmr
2002,South Korea/Japan,cmr,Cameroon,74,2,Goalkeepers,22,Carlos Kameni,Goalkeeper,70,false,https://7a0.com.br/en/copas/2002/cmr
2002,South Korea/Japan,cmr,Cameroon,74,2,Defence,2,Bill Tchato,Right-back,71,false,https://7a0.com.br/en/copas/2002/cmr
2002,South Korea/Japan,cmr,Cameroon,74,2,Defence,12,Lauren,Right-back,81,false,https://7a0.com.br/en/copas/2002/cmr
2002,South Korea/Japan,cmr,Cameroon,74,2,Defence,4,Rigobert Song,Centre-back,82,false,https://7a0.com.br/en/copas/2002/cmr
2002,South Korea/Japan,cmr,Cameroon,74,2,Defence,5,Raymond Kalla,Centre-back,73,false,https://7a0.com.br/en/copas/2002/cmr
2002,South Korea/Japan,cmr,Cameroon,74,2,Defence,13,Lucien Mettomo,Centre-back,72,false,https://7a0.com.br/en/copas/2002/cmr
2002,South Korea/Japan,cmr,Cameroon,74,2,Defence,3,Pierre Womé,Left-back,75,false,https://7a0.com.br/en/copas/2002/cmr
2002,South Korea/Japan,cmr,Cameroon,74,2,Defence,6,Pierre Njanka,Left-back,70,false,https://7a0.com.br/en/copas/2002/cmr
2002,South Korea/Japan,cmr,Cameroon,74,2,Midfield,7,Joseph Ndo,Defensive midfielder,70,false,https://7a0.com.br/en/copas/2002/cmr
2002,South Korea/Japan,cmr,Cameroon,74,2,Midfield,15,Nicolas Alnoudji,Defensive midfielder,67,false,https://7a0.com.br/en/copas/2002/cmr
2002,South Korea/Japan,cmr,Cameroon,74,2,Midfield,8,Geremi,Right midfielder,84,false,https://7a0.com.br/en/copas/2002/cmr
2002,South Korea/Japan,cmr,Cameroon,74,2,Midfield,17,Marc-Vivien Foé,Midfielder,83,true,https://7a0.com.br/en/copas/2002/cmr
2002,South Korea/Japan,cmr,Cameroon,74,2,Midfield,19,Eric Djemba-Djemba,Midfielder,74,false,https://7a0.com.br/en/copas/2002/cmr
2002,South Korea/Japan,cmr,Cameroon,74,2,Midfield,20,Salomon Olembé,Left midfielder,74,false,https://7a0.com.br/en/copas/2002/cmr
2002,South Korea/Japan,cmr,Cameroon,74,2,Midfield,14,Joël Epalle,Attacking midfielder,69,false,https://7a0.com.br/en/copas/2002/cmr
2002,South Korea/Japan,cmr,Cameroon,74,2,Midfield,23,Daniel Ngom Kome,Attacking midfielder,67,false,https://7a0.com.br/en/copas/2002/cmr
2002,South Korea/Japan,cmr,Cameroon,74,2,Attack,9,Samuel Eto'o,Centre-forward,83,true,https://7a0.com.br/en/copas/2002/cmr
2002,South Korea/Japan,cmr,Cameroon,74,2,Attack,10,Patrick Mboma,Centre-forward,83,false,https://7a0.com.br/en/copas/2002/cmr
2002,South Korea/Japan,cmr,Cameroon,74,2,Attack,18,Patrick Suffo,Centre-forward,72,false,https://7a0.com.br/en/copas/2002/cmr
2002,South Korea/Japan,cmr,Cameroon,74,2,Attack,21,Joseph-Désiré Job,Centre-forward,75,false,https://7a0.com.br/en/copas/2002/cmr
2002,South Korea/Japan,cmr,Cameroon,74,2,Attack,11,Pius N'Diefi,Left winger,68,false,https://7a0.com.br/en/copas/2002/cmr
2002,South Korea/Japan,den,Denmark,77,1,Goalkeepers,1,Thomas Sørensen,Goalkeeper,80,false,https://7a0.com.br/en/copas/2002/den
2002,South Korea/Japan,den,Denmark,77,1,Goalkeepers,16,Peter Kjær,Goalkeeper,71,false,https://7a0.com.br/en/copas/2002/den
2002,South Korea/Japan,den,Denmark,77,1,Goalkeepers,22,Jesper Christiansen,Goalkeeper,70,false,https://7a0.com.br/en/copas/2002/den
2002,South Korea/Japan,den,Denmark,77,1,Defence,6,Thomas Helveg,Right-back,80,false,https://7a0.com.br/en/copas/2002/den
2002,South Korea/Japan,den,Denmark,77,1,Defence,20,Kasper Bøgelund,Right-back,72,false,https://7a0.com.br/en/copas/2002/den
2002,South Korea/Japan,den,Denmark,77,1,Defence,3,René Henriksen,Centre-back,77,false,https://7a0.com.br/en/copas/2002/den
2002,South Korea/Japan,den,Denmark,77,1,Defence,4,Martin Laursen,Centre-back,83,false,https://7a0.com.br/en/copas/2002/den
2002,South Korea/Japan,den,Denmark,77,1,Defence,13,Steven Lustü,Centre-back,70,false,https://7a0.com.br/en/copas/2002/den
2002,South Korea/Japan,den,Denmark,77,1,Defence,5,Jan Heintze,Left-back,74,false,https://7a0.com.br/en/copas/2002/den
2002,South Korea/Japan,den,Denmark,77,1,Defence,12,Niclas Jensen,Left-back,75,false,https://7a0.com.br/en/copas/2002/den
2002,South Korea/Japan,den,Denmark,77,1,Midfield,2,Stig Tøfting,Defensive midfielder,79,false,https://7a0.com.br/en/copas/2002/den
2002,South Korea/Japan,den,Denmark,77,1,Midfield,15,Jan Michaelsen,Defensive midfielder,72,false,https://7a0.com.br/en/copas/2002/den
2002,South Korea/Japan,den,Denmark,77,1,Midfield,17,Christian Poulsen,Defensive midfielder,76,false,https://7a0.com.br/en/copas/2002/den
2002,South Korea/Japan,den,Denmark,77,1,Midfield,8,Jesper Grønkjær,Right midfielder,79,false,https://7a0.com.br/en/copas/2002/den
2002,South Korea/Japan,den,Denmark,77,1,Midfield,10,Martin Jørgensen,Right midfielder,80,false,https://7a0.com.br/en/copas/2002/den
2002,South Korea/Japan,den,Denmark,77,1,Midfield,7,Thomas Gravesen,Midfielder,82,false,https://7a0.com.br/en/copas/2002/den
2002,South Korea/Japan,den,Denmark,77,1,Midfield,14,Claus Jensen,Midfielder,78,false,https://7a0.com.br/en/copas/2002/den
2002,South Korea/Japan,den,Denmark,77,1,Midfield,23,Brian Steen Nielsen,Attacking midfielder,75,false,https://7a0.com.br/en/copas/2002/den
2002,South Korea/Japan,den,Denmark,77,1,Attack,19,Dennis Rommedahl,Right winger,82,false,https://7a0.com.br/en/copas/2002/den
2002,South Korea/Japan,den,Denmark,77,1,Attack,9,Jon Dahl Tomasson,Centre-forward,85,true,https://7a0.com.br/en/copas/2002/den
2002,South Korea/Japan,den,Denmark,77,1,Attack,11,Ebbe Sand,Centre-forward,82,false,https://7a0.com.br/en/copas/2002/den
2002,South Korea/Japan,den,Denmark,77,1,Attack,21,Peter Madsen,Centre-forward,73,false,https://7a0.com.br/en/copas/2002/den
2002,South Korea/Japan,den,Denmark,77,1,Attack,18,Peter Løvenkrands,Left winger,73,false,https://7a0.com.br/en/copas/2002/den
2002,South Korea/Japan,eng,England,79,3,Goalkeepers,1,David Seaman,Goalkeeper,82,false,https://7a0.com.br/en/copas/2002/eng
2002,South Korea/Japan,eng,England,79,3,Goalkeepers,13,Nigel Martyn,Goalkeeper,76,false,https://7a0.com.br/en/copas/2002/eng
2002,South Korea/Japan,eng,England,79,3,Goalkeepers,22,David James,Goalkeeper,75,false,https://7a0.com.br/en/copas/2002/eng
2002,South Korea/Japan,eng,England,79,3,Defence,2,Danny Mills,Right-back,77,false,https://7a0.com.br/en/copas/2002/eng
2002,South Korea/Japan,eng,England,79,3,Defence,5,Rio Ferdinand,Centre-back,84,true,https://7a0.com.br/en/copas/2002/eng
2002,South Korea/Japan,eng,England,79,3,Defence,6,Sol Campbell,Centre-back,85,false,https://7a0.com.br/en/copas/2002/eng
2002,South Korea/Japan,eng,England,79,3,Defence,12,Wes Brown,Centre-back,75,false,https://7a0.com.br/en/copas/2002/eng
2002,South Korea/Japan,eng,England,79,3,Defence,15,Martin Keown,Centre-back,78,false,https://7a0.com.br/en/copas/2002/eng
2002,South Korea/Japan,eng,England,79,3,Defence,16,Gareth Southgate,Centre-back,80,false,https://7a0.com.br/en/copas/2002/eng
2002,South Korea/Japan,eng,England,79,3,Defence,3,Ashley Cole,Left-back,82,false,https://7a0.com.br/en/copas/2002/eng
2002,South Korea/Japan,eng,England,79,3,Defence,14,Wayne Bridge,Left-back,75,false,https://7a0.com.br/en/copas/2002/eng
2002,South Korea/Japan,eng,England,79,3,Midfield,18,Owen Hargreaves,Defensive midfielder,77,false,https://7a0.com.br/en/copas/2002/eng
2002,South Korea/Japan,eng,England,79,3,Midfield,21,Nicky Butt,Defensive midfielder,80,false,https://7a0.com.br/en/copas/2002/eng
2002,South Korea/Japan,eng,England,79,3,Midfield,7,David Beckham,Right midfielder,88,true,https://7a0.com.br/en/copas/2002/eng
2002,South Korea/Japan,eng,England,79,3,Midfield,8,Paul Scholes,Midfielder,85,false,https://7a0.com.br/en/copas/2002/eng
2002,South Korea/Japan,eng,England,79,3,Midfield,23,Kieron Dyer,Midfielder,76,false,https://7a0.com.br/en/copas/2002/eng
2002,South Korea/Japan,eng,England,79,3,Midfield,19,Joe Cole,Attacking midfielder,76,false,https://7a0.com.br/en/copas/2002/eng
2002,South Korea/Japan,eng,England,79,3,Attack,4,Trevor Sinclair,Right winger,76,false,https://7a0.com.br/en/copas/2002/eng
2002,South Korea/Japan,eng,England,79,3,Attack,9,Robbie Fowler,Centre-forward,79,false,https://7a0.com.br/en/copas/2002/eng
2002,South Korea/Japan,eng,England,79,3,Attack,10,Michael Owen,Centre-forward,87,true,https://7a0.com.br/en/copas/2002/eng
2002,South Korea/Japan,eng,England,79,3,Attack,11,Emile Heskey,Centre-forward,78,false,https://7a0.com.br/en/copas/2002/eng
2002,South Korea/Japan,eng,England,79,3,Attack,17,Teddy Sheringham,Centre-forward,78,false,https://7a0.com.br/en/copas/2002/eng
2002,South Korea/Japan,eng,England,79,3,Attack,20,Darius Vassell,Centre-forward,75,false,https://7a0.com.br/en/copas/2002/eng
2002,South Korea/Japan,fra,France,83,3,Goalkeepers,1,Ulrich Ramé,Goalkeeper,76,false,https://7a0.com.br/en/copas/2002/fra
2002,South Korea/Japan,fra,France,83,3,Goalkeepers,16,Fabien Barthez,Goalkeeper,88,false,https://7a0.com.br/en/copas/2002/fra
2002,South Korea/Japan,fra,France,83,3,Defence,2,Vincent Candela,Right-back,78,false,https://7a0.com.br/en/copas/2002/fra
2002,South Korea/Japan,fra,France,83,3,Defence,15,Lilian Thuram,Right-back,88,false,https://7a0.com.br/en/copas/2002/fra
2002,South Korea/Japan,fra,France,83,3,Defence,19,Willy Sagnol,Right-back,79,false,https://7a0.com.br/en/copas/2002/fra
2002,South Korea/Japan,fra,France,83,3,Defence,5,Philippe Christanval,Centre-back,72,false,https://7a0.com.br/en/copas/2002/fra
2002,South Korea/Japan,fra,France,83,3,Defence,8,Marcel Desailly,Centre-back,87,false,https://7a0.com.br/en/copas/2002/fra
2002,South Korea/Japan,fra,France,83,3,Defence,18,Frank Leboeuf,Centre-back,80,false,https://7a0.com.br/en/copas/2002/fra
2002,South Korea/Japan,fra,France,83,3,Defence,3,Bixente Lizarazu,Left-back,85,false,https://7a0.com.br/en/copas/2002/fra
2002,South Korea/Japan,fra,France,83,3,Defence,13,Mikaël Silvestre,Left-back,80,false,https://7a0.com.br/en/copas/2002/fra
2002,South Korea/Japan,fra,France,83,3,Midfield,7,Claude Makélélé,Defensive midfielder,87,false,https://7a0.com.br/en/copas/2002/fra
2002,South Korea/Japan,fra,France,83,3,Midfield,14,Alain Boghossian,Defensive midfielder,75,false,https://7a0.com.br/en/copas/2002/fra
2002,South Korea/Japan,fra,France,83,3,Midfield,4,Patrick Vieira,Midfielder,90,true,https://7a0.com.br/en/copas/2002/fra
2002,South Korea/Japan,fra,France,83,3,Midfield,10,Zinedine Zidane,Midfielder,95,true,https://7a0.com.br/en/copas/2002/fra
2002,South Korea/Japan,fra,France,83,3,Midfield,17,Emmanuel Petit,Left midfielder,82,false,https://7a0.com.br/en/copas/2002/fra
2002,South Korea/Japan,fra,France,83,3,Midfield,22,Johan Micoud,Attacking midfielder,76,false,https://7a0.com.br/en/copas/2002/fra
2002,South Korea/Japan,fra,France,83,3,Attack,9,Djibril Cissé,Centre-forward,77,false,https://7a0.com.br/en/copas/2002/fra
2002,South Korea/Japan,fra,France,83,3,Attack,12,Thierry Henry,Centre-forward,92,true,https://7a0.com.br/en/copas/2002/fra
2002,South Korea/Japan,fra,France,83,3,Attack,20,David Trezeguet,Centre-forward,86,false,https://7a0.com.br/en/copas/2002/fra
2002,South Korea/Japan,fra,France,83,3,Attack,21,Christophe Dugarry,Centre-forward,79,false,https://7a0.com.br/en/copas/2002/fra
2002,South Korea/Japan,fra,France,83,3,Attack,6,Youri Djorkaeff,Left winger,82,false,https://7a0.com.br/en/copas/2002/fra
2002,South Korea/Japan,fra,France,83,3,Attack,11,Sylvain Wiltord,Left winger,83,false,https://7a0.com.br/en/copas/2002/fra
2002,South Korea/Japan,ger,Germany,79,3,Goalkeepers,1,Oliver Kahn,Goalkeeper,96,true,https://7a0.com.br/en/copas/2002/ger
2002,South Korea/Japan,ger,Germany,79,3,Goalkeepers,12,Jens Lehmann,Goalkeeper,81,false,https://7a0.com.br/en/copas/2002/ger
2002,South Korea/Japan,ger,Germany,79,3,Goalkeepers,23,Hans-Jörg Butt,Goalkeeper,74,false,https://7a0.com.br/en/copas/2002/ger
2002,South Korea/Japan,ger,Germany,79,3,Defence,2,Thomas Linke,Centre-back,79,false,https://7a0.com.br/en/copas/2002/ger
2002,South Korea/Japan,ger,Germany,79,3,Defence,3,Marko Rehmer,Centre-back,76,false,https://7a0.com.br/en/copas/2002/ger
2002,South Korea/Japan,ger,Germany,79,3,Defence,4,Frank Baumann,Centre-back,76,false,https://7a0.com.br/en/copas/2002/ger
2002,South Korea/Japan,ger,Germany,79,3,Defence,21,Christoph Metzelder,Centre-back,78,false,https://7a0.com.br/en/copas/2002/ger
2002,South Korea/Japan,ger,Germany,79,3,Defence,6,Christian Ziege,Left-back,80,false,https://7a0.com.br/en/copas/2002/ger
2002,South Korea/Japan,ger,Germany,79,3,Midfield,5,Carsten Ramelow,Defensive midfielder,80,false,https://7a0.com.br/en/copas/2002/ger
2002,South Korea/Japan,ger,Germany,79,3,Midfield,8,Dietmar Hamann,Defensive midfielder,83,false,https://7a0.com.br/en/copas/2002/ger
2002,South Korea/Japan,ger,Germany,79,3,Midfield,15,Sebastian Kehl,Defensive midfielder,77,false,https://7a0.com.br/en/copas/2002/ger
2002,South Korea/Japan,ger,Germany,79,3,Midfield,16,Jens Jeremies,Defensive midfielder,77,false,https://7a0.com.br/en/copas/2002/ger
2002,South Korea/Japan,ger,Germany,79,3,Midfield,22,Torsten Frings,Defensive midfielder,80,false,https://7a0.com.br/en/copas/2002/ger
2002,South Korea/Japan,ger,Germany,79,3,Midfield,13,Michael Ballack,Midfielder,91,true,https://7a0.com.br/en/copas/2002/ger
2002,South Korea/Japan,ger,Germany,79,3,Midfield,18,Jörg Böhme,Left midfielder,75,false,https://7a0.com.br/en/copas/2002/ger
2002,South Korea/Japan,ger,Germany,79,3,Midfield,10,Lars Ricken,Attacking midfielder,73,false,https://7a0.com.br/en/copas/2002/ger
2002,South Korea/Japan,ger,Germany,79,3,Attack,19,Bernd Schneider,Right winger,80,false,https://7a0.com.br/en/copas/2002/ger
2002,South Korea/Japan,ger,Germany,79,3,Attack,7,Oliver Neuville,Centre-forward,78,false,https://7a0.com.br/en/copas/2002/ger
2002,South Korea/Japan,ger,Germany,79,3,Attack,9,Carsten Jancker,Centre-forward,74,false,https://7a0.com.br/en/copas/2002/ger
2002,South Korea/Japan,ger,Germany,79,3,Attack,11,Miroslav Klose,Centre-forward,84,true,https://7a0.com.br/en/copas/2002/ger
2002,South Korea/Japan,ger,Germany,79,3,Attack,14,Gerald Asamoah,Centre-forward,74,false,https://7a0.com.br/en/copas/2002/ger
2002,South Korea/Japan,ger,Germany,79,3,Attack,20,Oliver Bierhoff,Centre-forward,76,false,https://7a0.com.br/en/copas/2002/ger
2002,South Korea/Japan,ger,Germany,79,3,Attack,17,Marco Bode,Left winger,76,false,https://7a0.com.br/en/copas/2002/ger
2002,South Korea/Japan,irl,Ireland,77,2,Goalkeepers,1,Shay Given,Goalkeeper,82,false,https://7a0.com.br/en/copas/2002/irl
2002,South Korea/Japan,irl,Ireland,77,2,Goalkeepers,16,Dean Kiely,Goalkeeper,74,false,https://7a0.com.br/en/copas/2002/irl
2002,South Korea/Japan,irl,Ireland,77,2,Goalkeepers,23,Alan Kelly,Goalkeeper,73,false,https://7a0.com.br/en/copas/2002/irl
2002,South Korea/Japan,irl,Ireland,77,2,Defence,2,Steve Finnan,Right-back,78,false,https://7a0.com.br/en/copas/2002/irl
2002,South Korea/Japan,irl,Ireland,77,2,Defence,18,Gary Kelly,Right-back,75,false,https://7a0.com.br/en/copas/2002/irl
2002,South Korea/Japan,irl,Ireland,77,2,Defence,4,Kenny Cunningham,Centre-back,77,false,https://7a0.com.br/en/copas/2002/irl
2002,South Korea/Japan,irl,Ireland,77,2,Defence,5,Steve Staunton,Centre-back,78,false,https://7a0.com.br/en/copas/2002/irl
2002,South Korea/Japan,irl,Ireland,77,2,Defence,14,Gary Breen,Centre-back,77,false,https://7a0.com.br/en/copas/2002/irl
2002,South Korea/Japan,irl,Ireland,77,2,Defence,15,Richard Dunne,Centre-back,78,false,https://7a0.com.br/en/copas/2002/irl
2002,South Korea/Japan,irl,Ireland,77,2,Defence,20,Andrew O'Brien,Centre-back,74,false,https://7a0.com.br/en/copas/2002/irl
2002,South Korea/Japan,irl,Ireland,77,2,Defence,3,Ian Harte,Left-back,78,false,https://7a0.com.br/en/copas/2002/irl
2002,South Korea/Japan,irl,Ireland,77,2,Midfield,7,Jason McAteer,Defensive midfielder,76,false,https://7a0.com.br/en/copas/2002/irl
2002,South Korea/Japan,irl,Ireland,77,2,Midfield,12,Mark Kinsella,Defensive midfielder,76,false,https://7a0.com.br/en/copas/2002/irl
2002,South Korea/Japan,irl,Ireland,77,2,Midfield,22,Lee Carsley,Defensive midfielder,75,false,https://7a0.com.br/en/copas/2002/irl
2002,South Korea/Japan,irl,Ireland,77,2,Midfield,21,Steven Reid,Right midfielder,74,false,https://7a0.com.br/en/copas/2002/irl
2002,South Korea/Japan,irl,Ireland,77,2,Midfield,8,Matt Holland,Midfielder,77,false,https://7a0.com.br/en/copas/2002/irl
2002,South Korea/Japan,irl,Ireland,77,2,Midfield,11,Kevin Kilbane,Left midfielder,76,false,https://7a0.com.br/en/copas/2002/irl
2002,South Korea/Japan,irl,Ireland,77,2,Attack,10,Robbie Keane,Centre-forward,82,true,https://7a0.com.br/en/copas/2002/irl
2002,South Korea/Japan,irl,Ireland,77,2,Attack,13,David Connolly,Centre-forward,74,false,https://7a0.com.br/en/copas/2002/irl
2002,South Korea/Japan,irl,Ireland,77,2,Attack,17,Niall Quinn,Centre-forward,77,false,https://7a0.com.br/en/copas/2002/irl
2002,South Korea/Japan,irl,Ireland,77,2,Attack,19,Clinton Morrison,Centre-forward,74,false,https://7a0.com.br/en/copas/2002/irl
2002,South Korea/Japan,irl,Ireland,77,2,Attack,9,Damien Duff,Left winger,82,true,https://7a0.com.br/en/copas/2002/irl
2002,South Korea/Japan,ita,Italy,80,6,Goalkeepers,1,Gianluigi Buffon,Goalkeeper,88,true,https://7a0.com.br/en/copas/2002/ita
2002,South Korea/Japan,ita,Italy,80,6,Goalkeepers,12,Christian Abbiati,Goalkeeper,74,false,https://7a0.com.br/en/copas/2002/ita
2002,South Korea/Japan,ita,Italy,80,6,Goalkeepers,22,Francesco Toldo,Goalkeeper,79,false,https://7a0.com.br/en/copas/2002/ita
2002,South Korea/Japan,ita,Italy,80,6,Defence,2,Christian Panucci,Right-back,80,false,https://7a0.com.br/en/copas/2002/ita
2002,South Korea/Japan,ita,Italy,80,6,Defence,19,Gianluca Zambrotta,Right-back,82,false,https://7a0.com.br/en/copas/2002/ita
2002,South Korea/Japan,ita,Italy,80,6,Defence,5,Fabio Cannavaro,Centre-back,86,true,https://7a0.com.br/en/copas/2002/ita
2002,South Korea/Japan,ita,Italy,80,6,Defence,13,Alessandro Nesta,Centre-back,87,true,https://7a0.com.br/en/copas/2002/ita
2002,South Korea/Japan,ita,Italy,80,6,Defence,15,Mark Iuliano,Centre-back,75,false,https://7a0.com.br/en/copas/2002/ita
2002,South Korea/Japan,ita,Italy,80,6,Defence,23,Marco Materazzi,Centre-back,76,false,https://7a0.com.br/en/copas/2002/ita
2002,South Korea/Japan,ita,Italy,80,6,Defence,3,Paolo Maldini,Left-back,88,true,https://7a0.com.br/en/copas/2002/ita
2002,South Korea/Japan,ita,Italy,80,6,Defence,4,Francesco Coco,Left-back,76,false,https://7a0.com.br/en/copas/2002/ita
2002,South Korea/Japan,ita,Italy,80,6,Midfield,6,Cristiano Zanetti,Defensive midfielder,77,false,https://7a0.com.br/en/copas/2002/ita
2002,South Korea/Japan,ita,Italy,80,6,Midfield,8,Gennaro Gattuso,Defensive midfielder,80,false,https://7a0.com.br/en/copas/2002/ita
2002,South Korea/Japan,ita,Italy,80,6,Midfield,14,Luigi Di Biagio,Defensive midfielder,77,false,https://7a0.com.br/en/copas/2002/ita
2002,South Korea/Japan,ita,Italy,80,6,Midfield,16,Angelo Di Livio,Right midfielder,75,false,https://7a0.com.br/en/copas/2002/ita
2002,South Korea/Japan,ita,Italy,80,6,Midfield,17,Damiano Tommasi,Midfielder,78,false,https://7a0.com.br/en/copas/2002/ita
2002,South Korea/Japan,ita,Italy,80,6,Midfield,7,Alessandro Del Piero,Attacking midfielder,86,true,https://7a0.com.br/en/copas/2002/ita
2002,South Korea/Japan,ita,Italy,80,6,Midfield,10,Francesco Totti,Attacking midfielder,89,true,https://7a0.com.br/en/copas/2002/ita
2002,South Korea/Japan,ita,Italy,80,6,Midfield,11,Cristiano Doni,Attacking midfielder,74,false,https://7a0.com.br/en/copas/2002/ita
2002,South Korea/Japan,ita,Italy,80,6,Attack,9,Filippo Inzaghi,Centre-forward,82,false,https://7a0.com.br/en/copas/2002/ita
2002,South Korea/Japan,ita,Italy,80,6,Attack,18,Marco Delvecchio,Centre-forward,74,false,https://7a0.com.br/en/copas/2002/ita
2002,South Korea/Japan,ita,Italy,80,6,Attack,20,Vincenzo Montella,Centre-forward,78,false,https://7a0.com.br/en/copas/2002/ita
2002,South Korea/Japan,ita,Italy,80,6,Attack,21,Christian Vieri,Centre-forward,86,false,https://7a0.com.br/en/copas/2002/ita
2002,South Korea/Japan,jpn,Japan,76,2,Goalkeepers,1,Yoshikatsu Kawaguchi,Goalkeeper,80,true,https://7a0.com.br/en/copas/2002/jpn
2002,South Korea/Japan,jpn,Japan,76,2,Goalkeepers,12,Seigo Narazaki,Goalkeeper,75,false,https://7a0.com.br/en/copas/2002/jpn
2002,South Korea/Japan,jpn,Japan,76,2,Defence,16,Kōji Nakata,Right-back,74,false,https://7a0.com.br/en/copas/2002/jpn
2002,South Korea/Japan,jpn,Japan,76,2,Defence,2,Yutaka Akita,Centre-back,74,false,https://7a0.com.br/en/copas/2002/jpn
2002,South Korea/Japan,jpn,Japan,76,2,Defence,3,Naoki Matsuda,Centre-back,76,false,https://7a0.com.br/en/copas/2002/jpn
2002,South Korea/Japan,jpn,Japan,76,2,Defence,4,Ryuzo Morioka,Centre-back,73,false,https://7a0.com.br/en/copas/2002/jpn
2002,South Korea/Japan,jpn,Japan,76,2,Defence,17,Tsuneyasu Miyamoto,Centre-back,78,false,https://7a0.com.br/en/copas/2002/jpn
2002,South Korea/Japan,jpn,Japan,76,2,Defence,6,Toshihiro Hattori,Left-back,73,false,https://7a0.com.br/en/copas/2002/jpn
2002,South Korea/Japan,jpn,Japan,76,2,Midfield,15,Takashi Fukunishi,Defensive midfielder,74,false,https://7a0.com.br/en/copas/2002/jpn
2002,South Korea/Japan,jpn,Japan,76,2,Midfield,19,Mitsuo Ogasawara,Defensive midfielder,72,false,https://7a0.com.br/en/copas/2002/jpn
2002,South Korea/Japan,jpn,Japan,76,2,Midfield,21,Kazuyuki Toda,Defensive midfielder,73,false,https://7a0.com.br/en/copas/2002/jpn
2002,South Korea/Japan,jpn,Japan,76,2,Midfield,22,Daisuke Ichikawa,Defensive midfielder,70,false,https://7a0.com.br/en/copas/2002/jpn
2002,South Korea/Japan,jpn,Japan,76,2,Midfield,14,Alessandro Santos,Right midfielder,79,false,https://7a0.com.br/en/copas/2002/jpn
2002,South Korea/Japan,jpn,Japan,76,2,Midfield,20,Tomokazu Myojin,Right midfielder,71,false,https://7a0.com.br/en/copas/2002/jpn
2002,South Korea/Japan,jpn,Japan,76,2,Midfield,5,Junichi Inamoto,Midfielder,79,false,https://7a0.com.br/en/copas/2002/jpn
2002,South Korea/Japan,jpn,Japan,76,2,Midfield,7,Hidetoshi Nakata,Midfielder,85,true,https://7a0.com.br/en/copas/2002/jpn
2002,South Korea/Japan,jpn,Japan,76,2,Midfield,18,Shinji Ono,Midfielder,80,false,https://7a0.com.br/en/copas/2002/jpn
2002,South Korea/Japan,jpn,Japan,76,2,Attack,8,Hiroaki Morishima,Right winger,74,false,https://7a0.com.br/en/copas/2002/jpn
2002,South Korea/Japan,jpn,Japan,76,2,Attack,9,Akinori Nishizawa,Centre-forward,75,false,https://7a0.com.br/en/copas/2002/jpn
2002,South Korea/Japan,jpn,Japan,76,2,Attack,10,Masashi Nakayama,Centre-forward,78,false,https://7a0.com.br/en/copas/2002/jpn
2002,South Korea/Japan,jpn,Japan,76,2,Attack,11,Takayuki Suzuki,Centre-forward,76,false,https://7a0.com.br/en/copas/2002/jpn
2002,South Korea/Japan,jpn,Japan,76,2,Attack,13,Atsushi Yanagisawa,Centre-forward,75,false,https://7a0.com.br/en/copas/2002/jpn
2002,South Korea/Japan,mex,Mexico,77,3,Goalkeepers,1,Óscar Pérez,Goalkeeper,79,false,https://7a0.com.br/en/copas/2002/mex
2002,South Korea/Japan,mex,Mexico,77,3,Goalkeepers,12,Oswaldo Sánchez,Goalkeeper,77,false,https://7a0.com.br/en/copas/2002/mex
2002,South Korea/Japan,mex,Mexico,77,3,Goalkeepers,23,Jorge Campos,Goalkeeper,80,false,https://7a0.com.br/en/copas/2002/mex
2002,South Korea/Japan,mex,Mexico,77,3,Defence,2,Francisco Gabriel De Anda,Right-back,72,false,https://7a0.com.br/en/copas/2002/mex
2002,South Korea/Japan,mex,Mexico,77,3,Defence,20,Melvin Brown,Right-back,71,false,https://7a0.com.br/en/copas/2002/mex
2002,South Korea/Japan,mex,Mexico,77,3,Defence,4,Rafael Márquez,Centre-back,84,true,https://7a0.com.br/en/copas/2002/mex
2002,South Korea/Japan,mex,Mexico,77,3,Defence,5,Manuel Vidrio,Centre-back,74,false,https://7a0.com.br/en/copas/2002/mex
2002,South Korea/Japan,mex,Mexico,77,3,Defence,22,Alberto Rodríguez,Centre-back,71,false,https://7a0.com.br/en/copas/2002/mex
2002,South Korea/Japan,mex,Mexico,77,3,Defence,16,Salvador Carmona,Left-back,75,false,https://7a0.com.br/en/copas/2002/mex
2002,South Korea/Japan,mex,Mexico,77,3,Midfield,3,Rafael García,Defensive midfielder,74,false,https://7a0.com.br/en/copas/2002/mex
2002,South Korea/Japan,mex,Mexico,77,3,Midfield,6,Gerardo Torrado,Defensive midfielder,79,false,https://7a0.com.br/en/copas/2002/mex
2002,South Korea/Japan,mex,Mexico,77,3,Midfield,13,Sigifredo Mercado,Defensive midfielder,72,false,https://7a0.com.br/en/copas/2002/mex
2002,South Korea/Japan,mex,Mexico,77,3,Midfield,8,Alberto García Aspe,Midfielder,81,false,https://7a0.com.br/en/copas/2002/mex
2002,South Korea/Japan,mex,Mexico,77,3,Midfield,14,Germán Villa,Midfielder,76,false,https://7a0.com.br/en/copas/2002/mex
2002,South Korea/Japan,mex,Mexico,77,3,Midfield,11,Braulio Luna,Left midfielder,72,false,https://7a0.com.br/en/copas/2002/mex
2002,South Korea/Japan,mex,Mexico,77,3,Midfield,18,Johan Rodríguez,Attacking midfielder,71,false,https://7a0.com.br/en/copas/2002/mex
2002,South Korea/Japan,mex,Mexico,77,3,Attack,9,Jared Borgetti,Centre-forward,84,true,https://7a0.com.br/en/copas/2002/mex
2002,South Korea/Japan,mex,Mexico,77,3,Attack,10,Cuauhtémoc Blanco,Centre-forward,83,true,https://7a0.com.br/en/copas/2002/mex
2002,South Korea/Japan,mex,Mexico,77,3,Attack,15,Luis Hernández,Centre-forward,79,false,https://7a0.com.br/en/copas/2002/mex
2002,South Korea/Japan,mex,Mexico,77,3,Attack,17,Francisco Palencia,Centre-forward,77,false,https://7a0.com.br/en/copas/2002/mex
2002,South Korea/Japan,mex,Mexico,77,3,Attack,21,Jesús Arellano,Centre-forward,74,false,https://7a0.com.br/en/copas/2002/mex
2002,South Korea/Japan,mex,Mexico,77,3,Attack,7,Ramón Morales,Left winger,78,false,https://7a0.com.br/en/copas/2002/mex
2002,South Korea/Japan,nga,Nigeria,77,3,Goalkeepers,1,Ike Shorunmu,Goalkeeper,77,false,https://7a0.com.br/en/copas/2002/nga
2002,South Korea/Japan,nga,Nigeria,77,3,Goalkeepers,12,Austin Ejide,Goalkeeper,74,false,https://7a0.com.br/en/copas/2002/nga
2002,South Korea/Japan,nga,Nigeria,77,3,Goalkeepers,22,Vincent Enyeama,Goalkeeper,76,false,https://7a0.com.br/en/copas/2002/nga
2002,South Korea/Japan,nga,Nigeria,77,3,Defence,13,Rabiu Afolabi,Right-back,77,false,https://7a0.com.br/en/copas/2002/nga
2002,South Korea/Japan,nga,Nigeria,77,3,Defence,2,Joseph Yobo,Centre-back,80,false,https://7a0.com.br/en/copas/2002/nga
2002,South Korea/Japan,nga,Nigeria,77,3,Defence,5,Isaac Okoronkwo,Centre-back,77,false,https://7a0.com.br/en/copas/2002/nga
2002,South Korea/Japan,nga,Nigeria,77,3,Defence,6,Taribo West,Centre-back,82,true,https://7a0.com.br/en/copas/2002/nga
2002,South Korea/Japan,nga,Nigeria,77,3,Defence,15,Justice Christopher,Centre-back,73,false,https://7a0.com.br/en/copas/2002/nga
2002,South Korea/Japan,nga,Nigeria,77,3,Defence,16,Efe Sodje,Centre-back,74,false,https://7a0.com.br/en/copas/2002/nga
2002,South Korea/Japan,nga,Nigeria,77,3,Defence,19,Eric Ejiofor,Centre-back,72,false,https://7a0.com.br/en/copas/2002/nga
2002,South Korea/Japan,nga,Nigeria,77,3,Defence,3,Celestine Babayaro,Left-back,80,false,https://7a0.com.br/en/copas/2002/nga
2002,South Korea/Japan,nga,Nigeria,77,3,Defence,14,Ifeanyi Udeze,Left-back,76,false,https://7a0.com.br/en/copas/2002/nga
2002,South Korea/Japan,nga,Nigeria,77,3,Midfield,8,Mutiu Adepoju,Defensive midfielder,79,false,https://7a0.com.br/en/copas/2002/nga
2002,South Korea/Japan,nga,Nigeria,77,3,Midfield,11,Garba Lawal,Defensive midfielder,79,false,https://7a0.com.br/en/copas/2002/nga
2002,South Korea/Japan,nga,Nigeria,77,3,Midfield,20,James Obiorah,Defensive midfielder,71,false,https://7a0.com.br/en/copas/2002/nga
2002,South Korea/Japan,nga,Nigeria,77,3,Midfield,7,Pius Ikedia,Right midfielder,74,false,https://7a0.com.br/en/copas/2002/nga
2002,South Korea/Japan,nga,Nigeria,77,3,Midfield,10,Jay-Jay Okocha,Midfielder,92,true,https://7a0.com.br/en/copas/2002/nga
2002,South Korea/Japan,nga,Nigeria,77,3,Attack,4,Nwankwo Kanu,Centre-forward,88,true,https://7a0.com.br/en/copas/2002/nga
2002,South Korea/Japan,nga,Nigeria,77,3,Attack,9,Bartholomew Ogbeche,Centre-forward,75,false,https://7a0.com.br/en/copas/2002/nga
2002,South Korea/Japan,nga,Nigeria,77,3,Attack,17,Julius Aghahowa,Centre-forward,77,false,https://7a0.com.br/en/copas/2002/nga
2002,South Korea/Japan,nga,Nigeria,77,3,Attack,18,Benedict Akwuegbu,Centre-forward,74,false,https://7a0.com.br/en/copas/2002/nga
2002,South Korea/Japan,nga,Nigeria,77,3,Attack,21,John Utaka,Left winger,75,false,https://7a0.com.br/en/copas/2002/nga
2002,South Korea/Japan,nga,Nigeria,77,3,Attack,23,Femi Opabunmi,Left winger,72,false,https://7a0.com.br/en/copas/2002/nga
2002,South Korea/Japan,por,Portugal,78,2,Goalkeepers,1,Vítor Baía,Goalkeeper,80,false,https://7a0.com.br/en/copas/2002/por
2002,South Korea/Japan,por,Portugal,78,2,Goalkeepers,15,Nélson Pereira,Goalkeeper,73,false,https://7a0.com.br/en/copas/2002/por
2002,South Korea/Japan,por,Portugal,78,2,Goalkeepers,16,Ricardo Pereira,Goalkeeper,76,false,https://7a0.com.br/en/copas/2002/por
2002,South Korea/Japan,por,Portugal,78,2,Defence,3,Abel Xavier,Right-back,78,false,https://7a0.com.br/en/copas/2002/por
2002,South Korea/Japan,por,Portugal,78,2,Defence,18,Nuno Frechaut,Right-back,73,false,https://7a0.com.br/en/copas/2002/por
2002,South Korea/Japan,por,Portugal,78,2,Defence,2,Jorge Costa,Centre-back,81,false,https://7a0.com.br/en/copas/2002/por
2002,South Korea/Japan,por,Portugal,78,2,Defence,5,Fernando Couto,Centre-back,83,false,https://7a0.com.br/en/copas/2002/por
2002,South Korea/Japan,por,Portugal,78,2,Defence,13,Jorge Andrade,Centre-back,76,false,https://7a0.com.br/en/copas/2002/por
2002,South Korea/Japan,por,Portugal,78,2,Defence,4,Marco Caneira,Left-back,74,false,https://7a0.com.br/en/copas/2002/por
2002,South Korea/Japan,por,Portugal,78,2,Defence,23,Rui Jorge,Left-back,75,false,https://7a0.com.br/en/copas/2002/por
2002,South Korea/Japan,por,Portugal,78,2,Midfield,6,Paulo Sousa,Defensive midfielder,80,false,https://7a0.com.br/en/copas/2002/por
2002,South Korea/Japan,por,Portugal,78,2,Midfield,17,Paulo Bento,Defensive midfielder,78,false,https://7a0.com.br/en/copas/2002/por
2002,South Korea/Japan,por,Portugal,78,2,Midfield,20,Petit,Defensive midfielder,78,false,https://7a0.com.br/en/copas/2002/por
2002,South Korea/Japan,por,Portugal,78,2,Midfield,22,Beto,Defensive midfielder,74,false,https://7a0.com.br/en/copas/2002/por
2002,South Korea/Japan,por,Portugal,78,2,Midfield,11,Sérgio Conceição,Right midfielder,82,false,https://7a0.com.br/en/copas/2002/por
2002,South Korea/Japan,por,Portugal,78,2,Midfield,12,Hugo Viana,Midfielder,74,false,https://7a0.com.br/en/copas/2002/por
2002,South Korea/Japan,por,Portugal,78,2,Midfield,14,Pedro Barbosa,Midfielder,75,false,https://7a0.com.br/en/copas/2002/por
2002,South Korea/Japan,por,Portugal,78,2,Midfield,8,João Pinto,Attacking midfielder,80,false,https://7a0.com.br/en/copas/2002/por
2002,South Korea/Japan,por,Portugal,78,2,Midfield,10,Rui Costa,Attacking midfielder,86,true,https://7a0.com.br/en/copas/2002/por
2002,South Korea/Japan,por,Portugal,78,2,Attack,7,Luís Figo,Right winger,89,true,https://7a0.com.br/en/copas/2002/por
2002,South Korea/Japan,por,Portugal,78,2,Attack,19,Capucho,Right winger,75,false,https://7a0.com.br/en/copas/2002/por
2002,South Korea/Japan,por,Portugal,78,2,Attack,9,Pauleta,Centre-forward,83,false,https://7a0.com.br/en/copas/2002/por
2002,South Korea/Japan,por,Portugal,78,2,Attack,21,Nuno Gomes,Centre-forward,82,false,https://7a0.com.br/en/copas/2002/por
2002,South Korea/Japan,sen,Senegal,73,0,Goalkeepers,1,Tony Sylva,Goalkeeper,78,false,https://7a0.com.br/en/copas/2002/sen
2002,South Korea/Japan,sen,Senegal,73,0,Goalkeepers,16,Omar Diallo,Goalkeeper,69,false,https://7a0.com.br/en/copas/2002/sen
2002,South Korea/Japan,sen,Senegal,73,0,Goalkeepers,22,Kalidou Cissokho,Goalkeeper,66,false,https://7a0.com.br/en/copas/2002/sen
2002,South Korea/Japan,sen,Senegal,73,0,Defence,2,Omar Daf,Right-back,74,false,https://7a0.com.br/en/copas/2002/sen
2002,South Korea/Japan,sen,Senegal,73,0,Defence,17,Ferdinand Coly,Right-back,74,false,https://7a0.com.br/en/copas/2002/sen
2002,South Korea/Japan,sen,Senegal,73,0,Defence,21,Habib Beye,Right-back,72,false,https://7a0.com.br/en/copas/2002/sen
2002,South Korea/Japan,sen,Senegal,73,0,Defence,4,Pape Malick Diop,Centre-back,73,false,https://7a0.com.br/en/copas/2002/sen
2002,South Korea/Japan,sen,Senegal,73,0,Defence,5,Alassane N'Dour,Centre-back,71,false,https://7a0.com.br/en/copas/2002/sen
2002,South Korea/Japan,sen,Senegal,73,0,Defence,13,Lamine Diatta,Centre-back,75,false,https://7a0.com.br/en/copas/2002/sen
2002,South Korea/Japan,sen,Senegal,73,0,Defence,3,Pape Sarr,Left-back,73,false,https://7a0.com.br/en/copas/2002/sen
2002,South Korea/Japan,sen,Senegal,73,0,Midfield,6,Aliou Cissé,Defensive midfielder,77,false,https://7a0.com.br/en/copas/2002/sen
2002,South Korea/Japan,sen,Senegal,73,0,Midfield,12,Amdy Faye,Defensive midfielder,73,false,https://7a0.com.br/en/copas/2002/sen
2002,South Korea/Japan,sen,Senegal,73,0,Midfield,15,Salif Diao,Defensive midfielder,76,false,https://7a0.com.br/en/copas/2002/sen
2002,South Korea/Japan,sen,Senegal,73,0,Midfield,19,Papa Bouba Diop,Defensive midfielder,77,false,https://7a0.com.br/en/copas/2002/sen
2002,South Korea/Japan,sen,Senegal,73,0,Midfield,14,Moussa N'Diaye,Midfielder,70,false,https://7a0.com.br/en/copas/2002/sen
2002,South Korea/Japan,sen,Senegal,73,0,Midfield,23,Makhtar N'Diaye,Midfielder,68,false,https://7a0.com.br/en/copas/2002/sen
2002,South Korea/Japan,sen,Senegal,73,0,Midfield,10,Khalilou Fadiga,Attacking midfielder,79,false,https://7a0.com.br/en/copas/2002/sen
2002,South Korea/Japan,sen,Senegal,73,0,Midfield,20,Sylvain N'Diaye,Attacking midfielder,71,false,https://7a0.com.br/en/copas/2002/sen
2002,South Korea/Japan,sen,Senegal,73,0,Attack,7,Henri Camara,Right winger,78,false,https://7a0.com.br/en/copas/2002/sen
2002,South Korea/Japan,sen,Senegal,73,0,Attack,8,Amara Traoré,Centre-forward,72,false,https://7a0.com.br/en/copas/2002/sen
2002,South Korea/Japan,sen,Senegal,73,0,Attack,18,Pape Thiaw,Centre-forward,71,false,https://7a0.com.br/en/copas/2002/sen
2002,South Korea/Japan,sen,Senegal,73,0,Attack,9,Souleymane Camara,Left winger,71,false,https://7a0.com.br/en/copas/2002/sen
2002,South Korea/Japan,sen,Senegal,73,0,Attack,11,El Hadji Diouf,Left winger,82,false,https://7a0.com.br/en/copas/2002/sen
2002,South Korea/Japan,kor,South Korea,75,0,Goalkeepers,1,Lee Woon-jae,Goalkeeper,79,false,https://7a0.com.br/en/copas/2002/kor
2002,South Korea/Japan,kor,South Korea,75,0,Goalkeepers,12,Kim Byung-ji,Goalkeeper,72,false,https://7a0.com.br/en/copas/2002/kor
2002,South Korea/Japan,kor,South Korea,75,0,Goalkeepers,23,Choi Eun-sung,Goalkeeper,68,false,https://7a0.com.br/en/copas/2002/kor
2002,South Korea/Japan,kor,South Korea,75,0,Defence,15,Lee Min-sung,Right-back,71,false,https://7a0.com.br/en/copas/2002/kor
2002,South Korea/Japan,kor,South Korea,75,0,Defence,22,Song Chong-gug,Right-back,74,false,https://7a0.com.br/en/copas/2002/kor
2002,South Korea/Japan,kor,South Korea,75,0,Defence,2,Hyun Young-min,Centre-back,71,false,https://7a0.com.br/en/copas/2002/kor
2002,South Korea/Japan,kor,South Korea,75,0,Defence,4,Choi Jin-cheul,Centre-back,76,false,https://7a0.com.br/en/copas/2002/kor
2002,South Korea/Japan,kor,South Korea,75,0,Defence,7,Kim Tae-young,Centre-back,74,false,https://7a0.com.br/en/copas/2002/kor
2002,South Korea/Japan,kor,South Korea,75,0,Defence,20,Hong Myung-bo,Centre-back,85,false,https://7a0.com.br/en/copas/2002/kor
2002,South Korea/Japan,kor,South Korea,75,0,Defence,10,Lee Young-pyo,Left-back,79,false,https://7a0.com.br/en/copas/2002/kor
2002,South Korea/Japan,kor,South Korea,75,0,Midfield,5,Kim Nam-il,Defensive midfielder,77,false,https://7a0.com.br/en/copas/2002/kor
2002,South Korea/Japan,kor,South Korea,75,0,Midfield,6,Yoo Sang-chul,Defensive midfielder,78,false,https://7a0.com.br/en/copas/2002/kor
2002,South Korea/Japan,kor,South Korea,75,0,Midfield,17,Yoon Jong-hwan,Defensive midfielder,72,false,https://7a0.com.br/en/copas/2002/kor
2002,South Korea/Japan,kor,South Korea,75,0,Midfield,21,Park Ji-sung,Defensive midfielder,81,false,https://7a0.com.br/en/copas/2002/kor
2002,South Korea/Japan,kor,South Korea,75,0,Midfield,3,Choi Sung-yong,Right midfielder,73,false,https://7a0.com.br/en/copas/2002/kor
2002,South Korea/Japan,kor,South Korea,75,0,Midfield,13,Lee Eul-yong,Left midfielder,73,false,https://7a0.com.br/en/copas/2002/kor
2002,South Korea/Japan,kor,South Korea,75,0,Attack,16,Cha Du-ri,Right winger,72,false,https://7a0.com.br/en/copas/2002/kor
2002,South Korea/Japan,kor,South Korea,75,0,Attack,8,Choi Tae-uk,Centre-forward,73,false,https://7a0.com.br/en/copas/2002/kor
2002,South Korea/Japan,kor,South Korea,75,0,Attack,11,Choi Yong-soo,Centre-forward,74,false,https://7a0.com.br/en/copas/2002/kor
2002,South Korea/Japan,kor,South Korea,75,0,Attack,18,Hwang Sun-hong,Centre-forward,76,false,https://7a0.com.br/en/copas/2002/kor
2002,South Korea/Japan,kor,South Korea,75,0,Attack,19,Ahn Jung-hwan,Centre-forward,79,false,https://7a0.com.br/en/copas/2002/kor
2002,South Korea/Japan,kor,South Korea,75,0,Attack,9,Seol Ki-hyeon,Left winger,78,false,https://7a0.com.br/en/copas/2002/kor
2002,South Korea/Japan,kor,South Korea,75,0,Attack,14,Lee Chun-soo,Left winger,76,false,https://7a0.com.br/en/copas/2002/kor
2002,South Korea/Japan,esp,Spain,77,1,Goalkeepers,1,Iker Casillas,Goalkeeper,85,false,https://7a0.com.br/en/copas/2002/esp
2002,South Korea/Japan,esp,Spain,77,1,Goalkeepers,13,Ricardo,Goalkeeper,70,false,https://7a0.com.br/en/copas/2002/esp
2002,South Korea/Japan,esp,Spain,77,1,Goalkeepers,23,Pedro Contreras,Goalkeeper,68,false,https://7a0.com.br/en/copas/2002/esp
2002,South Korea/Japan,esp,Spain,77,1,Defence,2,Curro Torres,Right-back,72,false,https://7a0.com.br/en/copas/2002/esp
2002,South Korea/Japan,esp,Spain,77,1,Defence,4,Iván Helguera,Centre-back,80,false,https://7a0.com.br/en/copas/2002/esp
2002,South Korea/Japan,esp,Spain,77,1,Defence,5,Carles Puyol,Centre-back,82,false,https://7a0.com.br/en/copas/2002/esp
2002,South Korea/Japan,esp,Spain,77,1,Defence,6,Fernando Hierro,Centre-back,84,false,https://7a0.com.br/en/copas/2002/esp
2002,South Korea/Japan,esp,Spain,77,1,Defence,20,Miguel Ángel Nadal,Centre-back,76,false,https://7a0.com.br/en/copas/2002/esp
2002,South Korea/Japan,esp,Spain,77,1,Defence,3,Juanfran,Left-back,72,false,https://7a0.com.br/en/copas/2002/esp
2002,South Korea/Japan,esp,Spain,77,1,Defence,15,Enrique Romero,Left-back,70,false,https://7a0.com.br/en/copas/2002/esp
2002,South Korea/Japan,esp,Spain,77,1,Midfield,14,David Albelda,Defensive midfielder,76,false,https://7a0.com.br/en/copas/2002/esp
2002,South Korea/Japan,esp,Spain,77,1,Midfield,16,Gaizka Mendieta,Defensive midfielder,81,false,https://7a0.com.br/en/copas/2002/esp
2002,South Korea/Japan,esp,Spain,77,1,Midfield,17,Juan Carlos Valerón,Defensive midfielder,80,false,https://7a0.com.br/en/copas/2002/esp
2002,South Korea/Japan,esp,Spain,77,1,Midfield,18,Sergio,Defensive midfielder,73,false,https://7a0.com.br/en/copas/2002/esp
2002,South Korea/Japan,esp,Spain,77,1,Midfield,21,Luis Enrique,Defensive midfielder,79,false,https://7a0.com.br/en/copas/2002/esp
2002,South Korea/Japan,esp,Spain,77,1,Midfield,8,Rubén Baraja,Midfielder,78,false,https://7a0.com.br/en/copas/2002/esp
2002,South Korea/Japan,esp,Spain,77,1,Midfield,19,Xavi,Midfielder,78,false,https://7a0.com.br/en/copas/2002/esp
2002,South Korea/Japan,esp,Spain,77,1,Midfield,11,Javier De Pedro,Left midfielder,74,false,https://7a0.com.br/en/copas/2002/esp
2002,South Korea/Japan,esp,Spain,77,1,Attack,22,Joaquín,Right winger,81,false,https://7a0.com.br/en/copas/2002/esp
2002,South Korea/Japan,esp,Spain,77,1,Attack,7,Raúl,Centre-forward,89,true,https://7a0.com.br/en/copas/2002/esp
2002,South Korea/Japan,esp,Spain,77,1,Attack,9,Fernando Morientes,Centre-forward,84,false,https://7a0.com.br/en/copas/2002/esp
2002,South Korea/Japan,esp,Spain,77,1,Attack,10,Diego Tristán,Centre-forward,77,false,https://7a0.com.br/en/copas/2002/esp
2002,South Korea/Japan,esp,Spain,77,1,Attack,12,Albert Luque,Left winger,73,false,https://7a0.com.br/en/copas/2002/esp
2002,South Korea/Japan,tur,Turkey,77,0,Goalkeepers,1,Rüştü Reçber,Goalkeeper,84,false,https://7a0.com.br/en/copas/2002/tur
2002,South Korea/Japan,tur,Turkey,77,0,Goalkeepers,12,Ömer Çatkıç,Goalkeeper,70,false,https://7a0.com.br/en/copas/2002/tur
2002,South Korea/Japan,tur,Turkey,77,0,Goalkeepers,23,Zafer Özgültekin,Goalkeeper,67,false,https://7a0.com.br/en/copas/2002/tur
2002,South Korea/Japan,tur,Turkey,77,0,Defence,4,Fatih Akyel,Right-back,75,false,https://7a0.com.br/en/copas/2002/tur
2002,South Korea/Japan,tur,Turkey,77,0,Defence,2,Emre Aşık,Centre-back,74,false,https://7a0.com.br/en/copas/2002/tur
2002,South Korea/Japan,tur,Turkey,77,0,Defence,3,Bülent Korkmaz,Centre-back,78,false,https://7a0.com.br/en/copas/2002/tur
2002,South Korea/Japan,tur,Turkey,77,0,Defence,5,Alpay Özalan,Centre-back,78,false,https://7a0.com.br/en/copas/2002/tur
2002,South Korea/Japan,tur,Turkey,77,0,Defence,16,Ümit Özat,Centre-back,73,false,https://7a0.com.br/en/copas/2002/tur
2002,South Korea/Japan,tur,Turkey,77,0,Defence,20,Hakan Ünsal,Left-back,75,false,https://7a0.com.br/en/copas/2002/tur
2002,South Korea/Japan,tur,Turkey,77,0,Midfield,7,Okan Buruk,Defensive midfielder,78,false,https://7a0.com.br/en/copas/2002/tur
2002,South Korea/Japan,tur,Turkey,77,0,Midfield,8,Tugay Kerimoğlu,Defensive midfielder,80,false,https://7a0.com.br/en/copas/2002/tur
2002,South Korea/Japan,tur,Turkey,77,0,Midfield,13,Muzzy Izzet,Defensive midfielder,76,false,https://7a0.com.br/en/copas/2002/tur
2002,South Korea/Japan,tur,Turkey,77,0,Midfield,18,Ergün Penbe,Defensive midfielder,71,false,https://7a0.com.br/en/copas/2002/tur
2002,South Korea/Japan,tur,Turkey,77,0,Midfield,21,Emre Belözoğlu,Defensive midfielder,82,false,https://7a0.com.br/en/copas/2002/tur
2002,South Korea/Japan,tur,Turkey,77,0,Midfield,22,Ümit Davala,Right midfielder,76,false,https://7a0.com.br/en/copas/2002/tur
2002,South Korea/Japan,tur,Turkey,77,0,Midfield,14,Tayfur Havutçu,Left midfielder,73,false,https://7a0.com.br/en/copas/2002/tur
2002,South Korea/Japan,tur,Turkey,77,0,Midfield,19,Abdullah Ercan,Left midfielder,71,false,https://7a0.com.br/en/copas/2002/tur
2002,South Korea/Japan,tur,Turkey,77,0,Midfield,10,Yıldıray Baştürk,Attacking midfielder,80,false,https://7a0.com.br/en/copas/2002/tur
2002,South Korea/Japan,tur,Turkey,77,0,Attack,6,Arif Erdem,Centre-forward,75,false,https://7a0.com.br/en/copas/2002/tur
2002,South Korea/Japan,tur,Turkey,77,0,Attack,9,Hakan Şükür,Centre-forward,86,false,https://7a0.com.br/en/copas/2002/tur
2002,South Korea/Japan,tur,Turkey,77,0,Attack,15,Nihat Kahveci,Centre-forward,78,false,https://7a0.com.br/en/copas/2002/tur
2002,South Korea/Japan,tur,Turkey,77,0,Attack,17,İlhan Mansız,Centre-forward,80,false,https://7a0.com.br/en/copas/2002/tur
2002,South Korea/Japan,tur,Turkey,77,0,Attack,11,Hasan Şaş,Left winger,85,false,https://7a0.com.br/en/copas/2002/tur
2002,South Korea/Japan,usa,United States,76,0,Goalkeepers,1,Brad Friedel,Goalkeeper,82,false,https://7a0.com.br/en/copas/2002/usa
2002,South Korea/Japan,usa,United States,76,0,Goalkeepers,18,Kasey Keller,Goalkeeper,80,false,https://7a0.com.br/en/copas/2002/usa
2002,South Korea/Japan,usa,United States,76,0,Goalkeepers,19,Tony Meola,Goalkeeper,76,false,https://7a0.com.br/en/copas/2002/usa
2002,South Korea/Japan,usa,United States,76,0,Defence,2,Frankie Hejduk,Right-back,74,false,https://7a0.com.br/en/copas/2002/usa
2002,South Korea/Japan,usa,United States,76,0,Defence,14,Steve Cherundolo,Right-back,74,false,https://7a0.com.br/en/copas/2002/usa
2002,South Korea/Japan,usa,United States,76,0,Defence,22,Tony Sanneh,Right-back,74,false,https://7a0.com.br/en/copas/2002/usa
2002,South Korea/Japan,usa,United States,76,0,Defence,3,Gregg Berhalter,Centre-back,74,false,https://7a0.com.br/en/copas/2002/usa
2002,South Korea/Japan,usa,United States,76,0,Defence,12,Jeff Agoos,Centre-back,72,false,https://7a0.com.br/en/copas/2002/usa
2002,South Korea/Japan,usa,United States,76,0,Defence,16,Carlos Llamosa,Centre-back,70,false,https://7a0.com.br/en/copas/2002/usa
2002,South Korea/Japan,usa,United States,76,0,Defence,23,Eddie Pope,Centre-back,77,false,https://7a0.com.br/en/copas/2002/usa
2002,South Korea/Japan,usa,United States,76,0,Defence,6,David Regis,Left-back,71,false,https://7a0.com.br/en/copas/2002/usa
2002,South Korea/Japan,usa,United States,76,0,Midfield,4,Pablo Mastroeni,Defensive midfielder,75,false,https://7a0.com.br/en/copas/2002/usa
2002,South Korea/Japan,usa,United States,76,0,Midfield,5,John O'Brien,Defensive midfielder,77,false,https://7a0.com.br/en/copas/2002/usa
2002,South Korea/Japan,usa,United States,76,0,Midfield,10,Claudio Reyna,Defensive midfielder,82,false,https://7a0.com.br/en/copas/2002/usa
2002,South Korea/Japan,usa,United States,76,0,Midfield,7,Eddie Lewis,Left midfielder,75,false,https://7a0.com.br/en/copas/2002/usa
2002,South Korea/Japan,usa,United States,76,0,Attack,8,Earnie Stewart,Right winger,76,false,https://7a0.com.br/en/copas/2002/usa
2002,South Korea/Japan,usa,United States,76,0,Attack,13,Cobi Jones,Right winger,75,false,https://7a0.com.br/en/copas/2002/usa
2002,South Korea/Japan,usa,United States,76,0,Attack,21,Landon Donovan,Right winger,83,false,https://7a0.com.br/en/copas/2002/usa
2002,South Korea/Japan,usa,United States,76,0,Attack,9,Joe-Max Moore,Centre-forward,71,false,https://7a0.com.br/en/copas/2002/usa
2002,South Korea/Japan,usa,United States,76,0,Attack,11,Clint Mathis,Centre-forward,75,false,https://7a0.com.br/en/copas/2002/usa
2002,South Korea/Japan,usa,United States,76,0,Attack,15,Josh Wolff,Centre-forward,72,false,https://7a0.com.br/en/copas/2002/usa
2002,South Korea/Japan,usa,United States,76,0,Attack,20,Brian McBride,Centre-forward,80,false,https://7a0.com.br/en/copas/2002/usa
2002,South Korea/Japan,usa,United States,76,0,Attack,17,DaMarcus Beasley,Left winger,78,false,https://7a0.com.br/en/copas/2002/usa
2002,South Korea/Japan,uru,Uruguay,76,1,Goalkeepers,1,Fabián Carini,Goalkeeper,77,false,https://7a0.com.br/en/copas/2002/uru
2002,South Korea/Japan,uru,Uruguay,76,1,Goalkeepers,12,Gustavo Munúa,Goalkeeper,74,false,https://7a0.com.br/en/copas/2002/uru
2002,South Korea/Japan,uru,Uruguay,76,1,Goalkeepers,23,Federico Elduayen,Goalkeeper,72,false,https://7a0.com.br/en/copas/2002/uru
2002,South Korea/Japan,uru,Uruguay,76,1,Defence,2,Gustavo Méndez,Right-back,76,false,https://7a0.com.br/en/copas/2002/uru
2002,South Korea/Japan,uru,Uruguay,76,1,Defence,3,Alejandro Lembo,Centre-back,75,false,https://7a0.com.br/en/copas/2002/uru
2002,South Korea/Japan,uru,Uruguay,76,1,Defence,4,Paolo Montero,Centre-back,82,false,https://7a0.com.br/en/copas/2002/uru
2002,South Korea/Japan,uru,Uruguay,76,1,Defence,14,Gonzalo Sorondo,Centre-back,75,false,https://7a0.com.br/en/copas/2002/uru
2002,South Korea/Japan,uru,Uruguay,76,1,Defence,19,Joe Bizera,Centre-back,73,false,https://7a0.com.br/en/copas/2002/uru
2002,South Korea/Japan,uru,Uruguay,76,1,Defence,6,Darío Rodríguez,Left-back,76,false,https://7a0.com.br/en/copas/2002/uru
2002,South Korea/Japan,uru,Uruguay,76,1,Midfield,5,Pablo García,Defensive midfielder,78,false,https://7a0.com.br/en/copas/2002/uru
2002,South Korea/Japan,uru,Uruguay,76,1,Midfield,16,Marcelo Romero,Defensive midfielder,75,false,https://7a0.com.br/en/copas/2002/uru
2002,South Korea/Japan,uru,Uruguay,76,1,Midfield,22,Gonzalo De los Santos,Defensive midfielder,74,false,https://7a0.com.br/en/copas/2002/uru
2002,South Korea/Japan,uru,Uruguay,76,1,Midfield,7,Gianni Guigou,Right midfielder,74,false,https://7a0.com.br/en/copas/2002/uru
2002,South Korea/Japan,uru,Uruguay,76,1,Midfield,17,Mario Regueiro,Midfielder,75,false,https://7a0.com.br/en/copas/2002/uru
2002,South Korea/Japan,uru,Uruguay,76,1,Midfield,8,Gustavo Varela,Left midfielder,74,false,https://7a0.com.br/en/copas/2002/uru
2002,South Korea/Japan,uru,Uruguay,76,1,Midfield,10,Fabián O'Neill,Attacking midfielder,79,false,https://7a0.com.br/en/copas/2002/uru
2002,South Korea/Japan,uru,Uruguay,76,1,Midfield,15,Nicolás Olivera,Attacking midfielder,74,false,https://7a0.com.br/en/copas/2002/uru
2002,South Korea/Japan,uru,Uruguay,76,1,Midfield,20,Álvaro Recoba,Attacking midfielder,85,true,https://7a0.com.br/en/copas/2002/uru
2002,South Korea/Japan,uru,Uruguay,76,1,Attack,9,Darío Silva,Centre-forward,79,false,https://7a0.com.br/en/copas/2002/uru
2002,South Korea/Japan,uru,Uruguay,76,1,Attack,11,Federico Magallanes,Centre-forward,74,false,https://7a0.com.br/en/copas/2002/uru
2002,South Korea/Japan,uru,Uruguay,76,1,Attack,13,Sebastián Abreu,Centre-forward,78,false,https://7a0.com.br/en/copas/2002/uru
2002,South Korea/Japan,uru,Uruguay,76,1,Attack,18,Richard Morales,Centre-forward,75,false,https://7a0.com.br/en/copas/2002/uru
2002,South Korea/Japan,uru,Uruguay,76,1,Attack,21,Diego Forlán,Centre-forward,78,false,https://7a0.com.br/en/copas/2002/uru
2006,Germany,arg,Argentina,82,2,Goalkeepers,1,Roberto Abbondanzieri,Goalkeeper,84,false,https://7a0.com.br/en/copas/2006/arg
2006,Germany,arg,Argentina,82,2,Goalkeepers,12,Leo Franco,Goalkeeper,78,false,https://7a0.com.br/en/copas/2006/arg
2006,Germany,arg,Argentina,82,2,Defence,13,Lionel Scaloni,Right-back,72,false,https://7a0.com.br/en/copas/2006/arg
2006,Germany,arg,Argentina,82,2,Defence,17,Leandro Cufré,Right-back,71,false,https://7a0.com.br/en/copas/2006/arg
2006,Germany,arg,Argentina,82,2,Defence,2,Roberto Ayala,Centre-back,86,false,https://7a0.com.br/en/copas/2006/arg
2006,Germany,arg,Argentina,82,2,Defence,4,Fabricio Coloccini,Centre-back,78,false,https://7a0.com.br/en/copas/2006/arg
2006,Germany,arg,Argentina,82,2,Defence,15,Gabriel Milito,Centre-back,80,false,https://7a0.com.br/en/copas/2006/arg
2006,Germany,arg,Argentina,82,2,Defence,21,Nicolás Burdisso,Centre-back,80,false,https://7a0.com.br/en/copas/2006/arg
2006,Germany,arg,Argentina,82,2,Defence,3,Juan Pablo Sorín,Left-back,82,false,https://7a0.com.br/en/copas/2006/arg
2006,Germany,arg,Argentina,82,2,Defence,6,Gabriel Heinze,Left-back,85,false,https://7a0.com.br/en/copas/2006/arg
2006,Germany,arg,Argentina,82,2,Midfield,8,Javier Mascherano,Defensive midfielder,86,false,https://7a0.com.br/en/copas/2006/arg
2006,Germany,arg,Argentina,82,2,Midfield,22,Lucho González,Defensive midfielder,80,false,https://7a0.com.br/en/copas/2006/arg
2006,Germany,arg,Argentina,82,2,Midfield,18,Maxi Rodríguez,Right midfielder,84,false,https://7a0.com.br/en/copas/2006/arg
2006,Germany,arg,Argentina,82,2,Midfield,5,Esteban Cambiasso,Midfielder,87,false,https://7a0.com.br/en/copas/2006/arg
2006,Germany,arg,Argentina,82,2,Midfield,10,Juan Román Riquelme,Midfielder,89,true,https://7a0.com.br/en/copas/2006/arg
2006,Germany,arg,Argentina,82,2,Midfield,16,Pablo Aimar,Attacking midfielder,83,false,https://7a0.com.br/en/copas/2006/arg
2006,Germany,arg,Argentina,82,2,Attack,19,Lionel Messi,Right winger,88,true,https://7a0.com.br/en/copas/2006/arg
2006,Germany,arg,Argentina,82,2,Attack,7,Javier Saviola,Centre-forward,82,false,https://7a0.com.br/en/copas/2006/arg
2006,Germany,arg,Argentina,82,2,Attack,9,Hernán Crespo,Centre-forward,86,false,https://7a0.com.br/en/copas/2006/arg
2006,Germany,arg,Argentina,82,2,Attack,11,Carlos Tevez,Centre-forward,88,false,https://7a0.com.br/en/copas/2006/arg
2006,Germany,arg,Argentina,82,2,Attack,14,Rodrigo Palacio,Centre-forward,76,false,https://7a0.com.br/en/copas/2006/arg
2006,Germany,arg,Argentina,82,2,Attack,20,Julio Cruz,Centre-forward,79,false,https://7a0.com.br/en/copas/2006/arg
2006,Germany,aus,Australia,75,0,Goalkeepers,1,Mark Schwarzer,Goalkeeper,81,false,https://7a0.com.br/en/copas/2006/aus
2006,Germany,aus,Australia,75,0,Goalkeepers,12,Ante Covic,Goalkeeper,66,false,https://7a0.com.br/en/copas/2006/aus
2006,Germany,aus,Australia,75,0,Goalkeepers,18,Zeljko Kalac,Goalkeeper,72,false,https://7a0.com.br/en/copas/2006/aus
2006,Germany,aus,Australia,75,0,Defence,7,Brett Emerton,Right-back,78,false,https://7a0.com.br/en/copas/2006/aus
2006,Germany,aus,Australia,75,0,Defence,20,Luke Wilkshire,Right-back,71,false,https://7a0.com.br/en/copas/2006/aus
2006,Germany,aus,Australia,75,0,Defence,2,Lucas Neill,Centre-back,79,false,https://7a0.com.br/en/copas/2006/aus
2006,Germany,aus,Australia,75,0,Defence,3,Craig Moore,Centre-back,77,false,https://7a0.com.br/en/copas/2006/aus
2006,Germany,aus,Australia,75,0,Defence,6,Tony Popovic,Centre-back,74,false,https://7a0.com.br/en/copas/2006/aus
2006,Germany,aus,Australia,75,0,Defence,16,Michael Beauchamp,Centre-back,68,false,https://7a0.com.br/en/copas/2006/aus
2006,Germany,aus,Australia,75,0,Defence,11,Stan Lazaridis,Left-back,73,false,https://7a0.com.br/en/copas/2006/aus
2006,Germany,aus,Australia,75,0,Defence,14,Scott Chipperfield,Left-back,74,false,https://7a0.com.br/en/copas/2006/aus
2006,Germany,aus,Australia,75,0,Midfield,4,Tim Cahill,Defensive midfielder,83,false,https://7a0.com.br/en/copas/2006/aus
2006,Germany,aus,Australia,75,0,Midfield,5,Jason Culina,Defensive midfielder,76,false,https://7a0.com.br/en/copas/2006/aus
2006,Germany,aus,Australia,75,0,Midfield,8,Josip Skoko,Defensive midfielder,73,false,https://7a0.com.br/en/copas/2006/aus
2006,Germany,aus,Australia,75,0,Midfield,13,Vince Grella,Defensive midfielder,76,false,https://7a0.com.br/en/copas/2006/aus
2006,Germany,aus,Australia,75,0,Midfield,22,Mark Milligan,Defensive midfielder,67,false,https://7a0.com.br/en/copas/2006/aus
2006,Germany,aus,Australia,75,0,Midfield,23,Mark Bresciano,Defensive midfielder,80,false,https://7a0.com.br/en/copas/2006/aus
2006,Germany,aus,Australia,75,0,Attack,21,Mile Sterjovski,Right winger,72,false,https://7a0.com.br/en/copas/2006/aus
2006,Germany,aus,Australia,75,0,Attack,9,Mark Viduka,Centre-forward,82,false,https://7a0.com.br/en/copas/2006/aus
2006,Germany,aus,Australia,75,0,Attack,15,John Aloisi,Centre-forward,74,false,https://7a0.com.br/en/copas/2006/aus
2006,Germany,aus,Australia,75,0,Attack,17,Archie Thompson,Centre-forward,69,false,https://7a0.com.br/en/copas/2006/aus
2006,Germany,aus,Australia,75,0,Attack,19,Joshua Kennedy,Centre-forward,71,false,https://7a0.com.br/en/copas/2006/aus
2006,Germany,aus,Australia,75,0,Attack,10,Harry Kewell,Left winger,83,false,https://7a0.com.br/en/copas/2006/aus
2006,Germany,bra,Brazil,84,3,Goalkeepers,1,Dida,Goalkeeper,88,false,https://7a0.com.br/en/copas/2006/bra
2006,Germany,bra,Brazil,84,3,Goalkeepers,12,Rogério Ceni,Goalkeeper,79,false,https://7a0.com.br/en/copas/2006/bra
2006,Germany,bra,Brazil,84,3,Goalkeepers,22,Júlio César,Goalkeeper,82,false,https://7a0.com.br/en/copas/2006/bra
2006,Germany,bra,Brazil,84,3,Defence,2,Cafu,Right-back,87,false,https://7a0.com.br/en/copas/2006/bra
2006,Germany,bra,Brazil,84,3,Defence,13,Cicinho,Right-back,80,false,https://7a0.com.br/en/copas/2006/bra
2006,Germany,bra,Brazil,84,3,Defence,16,Gilberto,Right-back,76,false,https://7a0.com.br/en/copas/2006/bra
2006,Germany,bra,Brazil,84,3,Defence,3,Lúcio,Centre-back,88,false,https://7a0.com.br/en/copas/2006/bra
2006,Germany,bra,Brazil,84,3,Defence,4,Juan,Centre-back,83,false,https://7a0.com.br/en/copas/2006/bra
2006,Germany,bra,Brazil,84,3,Defence,14,Luisão,Centre-back,81,false,https://7a0.com.br/en/copas/2006/bra
2006,Germany,bra,Brazil,84,3,Defence,15,Cris,Centre-back,79,false,https://7a0.com.br/en/copas/2006/bra
2006,Germany,bra,Brazil,84,3,Defence,6,Roberto Carlos,Left-back,88,false,https://7a0.com.br/en/copas/2006/bra
2006,Germany,bra,Brazil,84,3,Midfield,17,Gilberto Silva,Defensive midfielder,83,false,https://7a0.com.br/en/copas/2006/bra
2006,Germany,bra,Brazil,84,3,Midfield,18,Mineiro,Defensive midfielder,76,false,https://7a0.com.br/en/copas/2006/bra
2006,Germany,bra,Brazil,84,3,Midfield,5,Emerson,Right midfielder,81,false,https://7a0.com.br/en/copas/2006/bra
2006,Germany,bra,Brazil,84,3,Midfield,19,Juninho Pernambucano,Midfielder,83,false,https://7a0.com.br/en/copas/2006/bra
2006,Germany,bra,Brazil,84,3,Midfield,20,Ricardinho,Midfielder,76,false,https://7a0.com.br/en/copas/2006/bra
2006,Germany,bra,Brazil,84,3,Midfield,11,Zé Roberto,Left midfielder,82,false,https://7a0.com.br/en/copas/2006/bra
2006,Germany,bra,Brazil,84,3,Midfield,8,Kaká,Attacking midfielder,92,true,https://7a0.com.br/en/copas/2006/bra
2006,Germany,bra,Brazil,84,3,Midfield,10,Ronaldinho,Attacking midfielder,95,true,https://7a0.com.br/en/copas/2006/bra
2006,Germany,bra,Brazil,84,3,Attack,7,Adriano,Centre-forward,88,false,https://7a0.com.br/en/copas/2006/bra
2006,Germany,bra,Brazil,84,3,Attack,9,Ronaldo,Centre-forward,93,true,https://7a0.com.br/en/copas/2006/bra
2006,Germany,bra,Brazil,84,3,Attack,21,Fred Guedes,Centre-forward,78,false,https://7a0.com.br/en/copas/2006/bra
2006,Germany,bra,Brazil,84,3,Attack,23,Robinho,Left winger,84,false,https://7a0.com.br/en/copas/2006/bra
2006,Germany,cze,Czech Republic,78,2,Goalkeepers,1,Petr Čech,Goalkeeper,88,true,https://7a0.com.br/en/copas/2006/cze
2006,Germany,cze,Czech Republic,78,2,Goalkeepers,16,Jaromír Blažek,Goalkeeper,74,false,https://7a0.com.br/en/copas/2006/cze
2006,Germany,cze,Czech Republic,78,2,Goalkeepers,23,Antonín Kinský,Goalkeeper,72,false,https://7a0.com.br/en/copas/2006/cze
2006,Germany,cze,Czech Republic,78,2,Defence,2,Zdeněk Grygera,Right-back,79,false,https://7a0.com.br/en/copas/2006/cze
2006,Germany,cze,Czech Republic,78,2,Defence,13,Martin Jiránek,Centre-back,77,false,https://7a0.com.br/en/copas/2006/cze
2006,Germany,cze,Czech Republic,78,2,Defence,21,Tomáš Ujfaluši,Centre-back,80,false,https://7a0.com.br/en/copas/2006/cze
2006,Germany,cze,Czech Republic,78,2,Defence,22,David Rozehnal,Centre-back,77,false,https://7a0.com.br/en/copas/2006/cze
2006,Germany,cze,Czech Republic,78,2,Defence,3,Pavel Mareš,Left-back,74,false,https://7a0.com.br/en/copas/2006/cze
2006,Germany,cze,Czech Republic,78,2,Defence,6,Marek Jankulovski,Left-back,81,false,https://7a0.com.br/en/copas/2006/cze
2006,Germany,cze,Czech Republic,78,2,Midfield,4,Tomáš Galásek,Defensive midfielder,79,false,https://7a0.com.br/en/copas/2006/cze
2006,Germany,cze,Czech Republic,78,2,Midfield,5,Radoslav Kováč,Defensive midfielder,76,false,https://7a0.com.br/en/copas/2006/cze
2006,Germany,cze,Czech Republic,78,2,Midfield,10,Tomáš Rosický,Defensive midfielder,85,false,https://7a0.com.br/en/copas/2006/cze
2006,Germany,cze,Czech Republic,78,2,Midfield,14,David Jarolím,Defensive midfielder,76,false,https://7a0.com.br/en/copas/2006/cze
2006,Germany,cze,Czech Republic,78,2,Midfield,19,Jan Polák,Defensive midfielder,76,false,https://7a0.com.br/en/copas/2006/cze
2006,Germany,cze,Czech Republic,78,2,Midfield,11,Pavel Nedvěd,Midfielder,88,true,https://7a0.com.br/en/copas/2006/cze
2006,Germany,cze,Czech Republic,78,2,Midfield,20,Jaroslav Plašil,Midfielder,75,false,https://7a0.com.br/en/copas/2006/cze
2006,Germany,cze,Czech Republic,78,2,Midfield,18,Marek Heinz,Left midfielder,74,false,https://7a0.com.br/en/copas/2006/cze
2006,Germany,cze,Czech Republic,78,2,Attack,7,Libor Sionko,Right winger,76,false,https://7a0.com.br/en/copas/2006/cze
2006,Germany,cze,Czech Republic,78,2,Attack,8,Karel Poborský,Right winger,82,false,https://7a0.com.br/en/copas/2006/cze
2006,Germany,cze,Czech Republic,78,2,Attack,9,Jan Koller,Centre-forward,82,false,https://7a0.com.br/en/copas/2006/cze
2006,Germany,cze,Czech Republic,78,2,Attack,12,Vratislav Lokvenc,Centre-forward,75,false,https://7a0.com.br/en/copas/2006/cze
2006,Germany,cze,Czech Republic,78,2,Attack,15,Milan Baroš,Centre-forward,81,false,https://7a0.com.br/en/copas/2006/cze
2006,Germany,cze,Czech Republic,78,2,Attack,17,Jiří Štajner,Left winger,74,false,https://7a0.com.br/en/copas/2006/cze
2006,Germany,ecu,Ecuador,76,3,Goalkeepers,1,Edwin Villafuerte,Goalkeeper,73,false,https://7a0.com.br/en/copas/2006/ecu
2006,Germany,ecu,Ecuador,76,3,Goalkeepers,12,Cristian Mora,Goalkeeper,78,false,https://7a0.com.br/en/copas/2006/ecu
2006,Germany,ecu,Ecuador,76,3,Goalkeepers,22,Damián Lanza,Goalkeeper,71,false,https://7a0.com.br/en/copas/2006/ecu
2006,Germany,ecu,Ecuador,76,3,Defence,4,Ulises De la Cruz,Right-back,78,false,https://7a0.com.br/en/copas/2006/ecu
2006,Germany,ecu,Ecuador,76,3,Defence,18,Néicer Reasco,Right-back,76,false,https://7a0.com.br/en/copas/2006/ecu
2006,Germany,ecu,Ecuador,76,3,Defence,2,Jorge Guagua,Centre-back,74,false,https://7a0.com.br/en/copas/2006/ecu
2006,Germany,ecu,Ecuador,76,3,Defence,3,Iván Hurtado,Centre-back,80,true,https://7a0.com.br/en/copas/2006/ecu
2006,Germany,ecu,Ecuador,76,3,Defence,5,José Luis Perlaza,Centre-back,72,false,https://7a0.com.br/en/copas/2006/ecu
2006,Germany,ecu,Ecuador,76,3,Defence,17,Giovanny Espinoza,Centre-back,77,false,https://7a0.com.br/en/copas/2006/ecu
2006,Germany,ecu,Ecuador,76,3,Defence,13,Paúl Ambrosi,Left-back,73,false,https://7a0.com.br/en/copas/2006/ecu
2006,Germany,ecu,Ecuador,76,3,Midfield,6,Patricio Urrutia,Defensive midfielder,74,false,https://7a0.com.br/en/copas/2006/ecu
2006,Germany,ecu,Ecuador,76,3,Midfield,14,Segundo Castillo,Defensive midfielder,77,false,https://7a0.com.br/en/copas/2006/ecu
2006,Germany,ecu,Ecuador,76,3,Midfield,15,Marlon Ayoví,Defensive midfielder,76,false,https://7a0.com.br/en/copas/2006/ecu
2006,Germany,ecu,Ecuador,76,3,Midfield,20,Edwin Tenorio,Defensive midfielder,77,false,https://7a0.com.br/en/copas/2006/ecu
2006,Germany,ecu,Ecuador,76,3,Midfield,7,Christian Lara,Attacking midfielder,73,false,https://7a0.com.br/en/copas/2006/ecu
2006,Germany,ecu,Ecuador,76,3,Midfield,8,Edison Méndez,Attacking midfielder,80,false,https://7a0.com.br/en/copas/2006/ecu
2006,Germany,ecu,Ecuador,76,3,Midfield,19,Luis Saritama,Attacking midfielder,73,false,https://7a0.com.br/en/copas/2006/ecu
2006,Germany,ecu,Ecuador,76,3,Attack,16,Antonio Valencia,Right winger,83,true,https://7a0.com.br/en/copas/2006/ecu
2006,Germany,ecu,Ecuador,76,3,Attack,9,Félix Borja,Centre-forward,73,false,https://7a0.com.br/en/copas/2006/ecu
2006,Germany,ecu,Ecuador,76,3,Attack,10,Iván Kaviedes,Centre-forward,78,false,https://7a0.com.br/en/copas/2006/ecu
2006,Germany,ecu,Ecuador,76,3,Attack,11,Agustín Delgado,Centre-forward,80,true,https://7a0.com.br/en/copas/2006/ecu
2006,Germany,ecu,Ecuador,76,3,Attack,21,Carlos Tenorio,Centre-forward,78,false,https://7a0.com.br/en/copas/2006/ecu
2006,Germany,ecu,Ecuador,76,3,Attack,23,Christian Benítez,Centre-forward,75,false,https://7a0.com.br/en/copas/2006/ecu
2006,Germany,eng,England,82,3,Goalkeepers,1,Paul Robinson,Goalkeeper,82,false,https://7a0.com.br/en/copas/2006/eng
2006,Germany,eng,England,82,3,Goalkeepers,13,David James,Goalkeeper,78,false,https://7a0.com.br/en/copas/2006/eng
2006,Germany,eng,England,82,3,Goalkeepers,22,Scott Carson,Goalkeeper,72,false,https://7a0.com.br/en/copas/2006/eng
2006,Germany,eng,England,82,3,Defence,2,Gary Neville,Right-back,82,false,https://7a0.com.br/en/copas/2006/eng
2006,Germany,eng,England,82,3,Defence,5,Rio Ferdinand,Centre-back,87,false,https://7a0.com.br/en/copas/2006/eng
2006,Germany,eng,England,82,3,Defence,6,John Terry,Centre-back,88,false,https://7a0.com.br/en/copas/2006/eng
2006,Germany,eng,England,82,3,Defence,12,Sol Campbell,Centre-back,83,false,https://7a0.com.br/en/copas/2006/eng
2006,Germany,eng,England,82,3,Defence,15,Jamie Carragher,Centre-back,82,false,https://7a0.com.br/en/copas/2006/eng
2006,Germany,eng,England,82,3,Defence,3,Ashley Cole,Left-back,87,false,https://7a0.com.br/en/copas/2006/eng
2006,Germany,eng,England,82,3,Defence,14,Wayne Bridge,Left-back,76,false,https://7a0.com.br/en/copas/2006/eng
2006,Germany,eng,England,82,3,Midfield,7,David Beckham,Defensive midfielder,89,true,https://7a0.com.br/en/copas/2006/eng
2006,Germany,eng,England,82,3,Midfield,18,Michael Carrick,Defensive midfielder,78,false,https://7a0.com.br/en/copas/2006/eng
2006,Germany,eng,England,82,3,Midfield,16,Owen Hargreaves,Right midfielder,80,false,https://7a0.com.br/en/copas/2006/eng
2006,Germany,eng,England,82,3,Midfield,8,Frank Lampard,Midfielder,89,false,https://7a0.com.br/en/copas/2006/eng
2006,Germany,eng,England,82,3,Midfield,17,Jermaine Jenas,Midfielder,76,false,https://7a0.com.br/en/copas/2006/eng
2006,Germany,eng,England,82,3,Midfield,4,Steven Gerrard,Left midfielder,91,true,https://7a0.com.br/en/copas/2006/eng
2006,Germany,eng,England,82,3,Attack,19,Aaron Lennon,Right winger,76,false,https://7a0.com.br/en/copas/2006/eng
2006,Germany,eng,England,82,3,Attack,23,Theo Walcott,Right winger,73,false,https://7a0.com.br/en/copas/2006/eng
2006,Germany,eng,England,82,3,Attack,9,Wayne Rooney,Centre-forward,90,true,https://7a0.com.br/en/copas/2006/eng
2006,Germany,eng,England,82,3,Attack,10,Michael Owen,Centre-forward,84,false,https://7a0.com.br/en/copas/2006/eng
2006,Germany,eng,England,82,3,Attack,21,Peter Crouch,Centre-forward,76,false,https://7a0.com.br/en/copas/2006/eng
2006,Germany,eng,England,82,3,Attack,11,Joe Cole,Left winger,81,false,https://7a0.com.br/en/copas/2006/eng
2006,Germany,fra,France,81,2,Goalkeepers,1,Mickaël Landreau,Goalkeeper,76,false,https://7a0.com.br/en/copas/2006/fra
2006,Germany,fra,France,81,2,Goalkeepers,16,Fabien Barthez,Goalkeeper,80,false,https://7a0.com.br/en/copas/2006/fra
2006,Germany,fra,France,81,2,Goalkeepers,23,Grégory Coupet,Goalkeeper,81,false,https://7a0.com.br/en/copas/2006/fra
2006,Germany,fra,France,81,2,Defence,19,Willy Sagnol,Right-back,83,false,https://7a0.com.br/en/copas/2006/fra
2006,Germany,fra,France,81,2,Defence,21,Pascal Chimbonda,Right-back,75,false,https://7a0.com.br/en/copas/2006/fra
2006,Germany,fra,France,81,2,Defence,2,Jean-Alain Boumsong,Centre-back,78,false,https://7a0.com.br/en/copas/2006/fra
2006,Germany,fra,France,81,2,Defence,5,William Gallas,Centre-back,83,false,https://7a0.com.br/en/copas/2006/fra
2006,Germany,fra,France,81,2,Defence,13,Mikaël Silvestre,Centre-back,78,false,https://7a0.com.br/en/copas/2006/fra
2006,Germany,fra,France,81,2,Defence,15,Lilian Thuram,Centre-back,84,false,https://7a0.com.br/en/copas/2006/fra
2006,Germany,fra,France,81,2,Defence,17,Gaël Givet,Centre-back,75,false,https://7a0.com.br/en/copas/2006/fra
2006,Germany,fra,France,81,2,Defence,3,Eric Abidal,Left-back,82,false,https://7a0.com.br/en/copas/2006/fra
2006,Germany,fra,France,81,2,Midfield,4,Patrick Vieira,Defensive midfielder,87,false,https://7a0.com.br/en/copas/2006/fra
2006,Germany,fra,France,81,2,Midfield,6,Claude Makélélé,Defensive midfielder,85,false,https://7a0.com.br/en/copas/2006/fra
2006,Germany,fra,France,81,2,Midfield,8,Vikash Dhorasoo,Defensive midfielder,74,false,https://7a0.com.br/en/copas/2006/fra
2006,Germany,fra,France,81,2,Midfield,18,Alou Diarra,Defensive midfielder,76,false,https://7a0.com.br/en/copas/2006/fra
2006,Germany,fra,France,81,2,Midfield,10,Zinedine Zidane,Midfielder,94,true,https://7a0.com.br/en/copas/2006/fra
2006,Germany,fra,France,81,2,Midfield,7,Florent Malouda,Left midfielder,81,false,https://7a0.com.br/en/copas/2006/fra
2006,Germany,fra,France,81,2,Attack,9,Sidney Govou,Right winger,77,false,https://7a0.com.br/en/copas/2006/fra
2006,Germany,fra,France,81,2,Attack,11,Sylvain Wiltord,Right winger,76,false,https://7a0.com.br/en/copas/2006/fra
2006,Germany,fra,France,81,2,Attack,12,Thierry Henry,Centre-forward,90,true,https://7a0.com.br/en/copas/2006/fra
2006,Germany,fra,France,81,2,Attack,14,Louis Saha,Centre-forward,78,false,https://7a0.com.br/en/copas/2006/fra
2006,Germany,fra,France,81,2,Attack,20,David Trezeguet,Centre-forward,83,false,https://7a0.com.br/en/copas/2006/fra
2006,Germany,fra,France,81,2,Attack,22,Franck Ribéry,Left winger,80,false,https://7a0.com.br/en/copas/2006/fra
2006,Germany,ger,Germany,81,3,Goalkeepers,1,Jens Lehmann,Goalkeeper,87,false,https://7a0.com.br/en/copas/2006/ger
2006,Germany,ger,Germany,81,3,Goalkeepers,12,Oliver Kahn,Goalkeeper,91,true,https://7a0.com.br/en/copas/2006/ger
2006,Germany,ger,Germany,81,3,Goalkeepers,23,Timo Hildebrand,Goalkeeper,76,false,https://7a0.com.br/en/copas/2006/ger
2006,Germany,ger,Germany,81,3,Defence,3,Arne Friedrich,Right-back,80,false,https://7a0.com.br/en/copas/2006/ger
2006,Germany,ger,Germany,81,3,Defence,16,Philipp Lahm,Right-back,86,false,https://7a0.com.br/en/copas/2006/ger
2006,Germany,ger,Germany,81,3,Defence,4,Robert Huth,Centre-back,78,false,https://7a0.com.br/en/copas/2006/ger
2006,Germany,ger,Germany,81,3,Defence,6,Jens Nowotny,Centre-back,77,false,https://7a0.com.br/en/copas/2006/ger
2006,Germany,ger,Germany,81,3,Defence,17,Per Mertesacker,Centre-back,81,false,https://7a0.com.br/en/copas/2006/ger
2006,Germany,ger,Germany,81,3,Defence,21,Christoph Metzelder,Centre-back,82,false,https://7a0.com.br/en/copas/2006/ger
2006,Germany,ger,Germany,81,3,Defence,2,Marcell Jansen,Left-back,76,false,https://7a0.com.br/en/copas/2006/ger
2006,Germany,ger,Germany,81,3,Midfield,5,Sebastian Kehl,Right midfielder,79,false,https://7a0.com.br/en/copas/2006/ger
2006,Germany,ger,Germany,81,3,Midfield,8,Torsten Frings,Right midfielder,84,false,https://7a0.com.br/en/copas/2006/ger
2006,Germany,ger,Germany,81,3,Midfield,13,Michael Ballack,Midfielder,90,true,https://7a0.com.br/en/copas/2006/ger
2006,Germany,ger,Germany,81,3,Midfield,18,Tim Borowski,Midfielder,78,false,https://7a0.com.br/en/copas/2006/ger
2006,Germany,ger,Germany,81,3,Midfield,7,Bastian Schweinsteiger,Left midfielder,85,false,https://7a0.com.br/en/copas/2006/ger
2006,Germany,ger,Germany,81,3,Midfield,15,Thomas Hitzlsperger,Left midfielder,78,false,https://7a0.com.br/en/copas/2006/ger
2006,Germany,ger,Germany,81,3,Attack,19,Bernd Schneider,Right winger,80,false,https://7a0.com.br/en/copas/2006/ger
2006,Germany,ger,Germany,81,3,Attack,22,David Odonkor,Right winger,76,false,https://7a0.com.br/en/copas/2006/ger
2006,Germany,ger,Germany,81,3,Attack,9,Mike Hanke,Centre-forward,74,false,https://7a0.com.br/en/copas/2006/ger
2006,Germany,ger,Germany,81,3,Attack,10,Oliver Neuville,Centre-forward,79,false,https://7a0.com.br/en/copas/2006/ger
2006,Germany,ger,Germany,81,3,Attack,11,Miroslav Klose,Centre-forward,88,true,https://7a0.com.br/en/copas/2006/ger
2006,Germany,ger,Germany,81,3,Attack,20,Lukas Podolski,Centre-forward,86,false,https://7a0.com.br/en/copas/2006/ger
2006,Germany,ita,Italy,82,6,Goalkeepers,1,Gianluigi Buffon,Goalkeeper,95,true,https://7a0.com.br/en/copas/2006/ita
2006,Germany,ita,Italy,82,6,Goalkeepers,12,Angelo Peruzzi,Goalkeeper,76,false,https://7a0.com.br/en/copas/2006/ita
2006,Germany,ita,Italy,82,6,Goalkeepers,14,Marco Amelia,Goalkeeper,70,false,https://7a0.com.br/en/copas/2006/ita
2006,Germany,ita,Italy,82,6,Defence,2,Cristian Zaccardo,Right-back,73,false,https://7a0.com.br/en/copas/2006/ita
2006,Germany,ita,Italy,82,6,Defence,19,Gianluca Zambrotta,Right-back,85,false,https://7a0.com.br/en/copas/2006/ita
2006,Germany,ita,Italy,82,6,Defence,22,Massimo Oddo,Right-back,74,false,https://7a0.com.br/en/copas/2006/ita
2006,Germany,ita,Italy,82,6,Defence,5,Fabio Cannavaro,Centre-back,97,true,https://7a0.com.br/en/copas/2006/ita
2006,Germany,ita,Italy,82,6,Defence,6,Andrea Barzagli,Centre-back,76,false,https://7a0.com.br/en/copas/2006/ita
2006,Germany,ita,Italy,82,6,Defence,13,Alessandro Nesta,Centre-back,90,true,https://7a0.com.br/en/copas/2006/ita
2006,Germany,ita,Italy,82,6,Defence,23,Marco Materazzi,Centre-back,81,false,https://7a0.com.br/en/copas/2006/ita
2006,Germany,ita,Italy,82,6,Defence,3,Fabio Grosso,Left-back,85,false,https://7a0.com.br/en/copas/2006/ita
2006,Germany,ita,Italy,82,6,Midfield,4,Daniele De Rossi,Defensive midfielder,81,false,https://7a0.com.br/en/copas/2006/ita
2006,Germany,ita,Italy,82,6,Midfield,8,Gennaro Gattuso,Defensive midfielder,83,false,https://7a0.com.br/en/copas/2006/ita
2006,Germany,ita,Italy,82,6,Midfield,17,Simone Barone,Midfielder,70,false,https://7a0.com.br/en/copas/2006/ita
2006,Germany,ita,Italy,82,6,Midfield,21,Andrea Pirlo,Midfielder,91,true,https://7a0.com.br/en/copas/2006/ita
2006,Germany,ita,Italy,82,6,Midfield,20,Simone Perrotta,Left midfielder,78,false,https://7a0.com.br/en/copas/2006/ita
2006,Germany,ita,Italy,82,6,Midfield,10,Francesco Totti,Attacking midfielder,90,true,https://7a0.com.br/en/copas/2006/ita
2006,Germany,ita,Italy,82,6,Attack,16,Mauro Camoranesi,Right winger,80,false,https://7a0.com.br/en/copas/2006/ita
2006,Germany,ita,Italy,82,6,Attack,7,Alessandro Del Piero,Centre-forward,84,true,https://7a0.com.br/en/copas/2006/ita
2006,Germany,ita,Italy,82,6,Attack,9,Luca Toni,Centre-forward,83,false,https://7a0.com.br/en/copas/2006/ita
2006,Germany,ita,Italy,82,6,Attack,11,Alberto Gilardino,Centre-forward,78,false,https://7a0.com.br/en/copas/2006/ita
2006,Germany,ita,Italy,82,6,Attack,15,Vincenzo Iaquinta,Centre-forward,76,false,https://7a0.com.br/en/copas/2006/ita
2006,Germany,ita,Italy,82,6,Attack,18,Filippo Inzaghi,Centre-forward,81,false,https://7a0.com.br/en/copas/2006/ita
2006,Germany,civ,Ivory Coast,77,1,Goalkeepers,1,Jean-Jacques Tizié,Goalkeeper,75,false,https://7a0.com.br/en/copas/2006/civ
2006,Germany,civ,Ivory Coast,77,1,Goalkeepers,16,Gérard Gnanhouan,Goalkeeper,72,false,https://7a0.com.br/en/copas/2006/civ
2006,Germany,civ,Ivory Coast,77,1,Goalkeepers,23,Boubacar Barry,Goalkeeper,75,false,https://7a0.com.br/en/copas/2006/civ
2006,Germany,civ,Ivory Coast,77,1,Defence,20,Guy Demel,Right-back,76,false,https://7a0.com.br/en/copas/2006/civ
2006,Germany,civ,Ivory Coast,77,1,Defence,21,Emmanuel Eboué,Right-back,79,false,https://7a0.com.br/en/copas/2006/civ
2006,Germany,civ,Ivory Coast,77,1,Defence,4,Kolo Touré,Centre-back,84,false,https://7a0.com.br/en/copas/2006/civ
2006,Germany,civ,Ivory Coast,77,1,Defence,6,Blaise Kouassi,Centre-back,74,false,https://7a0.com.br/en/copas/2006/civ
2006,Germany,civ,Ivory Coast,77,1,Defence,12,Abdoulaye Méïté,Centre-back,77,false,https://7a0.com.br/en/copas/2006/civ
2006,Germany,civ,Ivory Coast,77,1,Defence,13,Marco Zoro,Centre-back,74,false,https://7a0.com.br/en/copas/2006/civ
2006,Germany,civ,Ivory Coast,77,1,Defence,17,Cyril Domoraud,Centre-back,74,false,https://7a0.com.br/en/copas/2006/civ
2006,Germany,civ,Ivory Coast,77,1,Defence,3,Arthur Boka,Left-back,79,false,https://7a0.com.br/en/copas/2006/civ
2006,Germany,civ,Ivory Coast,77,1,Midfield,5,Didier Zokora,Defensive midfielder,81,false,https://7a0.com.br/en/copas/2006/civ
2006,Germany,civ,Ivory Coast,77,1,Midfield,7,Emerse Faé,Defensive midfielder,76,false,https://7a0.com.br/en/copas/2006/civ
2006,Germany,civ,Ivory Coast,77,1,Midfield,10,Gilles Yapi Yapo,Midfielder,75,false,https://7a0.com.br/en/copas/2006/civ
2006,Germany,civ,Ivory Coast,77,1,Midfield,19,Yaya Touré,Midfielder,83,false,https://7a0.com.br/en/copas/2006/civ
2006,Germany,civ,Ivory Coast,77,1,Midfield,22,Romaric,Midfielder,75,false,https://7a0.com.br/en/copas/2006/civ
2006,Germany,civ,Ivory Coast,77,1,Midfield,8,Bonaventure Kalou,Left midfielder,77,false,https://7a0.com.br/en/copas/2006/civ
2006,Germany,civ,Ivory Coast,77,1,Attack,2,Kanga Akalé,Right winger,74,false,https://7a0.com.br/en/copas/2006/civ
2006,Germany,civ,Ivory Coast,77,1,Attack,18,Abdul Kader Keïta,Right winger,79,false,https://7a0.com.br/en/copas/2006/civ
2006,Germany,civ,Ivory Coast,77,1,Attack,9,Arouna Koné,Centre-forward,77,false,https://7a0.com.br/en/copas/2006/civ
2006,Germany,civ,Ivory Coast,77,1,Attack,11,Didier Drogba,Centre-forward,88,true,https://7a0.com.br/en/copas/2006/civ
2006,Germany,civ,Ivory Coast,77,1,Attack,15,Aruna Dindane,Centre-forward,79,false,https://7a0.com.br/en/copas/2006/civ
2006,Germany,civ,Ivory Coast,77,1,Attack,14,Bakari Koné,Left winger,77,false,https://7a0.com.br/en/copas/2006/civ
2006,Germany,ned,Netherlands,79,3,Goalkeepers,1,Edwin Van der Sar,Goalkeeper,85,true,https://7a0.com.br/en/copas/2006/ned
2006,Germany,ned,Netherlands,79,3,Goalkeepers,22,Henk Timmer,Goalkeeper,72,false,https://7a0.com.br/en/copas/2006/ned
2006,Germany,ned,Netherlands,79,3,Goalkeepers,23,Maarten Stekelenburg,Goalkeeper,74,false,https://7a0.com.br/en/copas/2006/ned
2006,Germany,ned,Netherlands,79,3,Defence,3,Khalid Boulahrouz,Right-back,78,false,https://7a0.com.br/en/copas/2006/ned
2006,Germany,ned,Netherlands,79,3,Defence,12,Jan Kromkamp,Right-back,74,false,https://7a0.com.br/en/copas/2006/ned
2006,Germany,ned,Netherlands,79,3,Defence,2,Kew Jaliens,Centre-back,74,false,https://7a0.com.br/en/copas/2006/ned
2006,Germany,ned,Netherlands,79,3,Defence,4,Joris Mathijsen,Centre-back,79,false,https://7a0.com.br/en/copas/2006/ned
2006,Germany,ned,Netherlands,79,3,Defence,13,André Ooijer,Centre-back,78,false,https://7a0.com.br/en/copas/2006/ned
2006,Germany,ned,Netherlands,79,3,Defence,14,John Heitinga,Centre-back,78,false,https://7a0.com.br/en/copas/2006/ned
2006,Germany,ned,Netherlands,79,3,Defence,5,Giovanni Van Bronckhorst,Left-back,82,false,https://7a0.com.br/en/copas/2006/ned
2006,Germany,ned,Netherlands,79,3,Defence,15,Tim De Cler,Left-back,73,false,https://7a0.com.br/en/copas/2006/ned
2006,Germany,ned,Netherlands,79,3,Midfield,6,Denny Landzaat,Defensive midfielder,77,false,https://7a0.com.br/en/copas/2006/ned
2006,Germany,ned,Netherlands,79,3,Midfield,16,Hedwiges Maduro,Defensive midfielder,74,false,https://7a0.com.br/en/copas/2006/ned
2006,Germany,ned,Netherlands,79,3,Midfield,18,Mark Van Bommel,Defensive midfielder,81,false,https://7a0.com.br/en/copas/2006/ned
2006,Germany,ned,Netherlands,79,3,Midfield,8,Phillip Cocu,Midfielder,81,false,https://7a0.com.br/en/copas/2006/ned
2006,Germany,ned,Netherlands,79,3,Midfield,10,Rafael Van der Vaart,Attacking midfielder,83,false,https://7a0.com.br/en/copas/2006/ned
2006,Germany,ned,Netherlands,79,3,Midfield,20,Wesley Sneijder,Attacking midfielder,83,false,https://7a0.com.br/en/copas/2006/ned
2006,Germany,ned,Netherlands,79,3,Attack,7,Dirk Kuyt,Centre-forward,79,false,https://7a0.com.br/en/copas/2006/ned
2006,Germany,ned,Netherlands,79,3,Attack,9,Ruud Van Nistelrooy,Centre-forward,87,true,https://7a0.com.br/en/copas/2006/ned
2006,Germany,ned,Netherlands,79,3,Attack,19,Jan Vennegoor of Hesselink,Centre-forward,76,false,https://7a0.com.br/en/copas/2006/ned
2006,Germany,ned,Netherlands,79,3,Attack,11,Arjen Robben,Left winger,86,true,https://7a0.com.br/en/copas/2006/ned
2006,Germany,ned,Netherlands,79,3,Attack,17,Robin Van Persie,Left winger,80,false,https://7a0.com.br/en/copas/2006/ned
2006,Germany,ned,Netherlands,79,3,Attack,21,Ryan Babel,Left winger,76,false,https://7a0.com.br/en/copas/2006/ned
2006,Germany,por,Portugal,79,3,Goalkeepers,1,Ricardo,Goalkeeper,83,false,https://7a0.com.br/en/copas/2006/por
2006,Germany,por,Portugal,79,3,Goalkeepers,12,Quim,Goalkeeper,74,false,https://7a0.com.br/en/copas/2006/por
2006,Germany,por,Portugal,79,3,Goalkeepers,22,Paulo Santos,Goalkeeper,66,false,https://7a0.com.br/en/copas/2006/por
2006,Germany,por,Portugal,79,3,Defence,2,Paulo Ferreira,Right-back,80,false,https://7a0.com.br/en/copas/2006/por
2006,Germany,por,Portugal,79,3,Defence,13,Miguel,Right-back,79,false,https://7a0.com.br/en/copas/2006/por
2006,Germany,por,Portugal,79,3,Defence,4,Ricardo Costa,Centre-back,68,false,https://7a0.com.br/en/copas/2006/por
2006,Germany,por,Portugal,79,3,Defence,5,Fernando Meira,Centre-back,78,false,https://7a0.com.br/en/copas/2006/por
2006,Germany,por,Portugal,79,3,Defence,16,Ricardo Carvalho,Centre-back,88,false,https://7a0.com.br/en/copas/2006/por
2006,Germany,por,Portugal,79,3,Defence,3,Marco Caneira,Left-back,74,false,https://7a0.com.br/en/copas/2006/por
2006,Germany,por,Portugal,79,3,Defence,14,Nuno Valente,Left-back,74,false,https://7a0.com.br/en/copas/2006/por
2006,Germany,por,Portugal,79,3,Midfield,6,Costinha,Defensive midfielder,80,false,https://7a0.com.br/en/copas/2006/por
2006,Germany,por,Portugal,79,3,Midfield,8,Petit,Defensive midfielder,78,false,https://7a0.com.br/en/copas/2006/por
2006,Germany,por,Portugal,79,3,Midfield,18,Maniche,Defensive midfielder,86,false,https://7a0.com.br/en/copas/2006/por
2006,Germany,por,Portugal,79,3,Midfield,7,Luís Figo,Right midfielder,88,true,https://7a0.com.br/en/copas/2006/por
2006,Germany,por,Portugal,79,3,Midfield,10,Hugo Viana,Midfielder,71,false,https://7a0.com.br/en/copas/2006/por
2006,Germany,por,Portugal,79,3,Midfield,19,Tiago,Midfielder,78,false,https://7a0.com.br/en/copas/2006/por
2006,Germany,por,Portugal,79,3,Midfield,20,Deco,Midfielder,87,true,https://7a0.com.br/en/copas/2006/por
2006,Germany,por,Portugal,79,3,Midfield,15,Luís Boa Morte,Left midfielder,72,false,https://7a0.com.br/en/copas/2006/por
2006,Germany,por,Portugal,79,3,Attack,17,Cristiano Ronaldo,Right winger,85,true,https://7a0.com.br/en/copas/2006/por
2006,Germany,por,Portugal,79,3,Attack,9,Pauleta,Centre-forward,83,false,https://7a0.com.br/en/copas/2006/por
2006,Germany,por,Portugal,79,3,Attack,21,Nuno Gomes,Centre-forward,78,false,https://7a0.com.br/en/copas/2006/por
2006,Germany,por,Portugal,79,3,Attack,23,Hélder Postiga,Centre-forward,74,false,https://7a0.com.br/en/copas/2006/por
2006,Germany,por,Portugal,79,3,Attack,11,Simão,Left winger,82,false,https://7a0.com.br/en/copas/2006/por
2006,Germany,esp,Spain,80,1,Goalkeepers,1,Iker Casillas,Goalkeeper,88,false,https://7a0.com.br/en/copas/2006/esp
2006,Germany,esp,Spain,80,1,Goalkeepers,19,Santiago Cañizares,Goalkeeper,76,false,https://7a0.com.br/en/copas/2006/esp
2006,Germany,esp,Spain,80,1,Goalkeepers,23,Pepe Reina,Goalkeeper,74,false,https://7a0.com.br/en/copas/2006/esp
2006,Germany,esp,Spain,80,1,Defence,2,Míchel Salgado,Right-back,79,false,https://7a0.com.br/en/copas/2006/esp
2006,Germany,esp,Spain,80,1,Defence,15,Sergio Ramos,Right-back,81,false,https://7a0.com.br/en/copas/2006/esp
2006,Germany,esp,Spain,80,1,Defence,4,Carlos Marchena,Centre-back,79,false,https://7a0.com.br/en/copas/2006/esp
2006,Germany,esp,Spain,80,1,Defence,5,Carles Puyol,Centre-back,85,false,https://7a0.com.br/en/copas/2006/esp
2006,Germany,esp,Spain,80,1,Defence,20,Juanito,Centre-back,75,false,https://7a0.com.br/en/copas/2006/esp
2006,Germany,esp,Spain,80,1,Defence,22,Pablo Ibáñez,Centre-back,75,false,https://7a0.com.br/en/copas/2006/esp
2006,Germany,esp,Spain,80,1,Defence,3,Mariano Pernía,Left-back,77,false,https://7a0.com.br/en/copas/2006/esp
2006,Germany,esp,Spain,80,1,Defence,12,Antonio López,Left-back,75,false,https://7a0.com.br/en/copas/2006/esp
2006,Germany,esp,Spain,80,1,Midfield,6,David Albelda,Defensive midfielder,79,false,https://7a0.com.br/en/copas/2006/esp
2006,Germany,esp,Spain,80,1,Midfield,14,Xabi Alonso,Defensive midfielder,83,false,https://7a0.com.br/en/copas/2006/esp
2006,Germany,esp,Spain,80,1,Midfield,16,Marcos Senna,Defensive midfielder,78,false,https://7a0.com.br/en/copas/2006/esp
2006,Germany,esp,Spain,80,1,Midfield,8,Xavi,Midfielder,88,false,https://7a0.com.br/en/copas/2006/esp
2006,Germany,esp,Spain,80,1,Midfield,13,Andrés Iniesta,Midfielder,82,false,https://7a0.com.br/en/copas/2006/esp
2006,Germany,esp,Spain,80,1,Midfield,18,Cesc Fàbregas,Midfielder,81,false,https://7a0.com.br/en/copas/2006/esp
2006,Germany,esp,Spain,80,1,Midfield,11,Luis García,Attacking midfielder,78,false,https://7a0.com.br/en/copas/2006/esp
2006,Germany,esp,Spain,80,1,Attack,17,Joaquín,Right winger,80,false,https://7a0.com.br/en/copas/2006/esp
2006,Germany,esp,Spain,80,1,Attack,7,Raúl,Centre-forward,86,true,https://7a0.com.br/en/copas/2006/esp
2006,Germany,esp,Spain,80,1,Attack,9,Fernando Torres,Centre-forward,84,false,https://7a0.com.br/en/copas/2006/esp
2006,Germany,esp,Spain,80,1,Attack,21,David Villa,Centre-forward,84,false,https://7a0.com.br/en/copas/2006/esp
2006,Germany,esp,Spain,80,1,Attack,10,José Antonio Reyes,Left winger,80,false,https://7a0.com.br/en/copas/2006/esp
2006,Germany,swe,Sweden,78,2,Goalkeepers,1,Andreas Isaksson,Goalkeeper,83,false,https://7a0.com.br/en/copas/2006/swe
2006,Germany,swe,Sweden,78,2,Goalkeepers,12,John Alvbåge,Goalkeeper,68,false,https://7a0.com.br/en/copas/2006/swe
2006,Germany,swe,Sweden,78,2,Goalkeepers,23,Rami Shaaban,Goalkeeper,70,false,https://7a0.com.br/en/copas/2006/swe
2006,Germany,swe,Sweden,78,2,Defence,2,Mikael Nilsson,Right-back,80,false,https://7a0.com.br/en/copas/2006/swe
2006,Germany,swe,Sweden,78,2,Defence,3,Olof Mellberg,Centre-back,84,false,https://7a0.com.br/en/copas/2006/swe
2006,Germany,swe,Sweden,78,2,Defence,4,Teddy Lučić,Centre-back,78,false,https://7a0.com.br/en/copas/2006/swe
2006,Germany,swe,Sweden,78,2,Defence,13,Petter Hansson,Centre-back,74,false,https://7a0.com.br/en/copas/2006/swe
2006,Germany,swe,Sweden,78,2,Defence,15,Karl Svensson,Centre-back,73,false,https://7a0.com.br/en/copas/2006/swe
2006,Germany,swe,Sweden,78,2,Defence,5,Erik Edman,Left-back,80,false,https://7a0.com.br/en/copas/2006/swe
2006,Germany,swe,Sweden,78,2,Defence,14,Fredrik Stenman,Left-back,72,false,https://7a0.com.br/en/copas/2006/swe
2006,Germany,swe,Sweden,78,2,Midfield,6,Tobias Linderoth,Defensive midfielder,80,false,https://7a0.com.br/en/copas/2006/swe
2006,Germany,swe,Sweden,78,2,Midfield,19,Daniel Andersson,Defensive midfielder,76,false,https://7a0.com.br/en/copas/2006/swe
2006,Germany,swe,Sweden,78,2,Midfield,7,Niclas Alexandersson,Right midfielder,79,false,https://7a0.com.br/en/copas/2006/swe
2006,Germany,swe,Sweden,78,2,Midfield,9,Freddie Ljungberg,Right midfielder,84,false,https://7a0.com.br/en/copas/2006/swe
2006,Germany,swe,Sweden,78,2,Midfield,18,Mattias Jonson,Right midfielder,75,false,https://7a0.com.br/en/copas/2006/swe
2006,Germany,swe,Sweden,78,2,Midfield,16,Kim Källström,Midfielder,82,false,https://7a0.com.br/en/copas/2006/swe
2006,Germany,swe,Sweden,78,2,Midfield,8,Anders Svensson,Attacking midfielder,78,false,https://7a0.com.br/en/copas/2006/swe
2006,Germany,swe,Sweden,78,2,Attack,21,Christian Wilhelmsson,Right winger,79,false,https://7a0.com.br/en/copas/2006/swe
2006,Germany,swe,Sweden,78,2,Attack,10,Zlatan Ibrahimović,Centre-forward,87,true,https://7a0.com.br/en/copas/2006/swe
2006,Germany,swe,Sweden,78,2,Attack,11,Henrik Larsson,Centre-forward,86,true,https://7a0.com.br/en/copas/2006/swe
2006,Germany,swe,Sweden,78,2,Attack,17,Johan Elmander,Centre-forward,77,false,https://7a0.com.br/en/copas/2006/swe
2006,Germany,swe,Sweden,78,2,Attack,20,Marcus Allbäck,Centre-forward,78,false,https://7a0.com.br/en/copas/2006/swe
2006,Germany,swe,Sweden,78,2,Attack,22,Markus Rosenberg,Centre-forward,73,false,https://7a0.com.br/en/copas/2006/swe
2006,Germany,sui,Switzerland,76,1,Goalkeepers,1,Pascal Zuberbühler,Goalkeeper,79,false,https://7a0.com.br/en/copas/2006/sui
2006,Germany,sui,Switzerland,76,1,Goalkeepers,12,Diego Benaglio,Goalkeeper,76,false,https://7a0.com.br/en/copas/2006/sui
2006,Germany,sui,Switzerland,76,1,Goalkeepers,21,Fabio Coltorti,Goalkeeper,71,false,https://7a0.com.br/en/copas/2006/sui
2006,Germany,sui,Switzerland,76,1,Defence,23,Philipp Degen,Right-back,74,false,https://7a0.com.br/en/copas/2006/sui
2006,Germany,sui,Switzerland,76,1,Defence,2,Johan Djourou,Centre-back,75,false,https://7a0.com.br/en/copas/2006/sui
2006,Germany,sui,Switzerland,76,1,Defence,4,Philippe Senderos,Centre-back,79,false,https://7a0.com.br/en/copas/2006/sui
2006,Germany,sui,Switzerland,76,1,Defence,13,Stéphane Grichting,Centre-back,74,false,https://7a0.com.br/en/copas/2006/sui
2006,Germany,sui,Switzerland,76,1,Defence,20,Patrick Müller,Centre-back,77,false,https://7a0.com.br/en/copas/2006/sui
2006,Germany,sui,Switzerland,76,1,Defence,3,Ludovic Magnin,Left-back,77,false,https://7a0.com.br/en/copas/2006/sui
2006,Germany,sui,Switzerland,76,1,Defence,17,Christoph Spycher,Left-back,76,false,https://7a0.com.br/en/copas/2006/sui
2006,Germany,sui,Switzerland,76,1,Midfield,5,Xavier Margairaz,Defensive midfielder,73,false,https://7a0.com.br/en/copas/2006/sui
2006,Germany,sui,Switzerland,76,1,Midfield,6,Johann Vogel,Defensive midfielder,80,false,https://7a0.com.br/en/copas/2006/sui
2006,Germany,sui,Switzerland,76,1,Midfield,8,Raphaël Wicky,Defensive midfielder,78,false,https://7a0.com.br/en/copas/2006/sui
2006,Germany,sui,Switzerland,76,1,Midfield,15,Blerim Džemaili,Defensive midfielder,73,false,https://7a0.com.br/en/copas/2006/sui
2006,Germany,sui,Switzerland,76,1,Midfield,19,Valon Behrami,Defensive midfielder,74,false,https://7a0.com.br/en/copas/2006/sui
2006,Germany,sui,Switzerland,76,1,Midfield,16,Tranquillo Barnetta,Right midfielder,80,false,https://7a0.com.br/en/copas/2006/sui
2006,Germany,sui,Switzerland,76,1,Midfield,7,Ricardo Cabanas,Midfielder,76,false,https://7a0.com.br/en/copas/2006/sui
2006,Germany,sui,Switzerland,76,1,Midfield,22,Hakan Yakin,Attacking midfielder,78,false,https://7a0.com.br/en/copas/2006/sui
2006,Germany,sui,Switzerland,76,1,Attack,10,Daniel Gygax,Right winger,75,false,https://7a0.com.br/en/copas/2006/sui
2006,Germany,sui,Switzerland,76,1,Attack,14,David Degen,Right winger,72,false,https://7a0.com.br/en/copas/2006/sui
2006,Germany,sui,Switzerland,76,1,Attack,9,Alexander Frei,Centre-forward,84,true,https://7a0.com.br/en/copas/2006/sui
2006,Germany,sui,Switzerland,76,1,Attack,11,Marco Streller,Centre-forward,78,false,https://7a0.com.br/en/copas/2006/sui
2006,Germany,sui,Switzerland,76,1,Attack,18,Mauro Lustrinelli,Centre-forward,71,false,https://7a0.com.br/en/copas/2006/sui
2006,Germany,ukr,Ukraine,77,1,Goalkeepers,1,Oleksandr Shovkovskyi,Goalkeeper,82,false,https://7a0.com.br/en/copas/2006/ukr
2006,Germany,ukr,Ukraine,77,1,Goalkeepers,12,Andriy Pyatov,Goalkeeper,73,false,https://7a0.com.br/en/copas/2006/ukr
2006,Germany,ukr,Ukraine,77,1,Goalkeepers,23,Bohdan Shust,Goalkeeper,70,false,https://7a0.com.br/en/copas/2006/ukr
2006,Germany,ukr,Ukraine,77,1,Defence,3,Oleksandr Yatsenko,Right-back,71,false,https://7a0.com.br/en/copas/2006/ukr
2006,Germany,ukr,Ukraine,77,1,Defence,5,Volodymyr Yezerskiy,Right-back,76,false,https://7a0.com.br/en/copas/2006/ukr
2006,Germany,ukr,Ukraine,77,1,Defence,6,Andriy Rusol,Centre-back,78,false,https://7a0.com.br/en/copas/2006/ukr
2006,Germany,ukr,Ukraine,77,1,Defence,13,Dmytro Chyhrynskyi,Centre-back,73,false,https://7a0.com.br/en/copas/2006/ukr
2006,Germany,ukr,Ukraine,77,1,Defence,17,Vladyslav Vashchuk,Centre-back,77,false,https://7a0.com.br/en/copas/2006/ukr
2006,Germany,ukr,Ukraine,77,1,Defence,22,Vyacheslav Sviderskyi,Centre-back,73,false,https://7a0.com.br/en/copas/2006/ukr
2006,Germany,ukr,Ukraine,77,1,Defence,2,Andriy Nesmachniy,Left-back,78,false,https://7a0.com.br/en/copas/2006/ukr
2006,Germany,ukr,Ukraine,77,1,Midfield,4,Anatoliy Tymoshchuk,Defensive midfielder,84,false,https://7a0.com.br/en/copas/2006/ukr
2006,Germany,ukr,Ukraine,77,1,Midfield,8,Oleh Shelayev,Defensive midfielder,76,false,https://7a0.com.br/en/copas/2006/ukr
2006,Germany,ukr,Ukraine,77,1,Midfield,14,Andriy Husin,Defensive midfielder,77,false,https://7a0.com.br/en/copas/2006/ukr
2006,Germany,ukr,Ukraine,77,1,Midfield,21,Ruslan Rotan,Defensive midfielder,76,false,https://7a0.com.br/en/copas/2006/ukr
2006,Germany,ukr,Ukraine,77,1,Midfield,18,Serhiy Nazarenko,Right midfielder,75,false,https://7a0.com.br/en/copas/2006/ukr
2006,Germany,ukr,Ukraine,77,1,Midfield,19,Maksym Kalynychenko,Left midfielder,77,false,https://7a0.com.br/en/copas/2006/ukr
2006,Germany,ukr,Ukraine,77,1,Attack,9,Oleh Husyev,Right winger,79,false,https://7a0.com.br/en/copas/2006/ukr
2006,Germany,ukr,Ukraine,77,1,Attack,7,Andriy Shevchenko,Centre-forward,89,true,https://7a0.com.br/en/copas/2006/ukr
2006,Germany,ukr,Ukraine,77,1,Attack,10,Andriy Voronin,Centre-forward,81,false,https://7a0.com.br/en/copas/2006/ukr
2006,Germany,ukr,Ukraine,77,1,Attack,11,Serhii Rebrov,Centre-forward,80,false,https://7a0.com.br/en/copas/2006/ukr
2006,Germany,ukr,Ukraine,77,1,Attack,15,Artem Milevskyi,Centre-forward,74,false,https://7a0.com.br/en/copas/2006/ukr
2006,Germany,ukr,Ukraine,77,1,Attack,20,Oleksiy Byelik,Centre-forward,72,false,https://7a0.com.br/en/copas/2006/ukr
2006,Germany,ukr,Ukraine,77,1,Attack,16,Andriy Vorobey,Left winger,76,false,https://7a0.com.br/en/copas/2006/ukr
2010,South Africa,arg,Argentina,81,2,Goalkeepers,1,Diego Pozo,Goalkeeper,68,false,https://7a0.com.br/en/copas/2010/arg
2010,South Africa,arg,Argentina,81,2,Goalkeepers,21,Mariano Andújar,Goalkeeper,76,false,https://7a0.com.br/en/copas/2010/arg
2010,South Africa,arg,Argentina,81,2,Goalkeepers,22,Sergio Romero,Goalkeeper,82,false,https://7a0.com.br/en/copas/2010/arg
2010,South Africa,arg,Argentina,81,2,Defence,12,Ariel Garcé,Right-back,72,false,https://7a0.com.br/en/copas/2010/arg
2010,South Africa,arg,Argentina,81,2,Defence,17,Jonás Bravo,Right-back,77,false,https://7a0.com.br/en/copas/2010/arg
2010,South Africa,arg,Argentina,81,2,Defence,2,Martín Demichelis,Centre-back,82,false,https://7a0.com.br/en/copas/2010/arg
2010,South Africa,arg,Argentina,81,2,Defence,4,Nicolás Burdisso,Centre-back,78,false,https://7a0.com.br/en/copas/2010/arg
2010,South Africa,arg,Argentina,81,2,Defence,13,Walter Samuel,Centre-back,81,false,https://7a0.com.br/en/copas/2010/arg
2010,South Africa,arg,Argentina,81,2,Defence,15,Nicolás Otamendi,Centre-back,78,false,https://7a0.com.br/en/copas/2010/arg
2010,South Africa,arg,Argentina,81,2,Defence,3,Clemente Rodríguez,Left-back,75,false,https://7a0.com.br/en/copas/2010/arg
2010,South Africa,arg,Argentina,81,2,Defence,6,Gabriel Heinze,Left-back,83,false,https://7a0.com.br/en/copas/2010/arg
2010,South Africa,arg,Argentina,81,2,Midfield,14,Javier Mascherano,Defensive midfielder,88,true,https://7a0.com.br/en/copas/2010/arg
2010,South Africa,arg,Argentina,81,2,Midfield,8,Juan Sebastián Verón,Midfielder,84,false,https://7a0.com.br/en/copas/2010/arg
2010,South Africa,arg,Argentina,81,2,Midfield,20,Maxi Rodríguez,Attacking midfielder,82,false,https://7a0.com.br/en/copas/2010/arg
2010,South Africa,arg,Argentina,81,2,Midfield,23,Javier Pastore,Attacking midfielder,74,false,https://7a0.com.br/en/copas/2010/arg
2010,South Africa,arg,Argentina,81,2,Attack,10,Lionel Messi,Right winger,93,true,https://7a0.com.br/en/copas/2010/arg
2010,South Africa,arg,Argentina,81,2,Attack,9,Gonzalo Higuaín,Centre-forward,87,false,https://7a0.com.br/en/copas/2010/arg
2010,South Africa,arg,Argentina,81,2,Attack,11,Carlos Tevez,Centre-forward,88,false,https://7a0.com.br/en/copas/2010/arg
2010,South Africa,arg,Argentina,81,2,Attack,16,Sergio Agüero,Centre-forward,87,false,https://7a0.com.br/en/copas/2010/arg
2010,South Africa,arg,Argentina,81,2,Attack,18,Martín Palermo,Centre-forward,78,false,https://7a0.com.br/en/copas/2010/arg
2010,South Africa,arg,Argentina,81,2,Attack,19,Diego Milito,Centre-forward,87,false,https://7a0.com.br/en/copas/2010/arg
2010,South Africa,arg,Argentina,81,2,Attack,7,Ángel Di María,Left winger,86,false,https://7a0.com.br/en/copas/2010/arg
2010,South Africa,bra,Brazil,82,2,Goalkeepers,1,Júlio César,Goalkeeper,88,true,https://7a0.com.br/en/copas/2010/bra
2010,South Africa,bra,Brazil,82,2,Goalkeepers,12,Heurelho Gomes,Goalkeeper,75,false,https://7a0.com.br/en/copas/2010/bra
2010,South Africa,bra,Brazil,82,2,Goalkeepers,22,Doni,Goalkeeper,70,false,https://7a0.com.br/en/copas/2010/bra
2010,South Africa,bra,Brazil,82,2,Defence,2,Maicon,Right-back,88,false,https://7a0.com.br/en/copas/2010/bra
2010,South Africa,bra,Brazil,82,2,Defence,13,Dani Alves,Right-back,86,false,https://7a0.com.br/en/copas/2010/bra
2010,South Africa,bra,Brazil,82,2,Defence,3,Lúcio,Centre-back,86,false,https://7a0.com.br/en/copas/2010/bra
2010,South Africa,bra,Brazil,82,2,Defence,4,Juan,Centre-back,82,false,https://7a0.com.br/en/copas/2010/bra
2010,South Africa,bra,Brazil,82,2,Defence,14,Luisão,Centre-back,80,false,https://7a0.com.br/en/copas/2010/bra
2010,South Africa,bra,Brazil,82,2,Defence,15,Thiago Silva,Centre-back,84,false,https://7a0.com.br/en/copas/2010/bra
2010,South Africa,bra,Brazil,82,2,Defence,6,Michel Bastos,Left-back,81,false,https://7a0.com.br/en/copas/2010/bra
2010,South Africa,bra,Brazil,82,2,Defence,16,Gilberto,Left-back,78,false,https://7a0.com.br/en/copas/2010/bra
2010,South Africa,bra,Brazil,82,2,Midfield,5,Felipe Melo,Defensive midfielder,81,false,https://7a0.com.br/en/copas/2010/bra
2010,South Africa,bra,Brazil,82,2,Midfield,8,Gilberto Silva,Defensive midfielder,80,false,https://7a0.com.br/en/copas/2010/bra
2010,South Africa,bra,Brazil,82,2,Midfield,17,Josué,Defensive midfielder,78,false,https://7a0.com.br/en/copas/2010/bra
2010,South Africa,bra,Brazil,82,2,Midfield,10,Kaká,Midfielder,91,true,https://7a0.com.br/en/copas/2010/bra
2010,South Africa,bra,Brazil,82,2,Midfield,18,Ramires,Midfielder,81,false,https://7a0.com.br/en/copas/2010/bra
2010,South Africa,bra,Brazil,82,2,Midfield,20,José Kléberson,Midfielder,75,false,https://7a0.com.br/en/copas/2010/bra
2010,South Africa,bra,Brazil,82,2,Midfield,7,Elano,Attacking midfielder,85,false,https://7a0.com.br/en/copas/2010/bra
2010,South Africa,bra,Brazil,82,2,Attack,9,Luís Fabiano,Centre-forward,85,false,https://7a0.com.br/en/copas/2010/bra
2010,South Africa,bra,Brazil,82,2,Attack,11,Robinho,Centre-forward,86,false,https://7a0.com.br/en/copas/2010/bra
2010,South Africa,bra,Brazil,82,2,Attack,19,Júlio Baptista,Centre-forward,79,false,https://7a0.com.br/en/copas/2010/bra
2010,South Africa,bra,Brazil,82,2,Attack,21,Nilmar,Centre-forward,79,false,https://7a0.com.br/en/copas/2010/bra
2010,South Africa,chi,Chile,78,2,Goalkeepers,1,Claudio Bravo,Goalkeeper,83,true,https://7a0.com.br/en/copas/2010/chi
2010,South Africa,chi,Chile,78,2,Goalkeepers,12,Miguel Pinto,Goalkeeper,72,false,https://7a0.com.br/en/copas/2010/chi
2010,South Africa,chi,Chile,78,2,Defence,2,Ismael Fuentes,Right-back,72,false,https://7a0.com.br/en/copas/2010/chi
2010,South Africa,chi,Chile,78,2,Defence,4,Mauricio Isla,Right-back,82,false,https://7a0.com.br/en/copas/2010/chi
2010,South Africa,chi,Chile,78,2,Defence,3,Waldo Ponce,Centre-back,74,false,https://7a0.com.br/en/copas/2010/chi
2010,South Africa,chi,Chile,78,2,Defence,5,Pablo Contreras,Centre-back,77,false,https://7a0.com.br/en/copas/2010/chi
2010,South Africa,chi,Chile,78,2,Defence,17,Gary Medel,Centre-back,82,false,https://7a0.com.br/en/copas/2010/chi
2010,South Africa,chi,Chile,78,2,Defence,18,Gonzalo Jara,Centre-back,79,false,https://7a0.com.br/en/copas/2010/chi
2010,South Africa,chi,Chile,78,2,Defence,19,Gonzalo Fierro,Centre-back,73,false,https://7a0.com.br/en/copas/2010/chi
2010,South Africa,chi,Chile,78,2,Defence,15,Jean Beausejour,Left-back,79,false,https://7a0.com.br/en/copas/2010/chi
2010,South Africa,chi,Chile,78,2,Midfield,6,Carlos Carmona,Defensive midfielder,75,false,https://7a0.com.br/en/copas/2010/chi
2010,South Africa,chi,Chile,78,2,Midfield,8,Arturo Vidal,Defensive midfielder,86,false,https://7a0.com.br/en/copas/2010/chi
2010,South Africa,chi,Chile,78,2,Midfield,13,Marco Estrada,Defensive midfielder,74,false,https://7a0.com.br/en/copas/2010/chi
2010,South Africa,chi,Chile,78,2,Midfield,20,Rodrigo Millar,Midfielder,74,false,https://7a0.com.br/en/copas/2010/chi
2010,South Africa,chi,Chile,78,2,Midfield,10,Jorge Valdivia,Attacking midfielder,83,false,https://7a0.com.br/en/copas/2010/chi
2010,South Africa,chi,Chile,78,2,Midfield,14,Matías Fernández,Attacking midfielder,79,false,https://7a0.com.br/en/copas/2010/chi
2010,South Africa,chi,Chile,78,2,Attack,11,Mark González,Right winger,78,false,https://7a0.com.br/en/copas/2010/chi
2010,South Africa,chi,Chile,78,2,Attack,9,Humberto Suazo,Centre-forward,82,false,https://7a0.com.br/en/copas/2010/chi
2010,South Africa,chi,Chile,78,2,Attack,22,Esteban Paredes,Centre-forward,76,false,https://7a0.com.br/en/copas/2010/chi
2010,South Africa,chi,Chile,78,2,Attack,7,Alexis Sánchez,Left winger,87,true,https://7a0.com.br/en/copas/2010/chi
2010,South Africa,chi,Chile,78,2,Attack,16,Fabián Orellana,Left winger,76,false,https://7a0.com.br/en/copas/2010/chi
2010,South Africa,chi,Chile,78,2,Attack,21,Rodrigo Tello,Left winger,75,false,https://7a0.com.br/en/copas/2010/chi
2010,South Africa,eng,England,80,3,Goalkeepers,1,David James,Goalkeeper,77,false,https://7a0.com.br/en/copas/2010/eng
2010,South Africa,eng,England,80,3,Goalkeepers,12,Robert Green,Goalkeeper,75,false,https://7a0.com.br/en/copas/2010/eng
2010,South Africa,eng,England,80,3,Goalkeepers,23,Joe Hart,Goalkeeper,78,false,https://7a0.com.br/en/copas/2010/eng
2010,South Africa,eng,England,80,3,Defence,2,Glen Johnson,Right-back,80,false,https://7a0.com.br/en/copas/2010/eng
2010,South Africa,eng,England,80,3,Defence,5,Michael Dawson,Centre-back,73,false,https://7a0.com.br/en/copas/2010/eng
2010,South Africa,eng,England,80,3,Defence,6,John Terry,Centre-back,86,false,https://7a0.com.br/en/copas/2010/eng
2010,South Africa,eng,England,80,3,Defence,15,Matthew Upson,Centre-back,74,false,https://7a0.com.br/en/copas/2010/eng
2010,South Africa,eng,England,80,3,Defence,18,Jamie Carragher,Centre-back,82,false,https://7a0.com.br/en/copas/2010/eng
2010,South Africa,eng,England,80,3,Defence,20,Ledley King,Centre-back,76,false,https://7a0.com.br/en/copas/2010/eng
2010,South Africa,eng,England,80,3,Defence,3,Ashley Cole,Left-back,87,false,https://7a0.com.br/en/copas/2010/eng
2010,South Africa,eng,England,80,3,Midfield,14,Gareth Barry,Defensive midfielder,80,false,https://7a0.com.br/en/copas/2010/eng
2010,South Africa,eng,England,80,3,Midfield,22,Michael Carrick,Defensive midfielder,79,false,https://7a0.com.br/en/copas/2010/eng
2010,South Africa,eng,England,80,3,Midfield,16,James Milner,Right midfielder,79,false,https://7a0.com.br/en/copas/2010/eng
2010,South Africa,eng,England,80,3,Midfield,8,Frank Lampard,Midfielder,87,true,https://7a0.com.br/en/copas/2010/eng
2010,South Africa,eng,England,80,3,Midfield,4,Steven Gerrard,Left midfielder,88,true,https://7a0.com.br/en/copas/2010/eng
2010,South Africa,eng,England,80,3,Attack,7,Aaron Lennon,Right winger,78,false,https://7a0.com.br/en/copas/2010/eng
2010,South Africa,eng,England,80,3,Attack,17,Shaun Wright-Phillips,Right winger,76,false,https://7a0.com.br/en/copas/2010/eng
2010,South Africa,eng,England,80,3,Attack,9,Peter Crouch,Centre-forward,73,false,https://7a0.com.br/en/copas/2010/eng
2010,South Africa,eng,England,80,3,Attack,10,Wayne Rooney,Centre-forward,88,true,https://7a0.com.br/en/copas/2010/eng
2010,South Africa,eng,England,80,3,Attack,19,Jermain Defoe,Centre-forward,80,false,https://7a0.com.br/en/copas/2010/eng
2010,South Africa,eng,England,80,3,Attack,21,Emile Heskey,Centre-forward,74,false,https://7a0.com.br/en/copas/2010/eng
2010,South Africa,eng,England,80,3,Attack,11,Joe Cole,Left winger,80,false,https://7a0.com.br/en/copas/2010/eng
2010,South Africa,fra,France,79,1,Goalkeepers,1,Hugo Lloris,Goalkeeper,82,false,https://7a0.com.br/en/copas/2010/fra
2010,South Africa,fra,France,79,1,Goalkeepers,16,Steve Mandanda,Goalkeeper,78,false,https://7a0.com.br/en/copas/2010/fra
2010,South Africa,fra,France,79,1,Goalkeepers,23,Cédric Carrasso,Goalkeeper,72,false,https://7a0.com.br/en/copas/2010/fra
2010,South Africa,fra,France,79,1,Defence,2,Bacary Sagna,Right-back,79,false,https://7a0.com.br/en/copas/2010/fra
2010,South Africa,fra,France,79,1,Defence,4,Anthony Réveillère,Right-back,75,false,https://7a0.com.br/en/copas/2010/fra
2010,South Africa,fra,France,79,1,Defence,5,William Gallas,Centre-back,81,false,https://7a0.com.br/en/copas/2010/fra
2010,South Africa,fra,France,79,1,Defence,6,Marc Planus,Centre-back,74,false,https://7a0.com.br/en/copas/2010/fra
2010,South Africa,fra,France,79,1,Defence,17,Sébastien Squillaci,Centre-back,76,false,https://7a0.com.br/en/copas/2010/fra
2010,South Africa,fra,France,79,1,Defence,3,Eric Abidal,Left-back,82,false,https://7a0.com.br/en/copas/2010/fra
2010,South Africa,fra,France,79,1,Defence,13,Patrice Evra,Left-back,82,false,https://7a0.com.br/en/copas/2010/fra
2010,South Africa,fra,France,79,1,Defence,22,Gaël Clichy,Left-back,77,false,https://7a0.com.br/en/copas/2010/fra
2010,South Africa,fra,France,79,1,Midfield,14,Jérémy Toulalan,Defensive midfielder,79,false,https://7a0.com.br/en/copas/2010/fra
2010,South Africa,fra,France,79,1,Midfield,18,Alou Diarra,Defensive midfielder,78,false,https://7a0.com.br/en/copas/2010/fra
2010,South Africa,fra,France,79,1,Midfield,19,Abou Diaby,Midfielder,77,false,https://7a0.com.br/en/copas/2010/fra
2010,South Africa,fra,France,79,1,Midfield,15,Florent Malouda,Left midfielder,83,false,https://7a0.com.br/en/copas/2010/fra
2010,South Africa,fra,France,79,1,Midfield,8,Yoann Gourcuff,Attacking midfielder,81,false,https://7a0.com.br/en/copas/2010/fra
2010,South Africa,fra,France,79,1,Midfield,20,Mathieu Valbuena,Attacking midfielder,77,false,https://7a0.com.br/en/copas/2010/fra
2010,South Africa,fra,France,79,1,Attack,10,Sidney Govou,Right winger,77,false,https://7a0.com.br/en/copas/2010/fra
2010,South Africa,fra,France,79,1,Attack,9,Djibril Cissé,Centre-forward,76,false,https://7a0.com.br/en/copas/2010/fra
2010,South Africa,fra,France,79,1,Attack,11,André-Pierre Gignac,Centre-forward,76,false,https://7a0.com.br/en/copas/2010/fra
2010,South Africa,fra,France,79,1,Attack,12,Thierry Henry,Centre-forward,82,true,https://7a0.com.br/en/copas/2010/fra
2010,South Africa,fra,France,79,1,Attack,21,Nicolas Anelka,Centre-forward,81,false,https://7a0.com.br/en/copas/2010/fra
2010,South Africa,fra,France,79,1,Attack,7,Franck Ribéry,Left winger,86,false,https://7a0.com.br/en/copas/2010/fra
2010,South Africa,ger,Germany,79,3,Goalkeepers,1,Manuel Neuer,Goalkeeper,82,false,https://7a0.com.br/en/copas/2010/ger
2010,South Africa,ger,Germany,79,3,Goalkeepers,12,Tim Wiese,Goalkeeper,74,false,https://7a0.com.br/en/copas/2010/ger
2010,South Africa,ger,Germany,79,3,Goalkeepers,22,Hans-Jörg Butt,Goalkeeper,73,false,https://7a0.com.br/en/copas/2010/ger
2010,South Africa,ger,Germany,79,3,Defence,16,Philipp Lahm,Right-back,86,true,https://7a0.com.br/en/copas/2010/ger
2010,South Africa,ger,Germany,79,3,Defence,20,Jérôme Boateng,Right-back,78,false,https://7a0.com.br/en/copas/2010/ger
2010,South Africa,ger,Germany,79,3,Defence,3,Arne Friedrich,Centre-back,78,false,https://7a0.com.br/en/copas/2010/ger
2010,South Africa,ger,Germany,79,3,Defence,5,Serdar Tasci,Centre-back,74,false,https://7a0.com.br/en/copas/2010/ger
2010,South Africa,ger,Germany,79,3,Defence,14,Holger Badstuber,Centre-back,76,false,https://7a0.com.br/en/copas/2010/ger
2010,South Africa,ger,Germany,79,3,Defence,17,Per Mertesacker,Centre-back,81,false,https://7a0.com.br/en/copas/2010/ger
2010,South Africa,ger,Germany,79,3,Defence,2,Marcell Jansen,Left-back,75,false,https://7a0.com.br/en/copas/2010/ger
2010,South Africa,ger,Germany,79,3,Defence,4,Dennis Aogo,Left-back,74,false,https://7a0.com.br/en/copas/2010/ger
2010,South Africa,ger,Germany,79,3,Midfield,6,Sami Khedira,Defensive midfielder,82,false,https://7a0.com.br/en/copas/2010/ger
2010,South Africa,ger,Germany,79,3,Midfield,7,Bastian Schweinsteiger,Defensive midfielder,87,true,https://7a0.com.br/en/copas/2010/ger
2010,South Africa,ger,Germany,79,3,Midfield,18,Toni Kroos,Midfielder,77,false,https://7a0.com.br/en/copas/2010/ger
2010,South Africa,ger,Germany,79,3,Midfield,15,Piotr Trochowski,Left midfielder,74,false,https://7a0.com.br/en/copas/2010/ger
2010,South Africa,ger,Germany,79,3,Midfield,21,Marko Marin,Left midfielder,72,false,https://7a0.com.br/en/copas/2010/ger
2010,South Africa,ger,Germany,79,3,Midfield,8,Mesut Özil,Attacking midfielder,85,false,https://7a0.com.br/en/copas/2010/ger
2010,South Africa,ger,Germany,79,3,Attack,13,Thomas Müller,Right winger,83,false,https://7a0.com.br/en/copas/2010/ger
2010,South Africa,ger,Germany,79,3,Attack,9,Stefan Kießling,Centre-forward,75,false,https://7a0.com.br/en/copas/2010/ger
2010,South Africa,ger,Germany,79,3,Attack,11,Miroslav Klose,Centre-forward,85,true,https://7a0.com.br/en/copas/2010/ger
2010,South Africa,ger,Germany,79,3,Attack,19,Cacau,Centre-forward,75,false,https://7a0.com.br/en/copas/2010/ger
2010,South Africa,ger,Germany,79,3,Attack,23,Mario Gómez,Centre-forward,79,false,https://7a0.com.br/en/copas/2010/ger
2010,South Africa,ger,Germany,79,3,Attack,10,Lukas Podolski,Left winger,82,false,https://7a0.com.br/en/copas/2010/ger
2010,South Africa,gha,Ghana,73,0,Goalkeepers,1,Daniel Agyei,Goalkeeper,67,false,https://7a0.com.br/en/copas/2010/gha
2010,South Africa,gha,Ghana,73,0,Goalkeepers,16,Stephen Ahorlu,Goalkeeper,64,false,https://7a0.com.br/en/copas/2010/gha
2010,South Africa,gha,Ghana,73,0,Goalkeepers,22,Richard Kingson,Goalkeeper,74,false,https://7a0.com.br/en/copas/2010/gha
2010,South Africa,gha,Ghana,73,0,Defence,4,John Paintsil,Right-back,75,false,https://7a0.com.br/en/copas/2010/gha
2010,South Africa,gha,Ghana,73,0,Defence,7,Samuel Inkoom,Right-back,73,false,https://7a0.com.br/en/copas/2010/gha
2010,South Africa,gha,Ghana,73,0,Defence,17,Ibrahim Ayew,Right-back,66,false,https://7a0.com.br/en/copas/2010/gha
2010,South Africa,gha,Ghana,73,0,Defence,5,John Mensah,Centre-back,77,false,https://7a0.com.br/en/copas/2010/gha
2010,South Africa,gha,Ghana,73,0,Defence,8,Jonathan Mensah,Centre-back,71,false,https://7a0.com.br/en/copas/2010/gha
2010,South Africa,gha,Ghana,73,0,Defence,15,Isaac Vorsah,Centre-back,71,false,https://7a0.com.br/en/copas/2010/gha
2010,South Africa,gha,Ghana,73,0,Defence,19,Lee Addy,Centre-back,66,false,https://7a0.com.br/en/copas/2010/gha
2010,South Africa,gha,Ghana,73,0,Defence,2,Hans Sarpei,Left-back,74,false,https://7a0.com.br/en/copas/2010/gha
2010,South Africa,gha,Ghana,73,0,Midfield,6,Anthony Annan,Defensive midfielder,76,false,https://7a0.com.br/en/copas/2010/gha
2010,South Africa,gha,Ghana,73,0,Midfield,9,Derek Boateng,Defensive midfielder,72,false,https://7a0.com.br/en/copas/2010/gha
2010,South Africa,gha,Ghana,73,0,Midfield,23,Kevin-Prince Boateng,Defensive midfielder,78,false,https://7a0.com.br/en/copas/2010/gha
2010,South Africa,gha,Ghana,73,0,Midfield,11,Sulley Muntari,Midfielder,79,false,https://7a0.com.br/en/copas/2010/gha
2010,South Africa,gha,Ghana,73,0,Midfield,21,Kwadwo Asamoah,Midfielder,77,false,https://7a0.com.br/en/copas/2010/gha
2010,South Africa,gha,Ghana,73,0,Midfield,10,Stephen Appiah,Attacking midfielder,76,false,https://7a0.com.br/en/copas/2010/gha
2010,South Africa,gha,Ghana,73,0,Attack,20,Quincy Owusu-Abeyie,Right winger,71,false,https://7a0.com.br/en/copas/2010/gha
2010,South Africa,gha,Ghana,73,0,Attack,3,Asamoah Gyan,Centre-forward,81,false,https://7a0.com.br/en/copas/2010/gha
2010,South Africa,gha,Ghana,73,0,Attack,12,Prince Tagoe,Centre-forward,70,false,https://7a0.com.br/en/copas/2010/gha
2010,South Africa,gha,Ghana,73,0,Attack,14,Matthew Amoah,Centre-forward,70,false,https://7a0.com.br/en/copas/2010/gha
2010,South Africa,gha,Ghana,73,0,Attack,18,Dominic Adiyiah,Centre-forward,68,false,https://7a0.com.br/en/copas/2010/gha
2010,South Africa,gha,Ghana,73,0,Attack,13,André Ayew,Left winger,76,false,https://7a0.com.br/en/copas/2010/gha
2010,South Africa,gre,Greece,76,1,Goalkeepers,1,Kostas Chalkias,Goalkeeper,75,false,https://7a0.com.br/en/copas/2010/gre
2010,South Africa,gre,Greece,76,1,Goalkeepers,12,Alexandros Tzorvas,Goalkeeper,76,false,https://7a0.com.br/en/copas/2010/gre
2010,South Africa,gre,Greece,76,1,Goalkeepers,13,Michalis Sifakis,Goalkeeper,74,false,https://7a0.com.br/en/copas/2010/gre
2010,South Africa,gre,Greece,76,1,Defence,2,Giourkas Seitaridis,Right-back,76,false,https://7a0.com.br/en/copas/2010/gre
2010,South Africa,gre,Greece,76,1,Defence,15,Vasilis Torosidis,Right-back,78,false,https://7a0.com.br/en/copas/2010/gre
2010,South Africa,gre,Greece,76,1,Defence,5,Vangelis Moras,Centre-back,75,false,https://7a0.com.br/en/copas/2010/gre
2010,South Africa,gre,Greece,76,1,Defence,8,Avraam Papadopoulos,Centre-back,78,false,https://7a0.com.br/en/copas/2010/gre
2010,South Africa,gre,Greece,76,1,Defence,11,Loukas Vyntra,Centre-back,75,false,https://7a0.com.br/en/copas/2010/gre
2010,South Africa,gre,Greece,76,1,Defence,16,Sotirios Kyrgiakos,Centre-back,77,false,https://7a0.com.br/en/copas/2010/gre
2010,South Africa,gre,Greece,76,1,Defence,19,Sokratis Papastathopoulos,Centre-back,79,false,https://7a0.com.br/en/copas/2010/gre
2010,South Africa,gre,Greece,76,1,Defence,22,Stelios Malezas,Centre-back,73,false,https://7a0.com.br/en/copas/2010/gre
2010,South Africa,gre,Greece,76,1,Defence,3,Christos Patsatzoglou,Left-back,73,false,https://7a0.com.br/en/copas/2010/gre
2010,South Africa,gre,Greece,76,1,Defence,4,Nikos Spyropoulos,Left-back,74,false,https://7a0.com.br/en/copas/2010/gre
2010,South Africa,gre,Greece,76,1,Midfield,6,Alexandros Tziolis,Defensive midfielder,75,false,https://7a0.com.br/en/copas/2010/gre
2010,South Africa,gre,Greece,76,1,Midfield,21,Kostas Katsouranis,Defensive midfielder,80,false,https://7a0.com.br/en/copas/2010/gre
2010,South Africa,gre,Greece,76,1,Midfield,23,Sakis Prittas,Defensive midfielder,72,false,https://7a0.com.br/en/copas/2010/gre
2010,South Africa,gre,Greece,76,1,Midfield,10,Giorgos Karagounis,Midfielder,83,true,https://7a0.com.br/en/copas/2010/gre
2010,South Africa,gre,Greece,76,1,Midfield,18,Sotiris Ninis,Left midfielder,74,false,https://7a0.com.br/en/copas/2010/gre
2010,South Africa,gre,Greece,76,1,Attack,14,Dimitris Salpingidis,Right winger,77,false,https://7a0.com.br/en/copas/2010/gre
2010,South Africa,gre,Greece,76,1,Attack,9,Angelos Charisteas,Centre-forward,79,false,https://7a0.com.br/en/copas/2010/gre
2010,South Africa,gre,Greece,76,1,Attack,17,Theofanis Gekas,Centre-forward,77,false,https://7a0.com.br/en/copas/2010/gre
2010,South Africa,gre,Greece,76,1,Attack,20,Pantelis Kapetanos,Centre-forward,73,false,https://7a0.com.br/en/copas/2010/gre
2010,South Africa,gre,Greece,76,1,Attack,7,Georgios Samaras,Left winger,82,false,https://7a0.com.br/en/copas/2010/gre
2010,South Africa,ita,Italy,79,3,Goalkeepers,1,Gianluigi Buffon,Goalkeeper,88,true,https://7a0.com.br/en/copas/2010/ita
2010,South Africa,ita,Italy,79,3,Goalkeepers,12,Federico Marchetti,Goalkeeper,76,false,https://7a0.com.br/en/copas/2010/ita
2010,South Africa,ita,Italy,79,3,Goalkeepers,14,Morgan De Sanctis,Goalkeeper,72,false,https://7a0.com.br/en/copas/2010/ita
2010,South Africa,ita,Italy,79,3,Defence,2,Christian Maggio,Right-back,77,false,https://7a0.com.br/en/copas/2010/ita
2010,South Africa,ita,Italy,79,3,Defence,19,Gianluca Zambrotta,Right-back,82,false,https://7a0.com.br/en/copas/2010/ita
2010,South Africa,ita,Italy,79,3,Defence,4,Giorgio Chiellini,Centre-back,84,false,https://7a0.com.br/en/copas/2010/ita
2010,South Africa,ita,Italy,79,3,Defence,5,Fabio Cannavaro,Centre-back,84,true,https://7a0.com.br/en/copas/2010/ita
2010,South Africa,ita,Italy,79,3,Defence,13,Salvatore Bocchetti,Centre-back,74,false,https://7a0.com.br/en/copas/2010/ita
2010,South Africa,ita,Italy,79,3,Defence,23,Leonardo Bonucci,Centre-back,76,false,https://7a0.com.br/en/copas/2010/ita
2010,South Africa,ita,Italy,79,3,Defence,3,Domenico Criscito,Left-back,76,false,https://7a0.com.br/en/copas/2010/ita
2010,South Africa,ita,Italy,79,3,Midfield,6,Daniele De Rossi,Defensive midfielder,85,false,https://7a0.com.br/en/copas/2010/ita
2010,South Africa,ita,Italy,79,3,Midfield,8,Gennaro Gattuso,Defensive midfielder,80,false,https://7a0.com.br/en/copas/2010/ita
2010,South Africa,ita,Italy,79,3,Midfield,17,Angelo Palombo,Defensive midfielder,75,false,https://7a0.com.br/en/copas/2010/ita
2010,South Africa,ita,Italy,79,3,Midfield,7,Simone Pepe,Right midfielder,76,false,https://7a0.com.br/en/copas/2010/ita
2010,South Africa,ita,Italy,79,3,Midfield,16,Mauro Camoranesi,Right midfielder,78,false,https://7a0.com.br/en/copas/2010/ita
2010,South Africa,ita,Italy,79,3,Midfield,15,Claudio Marchisio,Midfielder,78,false,https://7a0.com.br/en/copas/2010/ita
2010,South Africa,ita,Italy,79,3,Midfield,21,Andrea Pirlo,Midfielder,89,true,https://7a0.com.br/en/copas/2010/ita
2010,South Africa,ita,Italy,79,3,Midfield,22,Riccardo Montolivo,Midfielder,77,false,https://7a0.com.br/en/copas/2010/ita
2010,South Africa,ita,Italy,79,3,Attack,9,Vincenzo Iaquinta,Centre-forward,78,false,https://7a0.com.br/en/copas/2010/ita
2010,South Africa,ita,Italy,79,3,Attack,10,Antonio Di Natale,Centre-forward,82,false,https://7a0.com.br/en/copas/2010/ita
2010,South Africa,ita,Italy,79,3,Attack,11,Alberto Gilardino,Centre-forward,78,false,https://7a0.com.br/en/copas/2010/ita
2010,South Africa,ita,Italy,79,3,Attack,18,Fabio Quagliarella,Centre-forward,77,false,https://7a0.com.br/en/copas/2010/ita
2010,South Africa,ita,Italy,79,3,Attack,20,Giampaolo Pazzini,Centre-forward,75,false,https://7a0.com.br/en/copas/2010/ita
2010,South Africa,civ,Ivory Coast,78,1,Goalkeepers,1,Boubacar Barry,Goalkeeper,77,false,https://7a0.com.br/en/copas/2010/civ
2010,South Africa,civ,Ivory Coast,78,1,Goalkeepers,16,Aristide Zogbo,Goalkeeper,74,false,https://7a0.com.br/en/copas/2010/civ
2010,South Africa,civ,Ivory Coast,78,1,Goalkeepers,23,Daniel Yeboah,Goalkeeper,70,false,https://7a0.com.br/en/copas/2010/civ
2010,South Africa,civ,Ivory Coast,78,1,Defence,20,Guy Demel,Right-back,77,false,https://7a0.com.br/en/copas/2010/civ
2010,South Africa,civ,Ivory Coast,78,1,Defence,21,Emmanuel Eboué,Right-back,80,false,https://7a0.com.br/en/copas/2010/civ
2010,South Africa,civ,Ivory Coast,78,1,Defence,2,Benjamin Angoua,Centre-back,73,false,https://7a0.com.br/en/copas/2010/civ
2010,South Africa,civ,Ivory Coast,78,1,Defence,4,Kolo Touré,Centre-back,84,false,https://7a0.com.br/en/copas/2010/civ
2010,South Africa,civ,Ivory Coast,78,1,Defence,6,Steve Gohouri,Centre-back,74,false,https://7a0.com.br/en/copas/2010/civ
2010,South Africa,civ,Ivory Coast,78,1,Defence,22,Sol Bamba,Centre-back,75,false,https://7a0.com.br/en/copas/2010/civ
2010,South Africa,civ,Ivory Coast,78,1,Defence,3,Arthur Boka,Left-back,80,false,https://7a0.com.br/en/copas/2010/civ
2010,South Africa,civ,Ivory Coast,78,1,Defence,17,Siaka Tiéné,Left-back,76,false,https://7a0.com.br/en/copas/2010/civ
2010,South Africa,civ,Ivory Coast,78,1,Midfield,5,Didier Zokora,Defensive midfielder,81,false,https://7a0.com.br/en/copas/2010/civ
2010,South Africa,civ,Ivory Coast,78,1,Midfield,9,Cheick Tioté,Defensive midfielder,80,false,https://7a0.com.br/en/copas/2010/civ
2010,South Africa,civ,Ivory Coast,78,1,Midfield,12,Jean-Jacques Gosso,Defensive midfielder,74,false,https://7a0.com.br/en/copas/2010/civ
2010,South Africa,civ,Ivory Coast,78,1,Midfield,14,Emmanuel Koné,Defensive midfielder,73,false,https://7a0.com.br/en/copas/2010/civ
2010,South Africa,civ,Ivory Coast,78,1,Midfield,13,Romaric,Midfielder,76,false,https://7a0.com.br/en/copas/2010/civ
2010,South Africa,civ,Ivory Coast,78,1,Midfield,19,Yaya Touré,Midfielder,86,false,https://7a0.com.br/en/copas/2010/civ
2010,South Africa,civ,Ivory Coast,78,1,Attack,10,Gervinho,Right winger,80,false,https://7a0.com.br/en/copas/2010/civ
2010,South Africa,civ,Ivory Coast,78,1,Attack,18,Kader Keïta,Right winger,79,false,https://7a0.com.br/en/copas/2010/civ
2010,South Africa,civ,Ivory Coast,78,1,Attack,7,Seydou Doumbia,Centre-forward,78,false,https://7a0.com.br/en/copas/2010/civ
2010,South Africa,civ,Ivory Coast,78,1,Attack,11,Didier Drogba,Centre-forward,88,true,https://7a0.com.br/en/copas/2010/civ
2010,South Africa,civ,Ivory Coast,78,1,Attack,15,Aruna Dindane,Centre-forward,78,false,https://7a0.com.br/en/copas/2010/civ
2010,South Africa,civ,Ivory Coast,78,1,Attack,8,Salomon Kalou,Left winger,81,false,https://7a0.com.br/en/copas/2010/civ
2010,South Africa,jpn,Japan,76,2,Goalkeepers,1,Seigo Narazaki,Goalkeeper,77,false,https://7a0.com.br/en/copas/2010/jpn
2010,South Africa,jpn,Japan,76,2,Goalkeepers,21,Eiji Kawashima,Goalkeeper,75,false,https://7a0.com.br/en/copas/2010/jpn
2010,South Africa,jpn,Japan,76,2,Goalkeepers,23,Yoshikatsu Kawaguchi,Goalkeeper,76,false,https://7a0.com.br/en/copas/2010/jpn
2010,South Africa,jpn,Japan,76,2,Defence,2,Yūichi Komano,Right-back,74,false,https://7a0.com.br/en/copas/2010/jpn
2010,South Africa,jpn,Japan,76,2,Defence,22,Atsuto Uchida,Right-back,78,false,https://7a0.com.br/en/copas/2010/jpn
2010,South Africa,jpn,Japan,76,2,Defence,3,Marcus Tulio Tanaka,Centre-back,75,false,https://7a0.com.br/en/copas/2010/jpn
2010,South Africa,jpn,Japan,76,2,Defence,4,Yuji Nakazawa,Centre-back,78,true,https://7a0.com.br/en/copas/2010/jpn
2010,South Africa,jpn,Japan,76,2,Defence,5,Daiki Iwamasa,Centre-back,71,false,https://7a0.com.br/en/copas/2010/jpn
2010,South Africa,jpn,Japan,76,2,Defence,6,Yuki Abe,Centre-back,74,false,https://7a0.com.br/en/copas/2010/jpn
2010,South Africa,jpn,Japan,76,2,Defence,11,Yasuyuki Konno,Centre-back,74,false,https://7a0.com.br/en/copas/2010/jpn
2010,South Africa,jpn,Japan,76,2,Defence,16,Yuto Nagatomo,Left-back,81,false,https://7a0.com.br/en/copas/2010/jpn
2010,South Africa,jpn,Japan,76,2,Midfield,15,Makoto Hasebe,Defensive midfielder,75,false,https://7a0.com.br/en/copas/2010/jpn
2010,South Africa,jpn,Japan,76,2,Midfield,18,Yasuhito Endo,Defensive midfielder,77,false,https://7a0.com.br/en/copas/2010/jpn
2010,South Africa,jpn,Japan,76,2,Midfield,19,Junichi Inamoto,Defensive midfielder,73,false,https://7a0.com.br/en/copas/2010/jpn
2010,South Africa,jpn,Japan,76,2,Midfield,12,Kengo Nakamura,Midfielder,71,false,https://7a0.com.br/en/copas/2010/jpn
2010,South Africa,jpn,Japan,76,2,Midfield,9,Shunsuke Nakamura,Attacking midfielder,86,true,https://7a0.com.br/en/copas/2010/jpn
2010,South Africa,jpn,Japan,76,2,Midfield,10,Daisuke Matsui,Attacking midfielder,76,false,https://7a0.com.br/en/copas/2010/jpn
2010,South Africa,jpn,Japan,76,2,Attack,7,Shinji Okazaki,Centre-forward,76,false,https://7a0.com.br/en/copas/2010/jpn
2010,South Africa,jpn,Japan,76,2,Attack,8,Keisuke Honda,Centre-forward,82,false,https://7a0.com.br/en/copas/2010/jpn
2010,South Africa,jpn,Japan,76,2,Attack,13,Yoshito Okubo,Centre-forward,76,false,https://7a0.com.br/en/copas/2010/jpn
2010,South Africa,jpn,Japan,76,2,Attack,14,Keiji Tamada,Centre-forward,73,false,https://7a0.com.br/en/copas/2010/jpn
2010,South Africa,jpn,Japan,76,2,Attack,17,Takayuki Morimoto,Centre-forward,71,false,https://7a0.com.br/en/copas/2010/jpn
2010,South Africa,jpn,Japan,76,2,Attack,20,Kisho Yano,Centre-forward,70,false,https://7a0.com.br/en/copas/2010/jpn
2010,South Africa,mex,Mexico,76,0,Goalkeepers,1,Óscar Pérez,Goalkeeper,74,false,https://7a0.com.br/en/copas/2010/mex
2010,South Africa,mex,Mexico,76,0,Goalkeepers,13,Guillermo Ochoa,Goalkeeper,78,false,https://7a0.com.br/en/copas/2010/mex
2010,South Africa,mex,Mexico,76,0,Goalkeepers,23,Luis Ernesto Michel,Goalkeeper,70,false,https://7a0.com.br/en/copas/2010/mex
2010,South Africa,mex,Mexico,76,0,Defence,12,Paul Aguilar,Right-back,73,false,https://7a0.com.br/en/copas/2010/mex
2010,South Africa,mex,Mexico,76,0,Defence,16,Efraín Juárez,Right-back,73,false,https://7a0.com.br/en/copas/2010/mex
2010,South Africa,mex,Mexico,76,0,Defence,2,Francisco Javier Rodríguez,Centre-back,76,false,https://7a0.com.br/en/copas/2010/mex
2010,South Africa,mex,Mexico,76,0,Defence,4,Rafael Márquez,Centre-back,85,false,https://7a0.com.br/en/copas/2010/mex
2010,South Africa,mex,Mexico,76,0,Defence,5,Ricardo Osorio,Centre-back,75,false,https://7a0.com.br/en/copas/2010/mex
2010,South Africa,mex,Mexico,76,0,Defence,15,Héctor Moreno,Centre-back,76,false,https://7a0.com.br/en/copas/2010/mex
2010,South Africa,mex,Mexico,76,0,Defence,19,Jonny Magallón,Centre-back,72,false,https://7a0.com.br/en/copas/2010/mex
2010,South Africa,mex,Mexico,76,0,Defence,3,Carlos Salcido,Left-back,79,false,https://7a0.com.br/en/copas/2010/mex
2010,South Africa,mex,Mexico,76,0,Defence,20,Jorge Torres Nilo,Left-back,71,false,https://7a0.com.br/en/copas/2010/mex
2010,South Africa,mex,Mexico,76,0,Midfield,6,Gerardo Torrado,Defensive midfielder,76,false,https://7a0.com.br/en/copas/2010/mex
2010,South Africa,mex,Mexico,76,0,Midfield,8,Israel Castro,Defensive midfielder,73,false,https://7a0.com.br/en/copas/2010/mex
2010,South Africa,mex,Mexico,76,0,Midfield,18,Andrés Guardado,Left midfielder,81,false,https://7a0.com.br/en/copas/2010/mex
2010,South Africa,mex,Mexico,76,0,Midfield,21,Adolfo Bautista,Left midfielder,73,false,https://7a0.com.br/en/copas/2010/mex
2010,South Africa,mex,Mexico,76,0,Midfield,10,Cuauhtémoc Blanco,Attacking midfielder,80,false,https://7a0.com.br/en/copas/2010/mex
2010,South Africa,mex,Mexico,76,0,Attack,7,Pablo Barrera,Right winger,76,false,https://7a0.com.br/en/copas/2010/mex
2010,South Africa,mex,Mexico,76,0,Attack,17,Giovani dos Santos,Right winger,82,false,https://7a0.com.br/en/copas/2010/mex
2010,South Africa,mex,Mexico,76,0,Attack,22,Alberto Medina,Right winger,73,false,https://7a0.com.br/en/copas/2010/mex
2010,South Africa,mex,Mexico,76,0,Attack,9,Guillermo Franco,Centre-forward,75,false,https://7a0.com.br/en/copas/2010/mex
2010,South Africa,mex,Mexico,76,0,Attack,14,Javier Hernández,Centre-forward,81,false,https://7a0.com.br/en/copas/2010/mex
2010,South Africa,mex,Mexico,76,0,Attack,11,Carlos Vela,Left winger,80,false,https://7a0.com.br/en/copas/2010/mex
2010,South Africa,ned,Netherlands,79,3,Goalkeepers,1,Maarten Stekelenburg,Goalkeeper,82,false,https://7a0.com.br/en/copas/2010/ned
2010,South Africa,ned,Netherlands,79,3,Goalkeepers,16,Michel Vorm,Goalkeeper,74,false,https://7a0.com.br/en/copas/2010/ned
2010,South Africa,ned,Netherlands,79,3,Goalkeepers,22,Sander Boschker,Goalkeeper,68,false,https://7a0.com.br/en/copas/2010/ned
2010,South Africa,ned,Netherlands,79,3,Defence,2,Gregory Van der Wiel,Right-back,80,false,https://7a0.com.br/en/copas/2010/ned
2010,South Africa,ned,Netherlands,79,3,Defence,3,John Heitinga,Centre-back,80,false,https://7a0.com.br/en/copas/2010/ned
2010,South Africa,ned,Netherlands,79,3,Defence,4,Joris Mathijsen,Centre-back,78,false,https://7a0.com.br/en/copas/2010/ned
2010,South Africa,ned,Netherlands,79,3,Defence,12,Khalid Boulahrouz,Centre-back,73,false,https://7a0.com.br/en/copas/2010/ned
2010,South Africa,ned,Netherlands,79,3,Defence,13,André Ooijer,Centre-back,73,false,https://7a0.com.br/en/copas/2010/ned
2010,South Africa,ned,Netherlands,79,3,Defence,5,Giovanni Van Bronckhorst,Left-back,81,false,https://7a0.com.br/en/copas/2010/ned
2010,South Africa,ned,Netherlands,79,3,Defence,15,Edson Braafheid,Left-back,72,false,https://7a0.com.br/en/copas/2010/ned
2010,South Africa,ned,Netherlands,79,3,Midfield,6,Mark Van Bommel,Defensive midfielder,83,false,https://7a0.com.br/en/copas/2010/ned
2010,South Africa,ned,Netherlands,79,3,Midfield,8,Nigel De Jong,Defensive midfielder,82,false,https://7a0.com.br/en/copas/2010/ned
2010,South Africa,ned,Netherlands,79,3,Midfield,14,Demy De Zeeuw,Defensive midfielder,75,false,https://7a0.com.br/en/copas/2010/ned
2010,South Africa,ned,Netherlands,79,3,Midfield,18,Stijn Schaars,Midfielder,73,false,https://7a0.com.br/en/copas/2010/ned
2010,South Africa,ned,Netherlands,79,3,Midfield,20,Ibrahim Afellay,Left midfielder,77,false,https://7a0.com.br/en/copas/2010/ned
2010,South Africa,ned,Netherlands,79,3,Midfield,10,Wesley Sneijder,Attacking midfielder,92,true,https://7a0.com.br/en/copas/2010/ned
2010,South Africa,ned,Netherlands,79,3,Midfield,23,Rafael Van der Vaart,Attacking midfielder,84,false,https://7a0.com.br/en/copas/2010/ned
2010,South Africa,ned,Netherlands,79,3,Attack,7,Dirk Kuyt,Right winger,82,false,https://7a0.com.br/en/copas/2010/ned
2010,South Africa,ned,Netherlands,79,3,Attack,11,Arjen Robben,Right winger,92,true,https://7a0.com.br/en/copas/2010/ned
2010,South Africa,ned,Netherlands,79,3,Attack,9,Robin Van Persie,Centre-forward,88,true,https://7a0.com.br/en/copas/2010/ned
2010,South Africa,ned,Netherlands,79,3,Attack,21,Klaas-Jan Huntelaar,Centre-forward,83,false,https://7a0.com.br/en/copas/2010/ned
2010,South Africa,ned,Netherlands,79,3,Attack,17,Eljero Elia,Left winger,75,false,https://7a0.com.br/en/copas/2010/ned
2010,South Africa,ned,Netherlands,79,3,Attack,19,Ryan Babel,Left winger,76,false,https://7a0.com.br/en/copas/2010/ned
2010,South Africa,par,Paraguay,75,0,Goalkeepers,1,Justo Villar,Goalkeeper,80,false,https://7a0.com.br/en/copas/2010/par
2010,South Africa,par,Paraguay,75,0,Goalkeepers,12,Diego Barreto,Goalkeeper,71,false,https://7a0.com.br/en/copas/2010/par
2010,South Africa,par,Paraguay,75,0,Goalkeepers,22,Aldo Bobadilla,Goalkeeper,70,false,https://7a0.com.br/en/copas/2010/par
2010,South Africa,par,Paraguay,75,0,Defence,4,Denis Caniza,Right-back,75,false,https://7a0.com.br/en/copas/2010/par
2010,South Africa,par,Paraguay,75,0,Defence,6,Carlos Bonet,Right-back,74,false,https://7a0.com.br/en/copas/2010/par
2010,South Africa,par,Paraguay,75,0,Defence,2,Darío Verón,Centre-back,73,false,https://7a0.com.br/en/copas/2010/par
2010,South Africa,par,Paraguay,75,0,Defence,5,Julio César Cáceres,Centre-back,77,false,https://7a0.com.br/en/copas/2010/par
2010,South Africa,par,Paraguay,75,0,Defence,14,Paulo Da Silva,Centre-back,78,false,https://7a0.com.br/en/copas/2010/par
2010,South Africa,par,Paraguay,75,0,Defence,21,Antolín Alcaraz,Centre-back,75,false,https://7a0.com.br/en/copas/2010/par
2010,South Africa,par,Paraguay,75,0,Defence,3,Claudio Morel,Left-back,76,false,https://7a0.com.br/en/copas/2010/par
2010,South Africa,par,Paraguay,75,0,Defence,17,Aureliano Torres,Left-back,72,false,https://7a0.com.br/en/copas/2010/par
2010,South Africa,par,Paraguay,75,0,Midfield,8,Édgar Barreto,Defensive midfielder,76,false,https://7a0.com.br/en/copas/2010/par
2010,South Africa,par,Paraguay,75,0,Midfield,13,Enrique Vera,Defensive midfielder,74,false,https://7a0.com.br/en/copas/2010/par
2010,South Africa,par,Paraguay,75,0,Midfield,15,Víctor Cáceres,Defensive midfielder,74,false,https://7a0.com.br/en/copas/2010/par
2010,South Africa,par,Paraguay,75,0,Midfield,16,Cristian Riveros,Midfielder,79,false,https://7a0.com.br/en/copas/2010/par
2010,South Africa,par,Paraguay,75,0,Midfield,20,Néstor Ortigoza,Midfielder,73,false,https://7a0.com.br/en/copas/2010/par
2010,South Africa,par,Paraguay,75,0,Midfield,11,Jonathan Santana,Left midfielder,75,false,https://7a0.com.br/en/copas/2010/par
2010,South Africa,par,Paraguay,75,0,Attack,10,Édgar Benítez,Right winger,73,false,https://7a0.com.br/en/copas/2010/par
2010,South Africa,par,Paraguay,75,0,Attack,7,Óscar Cardozo,Centre-forward,81,false,https://7a0.com.br/en/copas/2010/par
2010,South Africa,par,Paraguay,75,0,Attack,9,Roque Santa Cruz,Centre-forward,82,false,https://7a0.com.br/en/copas/2010/par
2010,South Africa,par,Paraguay,75,0,Attack,19,Lucas Barrios,Centre-forward,78,false,https://7a0.com.br/en/copas/2010/par
2010,South Africa,par,Paraguay,75,0,Attack,23,Rodolfo Gamarra,Centre-forward,68,false,https://7a0.com.br/en/copas/2010/par
2010,South Africa,par,Paraguay,75,0,Attack,18,Nelson Haedo Valdez,Left winger,80,false,https://7a0.com.br/en/copas/2010/par
2010,South Africa,por,Portugal,78,2,Goalkeepers,1,Eduardo Carvalho,Goalkeeper,79,false,https://7a0.com.br/en/copas/2010/por
2010,South Africa,por,Portugal,78,2,Goalkeepers,12,Beto,Goalkeeper,73,false,https://7a0.com.br/en/copas/2010/por
2010,South Africa,por,Portugal,78,2,Goalkeepers,22,Daniel Fernandes,Goalkeeper,70,false,https://7a0.com.br/en/copas/2010/por
2010,South Africa,por,Portugal,78,2,Defence,3,Paulo Ferreira,Right-back,77,false,https://7a0.com.br/en/copas/2010/por
2010,South Africa,por,Portugal,78,2,Defence,13,Miguel,Right-back,76,false,https://7a0.com.br/en/copas/2010/por
2010,South Africa,por,Portugal,78,2,Defence,2,Bruno Alves,Centre-back,80,false,https://7a0.com.br/en/copas/2010/por
2010,South Africa,por,Portugal,78,2,Defence,4,Rolando,Centre-back,76,false,https://7a0.com.br/en/copas/2010/por
2010,South Africa,por,Portugal,78,2,Defence,6,Ricardo Carvalho,Centre-back,85,false,https://7a0.com.br/en/copas/2010/por
2010,South Africa,por,Portugal,78,2,Defence,15,Pepe,Centre-back,84,false,https://7a0.com.br/en/copas/2010/por
2010,South Africa,por,Portugal,78,2,Defence,21,Ricardo Costa,Centre-back,74,false,https://7a0.com.br/en/copas/2010/por
2010,South Africa,por,Portugal,78,2,Defence,5,Duda,Left-back,74,false,https://7a0.com.br/en/copas/2010/por
2010,South Africa,por,Portugal,78,2,Defence,23,Fábio Coentrão,Left-back,78,false,https://7a0.com.br/en/copas/2010/por
2010,South Africa,por,Portugal,78,2,Midfield,8,Pedro Mendes,Defensive midfielder,75,false,https://7a0.com.br/en/copas/2010/por
2010,South Africa,por,Portugal,78,2,Midfield,14,Miguel Veloso,Defensive midfielder,77,false,https://7a0.com.br/en/copas/2010/por
2010,South Africa,por,Portugal,78,2,Midfield,17,Ruben Amorim,Defensive midfielder,72,false,https://7a0.com.br/en/copas/2010/por
2010,South Africa,por,Portugal,78,2,Midfield,16,Raul Meireles,Midfielder,82,false,https://7a0.com.br/en/copas/2010/por
2010,South Africa,por,Portugal,78,2,Midfield,19,Tiago,Midfielder,80,false,https://7a0.com.br/en/copas/2010/por
2010,South Africa,por,Portugal,78,2,Midfield,10,Danny,Attacking midfielder,78,false,https://7a0.com.br/en/copas/2010/por
2010,South Africa,por,Portugal,78,2,Midfield,20,Deco,Attacking midfielder,84,true,https://7a0.com.br/en/copas/2010/por
2010,South Africa,por,Portugal,78,2,Attack,9,Liédson,Centre-forward,76,false,https://7a0.com.br/en/copas/2010/por
2010,South Africa,por,Portugal,78,2,Attack,18,Hugo Almeida,Centre-forward,77,false,https://7a0.com.br/en/copas/2010/por
2010,South Africa,por,Portugal,78,2,Attack,7,Cristiano Ronaldo,Left winger,91,true,https://7a0.com.br/en/copas/2010/por
2010,South Africa,por,Portugal,78,2,Attack,11,Simão,Left winger,81,false,https://7a0.com.br/en/copas/2010/por
2010,South Africa,rsa,South Africa,72,0,Goalkeepers,1,Moeneeb Josephs,Goalkeeper,68,false,https://7a0.com.br/en/copas/2010/rsa
2010,South Africa,rsa,South Africa,72,0,Goalkeepers,16,Itumeleng Khune,Goalkeeper,76,false,https://7a0.com.br/en/copas/2010/rsa
2010,South Africa,rsa,South Africa,72,0,Goalkeepers,22,Shu-Aib Walters,Goalkeeper,66,false,https://7a0.com.br/en/copas/2010/rsa
2010,South Africa,rsa,South Africa,72,0,Defence,2,Siboniso Gaxa,Right-back,71,false,https://7a0.com.br/en/copas/2010/rsa
2010,South Africa,rsa,South Africa,72,0,Defence,5,Anele Ngcongca,Right-back,71,false,https://7a0.com.br/en/copas/2010/rsa
2010,South Africa,rsa,South Africa,72,0,Defence,4,Aaron Mokoena,Centre-back,74,false,https://7a0.com.br/en/copas/2010/rsa
2010,South Africa,rsa,South Africa,72,0,Defence,14,Matthew Booth,Centre-back,70,false,https://7a0.com.br/en/copas/2010/rsa
2010,South Africa,rsa,South Africa,72,0,Defence,20,Bongani Khumalo,Centre-back,72,false,https://7a0.com.br/en/copas/2010/rsa
2010,South Africa,rsa,South Africa,72,0,Defence,21,Siyabonga Sangweni,Centre-back,69,false,https://7a0.com.br/en/copas/2010/rsa
2010,South Africa,rsa,South Africa,72,0,Defence,3,Tsepo Masilela,Left-back,71,false,https://7a0.com.br/en/copas/2010/rsa
2010,South Africa,rsa,South Africa,72,0,Defence,15,Lucas Thwala,Left-back,69,false,https://7a0.com.br/en/copas/2010/rsa
2010,South Africa,rsa,South Africa,72,0,Midfield,6,MacBeth Sibaya,Defensive midfielder,73,false,https://7a0.com.br/en/copas/2010/rsa
2010,South Africa,rsa,South Africa,72,0,Midfield,12,Reneilwe Letsholonyane,Defensive midfielder,71,false,https://7a0.com.br/en/copas/2010/rsa
2010,South Africa,rsa,South Africa,72,0,Midfield,13,Kagisho Dikgacoi,Defensive midfielder,72,false,https://7a0.com.br/en/copas/2010/rsa
2010,South Africa,rsa,South Africa,72,0,Midfield,23,Thanduyise Khuboni,Right midfielder,68,false,https://7a0.com.br/en/copas/2010/rsa
2010,South Africa,rsa,South Africa,72,0,Midfield,7,Lance Davids,Midfielder,69,false,https://7a0.com.br/en/copas/2010/rsa
2010,South Africa,rsa,South Africa,72,0,Midfield,10,Steven Pienaar,Attacking midfielder,80,false,https://7a0.com.br/en/copas/2010/rsa
2010,South Africa,rsa,South Africa,72,0,Midfield,11,Teko Modise,Attacking midfielder,74,false,https://7a0.com.br/en/copas/2010/rsa
2010,South Africa,rsa,South Africa,72,0,Midfield,19,Surprise Moriri,Attacking midfielder,70,false,https://7a0.com.br/en/copas/2010/rsa
2010,South Africa,rsa,South Africa,72,0,Attack,9,Katlego Mphela,Centre-forward,75,false,https://7a0.com.br/en/copas/2010/rsa
2010,South Africa,rsa,South Africa,72,0,Attack,17,Bernard Parker,Centre-forward,73,false,https://7a0.com.br/en/copas/2010/rsa
2010,South Africa,rsa,South Africa,72,0,Attack,18,Siyabonga Nomvethe,Centre-forward,71,false,https://7a0.com.br/en/copas/2010/rsa
2010,South Africa,rsa,South Africa,72,0,Attack,8,Siphiwe Tshabalala,Left winger,76,false,https://7a0.com.br/en/copas/2010/rsa
2010,South Africa,kor,South Korea,78,6,Goalkeepers,1,Lee Woon-jae,Goalkeeper,82,true,https://7a0.com.br/en/copas/2010/kor
2010,South Africa,kor,South Korea,78,6,Goalkeepers,18,Jung Sung-ryong,Goalkeeper,78,false,https://7a0.com.br/en/copas/2010/kor
2010,South Africa,kor,South Korea,78,6,Goalkeepers,21,Kim Young-kwang,Goalkeeper,74,false,https://7a0.com.br/en/copas/2010/kor
2010,South Africa,kor,South Korea,78,6,Defence,2,Oh Beom-seok,Right-back,76,false,https://7a0.com.br/en/copas/2010/kor
2010,South Africa,kor,South Korea,78,6,Defence,15,Kim Dong-jin,Right-back,76,false,https://7a0.com.br/en/copas/2010/kor
2010,South Africa,kor,South Korea,78,6,Defence,22,Cha Du-ri,Right-back,77,false,https://7a0.com.br/en/copas/2010/kor
2010,South Africa,kor,South Korea,78,6,Defence,3,Kim Hyung-il,Centre-back,70,false,https://7a0.com.br/en/copas/2010/kor
2010,South Africa,kor,South Korea,78,6,Defence,4,Cho Yong-hyung,Centre-back,75,false,https://7a0.com.br/en/copas/2010/kor
2010,South Africa,kor,South Korea,78,6,Defence,14,Lee Jung-soo,Centre-back,81,false,https://7a0.com.br/en/copas/2010/kor
2010,South Africa,kor,South Korea,78,6,Defence,23,Kang Min-soo,Centre-back,73,false,https://7a0.com.br/en/copas/2010/kor
2010,South Africa,kor,South Korea,78,6,Defence,12,Lee Young-pyo,Left-back,82,true,https://7a0.com.br/en/copas/2010/kor
2010,South Africa,kor,South Korea,78,6,Midfield,5,Kim Nam-il,Defensive midfielder,78,false,https://7a0.com.br/en/copas/2010/kor
2010,South Africa,kor,South Korea,78,6,Midfield,6,Kim Bo-kyung,Defensive midfielder,74,false,https://7a0.com.br/en/copas/2010/kor
2010,South Africa,kor,South Korea,78,6,Midfield,16,Ki Sung-yueng,Defensive midfielder,84,true,https://7a0.com.br/en/copas/2010/kor
2010,South Africa,kor,South Korea,78,6,Midfield,8,Kim Jung-woo,Midfielder,75,false,https://7a0.com.br/en/copas/2010/kor
2010,South Africa,kor,South Korea,78,6,Midfield,7,Park Ji-sung,Left midfielder,88,true,https://7a0.com.br/en/copas/2010/kor
2010,South Africa,kor,South Korea,78,6,Midfield,13,Kim Jae-sung,Left midfielder,78,false,https://7a0.com.br/en/copas/2010/kor
2010,South Africa,kor,South Korea,78,6,Attack,17,Lee Chung-yong,Right winger,80,false,https://7a0.com.br/en/copas/2010/kor
2010,South Africa,kor,South Korea,78,6,Attack,9,Ahn Jung-hwan,Centre-forward,80,true,https://7a0.com.br/en/copas/2010/kor
2010,South Africa,kor,South Korea,78,6,Attack,10,Park Chu-young,Centre-forward,82,false,https://7a0.com.br/en/copas/2010/kor
2010,South Africa,kor,South Korea,78,6,Attack,20,Lee Dong-gook,Centre-forward,80,true,https://7a0.com.br/en/copas/2010/kor
2010,South Africa,kor,South Korea,78,6,Attack,11,Lee Seung-yeoul,Left winger,71,false,https://7a0.com.br/en/copas/2010/kor
2010,South Africa,kor,South Korea,78,6,Attack,19,Yeom Ki-hun,Left winger,76,false,https://7a0.com.br/en/copas/2010/kor
2010,South Africa,esp,Spain,84,5,Goalkeepers,1,Iker Casillas,Goalkeeper,94,true,https://7a0.com.br/en/copas/2010/esp
2010,South Africa,esp,Spain,84,5,Goalkeepers,12,Víctor Valdés,Goalkeeper,80,false,https://7a0.com.br/en/copas/2010/esp
2010,South Africa,esp,Spain,84,5,Goalkeepers,23,Pepe Reina,Goalkeeper,80,false,https://7a0.com.br/en/copas/2010/esp
2010,South Africa,esp,Spain,84,5,Defence,15,Sergio Ramos,Right-back,91,true,https://7a0.com.br/en/copas/2010/esp
2010,South Africa,esp,Spain,84,5,Defence,17,Álvaro Arbeloa,Right-back,76,false,https://7a0.com.br/en/copas/2010/esp
2010,South Africa,esp,Spain,84,5,Defence,2,Raúl Albiol,Centre-back,76,false,https://7a0.com.br/en/copas/2010/esp
2010,South Africa,esp,Spain,84,5,Defence,3,Gerard Piqué,Centre-back,89,false,https://7a0.com.br/en/copas/2010/esp
2010,South Africa,esp,Spain,84,5,Defence,4,Carlos Marchena,Centre-back,76,false,https://7a0.com.br/en/copas/2010/esp
2010,South Africa,esp,Spain,84,5,Defence,5,Carles Puyol,Centre-back,92,true,https://7a0.com.br/en/copas/2010/esp
2010,South Africa,esp,Spain,84,5,Defence,11,Joan Capdevila,Left-back,78,false,https://7a0.com.br/en/copas/2010/esp
2010,South Africa,esp,Spain,84,5,Midfield,10,Cesc Fàbregas,Defensive midfielder,84,false,https://7a0.com.br/en/copas/2010/esp
2010,South Africa,esp,Spain,84,5,Midfield,16,Sergio Busquets,Defensive midfielder,84,false,https://7a0.com.br/en/copas/2010/esp
2010,South Africa,esp,Spain,84,5,Midfield,20,Javi Martínez,Defensive midfielder,75,false,https://7a0.com.br/en/copas/2010/esp
2010,South Africa,esp,Spain,84,5,Midfield,21,David Silva,Right midfielder,85,false,https://7a0.com.br/en/copas/2010/esp
2010,South Africa,esp,Spain,84,5,Midfield,8,Xavi,Midfielder,94,true,https://7a0.com.br/en/copas/2010/esp
2010,South Africa,esp,Spain,84,5,Midfield,14,Xabi Alonso,Midfielder,88,false,https://7a0.com.br/en/copas/2010/esp
2010,South Africa,esp,Spain,84,5,Midfield,13,Juan Mata,Left midfielder,78,false,https://7a0.com.br/en/copas/2010/esp
2010,South Africa,esp,Spain,84,5,Midfield,6,Andrés Iniesta,Attacking midfielder,93,true,https://7a0.com.br/en/copas/2010/esp
2010,South Africa,esp,Spain,84,5,Attack,18,Pedro Rodríguez,Right winger,80,false,https://7a0.com.br/en/copas/2010/esp
2010,South Africa,esp,Spain,84,5,Attack,22,Jesús Navas,Right winger,79,false,https://7a0.com.br/en/copas/2010/esp
2010,South Africa,esp,Spain,84,5,Attack,7,David Villa,Centre-forward,91,false,https://7a0.com.br/en/copas/2010/esp
2010,South Africa,esp,Spain,84,5,Attack,9,Fernando Torres,Centre-forward,83,false,https://7a0.com.br/en/copas/2010/esp
2010,South Africa,esp,Spain,84,5,Attack,19,Fernando Llorente,Centre-forward,78,false,https://7a0.com.br/en/copas/2010/esp
2010,South Africa,uru,Uruguay,76,2,Goalkeepers,1,Fernando Muslera,Goalkeeper,82,false,https://7a0.com.br/en/copas/2010/uru
2010,South Africa,uru,Uruguay,76,2,Goalkeepers,12,Juan Castillo,Goalkeeper,67,false,https://7a0.com.br/en/copas/2010/uru
2010,South Africa,uru,Uruguay,76,2,Goalkeepers,23,Martín Silva,Goalkeeper,68,false,https://7a0.com.br/en/copas/2010/uru
2010,South Africa,uru,Uruguay,76,2,Defence,4,Jorge Fucile,Right-back,76,false,https://7a0.com.br/en/copas/2010/uru
2010,South Africa,uru,Uruguay,76,2,Defence,16,Maxi Pereira,Right-back,79,false,https://7a0.com.br/en/copas/2010/uru
2010,South Africa,uru,Uruguay,76,2,Defence,22,Martín Cáceres,Right-back,76,false,https://7a0.com.br/en/copas/2010/uru
2010,South Africa,uru,Uruguay,76,2,Defence,2,Diego Lugano,Centre-back,81,false,https://7a0.com.br/en/copas/2010/uru
2010,South Africa,uru,Uruguay,76,2,Defence,3,Diego Godín,Centre-back,83,false,https://7a0.com.br/en/copas/2010/uru
2010,South Africa,uru,Uruguay,76,2,Defence,6,Mauricio Victorino,Centre-back,72,false,https://7a0.com.br/en/copas/2010/uru
2010,South Africa,uru,Uruguay,76,2,Defence,19,Andrés Scotti,Centre-back,71,false,https://7a0.com.br/en/copas/2010/uru
2010,South Africa,uru,Uruguay,76,2,Defence,11,Álvaro Pereira,Left-back,78,false,https://7a0.com.br/en/copas/2010/uru
2010,South Africa,uru,Uruguay,76,2,Midfield,5,Walter Gargano,Defensive midfielder,77,false,https://7a0.com.br/en/copas/2010/uru
2010,South Africa,uru,Uruguay,76,2,Midfield,8,Sebastián Eguren,Defensive midfielder,74,false,https://7a0.com.br/en/copas/2010/uru
2010,South Africa,uru,Uruguay,76,2,Midfield,15,Diego Pérez,Defensive midfielder,76,false,https://7a0.com.br/en/copas/2010/uru
2010,South Africa,uru,Uruguay,76,2,Midfield,17,Egidio Arévalo Ríos,Defensive midfielder,75,false,https://7a0.com.br/en/copas/2010/uru
2010,South Africa,uru,Uruguay,76,2,Midfield,18,Ignacio González,Defensive midfielder,70,false,https://7a0.com.br/en/copas/2010/uru
2010,South Africa,uru,Uruguay,76,2,Midfield,20,Álvaro Fernández,Left midfielder,70,false,https://7a0.com.br/en/copas/2010/uru
2010,South Africa,uru,Uruguay,76,2,Midfield,14,Nicolás Lodeiro,Attacking midfielder,72,false,https://7a0.com.br/en/copas/2010/uru
2010,South Africa,uru,Uruguay,76,2,Attack,21,Sebastián Fernández,Right winger,69,false,https://7a0.com.br/en/copas/2010/uru
2010,South Africa,uru,Uruguay,76,2,Attack,7,Edinson Cavani,Centre-forward,83,false,https://7a0.com.br/en/copas/2010/uru
2010,South Africa,uru,Uruguay,76,2,Attack,9,Luis Suárez,Centre-forward,86,true,https://7a0.com.br/en/copas/2010/uru
2010,South Africa,uru,Uruguay,76,2,Attack,10,Diego Forlán,Centre-forward,92,true,https://7a0.com.br/en/copas/2010/uru
2010,South Africa,uru,Uruguay,76,2,Attack,13,Sebastián Abreu,Centre-forward,73,false,https://7a0.com.br/en/copas/2010/uru
2014,Brazil,alg,Algeria,77,0,Goalkeepers,1,Cédric Si Mohamed,Goalkeeper,73,false,https://7a0.com.br/en/copas/2014/alg
2014,Brazil,alg,Algeria,77,0,Goalkeepers,16,Mohamed Lamine Zemmamouche,Goalkeeper,73,false,https://7a0.com.br/en/copas/2014/alg
2014,Brazil,alg,Algeria,77,0,Goalkeepers,23,Raïs M'Bolhi,Goalkeeper,80,false,https://7a0.com.br/en/copas/2014/alg
2014,Brazil,alg,Algeria,77,0,Defence,17,Liassine Cadamuro,Right-back,73,false,https://7a0.com.br/en/copas/2014/alg
2014,Brazil,alg,Algeria,77,0,Defence,2,Madjid Bougherra,Centre-back,78,false,https://7a0.com.br/en/copas/2014/alg
2014,Brazil,alg,Algeria,77,0,Defence,4,Essaïd Belkalem,Centre-back,74,false,https://7a0.com.br/en/copas/2014/alg
2014,Brazil,alg,Algeria,77,0,Defence,5,Rafik Halliche,Centre-back,76,false,https://7a0.com.br/en/copas/2014/alg
2014,Brazil,alg,Algeria,77,0,Defence,12,Carl Medjani,Centre-back,76,false,https://7a0.com.br/en/copas/2014/alg
2014,Brazil,alg,Algeria,77,0,Defence,20,Aïssa Mandi,Centre-back,77,false,https://7a0.com.br/en/copas/2014/alg
2014,Brazil,alg,Algeria,77,0,Defence,3,Faouzi Ghoulam,Left-back,79,false,https://7a0.com.br/en/copas/2014/alg
2014,Brazil,alg,Algeria,77,0,Defence,6,Djamel Mesbah,Left-back,75,false,https://7a0.com.br/en/copas/2014/alg
2014,Brazil,alg,Algeria,77,0,Midfield,7,Hassan Yebda,Defensive midfielder,76,false,https://7a0.com.br/en/copas/2014/alg
2014,Brazil,alg,Algeria,77,0,Midfield,8,Mehdi Lacen,Defensive midfielder,76,false,https://7a0.com.br/en/copas/2014/alg
2014,Brazil,alg,Algeria,77,0,Midfield,10,Sofiane Feghouli,Defensive midfielder,81,false,https://7a0.com.br/en/copas/2014/alg
2014,Brazil,alg,Algeria,77,0,Midfield,14,Nabil Bentaleb,Defensive midfielder,78,false,https://7a0.com.br/en/copas/2014/alg
2014,Brazil,alg,Algeria,77,0,Midfield,22,Mehdi Mostefa,Defensive midfielder,74,false,https://7a0.com.br/en/copas/2014/alg
2014,Brazil,alg,Algeria,77,0,Midfield,19,Saphir Taïder,Midfielder,76,false,https://7a0.com.br/en/copas/2014/alg
2014,Brazil,alg,Algeria,77,0,Midfield,18,Abdelmoumene Djabou,Left midfielder,76,false,https://7a0.com.br/en/copas/2014/alg
2014,Brazil,alg,Algeria,77,0,Midfield,11,Yacine Brahimi,Attacking midfielder,81,false,https://7a0.com.br/en/copas/2014/alg
2014,Brazil,alg,Algeria,77,0,Attack,21,Riyad Mahrez,Right winger,82,false,https://7a0.com.br/en/copas/2014/alg
2014,Brazil,alg,Algeria,77,0,Attack,9,Nabil Ghilas,Centre-forward,74,false,https://7a0.com.br/en/copas/2014/alg
2014,Brazil,alg,Algeria,77,0,Attack,13,Islam Slimani,Centre-forward,81,false,https://7a0.com.br/en/copas/2014/alg
2014,Brazil,alg,Algeria,77,0,Attack,15,Hillal Soudani,Centre-forward,78,false,https://7a0.com.br/en/copas/2014/alg
2014,Brazil,arg,Argentina,79,1,Goalkeepers,1,Sergio Romero,Goalkeeper,80,false,https://7a0.com.br/en/copas/2014/arg
2014,Brazil,arg,Argentina,79,1,Goalkeepers,12,Agustín Orión,Goalkeeper,70,false,https://7a0.com.br/en/copas/2014/arg
2014,Brazil,arg,Argentina,79,1,Goalkeepers,21,Mariano Andújar,Goalkeeper,71,false,https://7a0.com.br/en/copas/2014/arg
2014,Brazil,arg,Argentina,79,1,Defence,4,Pablo Zabaleta,Right-back,82,false,https://7a0.com.br/en/copas/2014/arg
2014,Brazil,arg,Argentina,79,1,Defence,2,Ezequiel Garay,Centre-back,82,false,https://7a0.com.br/en/copas/2014/arg
2014,Brazil,arg,Argentina,79,1,Defence,3,Hugo Campagnaro,Centre-back,74,false,https://7a0.com.br/en/copas/2014/arg
2014,Brazil,arg,Argentina,79,1,Defence,15,Martín Demichelis,Centre-back,78,false,https://7a0.com.br/en/copas/2014/arg
2014,Brazil,arg,Argentina,79,1,Defence,16,Marcos Rojo,Centre-back,78,false,https://7a0.com.br/en/copas/2014/arg
2014,Brazil,arg,Argentina,79,1,Defence,17,Federico Fernández,Centre-back,76,false,https://7a0.com.br/en/copas/2014/arg
2014,Brazil,arg,Argentina,79,1,Defence,23,José María Basanta,Left-back,73,false,https://7a0.com.br/en/copas/2014/arg
2014,Brazil,arg,Argentina,79,1,Midfield,8,Enzo Pérez,Defensive midfielder,76,false,https://7a0.com.br/en/copas/2014/arg
2014,Brazil,arg,Argentina,79,1,Midfield,13,Augusto Fernández,Defensive midfielder,74,false,https://7a0.com.br/en/copas/2014/arg
2014,Brazil,arg,Argentina,79,1,Midfield,14,Javier Mascherano,Defensive midfielder,87,false,https://7a0.com.br/en/copas/2014/arg
2014,Brazil,arg,Argentina,79,1,Midfield,7,Ángel Di María,Right midfielder,88,false,https://7a0.com.br/en/copas/2014/arg
2014,Brazil,arg,Argentina,79,1,Midfield,11,Maxi Rodríguez,Right midfielder,75,false,https://7a0.com.br/en/copas/2014/arg
2014,Brazil,arg,Argentina,79,1,Midfield,5,Fernando Gago,Midfielder,78,false,https://7a0.com.br/en/copas/2014/arg
2014,Brazil,arg,Argentina,79,1,Midfield,6,Lucas Biglia,Midfielder,79,false,https://7a0.com.br/en/copas/2014/arg
2014,Brazil,arg,Argentina,79,1,Midfield,19,Ricky Álvarez,Attacking midfielder,72,false,https://7a0.com.br/en/copas/2014/arg
2014,Brazil,arg,Argentina,79,1,Attack,10,Lionel Messi,Right winger,96,true,https://7a0.com.br/en/copas/2014/arg
2014,Brazil,arg,Argentina,79,1,Attack,9,Gonzalo Higuaín,Centre-forward,84,false,https://7a0.com.br/en/copas/2014/arg
2014,Brazil,arg,Argentina,79,1,Attack,18,Rodrigo Palacio,Centre-forward,77,false,https://7a0.com.br/en/copas/2014/arg
2014,Brazil,arg,Argentina,79,1,Attack,20,Sergio Agüero,Centre-forward,87,false,https://7a0.com.br/en/copas/2014/arg
2014,Brazil,arg,Argentina,79,1,Attack,22,Ezequiel Lavezzi,Left winger,79,false,https://7a0.com.br/en/copas/2014/arg
2014,Brazil,bel,Belgium,79,1,Goalkeepers,1,Thibaut Courtois,Goalkeeper,86,false,https://7a0.com.br/en/copas/2014/bel
2014,Brazil,bel,Belgium,79,1,Goalkeepers,12,Simon Mignolet,Goalkeeper,77,false,https://7a0.com.br/en/copas/2014/bel
2014,Brazil,bel,Belgium,79,1,Goalkeepers,13,Sammy Bossut,Goalkeeper,68,false,https://7a0.com.br/en/copas/2014/bel
2014,Brazil,bel,Belgium,79,1,Defence,21,Anthony Vanden Borre,Right-back,74,false,https://7a0.com.br/en/copas/2014/bel
2014,Brazil,bel,Belgium,79,1,Defence,2,Toby Alderweireld,Centre-back,83,false,https://7a0.com.br/en/copas/2014/bel
2014,Brazil,bel,Belgium,79,1,Defence,3,Thomas Vermaelen,Centre-back,80,false,https://7a0.com.br/en/copas/2014/bel
2014,Brazil,bel,Belgium,79,1,Defence,4,Vincent Kompany,Centre-back,86,false,https://7a0.com.br/en/copas/2014/bel
2014,Brazil,bel,Belgium,79,1,Defence,5,Jan Vertonghen,Centre-back,83,false,https://7a0.com.br/en/copas/2014/bel
2014,Brazil,bel,Belgium,79,1,Defence,15,Daniel Van Buyten,Centre-back,78,false,https://7a0.com.br/en/copas/2014/bel
2014,Brazil,bel,Belgium,79,1,Defence,18,Nicolas Lombaerts,Centre-back,76,false,https://7a0.com.br/en/copas/2014/bel
2014,Brazil,bel,Belgium,79,1,Defence,23,Laurent Ciman,Centre-back,74,false,https://7a0.com.br/en/copas/2014/bel
2014,Brazil,bel,Belgium,79,1,Midfield,6,Axel Witsel,Defensive midfielder,83,false,https://7a0.com.br/en/copas/2014/bel
2014,Brazil,bel,Belgium,79,1,Midfield,8,Marouane Fellaini,Defensive midfielder,80,false,https://7a0.com.br/en/copas/2014/bel
2014,Brazil,bel,Belgium,79,1,Midfield,16,Steven Defour,Midfielder,76,false,https://7a0.com.br/en/copas/2014/bel
2014,Brazil,bel,Belgium,79,1,Midfield,19,Mousa Dembélé,Midfielder,80,false,https://7a0.com.br/en/copas/2014/bel
2014,Brazil,bel,Belgium,79,1,Midfield,7,Kevin De Bruyne,Attacking midfielder,83,false,https://7a0.com.br/en/copas/2014/bel
2014,Brazil,bel,Belgium,79,1,Attack,11,Kevin Mirallas,Right winger,78,false,https://7a0.com.br/en/copas/2014/bel
2014,Brazil,bel,Belgium,79,1,Attack,20,Adnan Januzaj,Right winger,75,false,https://7a0.com.br/en/copas/2014/bel
2014,Brazil,bel,Belgium,79,1,Attack,9,Romelu Lukaku,Centre-forward,83,false,https://7a0.com.br/en/copas/2014/bel
2014,Brazil,bel,Belgium,79,1,Attack,17,Divock Origi,Centre-forward,74,false,https://7a0.com.br/en/copas/2014/bel
2014,Brazil,bel,Belgium,79,1,Attack,10,Eden Hazard,Left winger,87,true,https://7a0.com.br/en/copas/2014/bel
2014,Brazil,bel,Belgium,79,1,Attack,14,Dries Mertens,Left winger,81,false,https://7a0.com.br/en/copas/2014/bel
2014,Brazil,bel,Belgium,79,1,Attack,22,Nacer Chadli,Left winger,78,false,https://7a0.com.br/en/copas/2014/bel
2014,Brazil,bra,Brazil,81,3,Goalkeepers,1,Jefferson,Goalkeeper,75,false,https://7a0.com.br/en/copas/2014/bra
2014,Brazil,bra,Brazil,81,3,Goalkeepers,12,Júlio César,Goalkeeper,82,false,https://7a0.com.br/en/copas/2014/bra
2014,Brazil,bra,Brazil,81,3,Goalkeepers,22,Victor,Goalkeeper,74,false,https://7a0.com.br/en/copas/2014/bra
2014,Brazil,bra,Brazil,81,3,Defence,2,Dani Alves,Right-back,88,true,https://7a0.com.br/en/copas/2014/bra
2014,Brazil,bra,Brazil,81,3,Defence,23,Maicon,Right-back,76,false,https://7a0.com.br/en/copas/2014/bra
2014,Brazil,bra,Brazil,81,3,Defence,3,Thiago Silva,Centre-back,91,true,https://7a0.com.br/en/copas/2014/bra
2014,Brazil,bra,Brazil,81,3,Defence,4,David Luiz,Centre-back,86,false,https://7a0.com.br/en/copas/2014/bra
2014,Brazil,bra,Brazil,81,3,Defence,13,Dante,Centre-back,79,false,https://7a0.com.br/en/copas/2014/bra
2014,Brazil,bra,Brazil,81,3,Defence,15,Henrique,Centre-back,72,false,https://7a0.com.br/en/copas/2014/bra
2014,Brazil,bra,Brazil,81,3,Defence,6,Marcelo,Left-back,88,false,https://7a0.com.br/en/copas/2014/bra
2014,Brazil,bra,Brazil,81,3,Defence,14,Maxwell,Left-back,74,false,https://7a0.com.br/en/copas/2014/bra
2014,Brazil,bra,Brazil,81,3,Midfield,5,Fernandinho,Defensive midfielder,81,false,https://7a0.com.br/en/copas/2014/bra
2014,Brazil,bra,Brazil,81,3,Midfield,16,Ramires,Defensive midfielder,78,false,https://7a0.com.br/en/copas/2014/bra
2014,Brazil,bra,Brazil,81,3,Midfield,17,Luiz Gustavo,Defensive midfielder,82,false,https://7a0.com.br/en/copas/2014/bra
2014,Brazil,bra,Brazil,81,3,Midfield,8,Paulinho,Midfielder,79,false,https://7a0.com.br/en/copas/2014/bra
2014,Brazil,bra,Brazil,81,3,Midfield,18,Hernanes,Left midfielder,80,false,https://7a0.com.br/en/copas/2014/bra
2014,Brazil,bra,Brazil,81,3,Midfield,11,Oscar,Attacking midfielder,85,false,https://7a0.com.br/en/copas/2014/bra
2014,Brazil,bra,Brazil,81,3,Attack,19,Willian,Right winger,80,false,https://7a0.com.br/en/copas/2014/bra
2014,Brazil,bra,Brazil,81,3,Attack,7,Hulk,Centre-forward,83,false,https://7a0.com.br/en/copas/2014/bra
2014,Brazil,bra,Brazil,81,3,Attack,9,Fred Guedes,Centre-forward,77,false,https://7a0.com.br/en/copas/2014/bra
2014,Brazil,bra,Brazil,81,3,Attack,21,Jô,Centre-forward,74,false,https://7a0.com.br/en/copas/2014/bra
2014,Brazil,bra,Brazil,81,3,Attack,10,Neymar,Left winger,93,true,https://7a0.com.br/en/copas/2014/bra
2014,Brazil,bra,Brazil,81,3,Attack,20,Bernard,Left winger,78,false,https://7a0.com.br/en/copas/2014/bra
2014,Brazil,chi,Chile,77,2,Goalkeepers,1,Claudio Bravo,Goalkeeper,86,false,https://7a0.com.br/en/copas/2014/chi
2014,Brazil,chi,Chile,77,2,Goalkeepers,12,Cristopher Toselli,Goalkeeper,70,false,https://7a0.com.br/en/copas/2014/chi
2014,Brazil,chi,Chile,77,2,Goalkeepers,23,Johnny Herrera,Goalkeeper,71,false,https://7a0.com.br/en/copas/2014/chi
2014,Brazil,chi,Chile,77,2,Defence,4,Mauricio Isla,Right-back,80,false,https://7a0.com.br/en/copas/2014/chi
2014,Brazil,chi,Chile,77,2,Defence,13,José Manuel Rojas,Centre-back,74,false,https://7a0.com.br/en/copas/2014/chi
2014,Brazil,chi,Chile,77,2,Defence,17,Gary Medel,Centre-back,82,false,https://7a0.com.br/en/copas/2014/chi
2014,Brazil,chi,Chile,77,2,Defence,18,Gonzalo Jara,Centre-back,77,false,https://7a0.com.br/en/copas/2014/chi
2014,Brazil,chi,Chile,77,2,Defence,2,Eugenio Mena,Left-back,77,false,https://7a0.com.br/en/copas/2014/chi
2014,Brazil,chi,Chile,77,2,Defence,3,Miiko Albornoz,Left-back,72,false,https://7a0.com.br/en/copas/2014/chi
2014,Brazil,chi,Chile,77,2,Midfield,5,Francisco Silva,Defensive midfielder,74,false,https://7a0.com.br/en/copas/2014/chi
2014,Brazil,chi,Chile,77,2,Midfield,6,Carlos Carmona,Defensive midfielder,76,false,https://7a0.com.br/en/copas/2014/chi
2014,Brazil,chi,Chile,77,2,Midfield,8,Arturo Vidal,Defensive midfielder,87,true,https://7a0.com.br/en/copas/2014/chi
2014,Brazil,chi,Chile,77,2,Midfield,20,Charles Aránguiz,Defensive midfielder,80,false,https://7a0.com.br/en/copas/2014/chi
2014,Brazil,chi,Chile,77,2,Midfield,21,Marcelo Díaz,Defensive midfielder,79,false,https://7a0.com.br/en/copas/2014/chi
2014,Brazil,chi,Chile,77,2,Midfield,19,José Pedro Fuenzalida,Right midfielder,73,false,https://7a0.com.br/en/copas/2014/chi
2014,Brazil,chi,Chile,77,2,Midfield,16,Felipe Gutiérrez,Midfielder,73,false,https://7a0.com.br/en/copas/2014/chi
2014,Brazil,chi,Chile,77,2,Midfield,14,Fabián Orellana,Left midfielder,75,false,https://7a0.com.br/en/copas/2014/chi
2014,Brazil,chi,Chile,77,2,Midfield,15,Jean Beausejour,Left midfielder,78,false,https://7a0.com.br/en/copas/2014/chi
2014,Brazil,chi,Chile,77,2,Midfield,10,Jorge Valdivia,Attacking midfielder,79,false,https://7a0.com.br/en/copas/2014/chi
2014,Brazil,chi,Chile,77,2,Attack,7,Alexis Sánchez,Right winger,88,true,https://7a0.com.br/en/copas/2014/chi
2014,Brazil,chi,Chile,77,2,Attack,9,Mauricio Pinilla,Centre-forward,76,false,https://7a0.com.br/en/copas/2014/chi
2014,Brazil,chi,Chile,77,2,Attack,11,Eduardo Vargas,Centre-forward,82,false,https://7a0.com.br/en/copas/2014/chi
2014,Brazil,chi,Chile,77,2,Attack,22,Esteban Paredes,Centre-forward,73,false,https://7a0.com.br/en/copas/2014/chi
2014,Brazil,col,Colombia,78,1,Goalkeepers,1,David Ospina,Goalkeeper,83,false,https://7a0.com.br/en/copas/2014/col
2014,Brazil,col,Colombia,78,1,Goalkeepers,12,Camilo Vargas,Goalkeeper,71,false,https://7a0.com.br/en/copas/2014/col
2014,Brazil,col,Colombia,78,1,Goalkeepers,22,Faryd Mondragón,Goalkeeper,70,false,https://7a0.com.br/en/copas/2014/col
2014,Brazil,col,Colombia,78,1,Defence,4,Santiago Arias,Right-back,78,false,https://7a0.com.br/en/copas/2014/col
2014,Brazil,col,Colombia,78,1,Defence,18,Juan Camilo Zúñiga,Right-back,77,false,https://7a0.com.br/en/copas/2014/col
2014,Brazil,col,Colombia,78,1,Defence,2,Cristián Zapata,Centre-back,79,false,https://7a0.com.br/en/copas/2014/col
2014,Brazil,col,Colombia,78,1,Defence,3,Mario Yepes,Centre-back,81,false,https://7a0.com.br/en/copas/2014/col
2014,Brazil,col,Colombia,78,1,Defence,16,Éder Álvarez Balanta,Centre-back,74,false,https://7a0.com.br/en/copas/2014/col
2014,Brazil,col,Colombia,78,1,Defence,23,Carlos Valdés,Centre-back,73,false,https://7a0.com.br/en/copas/2014/col
2014,Brazil,col,Colombia,78,1,Defence,7,Pablo Armero,Left-back,78,false,https://7a0.com.br/en/copas/2014/col
2014,Brazil,col,Colombia,78,1,Midfield,6,Carlos Sánchez,Defensive midfielder,78,false,https://7a0.com.br/en/copas/2014/col
2014,Brazil,col,Colombia,78,1,Midfield,8,Abel Aguilar,Defensive midfielder,78,false,https://7a0.com.br/en/copas/2014/col
2014,Brazil,col,Colombia,78,1,Midfield,13,Fredy Guarín,Defensive midfielder,82,false,https://7a0.com.br/en/copas/2014/col
2014,Brazil,col,Colombia,78,1,Midfield,15,Alexander Mejía,Defensive midfielder,74,false,https://7a0.com.br/en/copas/2014/col
2014,Brazil,col,Colombia,78,1,Midfield,5,Carlos Carbonero,Left midfielder,71,false,https://7a0.com.br/en/copas/2014/col
2014,Brazil,col,Colombia,78,1,Midfield,10,James Rodríguez,Attacking midfielder,93,true,https://7a0.com.br/en/copas/2014/col
2014,Brazil,col,Colombia,78,1,Midfield,20,Juan Fernando Quintero,Attacking midfielder,77,false,https://7a0.com.br/en/copas/2014/col
2014,Brazil,col,Colombia,78,1,Attack,11,Juan Cuadrado,Right winger,84,false,https://7a0.com.br/en/copas/2014/col
2014,Brazil,col,Colombia,78,1,Attack,9,Teo,Centre-forward,80,false,https://7a0.com.br/en/copas/2014/col
2014,Brazil,col,Colombia,78,1,Attack,17,Carlos Bacca,Centre-forward,80,false,https://7a0.com.br/en/copas/2014/col
2014,Brazil,col,Colombia,78,1,Attack,19,Adrián Ramos,Centre-forward,77,false,https://7a0.com.br/en/copas/2014/col
2014,Brazil,col,Colombia,78,1,Attack,21,Jackson Martínez,Centre-forward,82,false,https://7a0.com.br/en/copas/2014/col
2014,Brazil,col,Colombia,78,1,Attack,14,Víctor Ibarbo,Left winger,74,false,https://7a0.com.br/en/copas/2014/col
2014,Brazil,crc,Costa Rica,74,1,Goalkeepers,1,Keylor Navas,Goalkeeper,88,true,https://7a0.com.br/en/copas/2014/crc
2014,Brazil,crc,Costa Rica,74,1,Goalkeepers,18,Patrick Pemberton,Goalkeeper,68,false,https://7a0.com.br/en/copas/2014/crc
2014,Brazil,crc,Costa Rica,74,1,Goalkeepers,23,Daniel Cambronero,Goalkeeper,66,false,https://7a0.com.br/en/copas/2014/crc
2014,Brazil,crc,Costa Rica,74,1,Defence,8,David Myrie,Right-back,71,false,https://7a0.com.br/en/copas/2014/crc
2014,Brazil,crc,Costa Rica,74,1,Defence,16,Cristian Gamboa,Right-back,74,false,https://7a0.com.br/en/copas/2014/crc
2014,Brazil,crc,Costa Rica,74,1,Defence,2,Jhonny Acosta,Centre-back,74,false,https://7a0.com.br/en/copas/2014/crc
2014,Brazil,crc,Costa Rica,74,1,Defence,3,Giancarlo González,Centre-back,78,false,https://7a0.com.br/en/copas/2014/crc
2014,Brazil,crc,Costa Rica,74,1,Defence,4,Michael Umaña,Centre-back,75,false,https://7a0.com.br/en/copas/2014/crc
2014,Brazil,crc,Costa Rica,74,1,Defence,6,Óscar Duarte,Centre-back,75,false,https://7a0.com.br/en/copas/2014/crc
2014,Brazil,crc,Costa Rica,74,1,Defence,12,Waylon Francis,Left-back,71,false,https://7a0.com.br/en/copas/2014/crc
2014,Brazil,crc,Costa Rica,74,1,Defence,15,Júnior Díaz,Left-back,74,false,https://7a0.com.br/en/copas/2014/crc
2014,Brazil,crc,Costa Rica,74,1,Defence,19,Roy Miller,Left-back,72,false,https://7a0.com.br/en/copas/2014/crc
2014,Brazil,crc,Costa Rica,74,1,Midfield,5,Celso Borges,Defensive midfielder,78,false,https://7a0.com.br/en/copas/2014/crc
2014,Brazil,crc,Costa Rica,74,1,Midfield,13,Óscar Granados,Defensive midfielder,68,false,https://7a0.com.br/en/copas/2014/crc
2014,Brazil,crc,Costa Rica,74,1,Midfield,17,Yeltsin Tejeda,Defensive midfielder,74,false,https://7a0.com.br/en/copas/2014/crc
2014,Brazil,crc,Costa Rica,74,1,Midfield,22,José Miguel Cubero,Defensive midfielder,70,false,https://7a0.com.br/en/copas/2014/crc
2014,Brazil,crc,Costa Rica,74,1,Midfield,7,Christian Bolaños,Right midfielder,76,false,https://7a0.com.br/en/copas/2014/crc
2014,Brazil,crc,Costa Rica,74,1,Midfield,11,Michael Barrantes,Left midfielder,72,false,https://7a0.com.br/en/copas/2014/crc
2014,Brazil,crc,Costa Rica,74,1,Midfield,20,Diego Calvo,Left midfielder,70,false,https://7a0.com.br/en/copas/2014/crc
2014,Brazil,crc,Costa Rica,74,1,Midfield,10,Bryan Ruiz,Attacking midfielder,80,false,https://7a0.com.br/en/copas/2014/crc
2014,Brazil,crc,Costa Rica,74,1,Attack,9,Joel Campbell,Right winger,79,false,https://7a0.com.br/en/copas/2014/crc
2014,Brazil,crc,Costa Rica,74,1,Attack,14,Randall Brenes,Centre-forward,71,false,https://7a0.com.br/en/copas/2014/crc
2014,Brazil,crc,Costa Rica,74,1,Attack,21,Marco Ureña,Centre-forward,73,false,https://7a0.com.br/en/copas/2014/crc
2014,Brazil,fra,France,80,2,Goalkeepers,1,Hugo Lloris,Goalkeeper,86,true,https://7a0.com.br/en/copas/2014/fra
2014,Brazil,fra,France,80,2,Goalkeepers,16,Stéphane Ruffier,Goalkeeper,74,false,https://7a0.com.br/en/copas/2014/fra
2014,Brazil,fra,France,80,2,Goalkeepers,23,Mickaël Landreau,Goalkeeper,72,false,https://7a0.com.br/en/copas/2014/fra
2014,Brazil,fra,France,80,2,Defence,2,Mathieu Debuchy,Right-back,78,false,https://7a0.com.br/en/copas/2014/fra
2014,Brazil,fra,France,80,2,Defence,15,Bacary Sagna,Right-back,79,false,https://7a0.com.br/en/copas/2014/fra
2014,Brazil,fra,France,80,2,Defence,4,Raphaël Varane,Centre-back,85,false,https://7a0.com.br/en/copas/2014/fra
2014,Brazil,fra,France,80,2,Defence,5,Mamadou Sakho,Centre-back,79,false,https://7a0.com.br/en/copas/2014/fra
2014,Brazil,fra,France,80,2,Defence,13,Eliaquim Mangala,Centre-back,77,false,https://7a0.com.br/en/copas/2014/fra
2014,Brazil,fra,France,80,2,Defence,21,Laurent Koscielny,Centre-back,81,false,https://7a0.com.br/en/copas/2014/fra
2014,Brazil,fra,France,80,2,Defence,3,Patrice Evra,Left-back,82,false,https://7a0.com.br/en/copas/2014/fra
2014,Brazil,fra,France,80,2,Defence,17,Lucas Digne,Left-back,73,false,https://7a0.com.br/en/copas/2014/fra
2014,Brazil,fra,France,80,2,Midfield,12,Rio Mavuba,Defensive midfielder,75,false,https://7a0.com.br/en/copas/2014/fra
2014,Brazil,fra,France,80,2,Midfield,18,Moussa Sissoko,Defensive midfielder,79,false,https://7a0.com.br/en/copas/2014/fra
2014,Brazil,fra,France,80,2,Midfield,22,Morgan Schneiderlin,Defensive midfielder,78,false,https://7a0.com.br/en/copas/2014/fra
2014,Brazil,fra,France,80,2,Midfield,6,Yohan Cabaye,Midfielder,82,false,https://7a0.com.br/en/copas/2014/fra
2014,Brazil,fra,France,80,2,Midfield,14,Blaise Matuidi,Midfielder,83,false,https://7a0.com.br/en/copas/2014/fra
2014,Brazil,fra,France,80,2,Midfield,19,Paul Pogba,Midfielder,86,false,https://7a0.com.br/en/copas/2014/fra
2014,Brazil,fra,France,80,2,Midfield,8,Mathieu Valbuena,Left midfielder,80,false,https://7a0.com.br/en/copas/2014/fra
2014,Brazil,fra,France,80,2,Attack,9,Olivier Giroud,Centre-forward,82,false,https://7a0.com.br/en/copas/2014/fra
2014,Brazil,fra,France,80,2,Attack,10,Karim Benzema,Centre-forward,88,true,https://7a0.com.br/en/copas/2014/fra
2014,Brazil,fra,France,80,2,Attack,20,Loïc Rémy,Centre-forward,78,false,https://7a0.com.br/en/copas/2014/fra
2014,Brazil,fra,France,80,2,Attack,11,Antoine Griezmann,Left winger,82,false,https://7a0.com.br/en/copas/2014/fra
2014,Brazil,ger,Germany,82,6,Goalkeepers,1,Manuel Neuer,Goalkeeper,99,true,https://7a0.com.br/en/copas/2014/ger
2014,Brazil,ger,Germany,82,6,Goalkeepers,12,Ron-Robert Zieler,Goalkeeper,72,false,https://7a0.com.br/en/copas/2014/ger
2014,Brazil,ger,Germany,82,6,Goalkeepers,22,Roman Weidenfeller,Goalkeeper,74,false,https://7a0.com.br/en/copas/2014/ger
2014,Brazil,ger,Germany,82,6,Defence,2,Kevin Großkreutz,Right-back,73,false,https://7a0.com.br/en/copas/2014/ger
2014,Brazil,ger,Germany,82,6,Defence,15,Erik Durm,Right-back,70,false,https://7a0.com.br/en/copas/2014/ger
2014,Brazil,ger,Germany,82,6,Defence,16,Philipp Lahm,Right-back,91,true,https://7a0.com.br/en/copas/2014/ger
2014,Brazil,ger,Germany,82,6,Defence,3,Matthias Ginter,Centre-back,73,false,https://7a0.com.br/en/copas/2014/ger
2014,Brazil,ger,Germany,82,6,Defence,4,Benedikt Höwedes,Centre-back,82,false,https://7a0.com.br/en/copas/2014/ger
2014,Brazil,ger,Germany,82,6,Defence,5,Mats Hummels,Centre-back,89,false,https://7a0.com.br/en/copas/2014/ger
2014,Brazil,ger,Germany,82,6,Defence,17,Per Mertesacker,Centre-back,82,false,https://7a0.com.br/en/copas/2014/ger
2014,Brazil,ger,Germany,82,6,Defence,20,Jérôme Boateng,Centre-back,88,false,https://7a0.com.br/en/copas/2014/ger
2014,Brazil,ger,Germany,82,6,Defence,21,Shkodran Mustafi,Centre-back,74,false,https://7a0.com.br/en/copas/2014/ger
2014,Brazil,ger,Germany,82,6,Midfield,6,Sami Khedira,Defensive midfielder,86,false,https://7a0.com.br/en/copas/2014/ger
2014,Brazil,ger,Germany,82,6,Midfield,7,Bastian Schweinsteiger,Defensive midfielder,88,true,https://7a0.com.br/en/copas/2014/ger
2014,Brazil,ger,Germany,82,6,Midfield,18,Toni Kroos,Defensive midfielder,91,true,https://7a0.com.br/en/copas/2014/ger
2014,Brazil,ger,Germany,82,6,Midfield,23,Christoph Kramer,Defensive midfielder,73,false,https://7a0.com.br/en/copas/2014/ger
2014,Brazil,ger,Germany,82,6,Midfield,8,Mesut Özil,Attacking midfielder,87,false,https://7a0.com.br/en/copas/2014/ger
2014,Brazil,ger,Germany,82,6,Attack,13,Thomas Müller,Right winger,92,true,https://7a0.com.br/en/copas/2014/ger
2014,Brazil,ger,Germany,82,6,Attack,11,Miroslav Klose,Centre-forward,86,true,https://7a0.com.br/en/copas/2014/ger
2014,Brazil,ger,Germany,82,6,Attack,9,André Schürrle,Left winger,80,false,https://7a0.com.br/en/copas/2014/ger
2014,Brazil,ger,Germany,82,6,Attack,10,Lukas Podolski,Left winger,80,false,https://7a0.com.br/en/copas/2014/ger
2014,Brazil,ger,Germany,82,6,Attack,14,Julian Draxler,Left winger,77,false,https://7a0.com.br/en/copas/2014/ger
2014,Brazil,ger,Germany,82,6,Attack,19,Mario Götze,Left winger,84,false,https://7a0.com.br/en/copas/2014/ger
2014,Brazil,gha,Ghana,77,2,Goalkeepers,1,Stephen Adams,Goalkeeper,66,false,https://7a0.com.br/en/copas/2014/gha
2014,Brazil,gha,Ghana,77,2,Goalkeepers,12,Adam Larsen Kwarasey,Goalkeeper,73,false,https://7a0.com.br/en/copas/2014/gha
2014,Brazil,gha,Ghana,77,2,Goalkeepers,16,Fatau Dauda,Goalkeeper,76,false,https://7a0.com.br/en/copas/2014/gha
2014,Brazil,gha,Ghana,77,2,Defence,2,Samuel Inkoom,Right-back,72,false,https://7a0.com.br/en/copas/2014/gha
2014,Brazil,gha,Ghana,77,2,Defence,4,Daniel Opare,Right-back,74,false,https://7a0.com.br/en/copas/2014/gha
2014,Brazil,gha,Ghana,77,2,Defence,23,Harrison Afful,Right-back,76,false,https://7a0.com.br/en/copas/2014/gha
2014,Brazil,gha,Ghana,77,2,Defence,15,Rashid Sumaila,Centre-back,71,false,https://7a0.com.br/en/copas/2014/gha
2014,Brazil,gha,Ghana,77,2,Defence,19,Jonathan Mensah,Centre-back,75,false,https://7a0.com.br/en/copas/2014/gha
2014,Brazil,gha,Ghana,77,2,Defence,21,John Boye,Centre-back,76,false,https://7a0.com.br/en/copas/2014/gha
2014,Brazil,gha,Ghana,77,2,Midfield,5,Michael Essien,Defensive midfielder,82,true,https://7a0.com.br/en/copas/2014/gha
2014,Brazil,gha,Ghana,77,2,Midfield,6,Afriyie Acquah,Defensive midfielder,74,false,https://7a0.com.br/en/copas/2014/gha
2014,Brazil,gha,Ghana,77,2,Midfield,8,Emmanuel Badu,Defensive midfielder,77,false,https://7a0.com.br/en/copas/2014/gha
2014,Brazil,gha,Ghana,77,2,Midfield,17,Mohammed Rabiu,Defensive midfielder,73,false,https://7a0.com.br/en/copas/2014/gha
2014,Brazil,gha,Ghana,77,2,Midfield,22,Mubarak Wakaso,Defensive midfielder,78,false,https://7a0.com.br/en/copas/2014/gha
2014,Brazil,gha,Ghana,77,2,Midfield,9,Kevin-Prince Boateng,Midfielder,84,false,https://7a0.com.br/en/copas/2014/gha
2014,Brazil,gha,Ghana,77,2,Midfield,11,Sulley Muntari,Midfielder,80,false,https://7a0.com.br/en/copas/2014/gha
2014,Brazil,gha,Ghana,77,2,Midfield,20,Kwadwo Asamoah,Left midfielder,85,false,https://7a0.com.br/en/copas/2014/gha
2014,Brazil,gha,Ghana,77,2,Attack,10,André Ayew,Right winger,84,false,https://7a0.com.br/en/copas/2014/gha
2014,Brazil,gha,Ghana,77,2,Attack,3,Asamoah Gyan,Centre-forward,83,true,https://7a0.com.br/en/copas/2014/gha
2014,Brazil,gha,Ghana,77,2,Attack,13,Jordan Ayew,Centre-forward,79,false,https://7a0.com.br/en/copas/2014/gha
2014,Brazil,gha,Ghana,77,2,Attack,18,Abdul Majeed Waris,Centre-forward,74,false,https://7a0.com.br/en/copas/2014/gha
2014,Brazil,gha,Ghana,77,2,Attack,7,Christian Atsu,Left winger,79,false,https://7a0.com.br/en/copas/2014/gha
2014,Brazil,gre,Greece,77,1,Goalkeepers,1,Orestis Karnezis,Goalkeeper,78,false,https://7a0.com.br/en/copas/2014/gre
2014,Brazil,gre,Greece,77,1,Goalkeepers,12,Panagiotis Glykos,Goalkeeper,73,false,https://7a0.com.br/en/copas/2014/gre
2014,Brazil,gre,Greece,77,1,Goalkeepers,13,Stefanos Kapino,Goalkeeper,73,false,https://7a0.com.br/en/copas/2014/gre
2014,Brazil,gre,Greece,77,1,Defence,15,Vasilis Torosidis,Right-back,78,false,https://7a0.com.br/en/copas/2014/gre
2014,Brazil,gre,Greece,77,1,Defence,4,Kostas Manolas,Centre-back,80,false,https://7a0.com.br/en/copas/2014/gre
2014,Brazil,gre,Greece,77,1,Defence,5,Vangelis Moras,Centre-back,74,false,https://7a0.com.br/en/copas/2014/gre
2014,Brazil,gre,Greece,77,1,Defence,11,Loukas Vyntra,Centre-back,75,false,https://7a0.com.br/en/copas/2014/gre
2014,Brazil,gre,Greece,77,1,Defence,19,Sokratis Papastathopoulos,Centre-back,82,false,https://7a0.com.br/en/copas/2014/gre
2014,Brazil,gre,Greece,77,1,Defence,3,Giorgos Tzavellas,Left-back,76,false,https://7a0.com.br/en/copas/2014/gre
2014,Brazil,gre,Greece,77,1,Defence,20,José Holebas,Left-back,76,false,https://7a0.com.br/en/copas/2014/gre
2014,Brazil,gre,Greece,77,1,Midfield,6,Alexandros Tziolis,Defensive midfielder,75,false,https://7a0.com.br/en/copas/2014/gre
2014,Brazil,gre,Greece,77,1,Midfield,21,Kostas Katsouranis,Defensive midfielder,78,false,https://7a0.com.br/en/copas/2014/gre
2014,Brazil,gre,Greece,77,1,Midfield,22,Andreas Samaris,Defensive midfielder,77,false,https://7a0.com.br/en/copas/2014/gre
2014,Brazil,gre,Greece,77,1,Midfield,23,Panagiotis Tachtsidis,Defensive midfielder,74,false,https://7a0.com.br/en/copas/2014/gre
2014,Brazil,gre,Greece,77,1,Midfield,2,Giannis Maniatis,Right midfielder,76,false,https://7a0.com.br/en/copas/2014/gre
2014,Brazil,gre,Greece,77,1,Midfield,8,Panagiotis Kone,Midfielder,76,false,https://7a0.com.br/en/copas/2014/gre
2014,Brazil,gre,Greece,77,1,Midfield,10,Giorgos Karagounis,Midfielder,80,true,https://7a0.com.br/en/copas/2014/gre
2014,Brazil,gre,Greece,77,1,Midfield,16,Lazaros Christodoulopoulos,Left midfielder,75,false,https://7a0.com.br/en/copas/2014/gre
2014,Brazil,gre,Greece,77,1,Attack,14,Dimitris Salpingidis,Right winger,76,false,https://7a0.com.br/en/copas/2014/gre
2014,Brazil,gre,Greece,77,1,Attack,18,Giannis Fetfatzidis,Right winger,75,false,https://7a0.com.br/en/copas/2014/gre
2014,Brazil,gre,Greece,77,1,Attack,9,Kostas Mitroglou,Centre-forward,79,false,https://7a0.com.br/en/copas/2014/gre
2014,Brazil,gre,Greece,77,1,Attack,17,Theofanis Gekas,Centre-forward,75,false,https://7a0.com.br/en/copas/2014/gre
2014,Brazil,gre,Greece,77,1,Attack,7,Georgios Samaras,Left winger,81,false,https://7a0.com.br/en/copas/2014/gre
2014,Brazil,ita,Italy,79,0,Goalkeepers,1,Gianluigi Buffon,Goalkeeper,85,false,https://7a0.com.br/en/copas/2014/ita
2014,Brazil,ita,Italy,79,0,Goalkeepers,12,Mattia Perin,Goalkeeper,74,false,https://7a0.com.br/en/copas/2014/ita
2014,Brazil,ita,Italy,79,0,Goalkeepers,22,Salvatore Sirigu,Goalkeeper,78,false,https://7a0.com.br/en/copas/2014/ita
2014,Brazil,ita,Italy,79,0,Defence,2,Mattia De Sciglio,Right-back,77,false,https://7a0.com.br/en/copas/2014/ita
2014,Brazil,ita,Italy,79,0,Defence,4,Matteo Darmian,Right-back,76,false,https://7a0.com.br/en/copas/2014/ita
2014,Brazil,ita,Italy,79,0,Defence,7,Ignazio Abate,Right-back,77,false,https://7a0.com.br/en/copas/2014/ita
2014,Brazil,ita,Italy,79,0,Defence,3,Giorgio Chiellini,Centre-back,85,false,https://7a0.com.br/en/copas/2014/ita
2014,Brazil,ita,Italy,79,0,Defence,13,Astori,Centre-back,75,false,https://7a0.com.br/en/copas/2014/ita
2014,Brazil,ita,Italy,79,0,Defence,15,Andrea Barzagli,Centre-back,82,false,https://7a0.com.br/en/copas/2014/ita
2014,Brazil,ita,Italy,79,0,Defence,19,Leonardo Bonucci,Centre-back,82,false,https://7a0.com.br/en/copas/2014/ita
2014,Brazil,ita,Italy,79,0,Defence,20,Gabriel Paletta,Centre-back,74,false,https://7a0.com.br/en/copas/2014/ita
2014,Brazil,ita,Italy,79,0,Midfield,5,Thiago Motta,Defensive midfielder,79,false,https://7a0.com.br/en/copas/2014/ita
2014,Brazil,ita,Italy,79,0,Midfield,16,Daniele De Rossi,Defensive midfielder,82,false,https://7a0.com.br/en/copas/2014/ita
2014,Brazil,ita,Italy,79,0,Midfield,6,Antonio Candreva,Right midfielder,77,false,https://7a0.com.br/en/copas/2014/ita
2014,Brazil,ita,Italy,79,0,Midfield,8,Claudio Marchisio,Midfielder,82,false,https://7a0.com.br/en/copas/2014/ita
2014,Brazil,ita,Italy,79,0,Midfield,14,Marco Verratti,Midfielder,81,false,https://7a0.com.br/en/copas/2014/ita
2014,Brazil,ita,Italy,79,0,Midfield,18,Marco Parolo,Midfielder,77,false,https://7a0.com.br/en/copas/2014/ita
2014,Brazil,ita,Italy,79,0,Midfield,21,Andrea Pirlo,Midfielder,87,false,https://7a0.com.br/en/copas/2014/ita
2014,Brazil,ita,Italy,79,0,Midfield,10,Antonio Cassano,Attacking midfielder,78,false,https://7a0.com.br/en/copas/2014/ita
2014,Brazil,ita,Italy,79,0,Attack,11,Alessio Cerci,Right winger,77,false,https://7a0.com.br/en/copas/2014/ita
2014,Brazil,ita,Italy,79,0,Attack,9,Mario Balotelli,Centre-forward,82,false,https://7a0.com.br/en/copas/2014/ita
2014,Brazil,ita,Italy,79,0,Attack,17,Ciro Immobile,Centre-forward,77,false,https://7a0.com.br/en/copas/2014/ita
2014,Brazil,ita,Italy,79,0,Attack,23,Lorenzo Insigne,Left winger,78,false,https://7a0.com.br/en/copas/2014/ita
2014,Brazil,civ,Ivory Coast,77,1,Goalkeepers,1,Boubacar Barry,Goalkeeper,76,false,https://7a0.com.br/en/copas/2014/civ
2014,Brazil,civ,Ivory Coast,77,1,Goalkeepers,16,Sylvain Gbohouo,Goalkeeper,73,false,https://7a0.com.br/en/copas/2014/civ
2014,Brazil,civ,Ivory Coast,77,1,Goalkeepers,23,Sayouba Mandé,Goalkeeper,71,false,https://7a0.com.br/en/copas/2014/civ
2014,Brazil,civ,Ivory Coast,77,1,Defence,7,Jean-Daniel Akpa Akpro,Right-back,73,false,https://7a0.com.br/en/copas/2014/civ
2014,Brazil,civ,Ivory Coast,77,1,Defence,17,Serge Aurier,Right-back,81,false,https://7a0.com.br/en/copas/2014/civ
2014,Brazil,civ,Ivory Coast,77,1,Defence,2,Ousmane Viera,Centre-back,72,false,https://7a0.com.br/en/copas/2014/civ
2014,Brazil,civ,Ivory Coast,77,1,Defence,4,Kolo Touré,Centre-back,81,false,https://7a0.com.br/en/copas/2014/civ
2014,Brazil,civ,Ivory Coast,77,1,Defence,5,Didier Zokora,Centre-back,78,false,https://7a0.com.br/en/copas/2014/civ
2014,Brazil,civ,Ivory Coast,77,1,Defence,22,Sol Bamba,Centre-back,77,false,https://7a0.com.br/en/copas/2014/civ
2014,Brazil,civ,Ivory Coast,77,1,Defence,3,Arthur Boka,Left-back,77,false,https://7a0.com.br/en/copas/2014/civ
2014,Brazil,civ,Ivory Coast,77,1,Defence,18,Constant Djakpa,Left-back,74,false,https://7a0.com.br/en/copas/2014/civ
2014,Brazil,civ,Ivory Coast,77,1,Midfield,9,Cheick Tioté,Defensive midfielder,80,false,https://7a0.com.br/en/copas/2014/civ
2014,Brazil,civ,Ivory Coast,77,1,Midfield,14,Ismaël Diomandé,Defensive midfielder,74,false,https://7a0.com.br/en/copas/2014/civ
2014,Brazil,civ,Ivory Coast,77,1,Midfield,20,Serey Dié,Defensive midfielder,76,false,https://7a0.com.br/en/copas/2014/civ
2014,Brazil,civ,Ivory Coast,77,1,Midfield,19,Yaya Touré,Midfielder,88,false,https://7a0.com.br/en/copas/2014/civ
2014,Brazil,civ,Ivory Coast,77,1,Attack,10,Gervinho,Right winger,81,false,https://7a0.com.br/en/copas/2014/civ
2014,Brazil,civ,Ivory Coast,77,1,Attack,11,Didier Drogba,Centre-forward,82,true,https://7a0.com.br/en/copas/2014/civ
2014,Brazil,civ,Ivory Coast,77,1,Attack,12,Wilfried Bony,Centre-forward,82,false,https://7a0.com.br/en/copas/2014/civ
2014,Brazil,civ,Ivory Coast,77,1,Attack,13,Didier Ya Konan,Centre-forward,75,false,https://7a0.com.br/en/copas/2014/civ
2014,Brazil,civ,Ivory Coast,77,1,Attack,21,Giovanni Sio,Centre-forward,75,false,https://7a0.com.br/en/copas/2014/civ
2014,Brazil,civ,Ivory Coast,77,1,Attack,6,Mathis Bolly,Left winger,72,false,https://7a0.com.br/en/copas/2014/civ
2014,Brazil,civ,Ivory Coast,77,1,Attack,8,Salomon Kalou,Left winger,80,false,https://7a0.com.br/en/copas/2014/civ
2014,Brazil,civ,Ivory Coast,77,1,Attack,15,Max Gradel,Left winger,78,false,https://7a0.com.br/en/copas/2014/civ
2014,Brazil,mex,Mexico,79,1,Goalkeepers,1,Jesús Corona,Goalkeeper,78,false,https://7a0.com.br/en/copas/2014/mex
2014,Brazil,mex,Mexico,79,1,Goalkeepers,12,Alfredo Talavera,Goalkeeper,76,false,https://7a0.com.br/en/copas/2014/mex
2014,Brazil,mex,Mexico,79,1,Goalkeepers,13,Guillermo Ochoa,Goalkeeper,84,false,https://7a0.com.br/en/copas/2014/mex
2014,Brazil,mex,Mexico,79,1,Defence,7,Miguel Layun,Right-back,79,false,https://7a0.com.br/en/copas/2014/mex
2014,Brazil,mex,Mexico,79,1,Defence,22,Paul Aguilar,Right-back,79,false,https://7a0.com.br/en/copas/2014/mex
2014,Brazil,mex,Mexico,79,1,Defence,2,Francisco Javier Rodríguez,Centre-back,78,false,https://7a0.com.br/en/copas/2014/mex
2014,Brazil,mex,Mexico,79,1,Defence,4,Rafael Márquez,Centre-back,83,true,https://7a0.com.br/en/copas/2014/mex
2014,Brazil,mex,Mexico,79,1,Defence,5,Diego Reyes,Centre-back,76,false,https://7a0.com.br/en/copas/2014/mex
2014,Brazil,mex,Mexico,79,1,Defence,15,Héctor Moreno,Centre-back,81,false,https://7a0.com.br/en/copas/2014/mex
2014,Brazil,mex,Mexico,79,1,Defence,3,Carlos Salcido,Left-back,77,false,https://7a0.com.br/en/copas/2014/mex
2014,Brazil,mex,Mexico,79,1,Defence,16,Miguel Ángel Ponce,Left-back,73,false,https://7a0.com.br/en/copas/2014/mex
2014,Brazil,mex,Mexico,79,1,Midfield,6,Héctor Herrera,Defensive midfielder,83,false,https://7a0.com.br/en/copas/2014/mex
2014,Brazil,mex,Mexico,79,1,Midfield,21,Carlos Pena,Defensive midfielder,76,false,https://7a0.com.br/en/copas/2014/mex
2014,Brazil,mex,Mexico,79,1,Midfield,23,José Juan Vazquez,Defensive midfielder,77,false,https://7a0.com.br/en/copas/2014/mex
2014,Brazil,mex,Mexico,79,1,Midfield,18,Andrés Guardado,Left midfielder,83,false,https://7a0.com.br/en/copas/2014/mex
2014,Brazil,mex,Mexico,79,1,Midfield,8,Marco Fabian,Attacking midfielder,76,false,https://7a0.com.br/en/copas/2014/mex
2014,Brazil,mex,Mexico,79,1,Midfield,10,Giovani dos Santos,Attacking midfielder,83,false,https://7a0.com.br/en/copas/2014/mex
2014,Brazil,mex,Mexico,79,1,Attack,17,Isaác Brizuela,Right winger,74,false,https://7a0.com.br/en/copas/2014/mex
2014,Brazil,mex,Mexico,79,1,Attack,9,Raúl Jiménez,Centre-forward,78,false,https://7a0.com.br/en/copas/2014/mex
2014,Brazil,mex,Mexico,79,1,Attack,11,Alan Pulido,Centre-forward,74,false,https://7a0.com.br/en/copas/2014/mex
2014,Brazil,mex,Mexico,79,1,Attack,14,Javier Hernández,Centre-forward,84,false,https://7a0.com.br/en/copas/2014/mex
2014,Brazil,mex,Mexico,79,1,Attack,19,Oribe Peralta,Centre-forward,81,false,https://7a0.com.br/en/copas/2014/mex
2014,Brazil,mex,Mexico,79,1,Attack,20,Javier Aquino,Left winger,75,false,https://7a0.com.br/en/copas/2014/mex
2014,Brazil,ned,Netherlands,81,3,Goalkeepers,1,Jasper Cillessen,Goalkeeper,82,false,https://7a0.com.br/en/copas/2014/ned
2014,Brazil,ned,Netherlands,81,3,Goalkeepers,22,Michel Vorm,Goalkeeper,78,false,https://7a0.com.br/en/copas/2014/ned
2014,Brazil,ned,Netherlands,81,3,Goalkeepers,23,Tim Krul,Goalkeeper,80,false,https://7a0.com.br/en/copas/2014/ned
2014,Brazil,ned,Netherlands,81,3,Defence,7,Daryl Janmaat,Right-back,79,false,https://7a0.com.br/en/copas/2014/ned
2014,Brazil,ned,Netherlands,81,3,Defence,12,Paul Verhaegh,Right-back,75,false,https://7a0.com.br/en/copas/2014/ned
2014,Brazil,ned,Netherlands,81,3,Defence,2,Ron Vlaar,Centre-back,82,false,https://7a0.com.br/en/copas/2014/ned
2014,Brazil,ned,Netherlands,81,3,Defence,3,Stefan De Vrij,Centre-back,84,false,https://7a0.com.br/en/copas/2014/ned
2014,Brazil,ned,Netherlands,81,3,Defence,4,Bruno Martins Indi,Centre-back,78,false,https://7a0.com.br/en/copas/2014/ned
2014,Brazil,ned,Netherlands,81,3,Defence,13,Joël Veltman,Centre-back,76,false,https://7a0.com.br/en/copas/2014/ned
2014,Brazil,ned,Netherlands,81,3,Defence,5,Daley Blind,Left-back,83,false,https://7a0.com.br/en/copas/2014/ned
2014,Brazil,ned,Netherlands,81,3,Midfield,6,Nigel De Jong,Defensive midfielder,82,false,https://7a0.com.br/en/copas/2014/ned
2014,Brazil,ned,Netherlands,81,3,Midfield,16,Jordy Clasie,Defensive midfielder,75,false,https://7a0.com.br/en/copas/2014/ned
2014,Brazil,ned,Netherlands,81,3,Midfield,18,Leroy Fer,Defensive midfielder,76,false,https://7a0.com.br/en/copas/2014/ned
2014,Brazil,ned,Netherlands,81,3,Midfield,20,Georginio Wijnaldum,Defensive midfielder,82,false,https://7a0.com.br/en/copas/2014/ned
2014,Brazil,ned,Netherlands,81,3,Midfield,15,Dirk Kuyt,Right midfielder,81,false,https://7a0.com.br/en/copas/2014/ned
2014,Brazil,ned,Netherlands,81,3,Midfield,8,Jonathan De Guzman,Midfielder,77,false,https://7a0.com.br/en/copas/2014/ned
2014,Brazil,ned,Netherlands,81,3,Midfield,10,Wesley Sneijder,Midfielder,88,true,https://7a0.com.br/en/copas/2014/ned
2014,Brazil,ned,Netherlands,81,3,Attack,11,Arjen Robben,Right winger,91,true,https://7a0.com.br/en/copas/2014/ned
2014,Brazil,ned,Netherlands,81,3,Attack,9,Robin Van Persie,Centre-forward,87,true,https://7a0.com.br/en/copas/2014/ned
2014,Brazil,ned,Netherlands,81,3,Attack,19,Klaas-Jan Huntelaar,Centre-forward,84,false,https://7a0.com.br/en/copas/2014/ned
2014,Brazil,ned,Netherlands,81,3,Attack,17,Jeremain Lens,Left winger,76,false,https://7a0.com.br/en/copas/2014/ned
2014,Brazil,ned,Netherlands,81,3,Attack,21,Memphis Depay,Left winger,80,false,https://7a0.com.br/en/copas/2014/ned
2014,Brazil,nga,Nigeria,76,2,Goalkeepers,1,Vincent Enyeama,Goalkeeper,84,true,https://7a0.com.br/en/copas/2014/nga
2014,Brazil,nga,Nigeria,76,2,Goalkeepers,16,Austin Ejide,Goalkeeper,72,false,https://7a0.com.br/en/copas/2014/nga
2014,Brazil,nga,Nigeria,76,2,Goalkeepers,21,Chigozie Agbim,Goalkeeper,70,false,https://7a0.com.br/en/copas/2014/nga
2014,Brazil,nga,Nigeria,76,2,Defence,12,Kunle Odunlami,Right-back,70,false,https://7a0.com.br/en/copas/2014/nga
2014,Brazil,nga,Nigeria,76,2,Defence,2,Joseph Yobo,Centre-back,80,false,https://7a0.com.br/en/copas/2014/nga
2014,Brazil,nga,Nigeria,76,2,Defence,5,Efe Ambrose,Centre-back,79,false,https://7a0.com.br/en/copas/2014/nga
2014,Brazil,nga,Nigeria,76,2,Defence,6,Azubuike Egwuekwe,Centre-back,74,false,https://7a0.com.br/en/copas/2014/nga
2014,Brazil,nga,Nigeria,76,2,Defence,14,Godfrey Oboabona,Centre-back,76,false,https://7a0.com.br/en/copas/2014/nga
2014,Brazil,nga,Nigeria,76,2,Defence,22,Kenneth Omeruo,Centre-back,77,false,https://7a0.com.br/en/copas/2014/nga
2014,Brazil,nga,Nigeria,76,2,Defence,13,Juwon Oshaniwa,Left-back,74,false,https://7a0.com.br/en/copas/2014/nga
2014,Brazil,nga,Nigeria,76,2,Midfield,4,Reuben Gabriel,Defensive midfielder,73,false,https://7a0.com.br/en/copas/2014/nga
2014,Brazil,nga,Nigeria,76,2,Midfield,10,John Obi Mikel,Defensive midfielder,83,true,https://7a0.com.br/en/copas/2014/nga
2014,Brazil,nga,Nigeria,76,2,Midfield,17,Ogenyi Onazi,Defensive midfielder,78,false,https://7a0.com.br/en/copas/2014/nga
2014,Brazil,nga,Nigeria,76,2,Midfield,3,Ejike Uzoenyi,Left midfielder,73,false,https://7a0.com.br/en/copas/2014/nga
2014,Brazil,nga,Nigeria,76,2,Midfield,18,Michael Babatunde,Left midfielder,72,false,https://7a0.com.br/en/copas/2014/nga
2014,Brazil,nga,Nigeria,76,2,Attack,11,Victor Moses,Right winger,82,false,https://7a0.com.br/en/copas/2014/nga
2014,Brazil,nga,Nigeria,76,2,Attack,8,Peter Odemwingie,Centre-forward,79,false,https://7a0.com.br/en/copas/2014/nga
2014,Brazil,nga,Nigeria,76,2,Attack,9,Emmanuel Emenike,Centre-forward,81,false,https://7a0.com.br/en/copas/2014/nga
2014,Brazil,nga,Nigeria,76,2,Attack,19,Uche Nwofor,Centre-forward,73,false,https://7a0.com.br/en/copas/2014/nga
2014,Brazil,nga,Nigeria,76,2,Attack,20,Michael Uchebo,Centre-forward,72,false,https://7a0.com.br/en/copas/2014/nga
2014,Brazil,nga,Nigeria,76,2,Attack,23,Shola Ameobi,Centre-forward,75,false,https://7a0.com.br/en/copas/2014/nga
2014,Brazil,nga,Nigeria,76,2,Attack,7,Ahmed Musa,Left winger,83,false,https://7a0.com.br/en/copas/2014/nga
2014,Brazil,por,Portugal,78,1,Goalkeepers,1,Eduardo Carvalho,Goalkeeper,76,false,https://7a0.com.br/en/copas/2014/por
2014,Brazil,por,Portugal,78,1,Goalkeepers,12,Rui Patrício,Goalkeeper,82,false,https://7a0.com.br/en/copas/2014/por
2014,Brazil,por,Portugal,78,1,Goalkeepers,22,Beto,Goalkeeper,72,false,https://7a0.com.br/en/copas/2014/por
2014,Brazil,por,Portugal,78,1,Defence,19,André Almeida,Right-back,74,false,https://7a0.com.br/en/copas/2014/por
2014,Brazil,por,Portugal,78,1,Defence,21,João Pereira,Right-back,76,false,https://7a0.com.br/en/copas/2014/por
2014,Brazil,por,Portugal,78,1,Defence,2,Bruno Alves,Centre-back,79,false,https://7a0.com.br/en/copas/2014/por
2014,Brazil,por,Portugal,78,1,Defence,3,Pepe,Centre-back,85,false,https://7a0.com.br/en/copas/2014/por
2014,Brazil,por,Portugal,78,1,Defence,13,Ricardo Costa,Centre-back,75,false,https://7a0.com.br/en/copas/2014/por
2014,Brazil,por,Portugal,78,1,Defence,14,Luís Neto,Centre-back,74,false,https://7a0.com.br/en/copas/2014/por
2014,Brazil,por,Portugal,78,1,Defence,5,Fábio Coentrão,Left-back,81,false,https://7a0.com.br/en/copas/2014/por
2014,Brazil,por,Portugal,78,1,Midfield,4,Miguel Veloso,Defensive midfielder,77,false,https://7a0.com.br/en/copas/2014/por
2014,Brazil,por,Portugal,78,1,Midfield,6,William Carvalho,Defensive midfielder,79,false,https://7a0.com.br/en/copas/2014/por
2014,Brazil,por,Portugal,78,1,Midfield,20,Ruben Amorim,Defensive midfielder,75,false,https://7a0.com.br/en/copas/2014/por
2014,Brazil,por,Portugal,78,1,Midfield,10,Vieirinha,Right midfielder,74,false,https://7a0.com.br/en/copas/2014/por
2014,Brazil,por,Portugal,78,1,Midfield,8,João Moutinho,Midfielder,83,false,https://7a0.com.br/en/copas/2014/por
2014,Brazil,por,Portugal,78,1,Midfield,16,Raul Meireles,Midfielder,79,false,https://7a0.com.br/en/copas/2014/por
2014,Brazil,por,Portugal,78,1,Midfield,15,Rafa Silva,Attacking midfielder,75,false,https://7a0.com.br/en/copas/2014/por
2014,Brazil,por,Portugal,78,1,Attack,17,Nani,Right winger,80,false,https://7a0.com.br/en/copas/2014/por
2014,Brazil,por,Portugal,78,1,Attack,18,Silvestre Varela,Right winger,75,false,https://7a0.com.br/en/copas/2014/por
2014,Brazil,por,Portugal,78,1,Attack,9,Hugo Almeida,Centre-forward,77,false,https://7a0.com.br/en/copas/2014/por
2014,Brazil,por,Portugal,78,1,Attack,11,Éder,Centre-forward,74,false,https://7a0.com.br/en/copas/2014/por
2014,Brazil,por,Portugal,78,1,Attack,23,Hélder Postiga,Centre-forward,77,false,https://7a0.com.br/en/copas/2014/por
2014,Brazil,por,Portugal,78,1,Attack,7,Cristiano Ronaldo,Left winger,94,true,https://7a0.com.br/en/copas/2014/por
2014,Brazil,esp,Spain,83,0,Goalkeepers,1,Iker Casillas,Goalkeeper,84,false,https://7a0.com.br/en/copas/2014/esp
2014,Brazil,esp,Spain,83,0,Goalkeepers,13,David De Gea,Goalkeeper,82,false,https://7a0.com.br/en/copas/2014/esp
2014,Brazil,esp,Spain,83,0,Goalkeepers,23,Pepe Reina,Goalkeeper,77,false,https://7a0.com.br/en/copas/2014/esp
2014,Brazil,esp,Spain,83,0,Defence,5,Juanfran,Right-back,79,false,https://7a0.com.br/en/copas/2014/esp
2014,Brazil,esp,Spain,83,0,Defence,22,César Azpilicueta,Right-back,80,false,https://7a0.com.br/en/copas/2014/esp
2014,Brazil,esp,Spain,83,0,Defence,2,Raúl Albiol,Centre-back,79,false,https://7a0.com.br/en/copas/2014/esp
2014,Brazil,esp,Spain,83,0,Defence,3,Gerard Piqué,Centre-back,85,false,https://7a0.com.br/en/copas/2014/esp
2014,Brazil,esp,Spain,83,0,Defence,15,Sergio Ramos,Centre-back,87,false,https://7a0.com.br/en/copas/2014/esp
2014,Brazil,esp,Spain,83,0,Defence,18,Jordi Alba,Left-back,83,false,https://7a0.com.br/en/copas/2014/esp
2014,Brazil,esp,Spain,83,0,Midfield,4,Javi Martínez,Defensive midfielder,82,false,https://7a0.com.br/en/copas/2014/esp
2014,Brazil,esp,Spain,83,0,Midfield,14,Xabi Alonso,Defensive midfielder,85,false,https://7a0.com.br/en/copas/2014/esp
2014,Brazil,esp,Spain,83,0,Midfield,16,Sergio Busquets,Defensive midfielder,85,false,https://7a0.com.br/en/copas/2014/esp
2014,Brazil,esp,Spain,83,0,Midfield,6,Andrés Iniesta,Midfielder,88,false,https://7a0.com.br/en/copas/2014/esp
2014,Brazil,esp,Spain,83,0,Midfield,8,Xavi,Midfielder,84,false,https://7a0.com.br/en/copas/2014/esp
2014,Brazil,esp,Spain,83,0,Midfield,10,Cesc Fàbregas,Midfielder,84,false,https://7a0.com.br/en/copas/2014/esp
2014,Brazil,esp,Spain,83,0,Midfield,17,Koke,Midfielder,80,false,https://7a0.com.br/en/copas/2014/esp
2014,Brazil,esp,Spain,83,0,Midfield,12,Juan Mata,Attacking midfielder,83,false,https://7a0.com.br/en/copas/2014/esp
2014,Brazil,esp,Spain,83,0,Midfield,20,Santi Cazorla,Attacking midfielder,82,false,https://7a0.com.br/en/copas/2014/esp
2014,Brazil,esp,Spain,83,0,Midfield,21,David Silva,Attacking midfielder,86,false,https://7a0.com.br/en/copas/2014/esp
2014,Brazil,esp,Spain,83,0,Attack,11,Pedro Rodríguez,Right winger,82,false,https://7a0.com.br/en/copas/2014/esp
2014,Brazil,esp,Spain,83,0,Attack,7,David Villa,Centre-forward,82,false,https://7a0.com.br/en/copas/2014/esp
2014,Brazil,esp,Spain,83,0,Attack,9,Fernando Torres,Centre-forward,79,false,https://7a0.com.br/en/copas/2014/esp
2014,Brazil,esp,Spain,83,0,Attack,19,Diego Costa,Centre-forward,84,false,https://7a0.com.br/en/copas/2014/esp
2014,Brazil,sui,Switzerland,77,0,Goalkeepers,1,Diego Benaglio,Goalkeeper,80,false,https://7a0.com.br/en/copas/2014/sui
2014,Brazil,sui,Switzerland,77,0,Goalkeepers,12,Yann Sommer,Goalkeeper,79,false,https://7a0.com.br/en/copas/2014/sui
2014,Brazil,sui,Switzerland,77,0,Goalkeepers,21,Roman Bürki,Goalkeeper,75,false,https://7a0.com.br/en/copas/2014/sui
2014,Brazil,sui,Switzerland,77,0,Defence,2,Stephan Lichtsteiner,Right-back,82,false,https://7a0.com.br/en/copas/2014/sui
2014,Brazil,sui,Switzerland,77,0,Defence,6,Michael Lang,Right-back,74,false,https://7a0.com.br/en/copas/2014/sui
2014,Brazil,sui,Switzerland,77,0,Defence,4,Philippe Senderos,Centre-back,76,false,https://7a0.com.br/en/copas/2014/sui
2014,Brazil,sui,Switzerland,77,0,Defence,5,Steve von Bergen,Centre-back,75,false,https://7a0.com.br/en/copas/2014/sui
2014,Brazil,sui,Switzerland,77,0,Defence,20,Johan Djourou,Centre-back,76,false,https://7a0.com.br/en/copas/2014/sui
2014,Brazil,sui,Switzerland,77,0,Defence,22,Fabian Schär,Centre-back,78,false,https://7a0.com.br/en/copas/2014/sui
2014,Brazil,sui,Switzerland,77,0,Defence,3,Reto Ziegler,Left-back,74,false,https://7a0.com.br/en/copas/2014/sui
2014,Brazil,sui,Switzerland,77,0,Defence,13,Ricardo Rodríguez,Left-back,80,false,https://7a0.com.br/en/copas/2014/sui
2014,Brazil,sui,Switzerland,77,0,Midfield,8,Gökhan Inler,Defensive midfielder,80,false,https://7a0.com.br/en/copas/2014/sui
2014,Brazil,sui,Switzerland,77,0,Midfield,11,Valon Behrami,Defensive midfielder,78,false,https://7a0.com.br/en/copas/2014/sui
2014,Brazil,sui,Switzerland,77,0,Midfield,15,Blerim Džemaili,Defensive midfielder,76,false,https://7a0.com.br/en/copas/2014/sui
2014,Brazil,sui,Switzerland,77,0,Midfield,16,Gelson Fernandes,Defensive midfielder,76,false,https://7a0.com.br/en/copas/2014/sui
2014,Brazil,sui,Switzerland,77,0,Midfield,7,Tranquillo Barnetta,Right midfielder,79,false,https://7a0.com.br/en/copas/2014/sui
2014,Brazil,sui,Switzerland,77,0,Midfield,10,Granit Xhaka,Midfielder,80,false,https://7a0.com.br/en/copas/2014/sui
2014,Brazil,sui,Switzerland,77,0,Attack,18,Admir Mehmedi,Right winger,76,false,https://7a0.com.br/en/copas/2014/sui
2014,Brazil,sui,Switzerland,77,0,Attack,23,Xherdan Shaqiri,Right winger,83,false,https://7a0.com.br/en/copas/2014/sui
2014,Brazil,sui,Switzerland,77,0,Attack,9,Haris Seferović,Centre-forward,76,false,https://7a0.com.br/en/copas/2014/sui
2014,Brazil,sui,Switzerland,77,0,Attack,17,Mario Gavranović,Centre-forward,74,false,https://7a0.com.br/en/copas/2014/sui
2014,Brazil,sui,Switzerland,77,0,Attack,19,Josip Drmić,Centre-forward,77,false,https://7a0.com.br/en/copas/2014/sui
2014,Brazil,sui,Switzerland,77,0,Attack,14,Valentin Stocker,Left winger,75,false,https://7a0.com.br/en/copas/2014/sui
2014,Brazil,usa,United States,76,0,Goalkeepers,1,Tim Howard,Goalkeeper,84,false,https://7a0.com.br/en/copas/2014/usa
2014,Brazil,usa,United States,76,0,Goalkeepers,12,Brad Guzan,Goalkeeper,77,false,https://7a0.com.br/en/copas/2014/usa
2014,Brazil,usa,United States,76,0,Goalkeepers,22,Nick Rimando,Goalkeeper,72,false,https://7a0.com.br/en/copas/2014/usa
2014,Brazil,usa,United States,76,0,Defence,2,DeAndre Yedlin,Right-back,74,false,https://7a0.com.br/en/copas/2014/usa
2014,Brazil,usa,United States,76,0,Defence,21,Timothy Chandler,Right-back,74,false,https://7a0.com.br/en/copas/2014/usa
2014,Brazil,usa,United States,76,0,Defence,23,Fabian Johnson,Right-back,77,false,https://7a0.com.br/en/copas/2014/usa
2014,Brazil,usa,United States,76,0,Defence,3,Omar Gonzalez,Centre-back,76,false,https://7a0.com.br/en/copas/2014/usa
2014,Brazil,usa,United States,76,0,Defence,5,Matt Besler,Centre-back,77,false,https://7a0.com.br/en/copas/2014/usa
2014,Brazil,usa,United States,76,0,Defence,6,John Brooks,Centre-back,75,false,https://7a0.com.br/en/copas/2014/usa
2014,Brazil,usa,United States,76,0,Defence,20,Geoff Cameron,Centre-back,76,false,https://7a0.com.br/en/copas/2014/usa
2014,Brazil,usa,United States,76,0,Defence,7,DaMarcus Beasley,Left-back,76,false,https://7a0.com.br/en/copas/2014/usa
2014,Brazil,usa,United States,76,0,Midfield,13,Jermaine Jones,Defensive midfielder,79,false,https://7a0.com.br/en/copas/2014/usa
2014,Brazil,usa,United States,76,0,Midfield,15,Kyle Beckerman,Defensive midfielder,75,false,https://7a0.com.br/en/copas/2014/usa
2014,Brazil,usa,United States,76,0,Midfield,11,Alejandro Bedoya,Right midfielder,75,false,https://7a0.com.br/en/copas/2014/usa
2014,Brazil,usa,United States,76,0,Midfield,19,Graham Zusi,Right midfielder,76,false,https://7a0.com.br/en/copas/2014/usa
2014,Brazil,usa,United States,76,0,Midfield,4,Michael Bradley,Midfielder,80,false,https://7a0.com.br/en/copas/2014/usa
2014,Brazil,usa,United States,76,0,Midfield,10,Mix Diskerud,Midfielder,74,false,https://7a0.com.br/en/copas/2014/usa
2014,Brazil,usa,United States,76,0,Midfield,14,Brad Davis,Left midfielder,74,false,https://7a0.com.br/en/copas/2014/usa
2014,Brazil,usa,United States,76,0,Midfield,8,Clint Dempsey,Attacking midfielder,82,false,https://7a0.com.br/en/copas/2014/usa
2014,Brazil,usa,United States,76,0,Attack,9,Aron Jóhannsson,Centre-forward,75,false,https://7a0.com.br/en/copas/2014/usa
2014,Brazil,usa,United States,76,0,Attack,17,Jozy Altidore,Centre-forward,78,false,https://7a0.com.br/en/copas/2014/usa
2014,Brazil,usa,United States,76,0,Attack,18,Chris Wondolowski,Centre-forward,74,false,https://7a0.com.br/en/copas/2014/usa
2014,Brazil,usa,United States,76,0,Attack,16,Julian Green,Left winger,72,false,https://7a0.com.br/en/copas/2014/usa
2014,Brazil,uru,Uruguay,80,2,Goalkeepers,1,Fernando Muslera,Goalkeeper,85,false,https://7a0.com.br/en/copas/2014/uru
2014,Brazil,uru,Uruguay,80,2,Goalkeepers,12,Rodrigo Muñoz,Goalkeeper,70,false,https://7a0.com.br/en/copas/2014/uru
2014,Brazil,uru,Uruguay,80,2,Defence,4,Jorge Fucile,Right-back,76,false,https://7a0.com.br/en/copas/2014/uru
2014,Brazil,uru,Uruguay,80,2,Defence,16,Maxi Pereira,Right-back,81,false,https://7a0.com.br/en/copas/2014/uru
2014,Brazil,uru,Uruguay,80,2,Defence,2,Diego Lugano,Centre-back,82,false,https://7a0.com.br/en/copas/2014/uru
2014,Brazil,uru,Uruguay,80,2,Defence,3,Diego Godín,Centre-back,90,true,https://7a0.com.br/en/copas/2014/uru
2014,Brazil,uru,Uruguay,80,2,Defence,13,José María Giménez,Centre-back,74,false,https://7a0.com.br/en/copas/2014/uru
2014,Brazil,uru,Uruguay,80,2,Defence,19,Sebastián Coates,Centre-back,74,false,https://7a0.com.br/en/copas/2014/uru
2014,Brazil,uru,Uruguay,80,2,Defence,22,Martín Cáceres,Centre-back,81,false,https://7a0.com.br/en/copas/2014/uru
2014,Brazil,uru,Uruguay,80,2,Defence,6,Álvaro Pereira,Left-back,79,false,https://7a0.com.br/en/copas/2014/uru
2014,Brazil,uru,Uruguay,80,2,Midfield,5,Walter Gargano,Defensive midfielder,77,false,https://7a0.com.br/en/copas/2014/uru
2014,Brazil,uru,Uruguay,80,2,Midfield,17,Egidio Arévalo Ríos,Defensive midfielder,82,false,https://7a0.com.br/en/copas/2014/uru
2014,Brazil,uru,Uruguay,80,2,Midfield,20,Álvaro González,Defensive midfielder,75,false,https://7a0.com.br/en/copas/2014/uru
2014,Brazil,uru,Uruguay,80,2,Midfield,18,Gastón Ramírez,Right midfielder,78,false,https://7a0.com.br/en/copas/2014/uru
2014,Brazil,uru,Uruguay,80,2,Midfield,15,Diego Pérez,Midfielder,78,false,https://7a0.com.br/en/copas/2014/uru
2014,Brazil,uru,Uruguay,80,2,Midfield,7,Cristian Rodríguez,Left midfielder,80,false,https://7a0.com.br/en/copas/2014/uru
2014,Brazil,uru,Uruguay,80,2,Midfield,14,Nicolás Lodeiro,Attacking midfielder,77,false,https://7a0.com.br/en/copas/2014/uru
2014,Brazil,uru,Uruguay,80,2,Attack,8,Abel Hernández,Centre-forward,76,false,https://7a0.com.br/en/copas/2014/uru
2014,Brazil,uru,Uruguay,80,2,Attack,9,Luis Suárez,Centre-forward,91,true,https://7a0.com.br/en/copas/2014/uru
2014,Brazil,uru,Uruguay,80,2,Attack,10,Diego Forlán,Centre-forward,83,false,https://7a0.com.br/en/copas/2014/uru
2014,Brazil,uru,Uruguay,80,2,Attack,11,Cristhian Stuani,Centre-forward,75,false,https://7a0.com.br/en/copas/2014/uru
2014,Brazil,uru,Uruguay,80,2,Attack,21,Edinson Cavani,Centre-forward,89,false,https://7a0.com.br/en/copas/2014/uru
2018,Russia,arg,Argentina,81,3,Goalkeepers,1,Nahuel Guzmán,Goalkeeper,79,false,https://7a0.com.br/en/copas/2018/arg
2018,Russia,arg,Argentina,81,3,Goalkeepers,12,Franco Armani,Goalkeeper,82,false,https://7a0.com.br/en/copas/2018/arg
2018,Russia,arg,Argentina,81,3,Goalkeepers,23,Willy Caballero,Goalkeeper,78,false,https://7a0.com.br/en/copas/2018/arg
2018,Russia,arg,Argentina,81,3,Defence,2,Gabriel Mercado,Right-back,78,false,https://7a0.com.br/en/copas/2018/arg
2018,Russia,arg,Argentina,81,3,Defence,6,Federico Fazio,Centre-back,76,false,https://7a0.com.br/en/copas/2018/arg
2018,Russia,arg,Argentina,81,3,Defence,14,Javier Mascherano,Centre-back,85,false,https://7a0.com.br/en/copas/2018/arg
2018,Russia,arg,Argentina,81,3,Defence,16,Marcos Rojo,Centre-back,78,false,https://7a0.com.br/en/copas/2018/arg
2018,Russia,arg,Argentina,81,3,Defence,17,Nicolás Otamendi,Centre-back,86,false,https://7a0.com.br/en/copas/2018/arg
2018,Russia,arg,Argentina,81,3,Defence,3,Nicolás Tagliafico,Left-back,82,false,https://7a0.com.br/en/copas/2018/arg
2018,Russia,arg,Argentina,81,3,Defence,4,Cristian Ansaldi,Left-back,76,false,https://7a0.com.br/en/copas/2018/arg
2018,Russia,arg,Argentina,81,3,Midfield,5,Lucas Biglia,Midfielder,80,false,https://7a0.com.br/en/copas/2018/arg
2018,Russia,arg,Argentina,81,3,Midfield,7,Éver Banega,Midfielder,81,false,https://7a0.com.br/en/copas/2018/arg
2018,Russia,arg,Argentina,81,3,Midfield,15,Enzo Pérez,Midfielder,77,false,https://7a0.com.br/en/copas/2018/arg
2018,Russia,arg,Argentina,81,3,Midfield,20,Giovani Lo Celso,Midfielder,78,false,https://7a0.com.br/en/copas/2018/arg
2018,Russia,arg,Argentina,81,3,Attack,10,Lionel Messi,Right winger,94,true,https://7a0.com.br/en/copas/2018/arg
2018,Russia,arg,Argentina,81,3,Attack,13,Maximiliano Meza,Right winger,75,false,https://7a0.com.br/en/copas/2018/arg
2018,Russia,arg,Argentina,81,3,Attack,18,Eduardo Salvio,Right winger,76,false,https://7a0.com.br/en/copas/2018/arg
2018,Russia,arg,Argentina,81,3,Attack,22,Cristian Pavón,Right winger,77,false,https://7a0.com.br/en/copas/2018/arg
2018,Russia,arg,Argentina,81,3,Attack,9,Gonzalo Higuaín,Centre-forward,86,false,https://7a0.com.br/en/copas/2018/arg
2018,Russia,arg,Argentina,81,3,Attack,19,Sergio Agüero,Centre-forward,89,true,https://7a0.com.br/en/copas/2018/arg
2018,Russia,arg,Argentina,81,3,Attack,11,Ángel Di María,Left winger,88,true,https://7a0.com.br/en/copas/2018/arg
2018,Russia,arg,Argentina,81,3,Attack,21,Paulo Dybala,Left winger,85,false,https://7a0.com.br/en/copas/2018/arg
2018,Russia,bel,Belgium,79,2,Goalkeepers,1,Thibaut Courtois,Goalkeeper,89,false,https://7a0.com.br/en/copas/2018/bel
2018,Russia,bel,Belgium,79,2,Goalkeepers,12,Simon Mignolet,Goalkeeper,74,false,https://7a0.com.br/en/copas/2018/bel
2018,Russia,bel,Belgium,79,2,Goalkeepers,13,Koen Casteels,Goalkeeper,72,false,https://7a0.com.br/en/copas/2018/bel
2018,Russia,bel,Belgium,79,2,Defence,15,Thomas Meunier,Right-back,79,false,https://7a0.com.br/en/copas/2018/bel
2018,Russia,bel,Belgium,79,2,Defence,2,Toby Alderweireld,Centre-back,84,false,https://7a0.com.br/en/copas/2018/bel
2018,Russia,bel,Belgium,79,2,Defence,3,Thomas Vermaelen,Centre-back,76,false,https://7a0.com.br/en/copas/2018/bel
2018,Russia,bel,Belgium,79,2,Defence,4,Vincent Kompany,Centre-back,85,false,https://7a0.com.br/en/copas/2018/bel
2018,Russia,bel,Belgium,79,2,Defence,5,Jan Vertonghen,Centre-back,83,false,https://7a0.com.br/en/copas/2018/bel
2018,Russia,bel,Belgium,79,2,Defence,20,Dedryck Boyata,Centre-back,72,false,https://7a0.com.br/en/copas/2018/bel
2018,Russia,bel,Belgium,79,2,Defence,23,Leander Dendoncker,Centre-back,71,false,https://7a0.com.br/en/copas/2018/bel
2018,Russia,bel,Belgium,79,2,Midfield,6,Axel Witsel,Defensive midfielder,82,false,https://7a0.com.br/en/copas/2018/bel
2018,Russia,bel,Belgium,79,2,Midfield,7,Kevin De Bruyne,Defensive midfielder,91,true,https://7a0.com.br/en/copas/2018/bel
2018,Russia,bel,Belgium,79,2,Midfield,8,Marouane Fellaini,Defensive midfielder,77,false,https://7a0.com.br/en/copas/2018/bel
2018,Russia,bel,Belgium,79,2,Midfield,17,Youri Tielemans,Defensive midfielder,75,false,https://7a0.com.br/en/copas/2018/bel
2018,Russia,bel,Belgium,79,2,Midfield,19,Mousa Dembélé,Defensive midfielder,78,false,https://7a0.com.br/en/copas/2018/bel
2018,Russia,bel,Belgium,79,2,Midfield,11,Yannick Carrasco,Left midfielder,78,false,https://7a0.com.br/en/copas/2018/bel
2018,Russia,bel,Belgium,79,2,Midfield,16,Thorgan Hazard,Left midfielder,76,false,https://7a0.com.br/en/copas/2018/bel
2018,Russia,bel,Belgium,79,2,Midfield,22,Nacer Chadli,Left midfielder,74,false,https://7a0.com.br/en/copas/2018/bel
2018,Russia,bel,Belgium,79,2,Attack,14,Dries Mertens,Right winger,83,false,https://7a0.com.br/en/copas/2018/bel
2018,Russia,bel,Belgium,79,2,Attack,18,Adnan Januzaj,Right winger,73,false,https://7a0.com.br/en/copas/2018/bel
2018,Russia,bel,Belgium,79,2,Attack,9,Romelu Lukaku,Centre-forward,85,false,https://7a0.com.br/en/copas/2018/bel
2018,Russia,bel,Belgium,79,2,Attack,21,Michy Batshuayi,Centre-forward,75,false,https://7a0.com.br/en/copas/2018/bel
2018,Russia,bel,Belgium,79,2,Attack,10,Eden Hazard,Left winger,92,true,https://7a0.com.br/en/copas/2018/bel
2018,Russia,bra,Brazil,82,3,Goalkeepers,1,Alisson,Goalkeeper,91,true,https://7a0.com.br/en/copas/2018/bra
2018,Russia,bra,Brazil,82,3,Goalkeepers,16,Cássio,Goalkeeper,79,false,https://7a0.com.br/en/copas/2018/bra
2018,Russia,bra,Brazil,82,3,Goalkeepers,23,Ederson,Goalkeeper,85,false,https://7a0.com.br/en/copas/2018/bra
2018,Russia,bra,Brazil,82,3,Defence,14,Danilo,Right-back,78,false,https://7a0.com.br/en/copas/2018/bra
2018,Russia,bra,Brazil,82,3,Defence,22,Fagner,Right-back,76,false,https://7a0.com.br/en/copas/2018/bra
2018,Russia,bra,Brazil,82,3,Defence,2,Thiago Silva,Centre-back,88,true,https://7a0.com.br/en/copas/2018/bra
2018,Russia,bra,Brazil,82,3,Defence,3,Miranda,Centre-back,82,false,https://7a0.com.br/en/copas/2018/bra
2018,Russia,bra,Brazil,82,3,Defence,4,Pedro Geromel,Centre-back,72,false,https://7a0.com.br/en/copas/2018/bra
2018,Russia,bra,Brazil,82,3,Defence,13,Marquinhos,Centre-back,85,false,https://7a0.com.br/en/copas/2018/bra
2018,Russia,bra,Brazil,82,3,Defence,6,Filipe Luís,Left-back,80,false,https://7a0.com.br/en/copas/2018/bra
2018,Russia,bra,Brazil,82,3,Defence,12,Marcelo,Left-back,88,false,https://7a0.com.br/en/copas/2018/bra
2018,Russia,bra,Brazil,82,3,Midfield,5,Casemiro,Defensive midfielder,87,false,https://7a0.com.br/en/copas/2018/bra
2018,Russia,bra,Brazil,82,3,Midfield,17,Fernandinho,Defensive midfielder,80,false,https://7a0.com.br/en/copas/2018/bra
2018,Russia,bra,Brazil,82,3,Midfield,15,Paulinho,Midfielder,81,false,https://7a0.com.br/en/copas/2018/bra
2018,Russia,bra,Brazil,82,3,Midfield,8,Renato Augusto,Left midfielder,79,false,https://7a0.com.br/en/copas/2018/bra
2018,Russia,bra,Brazil,82,3,Midfield,11,Philippe Coutinho,Attacking midfielder,88,false,https://7a0.com.br/en/copas/2018/bra
2018,Russia,bra,Brazil,82,3,Attack,7,Douglas Costa,Right winger,81,false,https://7a0.com.br/en/copas/2018/bra
2018,Russia,bra,Brazil,82,3,Attack,19,Willian,Right winger,80,false,https://7a0.com.br/en/copas/2018/bra
2018,Russia,bra,Brazil,82,3,Attack,9,Gabriel Jesus,Centre-forward,84,false,https://7a0.com.br/en/copas/2018/bra
2018,Russia,bra,Brazil,82,3,Attack,20,Roberto Firmino,Centre-forward,83,false,https://7a0.com.br/en/copas/2018/bra
2018,Russia,bra,Brazil,82,3,Attack,10,Neymar,Left winger,93,true,https://7a0.com.br/en/copas/2018/bra
2018,Russia,bra,Brazil,82,3,Attack,21,Taison,Left winger,74,false,https://7a0.com.br/en/copas/2018/bra
2018,Russia,col,Colombia,78,2,Goalkeepers,1,David Ospina,Goalkeeper,81,false,https://7a0.com.br/en/copas/2018/col
2018,Russia,col,Colombia,78,2,Goalkeepers,12,Camilo Vargas,Goalkeeper,74,false,https://7a0.com.br/en/copas/2018/col
2018,Russia,col,Colombia,78,2,Goalkeepers,22,José Fernando Cuadrado,Goalkeeper,72,false,https://7a0.com.br/en/copas/2018/col
2018,Russia,col,Colombia,78,2,Defence,4,Santiago Arias,Right-back,80,false,https://7a0.com.br/en/copas/2018/col
2018,Russia,col,Colombia,78,2,Defence,2,Cristián Zapata,Centre-back,79,false,https://7a0.com.br/en/copas/2018/col
2018,Russia,col,Colombia,78,2,Defence,3,Óscar Murillo,Centre-back,76,false,https://7a0.com.br/en/copas/2018/col
2018,Russia,col,Colombia,78,2,Defence,13,Yerry Mina,Centre-back,81,false,https://7a0.com.br/en/copas/2018/col
2018,Russia,col,Colombia,78,2,Defence,23,Davinson Sánchez,Centre-back,82,false,https://7a0.com.br/en/copas/2018/col
2018,Russia,col,Colombia,78,2,Defence,17,Johan Mojica,Left-back,75,false,https://7a0.com.br/en/copas/2018/col
2018,Russia,col,Colombia,78,2,Defence,18,Farid Díaz,Left-back,73,false,https://7a0.com.br/en/copas/2018/col
2018,Russia,col,Colombia,78,2,Midfield,5,Wilmar Barrios,Defensive midfielder,79,false,https://7a0.com.br/en/copas/2018/col
2018,Russia,col,Colombia,78,2,Midfield,6,Carlos Sánchez,Defensive midfielder,79,false,https://7a0.com.br/en/copas/2018/col
2018,Russia,col,Colombia,78,2,Midfield,15,Mateus Uribe,Defensive midfielder,77,false,https://7a0.com.br/en/copas/2018/col
2018,Russia,col,Colombia,78,2,Midfield,16,Jefferson Lerma,Defensive midfielder,78,false,https://7a0.com.br/en/copas/2018/col
2018,Russia,col,Colombia,78,2,Midfield,8,Abel Aguilar,Midfielder,77,false,https://7a0.com.br/en/copas/2018/col
2018,Russia,col,Colombia,78,2,Midfield,10,James Rodríguez,Attacking midfielder,87,true,https://7a0.com.br/en/copas/2018/col
2018,Russia,col,Colombia,78,2,Midfield,20,Juan Fernando Quintero,Attacking midfielder,79,false,https://7a0.com.br/en/copas/2018/col
2018,Russia,col,Colombia,78,2,Attack,11,Juan Cuadrado,Right winger,82,false,https://7a0.com.br/en/copas/2018/col
2018,Russia,col,Colombia,78,2,Attack,7,Carlos Bacca,Centre-forward,79,false,https://7a0.com.br/en/copas/2018/col
2018,Russia,col,Colombia,78,2,Attack,9,Radamel Falcao,Centre-forward,84,true,https://7a0.com.br/en/copas/2018/col
2018,Russia,col,Colombia,78,2,Attack,19,Miguel Borja,Centre-forward,76,false,https://7a0.com.br/en/copas/2018/col
2018,Russia,col,Colombia,78,2,Attack,14,Luis Muriel,Left winger,78,false,https://7a0.com.br/en/copas/2018/col
2018,Russia,col,Colombia,78,2,Attack,21,José Izquierdo,Left winger,76,false,https://7a0.com.br/en/copas/2018/col
2018,Russia,cro,Croatia,79,1,Goalkeepers,1,Dominik Livaković,Goalkeeper,76,false,https://7a0.com.br/en/copas/2018/cro
2018,Russia,cro,Croatia,79,1,Goalkeepers,12,Lovre Kalinić,Goalkeeper,72,false,https://7a0.com.br/en/copas/2018/cro
2018,Russia,cro,Croatia,79,1,Goalkeepers,23,Danijel Subašić,Goalkeeper,80,false,https://7a0.com.br/en/copas/2018/cro
2018,Russia,cro,Croatia,79,1,Defence,2,Šime Vrsaljko,Right-back,81,false,https://7a0.com.br/en/copas/2018/cro
2018,Russia,cro,Croatia,79,1,Defence,13,Tin Jedvaj,Right-back,74,false,https://7a0.com.br/en/copas/2018/cro
2018,Russia,cro,Croatia,79,1,Defence,5,Vedran Ćorluka,Centre-back,78,false,https://7a0.com.br/en/copas/2018/cro
2018,Russia,cro,Croatia,79,1,Defence,6,Dejan Lovren,Centre-back,81,false,https://7a0.com.br/en/copas/2018/cro
2018,Russia,cro,Croatia,79,1,Defence,15,Duje Ćaleta-Car,Centre-back,76,false,https://7a0.com.br/en/copas/2018/cro
2018,Russia,cro,Croatia,79,1,Defence,21,Domagoj Vida,Centre-back,80,false,https://7a0.com.br/en/copas/2018/cro
2018,Russia,cro,Croatia,79,1,Defence,3,Ivan Strinić,Left-back,77,false,https://7a0.com.br/en/copas/2018/cro
2018,Russia,cro,Croatia,79,1,Defence,22,Josip Pivarić,Left-back,74,false,https://7a0.com.br/en/copas/2018/cro
2018,Russia,cro,Croatia,79,1,Midfield,7,Ivan Rakitić,Defensive midfielder,85,false,https://7a0.com.br/en/copas/2018/cro
2018,Russia,cro,Croatia,79,1,Midfield,8,Mateo Kovačić,Defensive midfielder,82,false,https://7a0.com.br/en/copas/2018/cro
2018,Russia,cro,Croatia,79,1,Midfield,10,Luka Modrić,Defensive midfielder,95,true,https://7a0.com.br/en/copas/2018/cro
2018,Russia,cro,Croatia,79,1,Midfield,11,Marcelo Brozović,Defensive midfielder,82,false,https://7a0.com.br/en/copas/2018/cro
2018,Russia,cro,Croatia,79,1,Midfield,14,Filip Bradarić,Defensive midfielder,73,false,https://7a0.com.br/en/copas/2018/cro
2018,Russia,cro,Croatia,79,1,Midfield,19,Milan Badelj,Defensive midfielder,76,false,https://7a0.com.br/en/copas/2018/cro
2018,Russia,cro,Croatia,79,1,Attack,18,Ante Rebić,Right winger,79,false,https://7a0.com.br/en/copas/2018/cro
2018,Russia,cro,Croatia,79,1,Attack,9,Andrej Kramarić,Centre-forward,80,false,https://7a0.com.br/en/copas/2018/cro
2018,Russia,cro,Croatia,79,1,Attack,16,Nikola Kalinić,Centre-forward,77,false,https://7a0.com.br/en/copas/2018/cro
2018,Russia,cro,Croatia,79,1,Attack,17,Mario Mandžukić,Centre-forward,84,false,https://7a0.com.br/en/copas/2018/cro
2018,Russia,cro,Croatia,79,1,Attack,4,Ivan Perišić,Left winger,84,false,https://7a0.com.br/en/copas/2018/cro
2018,Russia,cro,Croatia,79,1,Attack,20,Marko Pjaca,Left winger,74,false,https://7a0.com.br/en/copas/2018/cro
2018,Russia,egy,Egypt,75,1,Goalkeepers,1,Essam El-Hadary,Goalkeeper,75,false,https://7a0.com.br/en/copas/2018/egy
2018,Russia,egy,Egypt,75,1,Goalkeepers,16,Sherif Ekramy,Goalkeeper,72,false,https://7a0.com.br/en/copas/2018/egy
2018,Russia,egy,Egypt,75,1,Goalkeepers,23,Mohamed El-Shenawy,Goalkeeper,77,false,https://7a0.com.br/en/copas/2018/egy
2018,Russia,egy,Egypt,75,1,Defence,3,Ahmed Elmohamady,Right-back,76,false,https://7a0.com.br/en/copas/2018/egy
2018,Russia,egy,Egypt,75,1,Defence,4,Omar Gaber,Right-back,74,false,https://7a0.com.br/en/copas/2018/egy
2018,Russia,egy,Egypt,75,1,Defence,7,Ahmed Fathy,Right-back,76,false,https://7a0.com.br/en/copas/2018/egy
2018,Russia,egy,Egypt,75,1,Defence,2,Ali Gabr,Centre-back,74,false,https://7a0.com.br/en/copas/2018/egy
2018,Russia,egy,Egypt,75,1,Defence,6,Ahmed Hegazi,Centre-back,78,false,https://7a0.com.br/en/copas/2018/egy
2018,Russia,egy,Egypt,75,1,Defence,15,Mahmoud Hamdy,Centre-back,72,false,https://7a0.com.br/en/copas/2018/egy
2018,Russia,egy,Egypt,75,1,Defence,20,Saad Samir,Centre-back,72,false,https://7a0.com.br/en/copas/2018/egy
2018,Russia,egy,Egypt,75,1,Defence,12,Ayman Ashraf,Left-back,72,false,https://7a0.com.br/en/copas/2018/egy
2018,Russia,egy,Egypt,75,1,Defence,13,Mohamed Abdel Shafy,Left-back,74,false,https://7a0.com.br/en/copas/2018/egy
2018,Russia,egy,Egypt,75,1,Midfield,5,Sam Morsy,Defensive midfielder,74,false,https://7a0.com.br/en/copas/2018/egy
2018,Russia,egy,Egypt,75,1,Midfield,8,Tarek Hamed,Defensive midfielder,77,false,https://7a0.com.br/en/copas/2018/egy
2018,Russia,egy,Egypt,75,1,Midfield,17,Mohamed Elneny,Defensive midfielder,78,false,https://7a0.com.br/en/copas/2018/egy
2018,Russia,egy,Egypt,75,1,Midfield,19,Abdallah El-Said,Midfielder,76,false,https://7a0.com.br/en/copas/2018/egy
2018,Russia,egy,Egypt,75,1,Midfield,18,Shikabala,Left midfielder,73,false,https://7a0.com.br/en/copas/2018/egy
2018,Russia,egy,Egypt,75,1,Attack,10,Mohamed Salah,Right winger,91,true,https://7a0.com.br/en/copas/2018/egy
2018,Russia,egy,Egypt,75,1,Attack,22,Amr Warda,Right winger,73,false,https://7a0.com.br/en/copas/2018/egy
2018,Russia,egy,Egypt,75,1,Attack,9,Marwan Mohsen,Centre-forward,73,false,https://7a0.com.br/en/copas/2018/egy
2018,Russia,egy,Egypt,75,1,Attack,11,Kahraba,Left winger,74,false,https://7a0.com.br/en/copas/2018/egy
2018,Russia,egy,Egypt,75,1,Attack,14,Ramadan Sobhi,Left winger,75,false,https://7a0.com.br/en/copas/2018/egy
2018,Russia,egy,Egypt,75,1,Attack,21,Mahmoud Trézéguet,Left winger,77,false,https://7a0.com.br/en/copas/2018/egy
2018,Russia,eng,England,77,0,Goalkeepers,1,Jordan Pickford,Goalkeeper,78,false,https://7a0.com.br/en/copas/2018/eng
2018,Russia,eng,England,77,0,Goalkeepers,13,Jack Butland,Goalkeeper,74,false,https://7a0.com.br/en/copas/2018/eng
2018,Russia,eng,England,77,0,Goalkeepers,23,Nick Pope,Goalkeeper,72,false,https://7a0.com.br/en/copas/2018/eng
2018,Russia,eng,England,77,0,Defence,2,Kyle Walker,Right-back,84,false,https://7a0.com.br/en/copas/2018/eng
2018,Russia,eng,England,77,0,Defence,12,Kieran Trippier,Right-back,80,false,https://7a0.com.br/en/copas/2018/eng
2018,Russia,eng,England,77,0,Defence,22,Trent Alexander-Arnold,Right-back,78,false,https://7a0.com.br/en/copas/2018/eng
2018,Russia,eng,England,77,0,Defence,5,John Stones,Centre-back,80,false,https://7a0.com.br/en/copas/2018/eng
2018,Russia,eng,England,77,0,Defence,6,Harry Maguire,Centre-back,80,false,https://7a0.com.br/en/copas/2018/eng
2018,Russia,eng,England,77,0,Defence,15,Gary Cahill,Centre-back,74,false,https://7a0.com.br/en/copas/2018/eng
2018,Russia,eng,England,77,0,Defence,16,Phil Jones,Centre-back,70,false,https://7a0.com.br/en/copas/2018/eng
2018,Russia,eng,England,77,0,Defence,3,Danny Rose,Left-back,76,false,https://7a0.com.br/en/copas/2018/eng
2018,Russia,eng,England,77,0,Defence,18,Ashley Young,Left-back,74,false,https://7a0.com.br/en/copas/2018/eng
2018,Russia,eng,England,77,0,Midfield,4,Eric Dier,Defensive midfielder,74,false,https://7a0.com.br/en/copas/2018/eng
2018,Russia,eng,England,77,0,Midfield,8,Jordan Henderson,Defensive midfielder,76,false,https://7a0.com.br/en/copas/2018/eng
2018,Russia,eng,England,77,0,Midfield,21,Ruben Loftus-Cheek,Defensive midfielder,72,false,https://7a0.com.br/en/copas/2018/eng
2018,Russia,eng,England,77,0,Midfield,17,Fabian Delph,Midfielder,72,false,https://7a0.com.br/en/copas/2018/eng
2018,Russia,eng,England,77,0,Midfield,20,Dele Alli,Midfielder,80,false,https://7a0.com.br/en/copas/2018/eng
2018,Russia,eng,England,77,0,Midfield,7,Jesse Lingard,Attacking midfielder,75,false,https://7a0.com.br/en/copas/2018/eng
2018,Russia,eng,England,77,0,Attack,9,Harry Kane,Centre-forward,90,false,https://7a0.com.br/en/copas/2018/eng
2018,Russia,eng,England,77,0,Attack,11,Jamie Vardy,Centre-forward,76,false,https://7a0.com.br/en/copas/2018/eng
2018,Russia,eng,England,77,0,Attack,14,Danny Welbeck,Centre-forward,72,false,https://7a0.com.br/en/copas/2018/eng
2018,Russia,eng,England,77,0,Attack,10,Raheem Sterling,Left winger,84,false,https://7a0.com.br/en/copas/2018/eng
2018,Russia,eng,England,77,0,Attack,19,Marcus Rashford,Left winger,78,false,https://7a0.com.br/en/copas/2018/eng
2018,Russia,fra,France,82,1,Goalkeepers,1,Hugo Lloris,Goalkeeper,86,false,https://7a0.com.br/en/copas/2018/fra
2018,Russia,fra,France,82,1,Goalkeepers,16,Steve Mandanda,Goalkeeper,77,false,https://7a0.com.br/en/copas/2018/fra
2018,Russia,fra,France,82,1,Goalkeepers,23,Alphonse Areola,Goalkeeper,73,false,https://7a0.com.br/en/copas/2018/fra
2018,Russia,fra,France,82,1,Defence,2,Benjamin Pavard,Right-back,81,false,https://7a0.com.br/en/copas/2018/fra
2018,Russia,fra,France,82,1,Defence,19,Djibril Sidibé,Right-back,78,false,https://7a0.com.br/en/copas/2018/fra
2018,Russia,fra,France,82,1,Defence,3,Presnel Kimpembe,Centre-back,78,false,https://7a0.com.br/en/copas/2018/fra
2018,Russia,fra,France,82,1,Defence,4,Raphaël Varane,Centre-back,89,false,https://7a0.com.br/en/copas/2018/fra
2018,Russia,fra,France,82,1,Defence,5,Samuel Umtiti,Centre-back,85,false,https://7a0.com.br/en/copas/2018/fra
2018,Russia,fra,France,82,1,Defence,17,Adil Rami,Centre-back,75,false,https://7a0.com.br/en/copas/2018/fra
2018,Russia,fra,France,82,1,Defence,21,Lucas Hernandez,Left-back,82,false,https://7a0.com.br/en/copas/2018/fra
2018,Russia,fra,France,82,1,Defence,22,Benjamin Mendy,Left-back,77,false,https://7a0.com.br/en/copas/2018/fra
2018,Russia,fra,France,82,1,Midfield,6,Paul Pogba,Defensive midfielder,90,false,https://7a0.com.br/en/copas/2018/fra
2018,Russia,fra,France,82,1,Midfield,12,Corentin Tolisso,Defensive midfielder,79,false,https://7a0.com.br/en/copas/2018/fra
2018,Russia,fra,France,82,1,Midfield,13,N'Golo Kanté,Defensive midfielder,91,false,https://7a0.com.br/en/copas/2018/fra
2018,Russia,fra,France,82,1,Midfield,15,Steven Nzonzi,Defensive midfielder,77,false,https://7a0.com.br/en/copas/2018/fra
2018,Russia,fra,France,82,1,Midfield,8,Thomas Lemar,Left midfielder,78,false,https://7a0.com.br/en/copas/2018/fra
2018,Russia,fra,France,82,1,Midfield,14,Blaise Matuidi,Left midfielder,82,false,https://7a0.com.br/en/copas/2018/fra
2018,Russia,fra,France,82,1,Midfield,18,Nabil Fekir,Attacking midfielder,79,false,https://7a0.com.br/en/copas/2018/fra
2018,Russia,fra,France,82,1,Attack,10,Kylian Mbappé,Right winger,94,true,https://7a0.com.br/en/copas/2018/fra
2018,Russia,fra,France,82,1,Attack,11,Ousmane Dembélé,Right winger,79,false,https://7a0.com.br/en/copas/2018/fra
2018,Russia,fra,France,82,1,Attack,20,Florian Thauvin,Right winger,77,false,https://7a0.com.br/en/copas/2018/fra
2018,Russia,fra,France,82,1,Attack,7,Antoine Griezmann,Centre-forward,90,false,https://7a0.com.br/en/copas/2018/fra
2018,Russia,fra,France,82,1,Attack,9,Olivier Giroud,Centre-forward,82,false,https://7a0.com.br/en/copas/2018/fra
2018,Russia,ger,Germany,82,3,Goalkeepers,1,Manuel Neuer,Goalkeeper,89,true,https://7a0.com.br/en/copas/2018/ger
2018,Russia,ger,Germany,82,3,Goalkeepers,12,Kevin Trapp,Goalkeeper,77,false,https://7a0.com.br/en/copas/2018/ger
2018,Russia,ger,Germany,82,3,Goalkeepers,22,Marc-André ter Stegen,Goalkeeper,85,false,https://7a0.com.br/en/copas/2018/ger
2018,Russia,ger,Germany,82,3,Defence,18,Joshua Kimmich,Right-back,85,false,https://7a0.com.br/en/copas/2018/ger
2018,Russia,ger,Germany,82,3,Defence,4,Matthias Ginter,Centre-back,79,false,https://7a0.com.br/en/copas/2018/ger
2018,Russia,ger,Germany,82,3,Defence,5,Mats Hummels,Centre-back,86,false,https://7a0.com.br/en/copas/2018/ger
2018,Russia,ger,Germany,82,3,Defence,15,Niklas Süle,Centre-back,80,false,https://7a0.com.br/en/copas/2018/ger
2018,Russia,ger,Germany,82,3,Defence,16,Antonio Rüdiger,Centre-back,80,false,https://7a0.com.br/en/copas/2018/ger
2018,Russia,ger,Germany,82,3,Defence,17,Jérôme Boateng,Centre-back,84,false,https://7a0.com.br/en/copas/2018/ger
2018,Russia,ger,Germany,82,3,Defence,2,Marvin Plattenhardt,Left-back,76,false,https://7a0.com.br/en/copas/2018/ger
2018,Russia,ger,Germany,82,3,Defence,3,Jonas Hector,Left-back,79,false,https://7a0.com.br/en/copas/2018/ger
2018,Russia,ger,Germany,82,3,Midfield,6,Sami Khedira,Defensive midfielder,81,false,https://7a0.com.br/en/copas/2018/ger
2018,Russia,ger,Germany,82,3,Midfield,14,Leon Goretzka,Defensive midfielder,80,false,https://7a0.com.br/en/copas/2018/ger
2018,Russia,ger,Germany,82,3,Midfield,19,Sebastian Rudy,Defensive midfielder,76,false,https://7a0.com.br/en/copas/2018/ger
2018,Russia,ger,Germany,82,3,Midfield,8,Toni Kroos,Midfielder,88,true,https://7a0.com.br/en/copas/2018/ger
2018,Russia,ger,Germany,82,3,Midfield,21,İlkay Gündogan,Midfielder,83,false,https://7a0.com.br/en/copas/2018/ger
2018,Russia,ger,Germany,82,3,Midfield,20,Julian Brandt,Left midfielder,78,false,https://7a0.com.br/en/copas/2018/ger
2018,Russia,ger,Germany,82,3,Midfield,7,Julian Draxler,Attacking midfielder,80,false,https://7a0.com.br/en/copas/2018/ger
2018,Russia,ger,Germany,82,3,Midfield,10,Mesut Özil,Attacking midfielder,85,false,https://7a0.com.br/en/copas/2018/ger
2018,Russia,ger,Germany,82,3,Midfield,11,Marco Reus,Attacking midfielder,84,false,https://7a0.com.br/en/copas/2018/ger
2018,Russia,ger,Germany,82,3,Midfield,13,Thomas Müller,Attacking midfielder,85,true,https://7a0.com.br/en/copas/2018/ger
2018,Russia,ger,Germany,82,3,Attack,9,Timo Werner,Centre-forward,82,false,https://7a0.com.br/en/copas/2018/ger
2018,Russia,ger,Germany,82,3,Attack,23,Mario Gómez,Centre-forward,79,false,https://7a0.com.br/en/copas/2018/ger
2018,Russia,jpn,Japan,77,0,Goalkeepers,1,Eiji Kawashima,Goalkeeper,76,false,https://7a0.com.br/en/copas/2018/jpn
2018,Russia,jpn,Japan,77,0,Goalkeepers,12,Masaaki Higashiguchi,Goalkeeper,73,false,https://7a0.com.br/en/copas/2018/jpn
2018,Russia,jpn,Japan,77,0,Goalkeepers,23,Kosuke Nakamura,Goalkeeper,71,false,https://7a0.com.br/en/copas/2018/jpn
2018,Russia,jpn,Japan,77,0,Defence,19,Hiroki Sakai H.,Right-back,79,false,https://7a0.com.br/en/copas/2018/jpn
2018,Russia,jpn,Japan,77,0,Defence,2,Naomichi Ueda,Centre-back,72,false,https://7a0.com.br/en/copas/2018/jpn
2018,Russia,jpn,Japan,77,0,Defence,3,Gen Shoji,Centre-back,78,false,https://7a0.com.br/en/copas/2018/jpn
2018,Russia,jpn,Japan,77,0,Defence,20,Tomoaki Makino,Centre-back,73,false,https://7a0.com.br/en/copas/2018/jpn
2018,Russia,jpn,Japan,77,0,Defence,22,Maya Yoshida,Centre-back,81,false,https://7a0.com.br/en/copas/2018/jpn
2018,Russia,jpn,Japan,77,0,Defence,5,Yūto Nagatomo,Left-back,81,false,https://7a0.com.br/en/copas/2018/jpn
2018,Russia,jpn,Japan,77,0,Defence,21,Gōtoku Sakai G.,Left-back,75,false,https://7a0.com.br/en/copas/2018/jpn
2018,Russia,jpn,Japan,77,0,Midfield,6,Wataru Endō,Defensive midfielder,73,false,https://7a0.com.br/en/copas/2018/jpn
2018,Russia,jpn,Japan,77,0,Midfield,7,Gaku Shibasaki,Defensive midfielder,79,false,https://7a0.com.br/en/copas/2018/jpn
2018,Russia,jpn,Japan,77,0,Midfield,16,Hotaru Yamaguchi,Defensive midfielder,76,false,https://7a0.com.br/en/copas/2018/jpn
2018,Russia,jpn,Japan,77,0,Midfield,17,Makoto Hasebe,Defensive midfielder,80,false,https://7a0.com.br/en/copas/2018/jpn
2018,Russia,jpn,Japan,77,0,Midfield,8,Genki Haraguchi,Right midfielder,78,false,https://7a0.com.br/en/copas/2018/jpn
2018,Russia,jpn,Japan,77,0,Midfield,18,Ryota Oshima,Midfielder,73,false,https://7a0.com.br/en/copas/2018/jpn
2018,Russia,jpn,Japan,77,0,Midfield,4,Keisuke Honda,Attacking midfielder,83,false,https://7a0.com.br/en/copas/2018/jpn
2018,Russia,jpn,Japan,77,0,Midfield,10,Shinji Kagawa,Attacking midfielder,82,false,https://7a0.com.br/en/copas/2018/jpn
2018,Russia,jpn,Japan,77,0,Attack,9,Shinji Okazaki,Centre-forward,80,false,https://7a0.com.br/en/copas/2018/jpn
2018,Russia,jpn,Japan,77,0,Attack,13,Yoshinori Muto,Centre-forward,75,false,https://7a0.com.br/en/copas/2018/jpn
2018,Russia,jpn,Japan,77,0,Attack,15,Yuya Osako,Centre-forward,79,false,https://7a0.com.br/en/copas/2018/jpn
2018,Russia,jpn,Japan,77,0,Attack,11,Takashi Usami,Left winger,74,false,https://7a0.com.br/en/copas/2018/jpn
2018,Russia,jpn,Japan,77,0,Attack,14,Takashi Inui,Left winger,80,false,https://7a0.com.br/en/copas/2018/jpn
2018,Russia,mar,Morocco,77,2,Goalkeepers,1,Yassine Bono,Goalkeeper,80,false,https://7a0.com.br/en/copas/2018/mar
2018,Russia,mar,Morocco,77,2,Goalkeepers,12,Ahmed Reda Tagnaouti,Goalkeeper,70,false,https://7a0.com.br/en/copas/2018/mar
2018,Russia,mar,Morocco,77,2,Goalkeepers,21,Munir Mohamedi,Goalkeeper,74,false,https://7a0.com.br/en/copas/2018/mar
2018,Russia,mar,Morocco,77,2,Defence,2,Achraf Hakimi,Right-back,83,false,https://7a0.com.br/en/copas/2018/mar
2018,Russia,mar,Morocco,77,2,Defence,15,Baaha,Right-back,71,false,https://7a0.com.br/en/copas/2018/mar
2018,Russia,mar,Morocco,77,2,Defence,4,Manuel Da Costa,Centre-back,76,false,https://7a0.com.br/en/copas/2018/mar
2018,Russia,mar,Morocco,77,2,Defence,5,Medhi Benatia,Centre-back,84,true,https://7a0.com.br/en/copas/2018/mar
2018,Russia,mar,Morocco,77,2,Defence,6,Romain Saïss,Centre-back,78,false,https://7a0.com.br/en/copas/2018/mar
2018,Russia,mar,Morocco,77,2,Defence,22,Badr Benoun,Centre-back,72,false,https://7a0.com.br/en/copas/2018/mar
2018,Russia,mar,Morocco,77,2,Defence,3,Hamza Mendyl,Left-back,73,false,https://7a0.com.br/en/copas/2018/mar
2018,Russia,mar,Morocco,77,2,Midfield,8,Karim El Ahmadi,Defensive midfielder,78,false,https://7a0.com.br/en/copas/2018/mar
2018,Russia,mar,Morocco,77,2,Midfield,19,Sofyan Amrabat,Defensive midfielder,77,false,https://7a0.com.br/en/copas/2018/mar
2018,Russia,mar,Morocco,77,2,Midfield,10,Fayçal Fajr,Midfielder,79,false,https://7a0.com.br/en/copas/2018/mar
2018,Russia,mar,Morocco,77,2,Midfield,14,Younès Belhanda,Midfielder,79,false,https://7a0.com.br/en/copas/2018/mar
2018,Russia,mar,Morocco,77,2,Midfield,11,Mbark Boussoufa,Attacking midfielder,80,true,https://7a0.com.br/en/copas/2018/mar
2018,Russia,mar,Morocco,77,2,Midfield,16,Amine Harit,Attacking midfielder,76,false,https://7a0.com.br/en/copas/2018/mar
2018,Russia,mar,Morocco,77,2,Attack,7,Hakim Ziyech,Right winger,86,false,https://7a0.com.br/en/copas/2018/mar
2018,Russia,mar,Morocco,77,2,Attack,13,Nabil Dirar,Right winger,77,false,https://7a0.com.br/en/copas/2018/mar
2018,Russia,mar,Morocco,77,2,Attack,9,Ayoub El Kaabi,Centre-forward,74,false,https://7a0.com.br/en/copas/2018/mar
2018,Russia,mar,Morocco,77,2,Attack,17,Khalid Boutaib,Centre-forward,72,false,https://7a0.com.br/en/copas/2018/mar
2018,Russia,mar,Morocco,77,2,Attack,20,Aziz Bouhaddouz,Centre-forward,71,false,https://7a0.com.br/en/copas/2018/mar
2018,Russia,mar,Morocco,77,2,Attack,18,Mehdi Carcela,Left winger,75,false,https://7a0.com.br/en/copas/2018/mar
2018,Russia,mar,Morocco,77,2,Attack,23,Nordin Amrabat,Left winger,76,false,https://7a0.com.br/en/copas/2018/mar
2018,Russia,per,Peru,74,0,Goalkeepers,1,Pedro Gallese,Goalkeeper,75,false,https://7a0.com.br/en/copas/2018/per
2018,Russia,per,Peru,74,0,Goalkeepers,12,Carlos Cáceda,Goalkeeper,69,false,https://7a0.com.br/en/copas/2018/per
2018,Russia,per,Peru,74,0,Goalkeepers,21,José Carvallo,Goalkeeper,68,false,https://7a0.com.br/en/copas/2018/per
2018,Russia,per,Peru,74,0,Defence,3,Aldo Corzo,Right-back,73,false,https://7a0.com.br/en/copas/2018/per
2018,Russia,per,Peru,74,0,Defence,17,Luis Advíncula,Right-back,76,false,https://7a0.com.br/en/copas/2018/per
2018,Russia,per,Peru,74,0,Defence,2,Alberto Rodríguez,Centre-back,74,false,https://7a0.com.br/en/copas/2018/per
2018,Russia,per,Peru,74,0,Defence,4,Anderson Santamaría,Centre-back,72,false,https://7a0.com.br/en/copas/2018/per
2018,Russia,per,Peru,74,0,Defence,5,Miguel Araujo,Centre-back,72,false,https://7a0.com.br/en/copas/2018/per
2018,Russia,per,Peru,74,0,Defence,15,Christian Ramos,Centre-back,73,false,https://7a0.com.br/en/copas/2018/per
2018,Russia,per,Peru,74,0,Defence,6,Miguel Trauco,Left-back,74,false,https://7a0.com.br/en/copas/2018/per
2018,Russia,per,Peru,74,0,Defence,22,Nilson Loyola,Left-back,72,false,https://7a0.com.br/en/copas/2018/per
2018,Russia,per,Peru,74,0,Midfield,13,Renato Tapia,Defensive midfielder,76,false,https://7a0.com.br/en/copas/2018/per
2018,Russia,per,Peru,74,0,Midfield,16,Wilder Cartagena,Defensive midfielder,72,false,https://7a0.com.br/en/copas/2018/per
2018,Russia,per,Peru,74,0,Midfield,23,Pedro Aquino,Defensive midfielder,74,false,https://7a0.com.br/en/copas/2018/per
2018,Russia,per,Peru,74,0,Midfield,14,Andy Polo,Right midfielder,73,false,https://7a0.com.br/en/copas/2018/per
2018,Russia,per,Peru,74,0,Midfield,19,Yoshimar Yotún,Midfielder,76,false,https://7a0.com.br/en/copas/2018/per
2018,Russia,per,Peru,74,0,Midfield,7,Paolo Hurtado,Attacking midfielder,73,false,https://7a0.com.br/en/copas/2018/per
2018,Russia,per,Peru,74,0,Midfield,8,Christian Cueva,Attacking midfielder,77,false,https://7a0.com.br/en/copas/2018/per
2018,Russia,per,Peru,74,0,Attack,10,Jefferson Farfán,Right winger,78,false,https://7a0.com.br/en/copas/2018/per
2018,Russia,per,Peru,74,0,Attack,18,André Carrillo,Right winger,77,false,https://7a0.com.br/en/copas/2018/per
2018,Russia,per,Peru,74,0,Attack,9,Paolo Guerrero,Centre-forward,80,false,https://7a0.com.br/en/copas/2018/per
2018,Russia,per,Peru,74,0,Attack,11,Raúl Ruidíaz,Centre-forward,74,false,https://7a0.com.br/en/copas/2018/per
2018,Russia,per,Peru,74,0,Attack,20,Edison Flores,Left winger,74,false,https://7a0.com.br/en/copas/2018/per
2018,Russia,pol,Poland,78,1,Goalkeepers,1,Wojciech Szczęsny,Goalkeeper,83,false,https://7a0.com.br/en/copas/2018/pol
2018,Russia,pol,Poland,78,1,Goalkeepers,22,Łukasz Fabiański,Goalkeeper,81,false,https://7a0.com.br/en/copas/2018/pol
2018,Russia,pol,Poland,78,1,Defence,18,Bartosz Bereszyński,Right-back,75,false,https://7a0.com.br/en/copas/2018/pol
2018,Russia,pol,Poland,78,1,Defence,20,Łukasz Piszczek,Right-back,81,false,https://7a0.com.br/en/copas/2018/pol
2018,Russia,pol,Poland,78,1,Defence,2,Michał Pazdan,Centre-back,76,false,https://7a0.com.br/en/copas/2018/pol
2018,Russia,pol,Poland,78,1,Defence,3,Artur Jędrzejczyk,Centre-back,75,false,https://7a0.com.br/en/copas/2018/pol
2018,Russia,pol,Poland,78,1,Defence,4,Thiago Cionek,Centre-back,73,false,https://7a0.com.br/en/copas/2018/pol
2018,Russia,pol,Poland,78,1,Defence,5,Jan Bednarek,Centre-back,77,false,https://7a0.com.br/en/copas/2018/pol
2018,Russia,pol,Poland,78,1,Defence,15,Kamil Glik,Centre-back,81,false,https://7a0.com.br/en/copas/2018/pol
2018,Russia,pol,Poland,78,1,Defence,13,Maciej Rybus,Left-back,76,false,https://7a0.com.br/en/copas/2018/pol
2018,Russia,pol,Poland,78,1,Midfield,6,Jacek Góralski,Defensive midfielder,74,false,https://7a0.com.br/en/copas/2018/pol
2018,Russia,pol,Poland,78,1,Midfield,10,Grzegorz Krychowiak,Defensive midfielder,80,false,https://7a0.com.br/en/copas/2018/pol
2018,Russia,pol,Poland,78,1,Midfield,8,Karol Linetty,Midfielder,75,false,https://7a0.com.br/en/copas/2018/pol
2018,Russia,pol,Poland,78,1,Midfield,21,Rafał Kurzawa,Midfielder,71,false,https://7a0.com.br/en/copas/2018/pol
2018,Russia,pol,Poland,78,1,Midfield,19,Piotr Zieliński,Attacking midfielder,83,false,https://7a0.com.br/en/copas/2018/pol
2018,Russia,pol,Poland,78,1,Attack,16,Jakub Błaszczykowski,Right winger,80,false,https://7a0.com.br/en/copas/2018/pol
2018,Russia,pol,Poland,78,1,Attack,7,Arkadiusz Milik,Centre-forward,81,false,https://7a0.com.br/en/copas/2018/pol
2018,Russia,pol,Poland,78,1,Attack,9,Robert Lewandowski,Centre-forward,90,true,https://7a0.com.br/en/copas/2018/pol
2018,Russia,pol,Poland,78,1,Attack,14,Łukasz Teodorczyk,Centre-forward,72,false,https://7a0.com.br/en/copas/2018/pol
2018,Russia,pol,Poland,78,1,Attack,23,Dawid Kownacki,Centre-forward,72,false,https://7a0.com.br/en/copas/2018/pol
2018,Russia,pol,Poland,78,1,Attack,11,Kamil Grosicki,Left winger,79,false,https://7a0.com.br/en/copas/2018/pol
2018,Russia,pol,Poland,78,1,Attack,17,Sławomir Peszko,Left winger,72,false,https://7a0.com.br/en/copas/2018/pol
2018,Russia,por,Portugal,77,1,Goalkeepers,1,Rui Patrício,Goalkeeper,84,false,https://7a0.com.br/en/copas/2018/por
2018,Russia,por,Portugal,77,1,Goalkeepers,12,Anthony Lopes,Goalkeeper,76,false,https://7a0.com.br/en/copas/2018/por
2018,Russia,por,Portugal,77,1,Goalkeepers,22,Beto,Goalkeeper,66,false,https://7a0.com.br/en/copas/2018/por
2018,Russia,por,Portugal,77,1,Defence,15,Ricardo Pereira,Right-back,77,false,https://7a0.com.br/en/copas/2018/por
2018,Russia,por,Portugal,77,1,Defence,21,Cédric,Right-back,74,false,https://7a0.com.br/en/copas/2018/por
2018,Russia,por,Portugal,77,1,Defence,2,Bruno Alves,Centre-back,74,false,https://7a0.com.br/en/copas/2018/por
2018,Russia,por,Portugal,77,1,Defence,3,Pepe,Centre-back,84,false,https://7a0.com.br/en/copas/2018/por
2018,Russia,por,Portugal,77,1,Defence,6,José Fonte,Centre-back,74,false,https://7a0.com.br/en/copas/2018/por
2018,Russia,por,Portugal,77,1,Defence,13,Rúben Dias,Centre-back,77,false,https://7a0.com.br/en/copas/2018/por
2018,Russia,por,Portugal,77,1,Defence,5,Raphaël Guerreiro,Left-back,81,false,https://7a0.com.br/en/copas/2018/por
2018,Russia,por,Portugal,77,1,Defence,19,Mário Rui,Left-back,71,false,https://7a0.com.br/en/copas/2018/por
2018,Russia,por,Portugal,77,1,Midfield,8,João Moutinho,Defensive midfielder,82,false,https://7a0.com.br/en/copas/2018/por
2018,Russia,por,Portugal,77,1,Midfield,10,João Mário,Defensive midfielder,75,false,https://7a0.com.br/en/copas/2018/por
2018,Russia,por,Portugal,77,1,Midfield,14,William Carvalho,Defensive midfielder,79,false,https://7a0.com.br/en/copas/2018/por
2018,Russia,por,Portugal,77,1,Midfield,16,Bruno Fernandes,Defensive midfielder,78,false,https://7a0.com.br/en/copas/2018/por
2018,Russia,por,Portugal,77,1,Midfield,11,Bernardo Silva,Right midfielder,84,false,https://7a0.com.br/en/copas/2018/por
2018,Russia,por,Portugal,77,1,Midfield,4,Manuel Fernandes,Midfielder,72,false,https://7a0.com.br/en/copas/2018/por
2018,Russia,por,Portugal,77,1,Midfield,23,Adrien Silva,Midfielder,73,false,https://7a0.com.br/en/copas/2018/por
2018,Russia,por,Portugal,77,1,Attack,18,Gelson Martins,Right winger,75,false,https://7a0.com.br/en/copas/2018/por
2018,Russia,por,Portugal,77,1,Attack,20,Ricardo Quaresma,Right winger,77,false,https://7a0.com.br/en/copas/2018/por
2018,Russia,por,Portugal,77,1,Attack,7,Cristiano Ronaldo,Centre-forward,93,true,https://7a0.com.br/en/copas/2018/por
2018,Russia,por,Portugal,77,1,Attack,9,André Silva,Centre-forward,76,false,https://7a0.com.br/en/copas/2018/por
2018,Russia,por,Portugal,77,1,Attack,17,Gonçalo Guedes,Left winger,76,false,https://7a0.com.br/en/copas/2018/por
2018,Russia,rus,Russia,76,0,Goalkeepers,1,Igor Akinfeev,Goalkeeper,82,false,https://7a0.com.br/en/copas/2018/rus
2018,Russia,rus,Russia,76,0,Goalkeepers,12,Andrey Lunyov,Goalkeeper,72,false,https://7a0.com.br/en/copas/2018/rus
2018,Russia,rus,Russia,76,0,Goalkeepers,20,Vladimir Gabulov,Goalkeeper,70,false,https://7a0.com.br/en/copas/2018/rus
2018,Russia,rus,Russia,76,0,Defence,2,Mário Fernandes,Right-back,78,false,https://7a0.com.br/en/copas/2018/rus
2018,Russia,rus,Russia,76,0,Defence,23,Igor Smolnikov,Right-back,74,false,https://7a0.com.br/en/copas/2018/rus
2018,Russia,rus,Russia,76,0,Defence,3,Ilya Kutepov,Centre-back,75,false,https://7a0.com.br/en/copas/2018/rus
2018,Russia,rus,Russia,76,0,Defence,4,Sergei Ignashevich,Centre-back,77,false,https://7a0.com.br/en/copas/2018/rus
2018,Russia,rus,Russia,76,0,Defence,5,Andrei Semyonov,Centre-back,71,false,https://7a0.com.br/en/copas/2018/rus
2018,Russia,rus,Russia,76,0,Defence,14,Vladimir Granat,Centre-back,72,false,https://7a0.com.br/en/copas/2018/rus
2018,Russia,rus,Russia,76,0,Defence,13,Fyodor Kudryashov,Left-back,74,false,https://7a0.com.br/en/copas/2018/rus
2018,Russia,rus,Russia,76,0,Defence,18,Yuri Zhirkov,Left-back,78,false,https://7a0.com.br/en/copas/2018/rus
2018,Russia,rus,Russia,76,0,Midfield,7,Daler Kuzyayev,Defensive midfielder,76,false,https://7a0.com.br/en/copas/2018/rus
2018,Russia,rus,Russia,76,0,Midfield,8,Yury Gazinsky,Defensive midfielder,73,false,https://7a0.com.br/en/copas/2018/rus
2018,Russia,rus,Russia,76,0,Midfield,11,Roman Zobnin,Defensive midfielder,76,false,https://7a0.com.br/en/copas/2018/rus
2018,Russia,rus,Russia,76,0,Midfield,16,Anton Miranchuk,Midfielder,71,false,https://7a0.com.br/en/copas/2018/rus
2018,Russia,rus,Russia,76,0,Midfield,21,Aleksandr Yerokhin,Midfielder,72,false,https://7a0.com.br/en/copas/2018/rus
2018,Russia,rus,Russia,76,0,Midfield,6,Denis Cheryshev,Left midfielder,80,false,https://7a0.com.br/en/copas/2018/rus
2018,Russia,rus,Russia,76,0,Midfield,9,Alan Dzagoev,Attacking midfielder,78,false,https://7a0.com.br/en/copas/2018/rus
2018,Russia,rus,Russia,76,0,Midfield,15,Aleksei Miranchuk,Attacking midfielder,76,false,https://7a0.com.br/en/copas/2018/rus
2018,Russia,rus,Russia,76,0,Midfield,17,Aleksandr Golovin,Attacking midfielder,83,false,https://7a0.com.br/en/copas/2018/rus
2018,Russia,rus,Russia,76,0,Attack,19,Aleksandr Samedov,Right winger,74,false,https://7a0.com.br/en/copas/2018/rus
2018,Russia,rus,Russia,76,0,Attack,10,Fyodor Smolov,Centre-forward,77,false,https://7a0.com.br/en/copas/2018/rus
2018,Russia,rus,Russia,76,0,Attack,22,Artem Dzyuba,Centre-forward,80,false,https://7a0.com.br/en/copas/2018/rus
2018,Russia,sen,Senegal,78,1,Goalkeepers,1,Abdoulaye Diallo,Goalkeeper,77,false,https://7a0.com.br/en/copas/2018/sen
2018,Russia,sen,Senegal,78,1,Goalkeepers,16,Khadim N'Diaye,Goalkeeper,76,false,https://7a0.com.br/en/copas/2018/sen
2018,Russia,sen,Senegal,78,1,Goalkeepers,23,Alfred Gomis,Goalkeeper,73,false,https://7a0.com.br/en/copas/2018/sen
2018,Russia,sen,Senegal,78,1,Defence,21,Lamine Gassama,Right-back,77,false,https://7a0.com.br/en/copas/2018/sen
2018,Russia,sen,Senegal,78,1,Defence,22,Moussa Wagué,Right-back,76,false,https://7a0.com.br/en/copas/2018/sen
2018,Russia,sen,Senegal,78,1,Defence,3,Kalidou Koulibaly,Centre-back,85,false,https://7a0.com.br/en/copas/2018/sen
2018,Russia,sen,Senegal,78,1,Defence,4,Kara Mbodji,Centre-back,79,false,https://7a0.com.br/en/copas/2018/sen
2018,Russia,sen,Senegal,78,1,Defence,6,Salif Sané,Centre-back,79,false,https://7a0.com.br/en/copas/2018/sen
2018,Russia,sen,Senegal,78,1,Defence,2,Adama Mbengué,Left-back,75,false,https://7a0.com.br/en/copas/2018/sen
2018,Russia,sen,Senegal,78,1,Defence,12,Youssouf Sabaly,Left-back,78,false,https://7a0.com.br/en/copas/2018/sen
2018,Russia,sen,Senegal,78,1,Midfield,5,Idrissa Gana Gueye,Defensive midfielder,81,false,https://7a0.com.br/en/copas/2018/sen
2018,Russia,sen,Senegal,78,1,Midfield,8,Cheikhou Kouyaté,Defensive midfielder,80,false,https://7a0.com.br/en/copas/2018/sen
2018,Russia,sen,Senegal,78,1,Midfield,11,Cheikh N'Doye,Defensive midfielder,76,false,https://7a0.com.br/en/copas/2018/sen
2018,Russia,sen,Senegal,78,1,Midfield,13,Alfred N'Diaye,Defensive midfielder,77,false,https://7a0.com.br/en/copas/2018/sen
2018,Russia,sen,Senegal,78,1,Midfield,17,Badou N'Diaye,Midfielder,79,false,https://7a0.com.br/en/copas/2018/sen
2018,Russia,sen,Senegal,78,1,Attack,18,Ismaïla Sarr,Right winger,78,false,https://7a0.com.br/en/copas/2018/sen
2018,Russia,sen,Senegal,78,1,Attack,7,Moussa Sow,Centre-forward,76,false,https://7a0.com.br/en/copas/2018/sen
2018,Russia,sen,Senegal,78,1,Attack,9,Mame Biram Diouf,Centre-forward,78,false,https://7a0.com.br/en/copas/2018/sen
2018,Russia,sen,Senegal,78,1,Attack,14,Moussa Konaté,Centre-forward,76,false,https://7a0.com.br/en/copas/2018/sen
2018,Russia,sen,Senegal,78,1,Attack,15,Diafra Sakho,Centre-forward,76,false,https://7a0.com.br/en/copas/2018/sen
2018,Russia,sen,Senegal,78,1,Attack,19,M'Baye Niang,Centre-forward,78,false,https://7a0.com.br/en/copas/2018/sen
2018,Russia,sen,Senegal,78,1,Attack,10,Sadio Mané,Left winger,87,true,https://7a0.com.br/en/copas/2018/sen
2018,Russia,sen,Senegal,78,1,Attack,20,Keita Baldé,Left winger,79,false,https://7a0.com.br/en/copas/2018/sen
2018,Russia,kor,South Korea,74,0,Goalkeepers,1,Kim Seung-gyu,Goalkeeper,75,false,https://7a0.com.br/en/copas/2018/kor
2018,Russia,kor,South Korea,74,0,Goalkeepers,21,Kim Jin-hyeon,Goalkeeper,73,false,https://7a0.com.br/en/copas/2018/kor
2018,Russia,kor,South Korea,74,0,Goalkeepers,23,Jo Hyeon-woo,Goalkeeper,77,false,https://7a0.com.br/en/copas/2018/kor
2018,Russia,kor,South Korea,74,0,Defence,2,Lee Yong,Right-back,73,false,https://7a0.com.br/en/copas/2018/kor
2018,Russia,kor,South Korea,74,0,Defence,12,Kim Min-woo,Right-back,72,false,https://7a0.com.br/en/copas/2018/kor
2018,Russia,kor,South Korea,74,0,Defence,3,Jung Seung-hyun,Centre-back,70,false,https://7a0.com.br/en/copas/2018/kor
2018,Russia,kor,South Korea,74,0,Defence,4,Oh Ban-suk,Centre-back,68,false,https://7a0.com.br/en/copas/2018/kor
2018,Russia,kor,South Korea,74,0,Defence,19,Kim Young-gwon,Centre-back,77,false,https://7a0.com.br/en/copas/2018/kor
2018,Russia,kor,South Korea,74,0,Defence,20,Jang Hyun-soo,Centre-back,75,false,https://7a0.com.br/en/copas/2018/kor
2018,Russia,kor,South Korea,74,0,Defence,22,Go Yo-han,Centre-back,72,false,https://7a0.com.br/en/copas/2018/kor
2018,Russia,kor,South Korea,74,0,Defence,5,Yun Young-sun,Left-back,69,false,https://7a0.com.br/en/copas/2018/kor
2018,Russia,kor,South Korea,74,0,Defence,6,Park Joo-ho,Left-back,74,false,https://7a0.com.br/en/copas/2018/kor
2018,Russia,kor,South Korea,74,0,Defence,14,Hong Chul,Left-back,71,false,https://7a0.com.br/en/copas/2018/kor
2018,Russia,kor,South Korea,74,0,Midfield,8,Ju Se-jong,Defensive midfielder,71,false,https://7a0.com.br/en/copas/2018/kor
2018,Russia,kor,South Korea,74,0,Midfield,15,Jung Woo-young,Defensive midfielder,74,false,https://7a0.com.br/en/copas/2018/kor
2018,Russia,kor,South Korea,74,0,Midfield,16,Ki Sung-yueng,Defensive midfielder,80,false,https://7a0.com.br/en/copas/2018/kor
2018,Russia,kor,South Korea,74,0,Midfield,10,Lee Seung-woo,Attacking midfielder,70,false,https://7a0.com.br/en/copas/2018/kor
2018,Russia,kor,South Korea,74,0,Midfield,13,Koo Ja-cheol,Attacking midfielder,79,false,https://7a0.com.br/en/copas/2018/kor
2018,Russia,kor,South Korea,74,0,Midfield,17,Lee Jae-sung,Attacking midfielder,75,false,https://7a0.com.br/en/copas/2018/kor
2018,Russia,kor,South Korea,74,0,Attack,9,Kim Shin-wook,Centre-forward,76,false,https://7a0.com.br/en/copas/2018/kor
2018,Russia,kor,South Korea,74,0,Attack,11,Hwang Hee-chan,Centre-forward,76,false,https://7a0.com.br/en/copas/2018/kor
2018,Russia,kor,South Korea,74,0,Attack,7,Son Heung-min,Left winger,87,false,https://7a0.com.br/en/copas/2018/kor
2018,Russia,kor,South Korea,74,0,Attack,18,Moon Seon-min,Left winger,70,false,https://7a0.com.br/en/copas/2018/kor
2018,Russia,esp,Spain,84,2,Goalkeepers,1,David De Gea,Goalkeeper,85,false,https://7a0.com.br/en/copas/2018/esp
2018,Russia,esp,Spain,84,2,Goalkeepers,13,Kepa Arrizabalaga,Goalkeeper,76,false,https://7a0.com.br/en/copas/2018/esp
2018,Russia,esp,Spain,84,2,Goalkeepers,23,S. Rico,Goalkeeper,74,false,https://7a0.com.br/en/copas/2018/esp
2018,Russia,esp,Spain,84,2,Defence,2,Dani Carvajal,Right-back,85,false,https://7a0.com.br/en/copas/2018/esp
2018,Russia,esp,Spain,84,2,Defence,14,César Azpilicueta,Right-back,83,false,https://7a0.com.br/en/copas/2018/esp
2018,Russia,esp,Spain,84,2,Defence,3,Gerard Piqué,Centre-back,88,false,https://7a0.com.br/en/copas/2018/esp
2018,Russia,esp,Spain,84,2,Defence,4,Nacho,Centre-back,82,false,https://7a0.com.br/en/copas/2018/esp
2018,Russia,esp,Spain,84,2,Defence,15,Sergio Ramos,Centre-back,91,true,https://7a0.com.br/en/copas/2018/esp
2018,Russia,esp,Spain,84,2,Defence,16,Nacho Monreal,Left-back,79,false,https://7a0.com.br/en/copas/2018/esp
2018,Russia,esp,Spain,84,2,Defence,18,Jordi Alba,Left-back,87,false,https://7a0.com.br/en/copas/2018/esp
2018,Russia,esp,Spain,84,2,Midfield,5,Sergio Busquets,Defensive midfielder,90,false,https://7a0.com.br/en/copas/2018/esp
2018,Russia,esp,Spain,84,2,Midfield,8,Koke,Defensive midfielder,83,false,https://7a0.com.br/en/copas/2018/esp
2018,Russia,esp,Spain,84,2,Midfield,6,Andrés Iniesta,Midfielder,91,true,https://7a0.com.br/en/copas/2018/esp
2018,Russia,esp,Spain,84,2,Midfield,7,Saúl Ñíguez,Midfielder,80,false,https://7a0.com.br/en/copas/2018/esp
2018,Russia,esp,Spain,84,2,Midfield,10,Thiago,Midfielder,86,false,https://7a0.com.br/en/copas/2018/esp
2018,Russia,esp,Spain,84,2,Midfield,21,David Silva,Midfielder,89,false,https://7a0.com.br/en/copas/2018/esp
2018,Russia,esp,Spain,84,2,Midfield,22,Isco,Midfielder,86,false,https://7a0.com.br/en/copas/2018/esp
2018,Russia,esp,Spain,84,2,Attack,11,Lucas Vázquez,Right winger,79,false,https://7a0.com.br/en/copas/2018/esp
2018,Russia,esp,Spain,84,2,Attack,20,Marco Asensio,Right winger,84,false,https://7a0.com.br/en/copas/2018/esp
2018,Russia,esp,Spain,84,2,Attack,9,Rodrigo,Centre-forward,80,false,https://7a0.com.br/en/copas/2018/esp
2018,Russia,esp,Spain,84,2,Attack,17,Iago Aspas,Centre-forward,81,false,https://7a0.com.br/en/copas/2018/esp
2018,Russia,esp,Spain,84,2,Attack,19,Diego Costa,Centre-forward,85,false,https://7a0.com.br/en/copas/2018/esp
2018,Russia,swe,Sweden,77,2,Goalkeepers,1,Robin Olsen,Goalkeeper,81,false,https://7a0.com.br/en/copas/2018/swe
2018,Russia,swe,Sweden,77,2,Goalkeepers,12,Karl-Johan Johnsson,Goalkeeper,72,false,https://7a0.com.br/en/copas/2018/swe
2018,Russia,swe,Sweden,77,2,Goalkeepers,23,Kristoffer Nordfeldt,Goalkeeper,75,false,https://7a0.com.br/en/copas/2018/swe
2018,Russia,swe,Sweden,77,2,Defence,2,Mikael Lustig,Right-back,78,false,https://7a0.com.br/en/copas/2018/swe
2018,Russia,swe,Sweden,77,2,Defence,16,Emil Krafth,Right-back,73,false,https://7a0.com.br/en/copas/2018/swe
2018,Russia,swe,Sweden,77,2,Defence,3,Victor Lindelöf,Centre-back,84,true,https://7a0.com.br/en/copas/2018/swe
2018,Russia,swe,Sweden,77,2,Defence,4,Andreas Granqvist,Centre-back,83,false,https://7a0.com.br/en/copas/2018/swe
2018,Russia,swe,Sweden,77,2,Defence,14,Filip Helander,Centre-back,75,false,https://7a0.com.br/en/copas/2018/swe
2018,Russia,swe,Sweden,77,2,Defence,18,Pontus Jansson,Centre-back,80,false,https://7a0.com.br/en/copas/2018/swe
2018,Russia,swe,Sweden,77,2,Defence,5,Martin Olsson,Left-back,76,false,https://7a0.com.br/en/copas/2018/swe
2018,Russia,swe,Sweden,77,2,Defence,6,Ludwig Augustinsson,Left-back,79,false,https://7a0.com.br/en/copas/2018/swe
2018,Russia,swe,Sweden,77,2,Midfield,7,Sebastian Larsson,Defensive midfielder,77,false,https://7a0.com.br/en/copas/2018/swe
2018,Russia,swe,Sweden,77,2,Midfield,8,Albin Ekdal,Defensive midfielder,78,false,https://7a0.com.br/en/copas/2018/swe
2018,Russia,swe,Sweden,77,2,Midfield,13,Gustav Svensson,Defensive midfielder,74,false,https://7a0.com.br/en/copas/2018/swe
2018,Russia,swe,Sweden,77,2,Midfield,19,Marcus Rohden,Defensive midfielder,74,false,https://7a0.com.br/en/copas/2018/swe
2018,Russia,swe,Sweden,77,2,Midfield,21,Jimmy Durmaz,Right midfielder,75,false,https://7a0.com.br/en/copas/2018/swe
2018,Russia,swe,Sweden,77,2,Midfield,15,Oscar Hiljemark,Midfielder,73,false,https://7a0.com.br/en/copas/2018/swe
2018,Russia,swe,Sweden,77,2,Attack,17,Viktor Claesson,Right winger,79,false,https://7a0.com.br/en/copas/2018/swe
2018,Russia,swe,Sweden,77,2,Attack,9,Marcus Berg,Centre-forward,82,false,https://7a0.com.br/en/copas/2018/swe
2018,Russia,swe,Sweden,77,2,Attack,11,John Guidetti,Centre-forward,77,false,https://7a0.com.br/en/copas/2018/swe
2018,Russia,swe,Sweden,77,2,Attack,20,Ola Toivonen,Centre-forward,78,false,https://7a0.com.br/en/copas/2018/swe
2018,Russia,swe,Sweden,77,2,Attack,22,Isaac Kiese Thelin,Centre-forward,74,false,https://7a0.com.br/en/copas/2018/swe
2018,Russia,swe,Sweden,77,2,Attack,10,Emil Forsberg,Left winger,85,true,https://7a0.com.br/en/copas/2018/swe
2018,Russia,sui,Switzerland,77,0,Goalkeepers,1,Yann Sommer,Goalkeeper,83,false,https://7a0.com.br/en/copas/2018/sui
2018,Russia,sui,Switzerland,77,0,Goalkeepers,12,Yvon Mvogo,Goalkeeper,73,false,https://7a0.com.br/en/copas/2018/sui
2018,Russia,sui,Switzerland,77,0,Goalkeepers,21,Roman Bürki,Goalkeeper,78,false,https://7a0.com.br/en/copas/2018/sui
2018,Russia,sui,Switzerland,77,0,Defence,2,Stephan Lichtsteiner,Right-back,80,false,https://7a0.com.br/en/copas/2018/sui
2018,Russia,sui,Switzerland,77,0,Defence,6,Michael Lang,Right-back,75,false,https://7a0.com.br/en/copas/2018/sui
2018,Russia,sui,Switzerland,77,0,Defence,4,Nico Elvedi,Centre-back,77,false,https://7a0.com.br/en/copas/2018/sui
2018,Russia,sui,Switzerland,77,0,Defence,5,Manuel Akanji,Centre-back,80,false,https://7a0.com.br/en/copas/2018/sui
2018,Russia,sui,Switzerland,77,0,Defence,20,Johan Djourou,Centre-back,75,false,https://7a0.com.br/en/copas/2018/sui
2018,Russia,sui,Switzerland,77,0,Defence,22,Fabian Schär,Centre-back,79,false,https://7a0.com.br/en/copas/2018/sui
2018,Russia,sui,Switzerland,77,0,Defence,3,François Moubandje,Left-back,72,false,https://7a0.com.br/en/copas/2018/sui
2018,Russia,sui,Switzerland,77,0,Defence,13,Ricardo Rodríguez,Left-back,81,false,https://7a0.com.br/en/copas/2018/sui
2018,Russia,sui,Switzerland,77,0,Midfield,8,Remo Freuler,Defensive midfielder,78,false,https://7a0.com.br/en/copas/2018/sui
2018,Russia,sui,Switzerland,77,0,Midfield,11,Valon Behrami,Defensive midfielder,76,false,https://7a0.com.br/en/copas/2018/sui
2018,Russia,sui,Switzerland,77,0,Midfield,15,Blerim Džemaili,Defensive midfielder,75,false,https://7a0.com.br/en/copas/2018/sui
2018,Russia,sui,Switzerland,77,0,Midfield,16,Gelson Fernandes,Defensive midfielder,74,false,https://7a0.com.br/en/copas/2018/sui
2018,Russia,sui,Switzerland,77,0,Midfield,17,Denis Zakaria,Defensive midfielder,78,false,https://7a0.com.br/en/copas/2018/sui
2018,Russia,sui,Switzerland,77,0,Midfield,10,Granit Xhaka,Midfielder,83,false,https://7a0.com.br/en/copas/2018/sui
2018,Russia,sui,Switzerland,77,0,Midfield,14,Steven Zuber,Left midfielder,76,false,https://7a0.com.br/en/copas/2018/sui
2018,Russia,sui,Switzerland,77,0,Attack,23,Xherdan Shaqiri,Right winger,83,false,https://7a0.com.br/en/copas/2018/sui
2018,Russia,sui,Switzerland,77,0,Attack,7,Breel Embolo,Centre-forward,77,false,https://7a0.com.br/en/copas/2018/sui
2018,Russia,sui,Switzerland,77,0,Attack,9,Haris Seferović,Centre-forward,78,false,https://7a0.com.br/en/copas/2018/sui
2018,Russia,sui,Switzerland,77,0,Attack,18,Mario Gavranović,Centre-forward,75,false,https://7a0.com.br/en/copas/2018/sui
2018,Russia,sui,Switzerland,77,0,Attack,19,Josip Drmić,Centre-forward,75,false,https://7a0.com.br/en/copas/2018/sui
2018,Russia,uru,Uruguay,78,3,Goalkeepers,1,Fernando Muslera,Goalkeeper,80,false,https://7a0.com.br/en/copas/2018/uru
2018,Russia,uru,Uruguay,78,3,Goalkeepers,12,Martín Campaña,Goalkeeper,72,false,https://7a0.com.br/en/copas/2018/uru
2018,Russia,uru,Uruguay,78,3,Goalkeepers,23,Martín Silva,Goalkeeper,74,false,https://7a0.com.br/en/copas/2018/uru
2018,Russia,uru,Uruguay,78,3,Defence,4,Guillermo Varela,Right-back,75,false,https://7a0.com.br/en/copas/2018/uru
2018,Russia,uru,Uruguay,78,3,Defence,16,Maxi Pereira,Right-back,77,false,https://7a0.com.br/en/copas/2018/uru
2018,Russia,uru,Uruguay,78,3,Defence,2,José Giménez,Centre-back,82,false,https://7a0.com.br/en/copas/2018/uru
2018,Russia,uru,Uruguay,78,3,Defence,3,Diego Godín,Centre-back,86,true,https://7a0.com.br/en/copas/2018/uru
2018,Russia,uru,Uruguay,78,3,Defence,19,Sebastián Coates,Centre-back,76,false,https://7a0.com.br/en/copas/2018/uru
2018,Russia,uru,Uruguay,78,3,Defence,22,Martín Cáceres,Centre-back,78,false,https://7a0.com.br/en/copas/2018/uru
2018,Russia,uru,Uruguay,78,3,Defence,13,Gastón Silva,Left-back,74,false,https://7a0.com.br/en/copas/2018/uru
2018,Russia,uru,Uruguay,78,3,Defence,17,Diego Laxalt,Left-back,77,false,https://7a0.com.br/en/copas/2018/uru
2018,Russia,uru,Uruguay,78,3,Midfield,5,Carlos Sánchez,Defensive midfielder,78,false,https://7a0.com.br/en/copas/2018/uru
2018,Russia,uru,Uruguay,78,3,Midfield,6,Rodrigo Bentancur,Defensive midfielder,81,false,https://7a0.com.br/en/copas/2018/uru
2018,Russia,uru,Uruguay,78,3,Midfield,14,Lucas Torreira,Defensive midfielder,81,false,https://7a0.com.br/en/copas/2018/uru
2018,Russia,uru,Uruguay,78,3,Midfield,8,Nahitan Nández,Right midfielder,78,false,https://7a0.com.br/en/copas/2018/uru
2018,Russia,uru,Uruguay,78,3,Midfield,15,Matías Vecino,Midfielder,80,false,https://7a0.com.br/en/copas/2018/uru
2018,Russia,uru,Uruguay,78,3,Midfield,7,Cristian Rodríguez,Left midfielder,77,false,https://7a0.com.br/en/copas/2018/uru
2018,Russia,uru,Uruguay,78,3,Midfield,10,Giorgian De Arrascaeta,Attacking midfielder,79,false,https://7a0.com.br/en/copas/2018/uru
2018,Russia,uru,Uruguay,78,3,Attack,9,Luis Suárez,Centre-forward,88,true,https://7a0.com.br/en/copas/2018/uru
2018,Russia,uru,Uruguay,78,3,Attack,11,Cristhian Stuani,Centre-forward,77,false,https://7a0.com.br/en/copas/2018/uru
2018,Russia,uru,Uruguay,78,3,Attack,18,Maxi Gómez,Centre-forward,75,false,https://7a0.com.br/en/copas/2018/uru
2018,Russia,uru,Uruguay,78,3,Attack,21,Edinson Cavani,Centre-forward,87,true,https://7a0.com.br/en/copas/2018/uru
2018,Russia,uru,Uruguay,78,3,Attack,20,Jonathan Urretaviscaya,Left winger,73,false,https://7a0.com.br/en/copas/2018/uru
2022,Qatar,arg,Argentina,80,1,Goalkeepers,1,Franco Armani,Goalkeeper,75,false,https://7a0.com.br/en/copas/2022/arg
2022,Qatar,arg,Argentina,80,1,Goalkeepers,12,Gerónimo Rulli,Goalkeeper,72,false,https://7a0.com.br/en/copas/2022/arg
2022,Qatar,arg,Argentina,80,1,Goalkeepers,23,Emiliano Martínez,Goalkeeper,92,false,https://7a0.com.br/en/copas/2022/arg
2022,Qatar,arg,Argentina,80,1,Defence,2,Juan Foyth,Right-back,77,false,https://7a0.com.br/en/copas/2022/arg
2022,Qatar,arg,Argentina,80,1,Defence,4,Gonzalo Montiel,Right-back,76,false,https://7a0.com.br/en/copas/2022/arg
2022,Qatar,arg,Argentina,80,1,Defence,26,Nahuel Molina,Right-back,78,false,https://7a0.com.br/en/copas/2022/arg
2022,Qatar,arg,Argentina,80,1,Defence,6,Germán Pezzella,Centre-back,75,false,https://7a0.com.br/en/copas/2022/arg
2022,Qatar,arg,Argentina,80,1,Defence,13,Cristian Romero,Centre-back,84,false,https://7a0.com.br/en/copas/2022/arg
2022,Qatar,arg,Argentina,80,1,Defence,19,Nicolás Otamendi,Centre-back,81,false,https://7a0.com.br/en/copas/2022/arg
2022,Qatar,arg,Argentina,80,1,Defence,25,Lisandro Martínez,Centre-back,80,false,https://7a0.com.br/en/copas/2022/arg
2022,Qatar,arg,Argentina,80,1,Defence,3,Nicolás Tagliafico,Left-back,79,false,https://7a0.com.br/en/copas/2022/arg
2022,Qatar,arg,Argentina,80,1,Defence,8,Marcos Acuña,Left-back,80,false,https://7a0.com.br/en/copas/2022/arg
2022,Qatar,arg,Argentina,80,1,Midfield,5,Leandro Paredes,Defensive midfielder,79,false,https://7a0.com.br/en/copas/2022/arg
2022,Qatar,arg,Argentina,80,1,Midfield,7,Rodrigo De Paul,Defensive midfielder,83,false,https://7a0.com.br/en/copas/2022/arg
2022,Qatar,arg,Argentina,80,1,Midfield,14,Exequiel Palacios,Defensive midfielder,77,false,https://7a0.com.br/en/copas/2022/arg
2022,Qatar,arg,Argentina,80,1,Midfield,18,Guido Rodríguez,Defensive midfielder,77,false,https://7a0.com.br/en/copas/2022/arg
2022,Qatar,arg,Argentina,80,1,Midfield,24,Enzo Fernández,Defensive midfielder,82,false,https://7a0.com.br/en/copas/2022/arg
2022,Qatar,arg,Argentina,80,1,Midfield,11,Ángel Di María,Right midfielder,84,false,https://7a0.com.br/en/copas/2022/arg
2022,Qatar,arg,Argentina,80,1,Midfield,20,Alexis Mac Allister,Midfielder,81,false,https://7a0.com.br/en/copas/2022/arg
2022,Qatar,arg,Argentina,80,1,Midfield,16,Thiago Almada,Left midfielder,73,false,https://7a0.com.br/en/copas/2022/arg
2022,Qatar,arg,Argentina,80,1,Midfield,17,Papu Gómez,Left midfielder,76,false,https://7a0.com.br/en/copas/2022/arg
2022,Qatar,arg,Argentina,80,1,Midfield,10,Lionel Messi,Attacking midfielder,99,true,https://7a0.com.br/en/copas/2022/arg
2022,Qatar,arg,Argentina,80,1,Attack,15,Ángel Correa,Right winger,76,false,https://7a0.com.br/en/copas/2022/arg
2022,Qatar,arg,Argentina,80,1,Attack,21,Paulo Dybala,Right winger,79,false,https://7a0.com.br/en/copas/2022/arg
2022,Qatar,arg,Argentina,80,1,Attack,9,Julián Álvarez,Centre-forward,84,false,https://7a0.com.br/en/copas/2022/arg
2022,Qatar,arg,Argentina,80,1,Attack,22,Lautaro Martínez,Centre-forward,82,false,https://7a0.com.br/en/copas/2022/arg
2022,Qatar,aus,Australia,73,1,Goalkeepers,1,Mathew Ryan,Goalkeeper,82,true,https://7a0.com.br/en/copas/2022/aus
2022,Qatar,aus,Australia,73,1,Goalkeepers,12,Andrew Redmayne,Goalkeeper,71,false,https://7a0.com.br/en/copas/2022/aus
2022,Qatar,aus,Australia,73,1,Goalkeepers,18,Danny Vukovic,Goalkeeper,70,false,https://7a0.com.br/en/copas/2022/aus
2022,Qatar,aus,Australia,73,1,Defence,3,Nathaniel Atkinson,Right-back,70,false,https://7a0.com.br/en/copas/2022/aus
2022,Qatar,aus,Australia,73,1,Defence,5,Fran Karačić,Right-back,70,false,https://7a0.com.br/en/copas/2022/aus
2022,Qatar,aus,Australia,73,1,Defence,2,Miloš Degenek,Centre-back,73,false,https://7a0.com.br/en/copas/2022/aus
2022,Qatar,aus,Australia,73,1,Defence,4,Kye Rowles,Centre-back,71,false,https://7a0.com.br/en/copas/2022/aus
2022,Qatar,aus,Australia,73,1,Defence,8,Bailey Wright,Centre-back,72,false,https://7a0.com.br/en/copas/2022/aus
2022,Qatar,aus,Australia,73,1,Defence,19,Harry Souttar,Centre-back,79,false,https://7a0.com.br/en/copas/2022/aus
2022,Qatar,aus,Australia,73,1,Defence,20,Thomas Deng,Centre-back,68,false,https://7a0.com.br/en/copas/2022/aus
2022,Qatar,aus,Australia,73,1,Defence,16,Aziz Behich,Left-back,73,false,https://7a0.com.br/en/copas/2022/aus
2022,Qatar,aus,Australia,73,1,Defence,24,Joel King,Left-back,69,false,https://7a0.com.br/en/copas/2022/aus
2022,Qatar,aus,Australia,73,1,Midfield,17,Cameron Devlin,Defensive midfielder,70,false,https://7a0.com.br/en/copas/2022/aus
2022,Qatar,aus,Australia,73,1,Midfield,26,Keanu Baccus,Defensive midfielder,69,false,https://7a0.com.br/en/copas/2022/aus
2022,Qatar,aus,Australia,73,1,Midfield,10,Ajdin Hrustić,Midfielder,75,false,https://7a0.com.br/en/copas/2022/aus
2022,Qatar,aus,Australia,73,1,Midfield,13,Aaron Mooy,Midfielder,80,false,https://7a0.com.br/en/copas/2022/aus
2022,Qatar,aus,Australia,73,1,Midfield,14,Riley McGree,Midfielder,74,false,https://7a0.com.br/en/copas/2022/aus
2022,Qatar,aus,Australia,73,1,Midfield,22,Jackson Irvine,Midfielder,79,false,https://7a0.com.br/en/copas/2022/aus
2022,Qatar,aus,Australia,73,1,Attack,7,Mathew Leckie,Right winger,81,false,https://7a0.com.br/en/copas/2022/aus
2022,Qatar,aus,Australia,73,1,Attack,9,Jamie Maclaren,Centre-forward,74,false,https://7a0.com.br/en/copas/2022/aus
2022,Qatar,aus,Australia,73,1,Attack,15,Mitchell Duke,Centre-forward,73,false,https://7a0.com.br/en/copas/2022/aus
2022,Qatar,aus,Australia,73,1,Attack,25,Jason Cummings,Centre-forward,67,false,https://7a0.com.br/en/copas/2022/aus
2022,Qatar,aus,Australia,73,1,Attack,6,Marco Tilio,Left winger,68,false,https://7a0.com.br/en/copas/2022/aus
2022,Qatar,aus,Australia,73,1,Attack,11,Awer Mabil,Left winger,76,false,https://7a0.com.br/en/copas/2022/aus
2022,Qatar,aus,Australia,73,1,Attack,21,Garang Kuol,Left winger,68,false,https://7a0.com.br/en/copas/2022/aus
2022,Qatar,aus,Australia,73,1,Attack,23,Craig Goodwin,Left winger,72,false,https://7a0.com.br/en/copas/2022/aus
2022,Qatar,bel,Belgium,78,2,Goalkeepers,1,Thibaut Courtois,Goalkeeper,90,false,https://7a0.com.br/en/copas/2022/bel
2022,Qatar,bel,Belgium,78,2,Goalkeepers,12,Simon Mignolet,Goalkeeper,76,false,https://7a0.com.br/en/copas/2022/bel
2022,Qatar,bel,Belgium,78,2,Goalkeepers,13,Koen Casteels,Goalkeeper,74,false,https://7a0.com.br/en/copas/2022/bel
2022,Qatar,bel,Belgium,78,2,Defence,15,Thomas Meunier,Right-back,77,false,https://7a0.com.br/en/copas/2022/bel
2022,Qatar,bel,Belgium,78,2,Defence,21,Timothy Castagne,Right-back,77,false,https://7a0.com.br/en/copas/2022/bel
2022,Qatar,bel,Belgium,78,2,Defence,2,Toby Alderweireld,Centre-back,79,false,https://7a0.com.br/en/copas/2022/bel
2022,Qatar,bel,Belgium,78,2,Defence,3,Arthur Theate,Centre-back,76,false,https://7a0.com.br/en/copas/2022/bel
2022,Qatar,bel,Belgium,78,2,Defence,4,Wout Faes,Centre-back,75,false,https://7a0.com.br/en/copas/2022/bel
2022,Qatar,bel,Belgium,78,2,Defence,5,Jan Vertonghen,Centre-back,78,false,https://7a0.com.br/en/copas/2022/bel
2022,Qatar,bel,Belgium,78,2,Defence,26,Zeno Debast,Centre-back,73,false,https://7a0.com.br/en/copas/2022/bel
2022,Qatar,bel,Belgium,78,2,Midfield,6,Axel Witsel,Defensive midfielder,79,false,https://7a0.com.br/en/copas/2022/bel
2022,Qatar,bel,Belgium,78,2,Midfield,18,Amadou Onana,Defensive midfielder,80,false,https://7a0.com.br/en/copas/2022/bel
2022,Qatar,bel,Belgium,78,2,Midfield,19,Leander Dendoncker,Defensive midfielder,75,false,https://7a0.com.br/en/copas/2022/bel
2022,Qatar,bel,Belgium,78,2,Midfield,8,Youri Tielemans,Midfielder,81,false,https://7a0.com.br/en/copas/2022/bel
2022,Qatar,bel,Belgium,78,2,Midfield,20,Hans Vanaken,Midfielder,74,false,https://7a0.com.br/en/copas/2022/bel
2022,Qatar,bel,Belgium,78,2,Midfield,16,Thorgan Hazard,Left midfielder,77,false,https://7a0.com.br/en/copas/2022/bel
2022,Qatar,bel,Belgium,78,2,Midfield,7,Kevin De Bruyne,Attacking midfielder,90,true,https://7a0.com.br/en/copas/2022/bel
2022,Qatar,bel,Belgium,78,2,Midfield,14,Dries Mertens,Attacking midfielder,78,false,https://7a0.com.br/en/copas/2022/bel
2022,Qatar,bel,Belgium,78,2,Midfield,22,Charles De Ketelaere,Attacking midfielder,76,false,https://7a0.com.br/en/copas/2022/bel
2022,Qatar,bel,Belgium,78,2,Attack,25,Jérémy Doku,Right winger,77,false,https://7a0.com.br/en/copas/2022/bel
2022,Qatar,bel,Belgium,78,2,Attack,9,Romelu Lukaku,Centre-forward,83,false,https://7a0.com.br/en/copas/2022/bel
2022,Qatar,bel,Belgium,78,2,Attack,23,Michy Batshuayi,Centre-forward,76,false,https://7a0.com.br/en/copas/2022/bel
2022,Qatar,bel,Belgium,78,2,Attack,24,Loïs Openda,Centre-forward,76,false,https://7a0.com.br/en/copas/2022/bel
2022,Qatar,bel,Belgium,78,2,Attack,10,Eden Hazard,Left winger,80,true,https://7a0.com.br/en/copas/2022/bel
2022,Qatar,bel,Belgium,78,2,Attack,11,Yannick Carrasco,Left winger,81,false,https://7a0.com.br/en/copas/2022/bel
2022,Qatar,bel,Belgium,78,2,Attack,17,Leandro Trossard,Left winger,80,false,https://7a0.com.br/en/copas/2022/bel
2022,Qatar,bra,Brazil,81,1,Goalkeepers,1,Alisson,Goalkeeper,89,false,https://7a0.com.br/en/copas/2022/bra
2022,Qatar,bra,Brazil,81,1,Goalkeepers,12,Weverton,Goalkeeper,70,false,https://7a0.com.br/en/copas/2022/bra
2022,Qatar,bra,Brazil,81,1,Goalkeepers,23,Ederson,Goalkeeper,85,false,https://7a0.com.br/en/copas/2022/bra
2022,Qatar,bra,Brazil,81,1,Defence,2,Danilo,Right-back,80,false,https://7a0.com.br/en/copas/2022/bra
2022,Qatar,bra,Brazil,81,1,Defence,13,Dani Alves,Right-back,74,false,https://7a0.com.br/en/copas/2022/bra
2022,Qatar,bra,Brazil,81,1,Defence,3,Thiago Silva,Centre-back,85,false,https://7a0.com.br/en/copas/2022/bra
2022,Qatar,bra,Brazil,81,1,Defence,4,Marquinhos,Centre-back,86,false,https://7a0.com.br/en/copas/2022/bra
2022,Qatar,bra,Brazil,81,1,Defence,14,Éder Militão,Centre-back,85,false,https://7a0.com.br/en/copas/2022/bra
2022,Qatar,bra,Brazil,81,1,Defence,24,Gleison Bremer,Centre-back,79,false,https://7a0.com.br/en/copas/2022/bra
2022,Qatar,bra,Brazil,81,1,Defence,6,Alex Sandro,Left-back,78,false,https://7a0.com.br/en/copas/2022/bra
2022,Qatar,bra,Brazil,81,1,Defence,16,Alex Telles,Left-back,75,false,https://7a0.com.br/en/copas/2022/bra
2022,Qatar,bra,Brazil,81,1,Midfield,5,Casemiro,Defensive midfielder,87,false,https://7a0.com.br/en/copas/2022/bra
2022,Qatar,bra,Brazil,81,1,Midfield,8,Fred,Defensive midfielder,77,false,https://7a0.com.br/en/copas/2022/bra
2022,Qatar,bra,Brazil,81,1,Midfield,15,Fabinho,Defensive midfielder,81,false,https://7a0.com.br/en/copas/2022/bra
2022,Qatar,bra,Brazil,81,1,Midfield,17,Bruno Guimarães,Defensive midfielder,81,false,https://7a0.com.br/en/copas/2022/bra
2022,Qatar,bra,Brazil,81,1,Midfield,22,Evertom R.,Defensive midfielder,74,false,https://7a0.com.br/en/copas/2022/bra
2022,Qatar,bra,Brazil,81,1,Midfield,7,Lucas Paquetá,Attacking midfielder,81,false,https://7a0.com.br/en/copas/2022/bra
2022,Qatar,bra,Brazil,81,1,Midfield,10,Neymar,Attacking midfielder,91,true,https://7a0.com.br/en/copas/2022/bra
2022,Qatar,bra,Brazil,81,1,Attack,11,Raphinha,Right winger,82,false,https://7a0.com.br/en/copas/2022/bra
2022,Qatar,bra,Brazil,81,1,Attack,19,Antony,Right winger,78,false,https://7a0.com.br/en/copas/2022/bra
2022,Qatar,bra,Brazil,81,1,Attack,21,Rodrygo,Right winger,80,false,https://7a0.com.br/en/copas/2022/bra
2022,Qatar,bra,Brazil,81,1,Attack,9,Richarlison,Centre-forward,82,false,https://7a0.com.br/en/copas/2022/bra
2022,Qatar,bra,Brazil,81,1,Attack,18,Gabriel Jesus,Centre-forward,81,false,https://7a0.com.br/en/copas/2022/bra
2022,Qatar,bra,Brazil,81,1,Attack,25,Pedro,Centre-forward,77,false,https://7a0.com.br/en/copas/2022/bra
2022,Qatar,bra,Brazil,81,1,Attack,20,Vinícius Júnior,Left winger,86,false,https://7a0.com.br/en/copas/2022/bra
2022,Qatar,bra,Brazil,81,1,Attack,26,Gabriel Martinelli,Left winger,79,false,https://7a0.com.br/en/copas/2022/bra
2022,Qatar,cmr,Cameroon,74,0,Goalkeepers,1,André Onana,Goalkeeper,84,false,https://7a0.com.br/en/copas/2022/cmr
2022,Qatar,cmr,Cameroon,74,0,Goalkeepers,16,Devis Epassy,Goalkeeper,70,false,https://7a0.com.br/en/copas/2022/cmr
2022,Qatar,cmr,Cameroon,74,0,Goalkeepers,23,Simon Ngapandouetnbu,Goalkeeper,66,false,https://7a0.com.br/en/copas/2022/cmr
2022,Qatar,cmr,Cameroon,74,0,Defence,19,Collins Fai,Right-back,72,false,https://7a0.com.br/en/copas/2022/cmr
2022,Qatar,cmr,Cameroon,74,0,Defence,22,Olivier Mbaizo,Right-back,71,false,https://7a0.com.br/en/copas/2022/cmr
2022,Qatar,cmr,Cameroon,74,0,Defence,2,Jean-Charles Castelletto,Centre-back,74,false,https://7a0.com.br/en/copas/2022/cmr
2022,Qatar,cmr,Cameroon,74,0,Defence,4,Christopher Wooh,Centre-back,73,false,https://7a0.com.br/en/copas/2022/cmr
2022,Qatar,cmr,Cameroon,74,0,Defence,5,Souaibou Marou,Centre-back,70,false,https://7a0.com.br/en/copas/2022/cmr
2022,Qatar,cmr,Cameroon,74,0,Defence,14,Enzo Ebosse,Centre-back,72,false,https://7a0.com.br/en/copas/2022/cmr
2022,Qatar,cmr,Cameroon,74,0,Defence,3,Nouhou,Left-back,73,false,https://7a0.com.br/en/copas/2022/cmr
2022,Qatar,cmr,Cameroon,74,0,Midfield,6,Gaël Ondoua,Defensive midfielder,72,false,https://7a0.com.br/en/copas/2022/cmr
2022,Qatar,cmr,Cameroon,74,0,Midfield,8,André-Frank Zambo Anguissa,Defensive midfielder,81,false,https://7a0.com.br/en/copas/2022/cmr
2022,Qatar,cmr,Cameroon,74,0,Midfield,17,Samuel Oum Gouet,Defensive midfielder,72,false,https://7a0.com.br/en/copas/2022/cmr
2022,Qatar,cmr,Cameroon,74,0,Midfield,18,Martin Hongla,Defensive midfielder,73,false,https://7a0.com.br/en/copas/2022/cmr
2022,Qatar,cmr,Cameroon,74,0,Midfield,7,Olivier Ntcham,Midfielder,73,false,https://7a0.com.br/en/copas/2022/cmr
2022,Qatar,cmr,Cameroon,74,0,Midfield,15,Pierre Kunde,Midfielder,74,false,https://7a0.com.br/en/copas/2022/cmr
2022,Qatar,cmr,Cameroon,74,0,Midfield,21,Léa Siliki,Midfielder,71,false,https://7a0.com.br/en/copas/2022/cmr
2022,Qatar,cmr,Cameroon,74,0,Attack,20,Bryan Mbeumo,Right winger,78,false,https://7a0.com.br/en/copas/2022/cmr
2022,Qatar,cmr,Cameroon,74,0,Attack,24,Moumi Ngamaleu,Right winger,72,false,https://7a0.com.br/en/copas/2022/cmr
2022,Qatar,cmr,Cameroon,74,0,Attack,9,Eric Maxim Choupo-Moting,Centre-forward,79,false,https://7a0.com.br/en/copas/2022/cmr
2022,Qatar,cmr,Cameroon,74,0,Attack,10,Vincent Aboubakar,Centre-forward,78,false,https://7a0.com.br/en/copas/2022/cmr
2022,Qatar,cmr,Cameroon,74,0,Attack,13,Ganago,Centre-forward,71,false,https://7a0.com.br/en/copas/2022/cmr
2022,Qatar,cmr,Cameroon,74,0,Attack,25,Jean-Pierre Nsame,Centre-forward,72,false,https://7a0.com.br/en/copas/2022/cmr
2022,Qatar,cmr,Cameroon,74,0,Attack,11,Christian Bassogog,Left winger,73,false,https://7a0.com.br/en/copas/2022/cmr
2022,Qatar,cmr,Cameroon,74,0,Attack,12,Karl Toko Ekambi,Left winger,76,false,https://7a0.com.br/en/copas/2022/cmr
2022,Qatar,cmr,Cameroon,74,0,Attack,26,Georges-Kévin Nkoudou,Left winger,72,false,https://7a0.com.br/en/copas/2022/cmr
2022,Qatar,crc,Costa Rica,74,1,Goalkeepers,1,Keylor Navas,Goalkeeper,84,true,https://7a0.com.br/en/copas/2022/crc
2022,Qatar,crc,Costa Rica,74,1,Goalkeepers,18,Esteban Alvarado,Goalkeeper,72,false,https://7a0.com.br/en/copas/2022/crc
2022,Qatar,crc,Costa Rica,74,1,Defence,3,Juan Pablo Vargas,Centre-back,74,false,https://7a0.com.br/en/copas/2022/crc
2022,Qatar,crc,Costa Rica,74,1,Defence,4,Keysher Fuller,Centre-back,75,false,https://7a0.com.br/en/copas/2022/crc
2022,Qatar,crc,Costa Rica,74,1,Defence,6,Óscar Duarte,Centre-back,78,false,https://7a0.com.br/en/copas/2022/crc
2022,Qatar,crc,Costa Rica,74,1,Defence,15,Francisco Calvo,Centre-back,77,false,https://7a0.com.br/en/copas/2022/crc
2022,Qatar,crc,Costa Rica,74,1,Defence,19,Kendall Waston,Centre-back,77,false,https://7a0.com.br/en/copas/2022/crc
2022,Qatar,crc,Costa Rica,74,1,Defence,8,Bryan Oviedo,Left-back,76,false,https://7a0.com.br/en/copas/2022/crc
2022,Qatar,crc,Costa Rica,74,1,Defence,21,Rónald Matarrita,Left-back,74,false,https://7a0.com.br/en/copas/2022/crc
2022,Qatar,crc,Costa Rica,74,1,Midfield,5,Celso Borges,Defensive midfielder,85,false,https://7a0.com.br/en/copas/2022/crc
2022,Qatar,crc,Costa Rica,74,1,Midfield,2,Daniel Chacón,Midfielder,68,false,https://7a0.com.br/en/copas/2022/crc
2022,Qatar,crc,Costa Rica,74,1,Midfield,9,Jewison Bennette,Midfielder,70,false,https://7a0.com.br/en/copas/2022/crc
2022,Qatar,crc,Costa Rica,74,1,Midfield,10,Bryan Ruiz,Midfielder,84,false,https://7a0.com.br/en/copas/2022/crc
2022,Qatar,crc,Costa Rica,74,1,Midfield,11,Christian Bolaños,Midfielder,76,false,https://7a0.com.br/en/copas/2022/crc
2022,Qatar,crc,Costa Rica,74,1,Midfield,14,Youstin Salas,Midfielder,65,false,https://7a0.com.br/en/copas/2022/crc
2022,Qatar,crc,Costa Rica,74,1,Midfield,20,Brandon Aguilera,Midfielder,68,false,https://7a0.com.br/en/copas/2022/crc
2022,Qatar,crc,Costa Rica,74,1,Midfield,23,José Luis Palma,Midfielder,70,false,https://7a0.com.br/en/copas/2022/crc
2022,Qatar,crc,Costa Rica,74,1,Attack,24,Ian Smith,Right winger,64,false,https://7a0.com.br/en/copas/2022/crc
2022,Qatar,crc,Costa Rica,74,1,Attack,7,Anthony Contreras,Left winger,68,false,https://7a0.com.br/en/copas/2022/crc
2022,Qatar,crc,Costa Rica,74,1,Attack,12,Joel Campbell,Left winger,81,false,https://7a0.com.br/en/copas/2022/crc
2022,Qatar,crc,Costa Rica,74,1,Attack,13,Óscar Granados,Left winger,72,false,https://7a0.com.br/en/copas/2022/crc
2022,Qatar,crc,Costa Rica,74,1,Attack,22,Gerson Torres,Left winger,68,false,https://7a0.com.br/en/copas/2022/crc
2022,Qatar,cro,Croatia,81,2,Goalkeepers,1,Dominik Livaković,Goalkeeper,87,false,https://7a0.com.br/en/copas/2022/cro
2022,Qatar,cro,Croatia,81,2,Goalkeepers,12,Ivo Grbić,Goalkeeper,74,false,https://7a0.com.br/en/copas/2022/cro
2022,Qatar,cro,Croatia,81,2,Goalkeepers,23,Ivica Ivušić,Goalkeeper,72,false,https://7a0.com.br/en/copas/2022/cro
2022,Qatar,cro,Croatia,81,2,Defence,22,Josip Juranović,Right-back,80,false,https://7a0.com.br/en/copas/2022/cro
2022,Qatar,cro,Croatia,81,2,Defence,6,Dejan Lovren,Centre-back,81,false,https://7a0.com.br/en/copas/2022/cro
2022,Qatar,cro,Croatia,81,2,Defence,20,Joško Gvardiol,Centre-back,87,false,https://7a0.com.br/en/copas/2022/cro
2022,Qatar,cro,Croatia,81,2,Defence,21,Domagoj Vida,Centre-back,76,false,https://7a0.com.br/en/copas/2022/cro
2022,Qatar,cro,Croatia,81,2,Defence,3,Borna Barišić,Left-back,78,false,https://7a0.com.br/en/copas/2022/cro
2022,Qatar,cro,Croatia,81,2,Defence,19,Borna Sosa,Left-back,80,false,https://7a0.com.br/en/copas/2022/cro
2022,Qatar,cro,Croatia,81,2,Midfield,11,Marcelo Brozović,Defensive midfielder,86,false,https://7a0.com.br/en/copas/2022/cro
2022,Qatar,cro,Croatia,81,2,Midfield,8,Mateo Kovačić,Midfielder,87,false,https://7a0.com.br/en/copas/2022/cro
2022,Qatar,cro,Croatia,81,2,Midfield,10,Luka Modrić,Midfielder,92,true,https://7a0.com.br/en/copas/2022/cro
2022,Qatar,cro,Croatia,81,2,Midfield,15,Mario Pašalić,Midfielder,81,false,https://7a0.com.br/en/copas/2022/cro
2022,Qatar,cro,Croatia,81,2,Midfield,25,Luka Sučić,Midfielder,76,false,https://7a0.com.br/en/copas/2022/cro
2022,Qatar,cro,Croatia,81,2,Midfield,7,Lovro Majer,Attacking midfielder,80,false,https://7a0.com.br/en/copas/2022/cro
2022,Qatar,cro,Croatia,81,2,Midfield,13,Nikola Vlašić,Attacking midfielder,82,false,https://7a0.com.br/en/copas/2022/cro
2022,Qatar,cro,Croatia,81,2,Attack,9,Andrej Kramarić,Centre-forward,85,false,https://7a0.com.br/en/copas/2022/cro
2022,Qatar,cro,Croatia,81,2,Attack,14,Marko Livaja,Centre-forward,77,false,https://7a0.com.br/en/copas/2022/cro
2022,Qatar,cro,Croatia,81,2,Attack,16,Bruno Petković,Centre-forward,78,false,https://7a0.com.br/en/copas/2022/cro
2022,Qatar,cro,Croatia,81,2,Attack,17,Ante Budimir,Centre-forward,76,false,https://7a0.com.br/en/copas/2022/cro
2022,Qatar,cro,Croatia,81,2,Attack,4,Ivan Perišić,Left winger,87,true,https://7a0.com.br/en/copas/2022/cro
2022,Qatar,cro,Croatia,81,2,Attack,18,Mislav Oršić,Left winger,79,false,https://7a0.com.br/en/copas/2022/cro
2022,Qatar,den,Denmark,76,0,Goalkeepers,1,Kasper Schmeichel,Goalkeeper,80,false,https://7a0.com.br/en/copas/2022/den
2022,Qatar,den,Denmark,76,0,Goalkeepers,16,Oliver Christensen,Goalkeeper,68,false,https://7a0.com.br/en/copas/2022/den
2022,Qatar,den,Denmark,76,0,Goalkeepers,22,Frederik Rønnow,Goalkeeper,72,false,https://7a0.com.br/en/copas/2022/den
2022,Qatar,den,Denmark,76,0,Defence,13,Rasmus Kristensen,Right-back,74,false,https://7a0.com.br/en/copas/2022/den
2022,Qatar,den,Denmark,76,0,Defence,17,Jens Stryger Larsen,Right-back,74,false,https://7a0.com.br/en/copas/2022/den
2022,Qatar,den,Denmark,76,0,Defence,18,Daniel Wass,Right-back,74,false,https://7a0.com.br/en/copas/2022/den
2022,Qatar,den,Denmark,76,0,Defence,26,Alexander Bah,Right-back,74,false,https://7a0.com.br/en/copas/2022/den
2022,Qatar,den,Denmark,76,0,Defence,2,Joachim Andersen,Centre-back,78,false,https://7a0.com.br/en/copas/2022/den
2022,Qatar,den,Denmark,76,0,Defence,3,Vestergaard,Centre-back,75,false,https://7a0.com.br/en/copas/2022/den
2022,Qatar,den,Denmark,76,0,Defence,4,Simon Kjær,Centre-back,80,false,https://7a0.com.br/en/copas/2022/den
2022,Qatar,den,Denmark,76,0,Defence,6,Andreas Christensen,Centre-back,81,false,https://7a0.com.br/en/copas/2022/den
2022,Qatar,den,Denmark,76,0,Defence,24,Victor Nelsson,Centre-back,74,false,https://7a0.com.br/en/copas/2022/den
2022,Qatar,den,Denmark,76,0,Defence,5,Joakim Mæhle,Left-back,78,false,https://7a0.com.br/en/copas/2022/den
2022,Qatar,den,Denmark,76,0,Midfield,8,Thomas Delaney,Defensive midfielder,78,false,https://7a0.com.br/en/copas/2022/den
2022,Qatar,den,Denmark,76,0,Midfield,15,Christian Nørgaard,Defensive midfielder,75,false,https://7a0.com.br/en/copas/2022/den
2022,Qatar,den,Denmark,76,0,Midfield,23,Pierre-Emile Højbjerg,Defensive midfielder,82,false,https://7a0.com.br/en/copas/2022/den
2022,Qatar,den,Denmark,76,0,Midfield,7,Mathias Jensen,Midfielder,74,false,https://7a0.com.br/en/copas/2022/den
2022,Qatar,den,Denmark,76,0,Midfield,10,Christian Eriksen,Attacking midfielder,85,false,https://7a0.com.br/en/copas/2022/den
2022,Qatar,den,Denmark,76,0,Midfield,14,Mikkel Damsgaard,Attacking midfielder,76,false,https://7a0.com.br/en/copas/2022/den
2022,Qatar,den,Denmark,76,0,Midfield,25,Jesper Lindstrøm,Attacking midfielder,76,false,https://7a0.com.br/en/copas/2022/den
2022,Qatar,den,Denmark,76,0,Attack,11,Andreas Skov Olsen,Right winger,75,false,https://7a0.com.br/en/copas/2022/den
2022,Qatar,den,Denmark,76,0,Attack,9,Martin Braithwaite,Centre-forward,77,false,https://7a0.com.br/en/copas/2022/den
2022,Qatar,den,Denmark,76,0,Attack,12,Kasper Dolberg,Centre-forward,75,false,https://7a0.com.br/en/copas/2022/den
2022,Qatar,den,Denmark,76,0,Attack,19,Jonas Wind,Centre-forward,74,false,https://7a0.com.br/en/copas/2022/den
2022,Qatar,den,Denmark,76,0,Attack,20,Yussuf Poulsen,Centre-forward,75,false,https://7a0.com.br/en/copas/2022/den
2022,Qatar,den,Denmark,76,0,Attack,21,Andreas Cornelius,Centre-forward,73,false,https://7a0.com.br/en/copas/2022/den
2022,Qatar,ecu,Ecuador,76,0,Goalkeepers,1,Hernán Galíndez,Goalkeeper,76,false,https://7a0.com.br/en/copas/2022/ecu
2022,Qatar,ecu,Ecuador,76,0,Goalkeepers,12,Moisés Ramírez,Goalkeeper,73,false,https://7a0.com.br/en/copas/2022/ecu
2022,Qatar,ecu,Ecuador,76,0,Goalkeepers,22,Alexander Domínguez,Goalkeeper,74,false,https://7a0.com.br/en/copas/2022/ecu
2022,Qatar,ecu,Ecuador,76,0,Defence,17,Ángelo Preciado,Right-back,77,false,https://7a0.com.br/en/copas/2022/ecu
2022,Qatar,ecu,Ecuador,76,0,Defence,2,Félix Torres,Centre-back,77,false,https://7a0.com.br/en/copas/2022/ecu
2022,Qatar,ecu,Ecuador,76,0,Defence,3,Piero Hincapié,Centre-back,80,false,https://7a0.com.br/en/copas/2022/ecu
2022,Qatar,ecu,Ecuador,76,0,Defence,4,Robert Arboleda,Centre-back,77,false,https://7a0.com.br/en/copas/2022/ecu
2022,Qatar,ecu,Ecuador,76,0,Defence,6,Willian Pacho,Centre-back,76,false,https://7a0.com.br/en/copas/2022/ecu
2022,Qatar,ecu,Ecuador,76,0,Defence,14,Xavier Arreaga,Centre-back,74,false,https://7a0.com.br/en/copas/2022/ecu
2022,Qatar,ecu,Ecuador,76,0,Defence,25,Jackson Porozo,Centre-back,73,false,https://7a0.com.br/en/copas/2022/ecu
2022,Qatar,ecu,Ecuador,76,0,Defence,7,Pervis Estupiñán,Left-back,80,false,https://7a0.com.br/en/copas/2022/ecu
2022,Qatar,ecu,Ecuador,76,0,Defence,18,Diego Palacios,Left-back,74,false,https://7a0.com.br/en/copas/2022/ecu
2022,Qatar,ecu,Ecuador,76,0,Defence,24,Djorkaeff Reasco,Left-back,72,false,https://7a0.com.br/en/copas/2022/ecu
2022,Qatar,ecu,Ecuador,76,0,Midfield,5,José Cifuentes,Defensive midfielder,76,false,https://7a0.com.br/en/copas/2022/ecu
2022,Qatar,ecu,Ecuador,76,0,Midfield,8,Carlos Gruezo,Defensive midfielder,76,false,https://7a0.com.br/en/copas/2022/ecu
2022,Qatar,ecu,Ecuador,76,0,Midfield,20,Sebas Méndez,Defensive midfielder,74,false,https://7a0.com.br/en/copas/2022/ecu
2022,Qatar,ecu,Ecuador,76,0,Midfield,21,Alan Franco,Defensive midfielder,75,false,https://7a0.com.br/en/copas/2022/ecu
2022,Qatar,ecu,Ecuador,76,0,Midfield,23,Moisés Caicedo,Defensive midfielder,82,false,https://7a0.com.br/en/copas/2022/ecu
2022,Qatar,ecu,Ecuador,76,0,Midfield,15,Ángel Mena,Left midfielder,74,false,https://7a0.com.br/en/copas/2022/ecu
2022,Qatar,ecu,Ecuador,76,0,Attack,19,Gonzalo Plata,Right winger,78,false,https://7a0.com.br/en/copas/2022/ecu
2022,Qatar,ecu,Ecuador,76,0,Attack,11,Michael Estrada,Centre-forward,74,false,https://7a0.com.br/en/copas/2022/ecu
2022,Qatar,ecu,Ecuador,76,0,Attack,13,Enner Valencia,Centre-forward,81,false,https://7a0.com.br/en/copas/2022/ecu
2022,Qatar,ecu,Ecuador,76,0,Attack,26,Kevin Rodríguez,Centre-forward,72,false,https://7a0.com.br/en/copas/2022/ecu
2022,Qatar,ecu,Ecuador,76,0,Attack,9,Ayrton Preciado,Left winger,74,false,https://7a0.com.br/en/copas/2022/ecu
2022,Qatar,ecu,Ecuador,76,0,Attack,10,Romario Ibarra,Left winger,75,false,https://7a0.com.br/en/copas/2022/ecu
2022,Qatar,ecu,Ecuador,76,0,Attack,16,Jeremy Sarmiento,Left winger,75,false,https://7a0.com.br/en/copas/2022/ecu
2022,Qatar,eng,England,80,0,Goalkeepers,1,Jordan Pickford,Goalkeeper,82,false,https://7a0.com.br/en/copas/2022/eng
2022,Qatar,eng,England,80,0,Goalkeepers,13,Nick Pope,Goalkeeper,78,false,https://7a0.com.br/en/copas/2022/eng
2022,Qatar,eng,England,80,0,Goalkeepers,23,Aaron Ramsdale,Goalkeeper,72,false,https://7a0.com.br/en/copas/2022/eng
2022,Qatar,eng,England,80,0,Defence,2,Kyle Walker,Right-back,83,false,https://7a0.com.br/en/copas/2022/eng
2022,Qatar,eng,England,80,0,Defence,12,Kieran Trippier,Right-back,80,false,https://7a0.com.br/en/copas/2022/eng
2022,Qatar,eng,England,80,0,Defence,18,Trent Alexander-Arnold,Right-back,81,false,https://7a0.com.br/en/copas/2022/eng
2022,Qatar,eng,England,80,0,Defence,5,John Stones,Centre-back,83,false,https://7a0.com.br/en/copas/2022/eng
2022,Qatar,eng,England,80,0,Defence,6,Harry Maguire,Centre-back,81,false,https://7a0.com.br/en/copas/2022/eng
2022,Qatar,eng,England,80,0,Defence,15,Eric Dier,Centre-back,79,false,https://7a0.com.br/en/copas/2022/eng
2022,Qatar,eng,England,80,0,Defence,16,Conor Coady,Centre-back,76,false,https://7a0.com.br/en/copas/2022/eng
2022,Qatar,eng,England,80,0,Defence,21,Ben White,Centre-back,78,false,https://7a0.com.br/en/copas/2022/eng
2022,Qatar,eng,England,80,0,Defence,3,Luke Shaw,Left-back,81,false,https://7a0.com.br/en/copas/2022/eng
2022,Qatar,eng,England,80,0,Midfield,4,Declan Rice,Defensive midfielder,84,false,https://7a0.com.br/en/copas/2022/eng
2022,Qatar,eng,England,80,0,Midfield,14,Kalvin Phillips,Defensive midfielder,79,false,https://7a0.com.br/en/copas/2022/eng
2022,Qatar,eng,England,80,0,Midfield,8,Jordan Henderson,Midfielder,79,false,https://7a0.com.br/en/copas/2022/eng
2022,Qatar,eng,England,80,0,Midfield,22,Jude Bellingham,Midfielder,84,false,https://7a0.com.br/en/copas/2022/eng
2022,Qatar,eng,England,80,0,Midfield,26,Conor Gallagher,Midfielder,76,false,https://7a0.com.br/en/copas/2022/eng
2022,Qatar,eng,England,80,0,Midfield,19,Mason Mount,Attacking midfielder,80,false,https://7a0.com.br/en/copas/2022/eng
2022,Qatar,eng,England,80,0,Midfield,20,Phil Foden,Attacking midfielder,83,false,https://7a0.com.br/en/copas/2022/eng
2022,Qatar,eng,England,80,0,Midfield,25,James Maddison,Attacking midfielder,79,false,https://7a0.com.br/en/copas/2022/eng
2022,Qatar,eng,England,80,0,Attack,17,Bukayo Saka,Right winger,84,false,https://7a0.com.br/en/copas/2022/eng
2022,Qatar,eng,England,80,0,Attack,9,Harry Kane,Centre-forward,89,false,https://7a0.com.br/en/copas/2022/eng
2022,Qatar,eng,England,80,0,Attack,24,Callum Wilson,Centre-forward,76,false,https://7a0.com.br/en/copas/2022/eng
2022,Qatar,eng,England,80,0,Attack,7,Jack Grealish,Left winger,81,false,https://7a0.com.br/en/copas/2022/eng
2022,Qatar,eng,England,80,0,Attack,10,Raheem Sterling,Left winger,82,false,https://7a0.com.br/en/copas/2022/eng
2022,Qatar,eng,England,80,0,Attack,11,Marcus Rashford,Left winger,81,false,https://7a0.com.br/en/copas/2022/eng
2022,Qatar,fra,France,81,1,Goalkeepers,1,Hugo Lloris,Goalkeeper,84,false,https://7a0.com.br/en/copas/2022/fra
2022,Qatar,fra,France,81,1,Goalkeepers,16,Steve Mandanda,Goalkeeper,73,false,https://7a0.com.br/en/copas/2022/fra
2022,Qatar,fra,France,81,1,Goalkeepers,23,Alphonse Areola,Goalkeeper,75,false,https://7a0.com.br/en/copas/2022/fra
2022,Qatar,fra,France,81,1,Defence,2,Benjamin Pavard,Right-back,82,false,https://7a0.com.br/en/copas/2022/fra
2022,Qatar,fra,France,81,1,Defence,5,Jules Koundé,Right-back,82,false,https://7a0.com.br/en/copas/2022/fra
2022,Qatar,fra,France,81,1,Defence,3,Axel Disasi,Centre-back,76,false,https://7a0.com.br/en/copas/2022/fra
2022,Qatar,fra,France,81,1,Defence,4,Raphaël Varane,Centre-back,85,false,https://7a0.com.br/en/copas/2022/fra
2022,Qatar,fra,France,81,1,Defence,17,William Saliba,Centre-back,81,false,https://7a0.com.br/en/copas/2022/fra
2022,Qatar,fra,France,81,1,Defence,18,Dayot Upamecano,Centre-back,82,false,https://7a0.com.br/en/copas/2022/fra
2022,Qatar,fra,France,81,1,Defence,24,Ibrahima Konaté,Centre-back,80,false,https://7a0.com.br/en/copas/2022/fra
2022,Qatar,fra,France,81,1,Defence,21,Lucas Hernandez,Left-back,80,false,https://7a0.com.br/en/copas/2022/fra
2022,Qatar,fra,France,81,1,Defence,22,Theo Hernandez,Left-back,84,false,https://7a0.com.br/en/copas/2022/fra
2022,Qatar,fra,France,81,1,Midfield,6,Mattéo Guendouzi,Defensive midfielder,76,false,https://7a0.com.br/en/copas/2022/fra
2022,Qatar,fra,France,81,1,Midfield,8,Aurélien Tchouaméni,Defensive midfielder,84,false,https://7a0.com.br/en/copas/2022/fra
2022,Qatar,fra,France,81,1,Midfield,13,Youssouf Fofana,Defensive midfielder,76,false,https://7a0.com.br/en/copas/2022/fra
2022,Qatar,fra,France,81,1,Midfield,15,Jordan Veretout,Defensive midfielder,74,false,https://7a0.com.br/en/copas/2022/fra
2022,Qatar,fra,France,81,1,Midfield,25,Eduardo Camavinga,Defensive midfielder,81,false,https://7a0.com.br/en/copas/2022/fra
2022,Qatar,fra,France,81,1,Midfield,14,Adrien Rabiot,Left midfielder,82,false,https://7a0.com.br/en/copas/2022/fra
2022,Qatar,fra,France,81,1,Midfield,7,Antoine Griezmann,Attacking midfielder,89,false,https://7a0.com.br/en/copas/2022/fra
2022,Qatar,fra,France,81,1,Attack,11,Ousmane Dembélé,Right winger,83,false,https://7a0.com.br/en/copas/2022/fra
2022,Qatar,fra,France,81,1,Attack,9,Olivier Giroud,Centre-forward,82,false,https://7a0.com.br/en/copas/2022/fra
2022,Qatar,fra,France,81,1,Attack,12,Randal Kolo Muani,Centre-forward,79,false,https://7a0.com.br/en/copas/2022/fra
2022,Qatar,fra,France,81,1,Attack,19,Karim Benzema,Centre-forward,89,false,https://7a0.com.br/en/copas/2022/fra
2022,Qatar,fra,France,81,1,Attack,26,Marcus Thuram,Centre-forward,78,false,https://7a0.com.br/en/copas/2022/fra
2022,Qatar,fra,France,81,1,Attack,10,Kylian Mbappé,Left winger,94,true,https://7a0.com.br/en/copas/2022/fra
2022,Qatar,fra,France,81,1,Attack,20,Kingsley Coman,Left winger,81,false,https://7a0.com.br/en/copas/2022/fra
2022,Qatar,ger,Germany,81,2,Goalkeepers,1,Manuel Neuer,Goalkeeper,89,true,https://7a0.com.br/en/copas/2022/ger
2022,Qatar,ger,Germany,81,2,Goalkeepers,12,Kevin Trapp,Goalkeeper,77,false,https://7a0.com.br/en/copas/2022/ger
2022,Qatar,ger,Germany,81,2,Goalkeepers,22,Marc-André ter Stegen,Goalkeeper,85,false,https://7a0.com.br/en/copas/2022/ger
2022,Qatar,ger,Germany,81,2,Defence,5,Thilo Kehrer,Right-back,78,false,https://7a0.com.br/en/copas/2022/ger
2022,Qatar,ger,Germany,81,2,Defence,16,Lukas Klostermann,Right-back,77,false,https://7a0.com.br/en/copas/2022/ger
2022,Qatar,ger,Germany,81,2,Defence,2,Antonio Rüdiger,Centre-back,85,false,https://7a0.com.br/en/copas/2022/ger
2022,Qatar,ger,Germany,81,2,Defence,4,Matthias Ginter,Centre-back,80,false,https://7a0.com.br/en/copas/2022/ger
2022,Qatar,ger,Germany,81,2,Defence,15,Niklas Süle,Centre-back,81,false,https://7a0.com.br/en/copas/2022/ger
2022,Qatar,ger,Germany,81,2,Defence,23,Nico Schlotterbeck,Centre-back,79,false,https://7a0.com.br/en/copas/2022/ger
2022,Qatar,ger,Germany,81,2,Defence,25,Armel Bella-Kotchap,Centre-back,75,false,https://7a0.com.br/en/copas/2022/ger
2022,Qatar,ger,Germany,81,2,Defence,3,David Raum,Left-back,79,false,https://7a0.com.br/en/copas/2022/ger
2022,Qatar,ger,Germany,81,2,Defence,20,Christian Günter,Left-back,76,false,https://7a0.com.br/en/copas/2022/ger
2022,Qatar,ger,Germany,81,2,Midfield,6,Joshua Kimmich,Defensive midfielder,88,false,https://7a0.com.br/en/copas/2022/ger
2022,Qatar,ger,Germany,81,2,Midfield,8,Leon Goretzka,Defensive midfielder,82,false,https://7a0.com.br/en/copas/2022/ger
2022,Qatar,ger,Germany,81,2,Midfield,21,İlkay Gündogan,Midfielder,86,false,https://7a0.com.br/en/copas/2022/ger
2022,Qatar,ger,Germany,81,2,Midfield,11,Mario Götze,Attacking midfielder,79,false,https://7a0.com.br/en/copas/2022/ger
2022,Qatar,ger,Germany,81,2,Midfield,13,Thomas Müller,Attacking midfielder,84,true,https://7a0.com.br/en/copas/2022/ger
2022,Qatar,ger,Germany,81,2,Midfield,14,Jamal Musiala,Attacking midfielder,86,false,https://7a0.com.br/en/copas/2022/ger
2022,Qatar,ger,Germany,81,2,Midfield,17,Julian Brandt,Attacking midfielder,81,false,https://7a0.com.br/en/copas/2022/ger
2022,Qatar,ger,Germany,81,2,Attack,10,Serge Gnabry,Right winger,82,false,https://7a0.com.br/en/copas/2022/ger
2022,Qatar,ger,Germany,81,2,Attack,18,Jonas Hofmann,Right winger,78,false,https://7a0.com.br/en/copas/2022/ger
2022,Qatar,ger,Germany,81,2,Attack,7,Kai Havertz,Centre-forward,83,false,https://7a0.com.br/en/copas/2022/ger
2022,Qatar,ger,Germany,81,2,Attack,9,Niclas Füllkrug,Centre-forward,79,false,https://7a0.com.br/en/copas/2022/ger
2022,Qatar,ger,Germany,81,2,Attack,26,Youssoufa Moukoko,Centre-forward,75,false,https://7a0.com.br/en/copas/2022/ger
2022,Qatar,ger,Germany,81,2,Attack,19,Leroy Sané,Left winger,85,false,https://7a0.com.br/en/copas/2022/ger
2022,Qatar,ger,Germany,81,2,Attack,24,Karim Adeyemi,Left winger,77,false,https://7a0.com.br/en/copas/2022/ger
2022,Qatar,gha,Ghana,74,0,Goalkeepers,1,Lawrence Ati-Zigi,Goalkeeper,73,false,https://7a0.com.br/en/copas/2022/gha
2022,Qatar,gha,Ghana,74,0,Goalkeepers,16,Abdul Manaf Nurudeen,Goalkeeper,68,false,https://7a0.com.br/en/copas/2022/gha
2022,Qatar,gha,Ghana,74,0,Goalkeepers,25,Ibrahim Danlad,Goalkeeper,66,false,https://7a0.com.br/en/copas/2022/gha
2022,Qatar,gha,Ghana,74,0,Defence,2,Tariq Lamptey,Right-back,76,false,https://7a0.com.br/en/copas/2022/gha
2022,Qatar,gha,Ghana,74,0,Defence,3,Denis Odoi,Right-back,72,false,https://7a0.com.br/en/copas/2022/gha
2022,Qatar,gha,Ghana,74,0,Defence,24,Alidu Seidu,Right-back,71,false,https://7a0.com.br/en/copas/2022/gha
2022,Qatar,gha,Ghana,74,0,Defence,4,Daniel Amartey,Centre-back,75,false,https://7a0.com.br/en/copas/2022/gha
2022,Qatar,gha,Ghana,74,0,Defence,6,Mohammed Salisu,Centre-back,77,false,https://7a0.com.br/en/copas/2022/gha
2022,Qatar,gha,Ghana,74,0,Defence,13,Joseph Aidoo,Centre-back,73,false,https://7a0.com.br/en/copas/2022/gha
2022,Qatar,gha,Ghana,74,0,Defence,23,Alexander Djiku,Centre-back,74,false,https://7a0.com.br/en/copas/2022/gha
2022,Qatar,gha,Ghana,74,0,Defence,26,Abdul Mumin,Centre-back,72,false,https://7a0.com.br/en/copas/2022/gha
2022,Qatar,gha,Ghana,74,0,Defence,14,Gideon Mensah,Left-back,72,false,https://7a0.com.br/en/copas/2022/gha
2022,Qatar,gha,Ghana,74,0,Defence,17,Baba Rahman,Left-back,72,false,https://7a0.com.br/en/copas/2022/gha
2022,Qatar,gha,Ghana,74,0,Midfield,5,Thomas Partey,Defensive midfielder,84,false,https://7a0.com.br/en/copas/2022/gha
2022,Qatar,gha,Ghana,74,0,Midfield,15,I. Baba,Defensive midfielder,71,false,https://7a0.com.br/en/copas/2022/gha
2022,Qatar,gha,Ghana,74,0,Midfield,21,Salis Abdul Samed,Defensive midfielder,73,false,https://7a0.com.br/en/copas/2022/gha
2022,Qatar,gha,Ghana,74,0,Midfield,8,Daniel-Kofi Kyereh,Attacking midfielder,73,false,https://7a0.com.br/en/copas/2022/gha
2022,Qatar,gha,Ghana,74,0,Midfield,10,André Ayew,Attacking midfielder,77,false,https://7a0.com.br/en/copas/2022/gha
2022,Qatar,gha,Ghana,74,0,Midfield,20,Mohammed Kudus,Attacking midfielder,82,false,https://7a0.com.br/en/copas/2022/gha
2022,Qatar,gha,Ghana,74,0,Attack,11,Osman Bukari,Right winger,72,false,https://7a0.com.br/en/copas/2022/gha
2022,Qatar,gha,Ghana,74,0,Attack,12,Abdul Fatawu Issahaku,Right winger,72,false,https://7a0.com.br/en/copas/2022/gha
2022,Qatar,gha,Ghana,74,0,Attack,7,Antoine Semenyo,Centre-forward,72,false,https://7a0.com.br/en/copas/2022/gha
2022,Qatar,gha,Ghana,74,0,Attack,9,Jordan Ayew,Centre-forward,76,false,https://7a0.com.br/en/copas/2022/gha
2022,Qatar,gha,Ghana,74,0,Attack,18,Daniel Afriyie,Centre-forward,70,false,https://7a0.com.br/en/copas/2022/gha
2022,Qatar,gha,Ghana,74,0,Attack,19,Iñaki Williams,Centre-forward,78,false,https://7a0.com.br/en/copas/2022/gha
2022,Qatar,gha,Ghana,74,0,Attack,22,Kamaldeen Sulemana,Left winger,74,false,https://7a0.com.br/en/copas/2022/gha
2022,Qatar,jpn,Japan,75,0,Goalkeepers,1,Eiji Kawashima,Goalkeeper,68,false,https://7a0.com.br/en/copas/2022/jpn
2022,Qatar,jpn,Japan,75,0,Goalkeepers,12,Shūichi Gonda,Goalkeeper,73,false,https://7a0.com.br/en/copas/2022/jpn
2022,Qatar,jpn,Japan,75,0,Goalkeepers,23,Daniel Schmidt,Goalkeeper,70,false,https://7a0.com.br/en/copas/2022/jpn
2022,Qatar,jpn,Japan,75,0,Defence,2,Miki Yamane,Right-back,73,false,https://7a0.com.br/en/copas/2022/jpn
2022,Qatar,jpn,Japan,75,0,Defence,19,Hiroki Sakai H.,Right-back,74,false,https://7a0.com.br/en/copas/2022/jpn
2022,Qatar,jpn,Japan,75,0,Defence,3,Shōgo Taniguchi,Centre-back,73,false,https://7a0.com.br/en/copas/2022/jpn
2022,Qatar,jpn,Japan,75,0,Defence,4,Kō Itakura,Centre-back,77,false,https://7a0.com.br/en/copas/2022/jpn
2022,Qatar,jpn,Japan,75,0,Defence,16,Takehiro Tomiyasu,Centre-back,81,false,https://7a0.com.br/en/copas/2022/jpn
2022,Qatar,jpn,Japan,75,0,Defence,22,Maya Yoshida,Centre-back,78,false,https://7a0.com.br/en/copas/2022/jpn
2022,Qatar,jpn,Japan,75,0,Defence,26,Hiroki Itō,Centre-back,74,false,https://7a0.com.br/en/copas/2022/jpn
2022,Qatar,jpn,Japan,75,0,Defence,5,Yūto Nagatomo,Left-back,74,false,https://7a0.com.br/en/copas/2022/jpn
2022,Qatar,jpn,Japan,75,0,Midfield,6,Wataru Endō,Defensive midfielder,79,false,https://7a0.com.br/en/copas/2022/jpn
2022,Qatar,jpn,Japan,75,0,Midfield,7,Gaku Shibasaki,Defensive midfielder,74,false,https://7a0.com.br/en/copas/2022/jpn
2022,Qatar,jpn,Japan,75,0,Midfield,13,Hidemasa Morita,Defensive midfielder,76,false,https://7a0.com.br/en/copas/2022/jpn
2022,Qatar,jpn,Japan,75,0,Midfield,17,Ao Tanaka,Defensive midfielder,74,false,https://7a0.com.br/en/copas/2022/jpn
2022,Qatar,jpn,Japan,75,0,Midfield,10,Takumi Minamino,Attacking midfielder,77,false,https://7a0.com.br/en/copas/2022/jpn
2022,Qatar,jpn,Japan,75,0,Midfield,15,Daichi Kamada,Attacking midfielder,80,false,https://7a0.com.br/en/copas/2022/jpn
2022,Qatar,jpn,Japan,75,0,Attack,8,Ritsu Dōan,Right winger,78,false,https://7a0.com.br/en/copas/2022/jpn
2022,Qatar,jpn,Japan,75,0,Attack,11,Takefusa Kubo,Right winger,79,false,https://7a0.com.br/en/copas/2022/jpn
2022,Qatar,jpn,Japan,75,0,Attack,14,Junya Itō,Right winger,78,false,https://7a0.com.br/en/copas/2022/jpn
2022,Qatar,jpn,Japan,75,0,Attack,18,Takuma Asano,Centre-forward,74,false,https://7a0.com.br/en/copas/2022/jpn
2022,Qatar,jpn,Japan,75,0,Attack,20,Shūto Machino,Centre-forward,68,false,https://7a0.com.br/en/copas/2022/jpn
2022,Qatar,jpn,Japan,75,0,Attack,21,Ayase Ueda,Centre-forward,72,false,https://7a0.com.br/en/copas/2022/jpn
2022,Qatar,jpn,Japan,75,0,Attack,25,Daizen Maeda,Centre-forward,74,false,https://7a0.com.br/en/copas/2022/jpn
2022,Qatar,jpn,Japan,75,0,Attack,9,Kaoru Mitoma,Left winger,83,false,https://7a0.com.br/en/copas/2022/jpn
2022,Qatar,jpn,Japan,75,0,Attack,24,Yūki Sōma,Left winger,69,false,https://7a0.com.br/en/copas/2022/jpn
2022,Qatar,mar,Morocco,75,1,Goalkeepers,1,Yassine Bono,Goalkeeper,87,false,https://7a0.com.br/en/copas/2022/mar
2022,Qatar,mar,Morocco,75,1,Goalkeepers,12,Munir Mohamedi,Goalkeeper,70,false,https://7a0.com.br/en/copas/2022/mar
2022,Qatar,mar,Morocco,75,1,Goalkeepers,22,Ahmed Reda Tagnaouti,Goalkeeper,69,false,https://7a0.com.br/en/copas/2022/mar
2022,Qatar,mar,Morocco,75,1,Defence,2,Achraf Hakimi,Right-back,88,true,https://7a0.com.br/en/copas/2022/mar
2022,Qatar,mar,Morocco,75,1,Defence,3,Noussair Mazraoui,Right-back,79,false,https://7a0.com.br/en/copas/2022/mar
2022,Qatar,mar,Morocco,75,1,Defence,5,Nayef Aguerd,Centre-back,78,false,https://7a0.com.br/en/copas/2022/mar
2022,Qatar,mar,Morocco,75,1,Defence,6,Romain Saïss,Centre-back,78,false,https://7a0.com.br/en/copas/2022/mar
2022,Qatar,mar,Morocco,75,1,Defence,18,Jawad El Yamiq,Centre-back,73,false,https://7a0.com.br/en/copas/2022/mar
2022,Qatar,mar,Morocco,75,1,Defence,20,Achraf Dari,Centre-back,71,false,https://7a0.com.br/en/copas/2022/mar
2022,Qatar,mar,Morocco,75,1,Defence,24,Badr Benoun,Centre-back,70,false,https://7a0.com.br/en/copas/2022/mar
2022,Qatar,mar,Morocco,75,1,Defence,25,Yahia Attiyat Allah,Left-back,71,false,https://7a0.com.br/en/copas/2022/mar
2022,Qatar,mar,Morocco,75,1,Midfield,4,Sofyan Amrabat,Defensive midfielder,86,false,https://7a0.com.br/en/copas/2022/mar
2022,Qatar,mar,Morocco,75,1,Midfield,8,Azzedine Ounahi,Defensive midfielder,77,false,https://7a0.com.br/en/copas/2022/mar
2022,Qatar,mar,Morocco,75,1,Midfield,15,Selim Amallah,Defensive midfielder,74,false,https://7a0.com.br/en/copas/2022/mar
2022,Qatar,mar,Morocco,75,1,Midfield,26,Yahya Jabrane,Defensive midfielder,70,false,https://7a0.com.br/en/copas/2022/mar
2022,Qatar,mar,Morocco,75,1,Midfield,11,Abdelhamid Sabiri,Attacking midfielder,72,false,https://7a0.com.br/en/copas/2022/mar
2022,Qatar,mar,Morocco,75,1,Midfield,13,Ilias Chair,Attacking midfielder,73,false,https://7a0.com.br/en/copas/2022/mar
2022,Qatar,mar,Morocco,75,1,Midfield,23,Bilal El Khannouss,Attacking midfielder,71,false,https://7a0.com.br/en/copas/2022/mar
2022,Qatar,mar,Morocco,75,1,Attack,7,Hakim Ziyech,Right winger,82,false,https://7a0.com.br/en/copas/2022/mar
2022,Qatar,mar,Morocco,75,1,Attack,14,Zakaria Aboukhlal,Right winger,75,false,https://7a0.com.br/en/copas/2022/mar
2022,Qatar,mar,Morocco,75,1,Attack,9,Abderrazak Hamdallah,Centre-forward,73,false,https://7a0.com.br/en/copas/2022/mar
2022,Qatar,mar,Morocco,75,1,Attack,19,Youssef En-Nesyri,Centre-forward,78,false,https://7a0.com.br/en/copas/2022/mar
2022,Qatar,mar,Morocco,75,1,Attack,21,Walid Cheddira,Centre-forward,71,false,https://7a0.com.br/en/copas/2022/mar
2022,Qatar,mar,Morocco,75,1,Attack,10,Anass Zaroury,Left winger,70,false,https://7a0.com.br/en/copas/2022/mar
2022,Qatar,mar,Morocco,75,1,Attack,16,Abde Ezzalzouli,Left winger,74,false,https://7a0.com.br/en/copas/2022/mar
2022,Qatar,mar,Morocco,75,1,Attack,17,Sofiane Boufal,Left winger,76,false,https://7a0.com.br/en/copas/2022/mar
2022,Qatar,ned,Netherlands,80,0,Goalkeepers,1,Remko Pasveer,Goalkeeper,78,false,https://7a0.com.br/en/copas/2022/ned
2022,Qatar,ned,Netherlands,80,0,Goalkeepers,13,Justin Bijlow,Goalkeeper,76,false,https://7a0.com.br/en/copas/2022/ned
2022,Qatar,ned,Netherlands,80,0,Goalkeepers,23,Andries Noppert,Goalkeeper,74,false,https://7a0.com.br/en/copas/2022/ned
2022,Qatar,ned,Netherlands,80,0,Defence,22,Denzel Dumfries,Right-back,81,false,https://7a0.com.br/en/copas/2022/ned
2022,Qatar,ned,Netherlands,80,0,Defence,26,Jeremie Frimpong,Right-back,78,false,https://7a0.com.br/en/copas/2022/ned
2022,Qatar,ned,Netherlands,80,0,Defence,2,Jurriën Timber,Centre-back,80,false,https://7a0.com.br/en/copas/2022/ned
2022,Qatar,ned,Netherlands,80,0,Defence,3,Matthijs De Ligt,Centre-back,84,false,https://7a0.com.br/en/copas/2022/ned
2022,Qatar,ned,Netherlands,80,0,Defence,4,Virgil Van Dijk,Centre-back,89,false,https://7a0.com.br/en/copas/2022/ned
2022,Qatar,ned,Netherlands,80,0,Defence,5,Nathan Aké,Centre-back,82,false,https://7a0.com.br/en/copas/2022/ned
2022,Qatar,ned,Netherlands,80,0,Defence,6,Stefan De Vrij,Centre-back,81,false,https://7a0.com.br/en/copas/2022/ned
2022,Qatar,ned,Netherlands,80,0,Defence,16,Tyrell Malacia,Left-back,77,false,https://7a0.com.br/en/copas/2022/ned
2022,Qatar,ned,Netherlands,80,0,Defence,17,Daley Blind,Left-back,79,false,https://7a0.com.br/en/copas/2022/ned
2022,Qatar,ned,Netherlands,80,0,Midfield,15,Marten De Roon,Defensive midfielder,79,false,https://7a0.com.br/en/copas/2022/ned
2022,Qatar,ned,Netherlands,80,0,Midfield,20,Teun Koopmeiners,Midfielder,80,false,https://7a0.com.br/en/copas/2022/ned
2022,Qatar,ned,Netherlands,80,0,Midfield,21,Frenkie de Jong,Midfielder,86,false,https://7a0.com.br/en/copas/2022/ned
2022,Qatar,ned,Netherlands,80,0,Midfield,24,Kenneth Taylor,Midfielder,76,false,https://7a0.com.br/en/copas/2022/ned
2022,Qatar,ned,Netherlands,80,0,Midfield,11,Steven Berghuis,Attacking midfielder,79,false,https://7a0.com.br/en/copas/2022/ned
2022,Qatar,ned,Netherlands,80,0,Midfield,14,Davy Klaassen,Attacking midfielder,78,false,https://7a0.com.br/en/copas/2022/ned
2022,Qatar,ned,Netherlands,80,0,Midfield,25,Xavi Simons,Attacking midfielder,78,false,https://7a0.com.br/en/copas/2022/ned
2022,Qatar,ned,Netherlands,80,0,Attack,9,Luuk de Jong,Centre-forward,78,false,https://7a0.com.br/en/copas/2022/ned
2022,Qatar,ned,Netherlands,80,0,Attack,10,Memphis Depay,Centre-forward,84,false,https://7a0.com.br/en/copas/2022/ned
2022,Qatar,ned,Netherlands,80,0,Attack,18,Vincent Janssen,Centre-forward,75,false,https://7a0.com.br/en/copas/2022/ned
2022,Qatar,ned,Netherlands,80,0,Attack,19,Wout Weghorst,Centre-forward,79,false,https://7a0.com.br/en/copas/2022/ned
2022,Qatar,ned,Netherlands,80,0,Attack,7,Steven Bergwijn,Left winger,80,false,https://7a0.com.br/en/copas/2022/ned
2022,Qatar,ned,Netherlands,80,0,Attack,8,Cody Gakpo,Left winger,83,false,https://7a0.com.br/en/copas/2022/ned
2022,Qatar,ned,Netherlands,80,0,Attack,12,Noa Lang,Left winger,77,false,https://7a0.com.br/en/copas/2022/ned
2022,Qatar,pol,Poland,78,1,Goalkeepers,1,Wojciech Szczęsny,Goalkeeper,86,false,https://7a0.com.br/en/copas/2022/pol
2022,Qatar,pol,Poland,78,1,Goalkeepers,12,Łukasz Skorupski,Goalkeeper,78,false,https://7a0.com.br/en/copas/2022/pol
2022,Qatar,pol,Poland,78,1,Defence,2,Matty Cash,Right-back,79,false,https://7a0.com.br/en/copas/2022/pol
2022,Qatar,pol,Poland,78,1,Defence,18,Bartosz Bereszyński,Right-back,76,false,https://7a0.com.br/en/copas/2022/pol
2022,Qatar,pol,Poland,78,1,Defence,3,Artur Jędrzejczyk,Centre-back,74,false,https://7a0.com.br/en/copas/2022/pol
2022,Qatar,pol,Poland,78,1,Defence,5,Jan Bednarek,Centre-back,79,false,https://7a0.com.br/en/copas/2022/pol
2022,Qatar,pol,Poland,78,1,Defence,14,Jakub Kiwior,Centre-back,79,false,https://7a0.com.br/en/copas/2022/pol
2022,Qatar,pol,Poland,78,1,Defence,15,Kamil Glik,Centre-back,77,false,https://7a0.com.br/en/copas/2022/pol
2022,Qatar,pol,Poland,78,1,Midfield,6,Krystian Bielik,Defensive midfielder,76,false,https://7a0.com.br/en/copas/2022/pol
2022,Qatar,pol,Poland,78,1,Midfield,8,Damian Szymański,Defensive midfielder,75,false,https://7a0.com.br/en/copas/2022/pol
2022,Qatar,pol,Poland,78,1,Midfield,10,Grzegorz Krychowiak,Defensive midfielder,76,false,https://7a0.com.br/en/copas/2022/pol
2022,Qatar,pol,Poland,78,1,Midfield,24,Przemysław Frankowski,Right midfielder,77,false,https://7a0.com.br/en/copas/2022/pol
2022,Qatar,pol,Poland,78,1,Midfield,13,Jakub Kamiński,Left midfielder,75,false,https://7a0.com.br/en/copas/2022/pol
2022,Qatar,pol,Poland,78,1,Midfield,21,Nicola Zalewski,Left midfielder,76,false,https://7a0.com.br/en/copas/2022/pol
2022,Qatar,pol,Poland,78,1,Midfield,19,Sebastian Szymański,Attacking midfielder,76,false,https://7a0.com.br/en/copas/2022/pol
2022,Qatar,pol,Poland,78,1,Midfield,20,Piotr Zieliński,Attacking midfielder,84,false,https://7a0.com.br/en/copas/2022/pol
2022,Qatar,pol,Poland,78,1,Attack,26,Michał Skóraś,Right winger,74,false,https://7a0.com.br/en/copas/2022/pol
2022,Qatar,pol,Poland,78,1,Attack,7,Arkadiusz Milik,Centre-forward,79,false,https://7a0.com.br/en/copas/2022/pol
2022,Qatar,pol,Poland,78,1,Attack,9,Robert Lewandowski,Centre-forward,91,true,https://7a0.com.br/en/copas/2022/pol
2022,Qatar,pol,Poland,78,1,Attack,16,Karol Świderski,Centre-forward,76,false,https://7a0.com.br/en/copas/2022/pol
2022,Qatar,pol,Poland,78,1,Attack,23,Krzysztof Piątek,Centre-forward,75,false,https://7a0.com.br/en/copas/2022/pol
2022,Qatar,pol,Poland,78,1,Attack,11,Kamil Grosicki,Left winger,75,false,https://7a0.com.br/en/copas/2022/pol
2022,Qatar,por,Portugal,79,1,Goalkeepers,1,Rui Patrício,Goalkeeper,81,false,https://7a0.com.br/en/copas/2022/por
2022,Qatar,por,Portugal,79,1,Goalkeepers,12,José Sá,Goalkeeper,74,false,https://7a0.com.br/en/copas/2022/por
2022,Qatar,por,Portugal,79,1,Goalkeepers,22,Diogo Costa,Goalkeeper,79,false,https://7a0.com.br/en/copas/2022/por
2022,Qatar,por,Portugal,79,1,Defence,2,Diogo Dalot,Right-back,78,false,https://7a0.com.br/en/copas/2022/por
2022,Qatar,por,Portugal,79,1,Defence,20,João Cancelo,Right-back,84,false,https://7a0.com.br/en/copas/2022/por
2022,Qatar,por,Portugal,79,1,Defence,3,Pepe,Centre-back,80,false,https://7a0.com.br/en/copas/2022/por
2022,Qatar,por,Portugal,79,1,Defence,4,Rúben Dias,Centre-back,86,false,https://7a0.com.br/en/copas/2022/por
2022,Qatar,por,Portugal,79,1,Defence,24,António Silva,Centre-back,74,false,https://7a0.com.br/en/copas/2022/por
2022,Qatar,por,Portugal,79,1,Defence,5,Raphaël Guerreiro,Left-back,80,false,https://7a0.com.br/en/copas/2022/por
2022,Qatar,por,Portugal,79,1,Defence,19,Nuno Mendes,Left-back,80,false,https://7a0.com.br/en/copas/2022/por
2022,Qatar,por,Portugal,79,1,Midfield,6,João Palhinha,Defensive midfielder,79,false,https://7a0.com.br/en/copas/2022/por
2022,Qatar,por,Portugal,79,1,Midfield,8,Bruno Fernandes,Defensive midfielder,85,false,https://7a0.com.br/en/copas/2022/por
2022,Qatar,por,Portugal,79,1,Midfield,13,Danilo Pereira,Defensive midfielder,76,false,https://7a0.com.br/en/copas/2022/por
2022,Qatar,por,Portugal,79,1,Midfield,14,William Carvalho,Defensive midfielder,77,false,https://7a0.com.br/en/copas/2022/por
2022,Qatar,por,Portugal,79,1,Midfield,17,João Mário,Defensive midfielder,75,false,https://7a0.com.br/en/copas/2022/por
2022,Qatar,por,Portugal,79,1,Midfield,25,Otávio,Defensive midfielder,75,false,https://7a0.com.br/en/copas/2022/por
2022,Qatar,por,Portugal,79,1,Midfield,16,Vitinha,Midfielder,78,false,https://7a0.com.br/en/copas/2022/por
2022,Qatar,por,Portugal,79,1,Midfield,18,Rúben Neves,Midfielder,78,false,https://7a0.com.br/en/copas/2022/por
2022,Qatar,por,Portugal,79,1,Midfield,23,Matheus Nunes,Midfielder,76,false,https://7a0.com.br/en/copas/2022/por
2022,Qatar,por,Portugal,79,1,Midfield,10,Bernardo Silva,Attacking midfielder,86,false,https://7a0.com.br/en/copas/2022/por
2022,Qatar,por,Portugal,79,1,Attack,7,Cristiano Ronaldo,Centre-forward,86,true,https://7a0.com.br/en/copas/2022/por
2022,Qatar,por,Portugal,79,1,Attack,9,André Silva,Centre-forward,76,false,https://7a0.com.br/en/copas/2022/por
2022,Qatar,por,Portugal,79,1,Attack,11,João Félix,Centre-forward,80,false,https://7a0.com.br/en/copas/2022/por
2022,Qatar,por,Portugal,79,1,Attack,26,Gonçalo Ramos,Centre-forward,76,false,https://7a0.com.br/en/copas/2022/por
2022,Qatar,por,Portugal,79,1,Attack,15,Rafael Leão,Left winger,82,false,https://7a0.com.br/en/copas/2022/por
2022,Qatar,por,Portugal,79,1,Attack,21,Ricardo Horta,Left winger,73,false,https://7a0.com.br/en/copas/2022/por
2022,Qatar,sen,Senegal,79,1,Goalkeepers,1,Seny Dieng,Goalkeeper,74,false,https://7a0.com.br/en/copas/2022/sen
2022,Qatar,sen,Senegal,79,1,Goalkeepers,16,Édouard Mendy,Goalkeeper,87,true,https://7a0.com.br/en/copas/2022/sen
2022,Qatar,sen,Senegal,79,1,Goalkeepers,23,Alfred Gomis,Goalkeeper,73,false,https://7a0.com.br/en/copas/2022/sen
2022,Qatar,sen,Senegal,79,1,Defence,21,Youssouf Sabaly,Right-back,79,false,https://7a0.com.br/en/copas/2022/sen
2022,Qatar,sen,Senegal,79,1,Defence,3,Kalidou Koulibaly,Centre-back,87,false,https://7a0.com.br/en/copas/2022/sen
2022,Qatar,sen,Senegal,79,1,Defence,4,Pape Abou Cissé,Centre-back,76,false,https://7a0.com.br/en/copas/2022/sen
2022,Qatar,sen,Senegal,79,1,Defence,10,Moussa N'Diaye,Centre-back,72,false,https://7a0.com.br/en/copas/2022/sen
2022,Qatar,sen,Senegal,79,1,Defence,22,Abdou Diallo,Centre-back,80,false,https://7a0.com.br/en/copas/2022/sen
2022,Qatar,sen,Senegal,79,1,Defence,12,Fodé Ballo-Touré,Left-back,75,false,https://7a0.com.br/en/copas/2022/sen
2022,Qatar,sen,Senegal,79,1,Defence,14,Ismail Jakobs,Left-back,77,false,https://7a0.com.br/en/copas/2022/sen
2022,Qatar,sen,Senegal,79,1,Midfield,5,Idrissa Gana Gueye,Defensive midfielder,86,false,https://7a0.com.br/en/copas/2022/sen
2022,Qatar,sen,Senegal,79,1,Midfield,6,Nampalys Mendy,Defensive midfielder,77,false,https://7a0.com.br/en/copas/2022/sen
2022,Qatar,sen,Senegal,79,1,Midfield,8,Cheikhou Kouyaté,Defensive midfielder,78,false,https://7a0.com.br/en/copas/2022/sen
2022,Qatar,sen,Senegal,79,1,Midfield,26,Pape Gueye,Defensive midfielder,74,false,https://7a0.com.br/en/copas/2022/sen
2022,Qatar,sen,Senegal,79,1,Midfield,17,Pape Matar Sarr,Midfielder,80,false,https://7a0.com.br/en/copas/2022/sen
2022,Qatar,sen,Senegal,79,1,Attack,15,Krépin Diatta,Right winger,82,false,https://7a0.com.br/en/copas/2022/sen
2022,Qatar,sen,Senegal,79,1,Attack,18,Ismaïla Sarr,Right winger,83,false,https://7a0.com.br/en/copas/2022/sen
2022,Qatar,sen,Senegal,79,1,Attack,7,Nicolas Jackson,Centre-forward,78,false,https://7a0.com.br/en/copas/2022/sen
2022,Qatar,sen,Senegal,79,1,Attack,9,Boulaye Dia,Centre-forward,82,false,https://7a0.com.br/en/copas/2022/sen
2022,Qatar,sen,Senegal,79,1,Attack,13,Iliman Ndiaye,Centre-forward,79,false,https://7a0.com.br/en/copas/2022/sen
2022,Qatar,sen,Senegal,79,1,Attack,19,Famara Diédhiou,Centre-forward,78,false,https://7a0.com.br/en/copas/2022/sen
2022,Qatar,sen,Senegal,79,1,Attack,20,Bamba Dieng,Centre-forward,76,false,https://7a0.com.br/en/copas/2022/sen
2022,Qatar,srb,Serbia,78,0,Goalkeepers,1,Marko Dmitrović,Goalkeeper,78,false,https://7a0.com.br/en/copas/2022/srb
2022,Qatar,srb,Serbia,78,0,Goalkeepers,12,Predrag Rajković,Goalkeeper,76,false,https://7a0.com.br/en/copas/2022/srb
2022,Qatar,srb,Serbia,78,0,Goalkeepers,23,Vanja Milinković-Savić,Goalkeeper,78,false,https://7a0.com.br/en/copas/2022/srb
2022,Qatar,srb,Serbia,78,0,Defence,22,Darko Lazović,Right-back,75,false,https://7a0.com.br/en/copas/2022/srb
2022,Qatar,srb,Serbia,78,0,Defence,2,Strahinja Pavlović,Centre-back,79,false,https://7a0.com.br/en/copas/2022/srb
2022,Qatar,srb,Serbia,78,0,Defence,3,Strahinja Eraković,Centre-back,75,false,https://7a0.com.br/en/copas/2022/srb
2022,Qatar,srb,Serbia,78,0,Defence,4,Nikola Milenković,Centre-back,82,false,https://7a0.com.br/en/copas/2022/srb
2022,Qatar,srb,Serbia,78,0,Defence,5,Miloš Veljković,Centre-back,77,false,https://7a0.com.br/en/copas/2022/srb
2022,Qatar,srb,Serbia,78,0,Defence,13,Stefan Mitrović,Centre-back,74,false,https://7a0.com.br/en/copas/2022/srb
2022,Qatar,srb,Serbia,78,0,Defence,15,Srđan Babić,Centre-back,73,false,https://7a0.com.br/en/copas/2022/srb
2022,Qatar,srb,Serbia,78,0,Defence,17,Filip Kostić,Left-back,82,false,https://7a0.com.br/en/copas/2022/srb
2022,Qatar,srb,Serbia,78,0,Defence,25,Filip Mladenović,Left-back,74,false,https://7a0.com.br/en/copas/2022/srb
2022,Qatar,srb,Serbia,78,0,Midfield,6,Nemanja Maksimović,Defensive midfielder,78,false,https://7a0.com.br/en/copas/2022/srb
2022,Qatar,srb,Serbia,78,0,Midfield,8,Nemanja Gudelj,Defensive midfielder,79,false,https://7a0.com.br/en/copas/2022/srb
2022,Qatar,srb,Serbia,78,0,Midfield,16,Saša Lukić,Defensive midfielder,78,false,https://7a0.com.br/en/copas/2022/srb
2022,Qatar,srb,Serbia,78,0,Midfield,19,Uroš Račić,Defensive midfielder,75,false,https://7a0.com.br/en/copas/2022/srb
2022,Qatar,srb,Serbia,78,0,Midfield,20,Sergej Milinković-Savić,Defensive midfielder,85,false,https://7a0.com.br/en/copas/2022/srb
2022,Qatar,srb,Serbia,78,0,Midfield,26,Marko Grujić,Defensive midfielder,76,false,https://7a0.com.br/en/copas/2022/srb
2022,Qatar,srb,Serbia,78,0,Midfield,24,Ivan Ilić,Midfielder,76,false,https://7a0.com.br/en/copas/2022/srb
2022,Qatar,srb,Serbia,78,0,Midfield,10,Dušan Tadić,Left midfielder,83,false,https://7a0.com.br/en/copas/2022/srb
2022,Qatar,srb,Serbia,78,0,Midfield,21,Filip Đuričić,Left midfielder,75,false,https://7a0.com.br/en/copas/2022/srb
2022,Qatar,srb,Serbia,78,0,Attack,7,Nemanja Radonjić,Right winger,76,false,https://7a0.com.br/en/copas/2022/srb
2022,Qatar,srb,Serbia,78,0,Attack,14,Andrija Živković,Right winger,76,false,https://7a0.com.br/en/copas/2022/srb
2022,Qatar,srb,Serbia,78,0,Attack,9,Aleksandar Mitrović,Centre-forward,83,false,https://7a0.com.br/en/copas/2022/srb
2022,Qatar,srb,Serbia,78,0,Attack,11,Luka Jović,Centre-forward,78,false,https://7a0.com.br/en/copas/2022/srb
2022,Qatar,srb,Serbia,78,0,Attack,18,Dušan Vlahović,Centre-forward,84,false,https://7a0.com.br/en/copas/2022/srb
2022,Qatar,kor,South Korea,78,1,Goalkeepers,1,Kim Seung-gyu,Goalkeeper,79,false,https://7a0.com.br/en/copas/2022/kor
2022,Qatar,kor,South Korea,78,1,Goalkeepers,12,Song Bum-keun,Goalkeeper,71,false,https://7a0.com.br/en/copas/2022/kor
2022,Qatar,kor,South Korea,78,1,Goalkeepers,21,Jo Hyeon-woo,Goalkeeper,75,false,https://7a0.com.br/en/copas/2022/kor
2022,Qatar,kor,South Korea,78,1,Defence,2,Yoon Jong-gyu,Right-back,70,false,https://7a0.com.br/en/copas/2022/kor
2022,Qatar,kor,South Korea,78,1,Defence,4,Kim Min-jae,Centre-back,86,false,https://7a0.com.br/en/copas/2022/kor
2022,Qatar,kor,South Korea,78,1,Defence,19,Kim Young-gwon,Centre-back,84,false,https://7a0.com.br/en/copas/2022/kor
2022,Qatar,kor,South Korea,78,1,Defence,20,Kwon Kyung-won,Centre-back,76,false,https://7a0.com.br/en/copas/2022/kor
2022,Qatar,kor,South Korea,78,1,Defence,23,Kim Tae-hwan,Centre-back,73,false,https://7a0.com.br/en/copas/2022/kor
2022,Qatar,kor,South Korea,78,1,Defence,24,Cho Yu-min,Centre-back,70,false,https://7a0.com.br/en/copas/2022/kor
2022,Qatar,kor,South Korea,78,1,Defence,3,Kim Jin-su,Left-back,81,false,https://7a0.com.br/en/copas/2022/kor
2022,Qatar,kor,South Korea,78,1,Defence,14,Hong Chul,Left-back,80,false,https://7a0.com.br/en/copas/2022/kor
2022,Qatar,kor,South Korea,78,1,Defence,15,Kim Moon-hwan,Left-back,74,false,https://7a0.com.br/en/copas/2022/kor
2022,Qatar,kor,South Korea,78,1,Midfield,5,Jung Woo-young,Defensive midfielder,83,false,https://7a0.com.br/en/copas/2022/kor
2022,Qatar,kor,South Korea,78,1,Midfield,6,Hwang In-beom,Defensive midfielder,79,false,https://7a0.com.br/en/copas/2022/kor
2022,Qatar,kor,South Korea,78,1,Midfield,17,Na Sang-ho,Defensive midfielder,76,false,https://7a0.com.br/en/copas/2022/kor
2022,Qatar,kor,South Korea,78,1,Midfield,8,Paik Seung-ho,Midfielder,74,false,https://7a0.com.br/en/copas/2022/kor
2022,Qatar,kor,South Korea,78,1,Midfield,10,Lee Jae-sung,Midfielder,86,false,https://7a0.com.br/en/copas/2022/kor
2022,Qatar,kor,South Korea,78,1,Midfield,11,Hwang Hee-chan,Midfielder,86,false,https://7a0.com.br/en/copas/2022/kor
2022,Qatar,kor,South Korea,78,1,Midfield,13,Son Jun-ho,Midfielder,72,false,https://7a0.com.br/en/copas/2022/kor
2022,Qatar,kor,South Korea,78,1,Midfield,18,Lee Kang-in,Midfielder,77,false,https://7a0.com.br/en/copas/2022/kor
2022,Qatar,kor,South Korea,78,1,Midfield,25,Jeong Woo-yeong,Midfielder,72,false,https://7a0.com.br/en/copas/2022/kor
2022,Qatar,kor,South Korea,78,1,Midfield,26,Song Min-kyu,Midfielder,71,false,https://7a0.com.br/en/copas/2022/kor
2022,Qatar,kor,South Korea,78,1,Midfield,22,Kwon Chang-hoon,Attacking midfielder,81,false,https://7a0.com.br/en/copas/2022/kor
2022,Qatar,kor,South Korea,78,1,Attack,7,Son Heung-min,Centre-forward,89,true,https://7a0.com.br/en/copas/2022/kor
2022,Qatar,kor,South Korea,78,1,Attack,9,Cho Gue-sung,Centre-forward,76,false,https://7a0.com.br/en/copas/2022/kor
2022,Qatar,kor,South Korea,78,1,Attack,16,Hwang Ui-jo,Centre-forward,84,false,https://7a0.com.br/en/copas/2022/kor
2022,Qatar,esp,Spain,80,0,Goalkeepers,1,Robert Sánchez,Goalkeeper,77,false,https://7a0.com.br/en/copas/2022/esp
2022,Qatar,esp,Spain,80,0,Goalkeepers,13,David Raya,Goalkeeper,76,false,https://7a0.com.br/en/copas/2022/esp
2022,Qatar,esp,Spain,80,0,Goalkeepers,23,Unai Simón,Goalkeeper,81,false,https://7a0.com.br/en/copas/2022/esp
2022,Qatar,esp,Spain,80,0,Defence,2,César Azpilicueta,Right-back,79,false,https://7a0.com.br/en/copas/2022/esp
2022,Qatar,esp,Spain,80,0,Defence,20,Dani Carvajal,Right-back,81,false,https://7a0.com.br/en/copas/2022/esp
2022,Qatar,esp,Spain,80,0,Defence,3,Eric García,Centre-back,78,false,https://7a0.com.br/en/copas/2022/esp
2022,Qatar,esp,Spain,80,0,Defence,4,Pau Torres,Centre-back,80,false,https://7a0.com.br/en/copas/2022/esp
2022,Qatar,esp,Spain,80,0,Defence,15,Hugo Guillamón,Centre-back,75,false,https://7a0.com.br/en/copas/2022/esp
2022,Qatar,esp,Spain,80,0,Defence,24,Aymeric Laporte,Centre-back,82,false,https://7a0.com.br/en/copas/2022/esp
2022,Qatar,esp,Spain,80,0,Defence,14,Alejandro Balde,Left-back,77,false,https://7a0.com.br/en/copas/2022/esp
2022,Qatar,esp,Spain,80,0,Defence,18,Jordi Alba,Left-back,81,false,https://7a0.com.br/en/copas/2022/esp
2022,Qatar,esp,Spain,80,0,Midfield,5,Sergio Busquets,Defensive midfielder,83,false,https://7a0.com.br/en/copas/2022/esp
2022,Qatar,esp,Spain,80,0,Midfield,16,Rodri,Defensive midfielder,87,false,https://7a0.com.br/en/copas/2022/esp
2022,Qatar,esp,Spain,80,0,Midfield,6,Marcos Llorente,Midfielder,80,false,https://7a0.com.br/en/copas/2022/esp
2022,Qatar,esp,Spain,80,0,Midfield,8,Koke,Midfielder,80,false,https://7a0.com.br/en/copas/2022/esp
2022,Qatar,esp,Spain,80,0,Midfield,9,Gavi,Midfielder,82,false,https://7a0.com.br/en/copas/2022/esp
2022,Qatar,esp,Spain,80,0,Midfield,19,Carlos Soler,Midfielder,79,false,https://7a0.com.br/en/copas/2022/esp
2022,Qatar,esp,Spain,80,0,Midfield,26,Pedri,Midfielder,86,false,https://7a0.com.br/en/copas/2022/esp
2022,Qatar,esp,Spain,80,0,Midfield,10,Marco Asensio,Attacking midfielder,81,false,https://7a0.com.br/en/copas/2022/esp
2022,Qatar,esp,Spain,80,0,Midfield,21,Dani Olmo,Attacking midfielder,82,false,https://7a0.com.br/en/copas/2022/esp
2022,Qatar,esp,Spain,80,0,Midfield,22,Pablo Sarabia,Attacking midfielder,80,false,https://7a0.com.br/en/copas/2022/esp
2022,Qatar,esp,Spain,80,0,Attack,17,Yeremy Pino,Right winger,78,false,https://7a0.com.br/en/copas/2022/esp
2022,Qatar,esp,Spain,80,0,Attack,7,Álvaro Morata,Centre-forward,82,false,https://7a0.com.br/en/copas/2022/esp
2022,Qatar,esp,Spain,80,0,Attack,11,Ferran Torres,Left winger,81,false,https://7a0.com.br/en/copas/2022/esp
2022,Qatar,esp,Spain,80,0,Attack,12,Nico Williams,Left winger,79,false,https://7a0.com.br/en/copas/2022/esp
2022,Qatar,esp,Spain,80,0,Attack,25,Ansu Fati,Left winger,79,false,https://7a0.com.br/en/copas/2022/esp
2022,Qatar,uru,Uruguay,78,3,Goalkeepers,1,Fernando Muslera,Goalkeeper,77,false,https://7a0.com.br/en/copas/2022/uru
2022,Qatar,uru,Uruguay,78,3,Goalkeepers,12,Sebastián Sosa,Goalkeeper,73,false,https://7a0.com.br/en/copas/2022/uru
2022,Qatar,uru,Uruguay,78,3,Goalkeepers,23,Sergio Rochet,Goalkeeper,78,false,https://7a0.com.br/en/copas/2022/uru
2022,Qatar,uru,Uruguay,78,3,Defence,13,Guillermo Varela,Right-back,76,false,https://7a0.com.br/en/copas/2022/uru
2022,Qatar,uru,Uruguay,78,3,Defence,26,José Luis Rodríguez,Right-back,72,false,https://7a0.com.br/en/copas/2022/uru
2022,Qatar,uru,Uruguay,78,3,Defence,2,José Giménez,Centre-back,83,false,https://7a0.com.br/en/copas/2022/uru
2022,Qatar,uru,Uruguay,78,3,Defence,3,Diego Godín,Centre-back,79,true,https://7a0.com.br/en/copas/2022/uru
2022,Qatar,uru,Uruguay,78,3,Defence,4,Ronald Araújo,Centre-back,84,false,https://7a0.com.br/en/copas/2022/uru
2022,Qatar,uru,Uruguay,78,3,Defence,19,Sebastián Coates,Centre-back,78,false,https://7a0.com.br/en/copas/2022/uru
2022,Qatar,uru,Uruguay,78,3,Defence,22,Martín Cáceres,Centre-back,76,false,https://7a0.com.br/en/copas/2022/uru
2022,Qatar,uru,Uruguay,78,3,Defence,16,Mathías Olivera,Left-back,77,false,https://7a0.com.br/en/copas/2022/uru
2022,Qatar,uru,Uruguay,78,3,Defence,17,Matías Viña,Left-back,76,false,https://7a0.com.br/en/copas/2022/uru
2022,Qatar,uru,Uruguay,78,3,Midfield,5,Matías Vecino,Defensive midfielder,79,false,https://7a0.com.br/en/copas/2022/uru
2022,Qatar,uru,Uruguay,78,3,Midfield,14,Lucas Torreira,Defensive midfielder,79,false,https://7a0.com.br/en/copas/2022/uru
2022,Qatar,uru,Uruguay,78,3,Midfield,25,Manuel Ugarte,Defensive midfielder,77,false,https://7a0.com.br/en/copas/2022/uru
2022,Qatar,uru,Uruguay,78,3,Midfield,24,Agustín Canobbio,Right midfielder,73,false,https://7a0.com.br/en/copas/2022/uru
2022,Qatar,uru,Uruguay,78,3,Midfield,6,Rodrigo Bentancur,Midfielder,82,false,https://7a0.com.br/en/copas/2022/uru
2022,Qatar,uru,Uruguay,78,3,Midfield,15,Federico Valverde,Midfielder,85,false,https://7a0.com.br/en/copas/2022/uru
2022,Qatar,uru,Uruguay,78,3,Midfield,7,Nicolás De la Cruz,Attacking midfielder,79,false,https://7a0.com.br/en/copas/2022/uru
2022,Qatar,uru,Uruguay,78,3,Midfield,10,Giorgian De Arrascaeta,Attacking midfielder,80,false,https://7a0.com.br/en/copas/2022/uru
2022,Qatar,uru,Uruguay,78,3,Attack,8,Facundo Pellistri,Right winger,75,false,https://7a0.com.br/en/copas/2022/uru
2022,Qatar,uru,Uruguay,78,3,Attack,20,Facundo Torres,Right winger,75,false,https://7a0.com.br/en/copas/2022/uru
2022,Qatar,uru,Uruguay,78,3,Attack,9,Luis Suárez,Centre-forward,82,true,https://7a0.com.br/en/copas/2022/uru
2022,Qatar,uru,Uruguay,78,3,Attack,11,Darwin Núñez,Centre-forward,82,false,https://7a0.com.br/en/copas/2022/uru
2022,Qatar,uru,Uruguay,78,3,Attack,18,Maxi Gómez,Centre-forward,76,false,https://7a0.com.br/en/copas/2022/uru
2022,Qatar,uru,Uruguay,78,3,Attack,21,Edinson Cavani,Centre-forward,80,true,https://7a0.com.br/en/copas/2022/uru
2022,Qatar,wal,Wales,73,0,Goalkeepers,1,Wayne Hennessey,Goalkeeper,74,false,https://7a0.com.br/en/copas/2022/wal
2022,Qatar,wal,Wales,73,0,Goalkeepers,12,Danny Ward,Goalkeeper,73,false,https://7a0.com.br/en/copas/2022/wal
2022,Qatar,wal,Wales,73,0,Goalkeepers,21,Adam Davies,Goalkeeper,69,false,https://7a0.com.br/en/copas/2022/wal
2022,Qatar,wal,Wales,73,0,Defence,2,Chris Gunter,Right-back,71,false,https://7a0.com.br/en/copas/2022/wal
2022,Qatar,wal,Wales,73,0,Defence,3,Neco Williams,Right-back,74,false,https://7a0.com.br/en/copas/2022/wal
2022,Qatar,wal,Wales,73,0,Defence,14,Connor Roberts,Right-back,74,false,https://7a0.com.br/en/copas/2022/wal
2022,Qatar,wal,Wales,73,0,Defence,4,Ben Davies,Centre-back,78,false,https://7a0.com.br/en/copas/2022/wal
2022,Qatar,wal,Wales,73,0,Defence,5,Chris Mepham,Centre-back,73,false,https://7a0.com.br/en/copas/2022/wal
2022,Qatar,wal,Wales,73,0,Defence,6,Joe Rodon,Centre-back,75,false,https://7a0.com.br/en/copas/2022/wal
2022,Qatar,wal,Wales,73,0,Defence,24,Tom Lockyer,Centre-back,72,false,https://7a0.com.br/en/copas/2022/wal
2022,Qatar,wal,Wales,73,0,Defence,17,Norrington-Davies,Left-back,71,false,https://7a0.com.br/en/copas/2022/wal
2022,Qatar,wal,Wales,73,0,Midfield,7,Joe Allen,Defensive midfielder,76,false,https://7a0.com.br/en/copas/2022/wal
2022,Qatar,wal,Wales,73,0,Midfield,15,Ethan Ampadu,Defensive midfielder,75,false,https://7a0.com.br/en/copas/2022/wal
2022,Qatar,wal,Wales,73,0,Midfield,16,Joe Morrell,Defensive midfielder,71,false,https://7a0.com.br/en/copas/2022/wal
2022,Qatar,wal,Wales,73,0,Midfield,10,Aaron Ramsey,Midfielder,79,false,https://7a0.com.br/en/copas/2022/wal
2022,Qatar,wal,Wales,73,0,Midfield,23,Dylan Levitt,Midfielder,70,false,https://7a0.com.br/en/copas/2022/wal
2022,Qatar,wal,Wales,73,0,Midfield,26,Matthew Smith,Midfielder,69,false,https://7a0.com.br/en/copas/2022/wal
2022,Qatar,wal,Wales,73,0,Midfield,8,Harry Wilson,Attacking midfielder,75,false,https://7a0.com.br/en/copas/2022/wal
2022,Qatar,wal,Wales,73,0,Midfield,18,Jonny Williams,Attacking midfielder,71,false,https://7a0.com.br/en/copas/2022/wal
2022,Qatar,wal,Wales,73,0,Midfield,25,Rubin Colwill,Attacking midfielder,71,false,https://7a0.com.br/en/copas/2022/wal
2022,Qatar,wal,Wales,73,0,Attack,9,Brennan Johnson,Right winger,74,false,https://7a0.com.br/en/copas/2022/wal
2022,Qatar,wal,Wales,73,0,Attack,11,Gareth Bale,Right winger,84,false,https://7a0.com.br/en/copas/2022/wal
2022,Qatar,wal,Wales,73,0,Attack,20,Daniel James,Right winger,76,false,https://7a0.com.br/en/copas/2022/wal
2022,Qatar,wal,Wales,73,0,Attack,22,Sorba Thomas,Right winger,71,false,https://7a0.com.br/en/copas/2022/wal
2022,Qatar,wal,Wales,73,0,Attack,13,Kieffer Moore,Centre-forward,75,false,https://7a0.com.br/en/copas/2022/wal
2022,Qatar,wal,Wales,73,0,Attack,19,Mark Harris,Centre-forward,69,false,https://7a0.com.br/en/copas/2022/wal
2026,Canada/Mexico/United States,arg,Argentina,83,1,Goalkeepers,1,Juan Musso,Goalkeeper,80,false,https://7a0.com.br/en/copas/2026/arg
2026,Canada/Mexico/United States,arg,Argentina,83,1,Goalkeepers,12,Gerónimo Rulli,Goalkeeper,78,false,https://7a0.com.br/en/copas/2026/arg
2026,Canada/Mexico/United States,arg,Argentina,83,1,Goalkeepers,23,Emiliano Martínez,Goalkeeper,89,false,https://7a0.com.br/en/copas/2026/arg
2026,Canada/Mexico/United States,arg,Argentina,83,1,Defence,4,Gonzalo Montiel,Right-back,81,false,https://7a0.com.br/en/copas/2026/arg
2026,Canada/Mexico/United States,arg,Argentina,83,1,Defence,26,Nahuel Molina,Right-back,81,false,https://7a0.com.br/en/copas/2026/arg
2026,Canada/Mexico/United States,arg,Argentina,83,1,Defence,2,Marcos Senesi,Centre-back,79,false,https://7a0.com.br/en/copas/2026/arg
2026,Canada/Mexico/United States,arg,Argentina,83,1,Defence,6,Lisandro Martínez,Centre-back,85,false,https://7a0.com.br/en/copas/2026/arg
2026,Canada/Mexico/United States,arg,Argentina,83,1,Defence,13,Cristian Romero,Centre-back,86,false,https://7a0.com.br/en/copas/2026/arg
2026,Canada/Mexico/United States,arg,Argentina,83,1,Defence,19,Nicolás Otamendi,Centre-back,82,false,https://7a0.com.br/en/copas/2026/arg
2026,Canada/Mexico/United States,arg,Argentina,83,1,Defence,25,Facundo Medina,Centre-back,77,false,https://7a0.com.br/en/copas/2026/arg
2026,Canada/Mexico/United States,arg,Argentina,83,1,Defence,3,Nicolás Tagliafico,Left-back,83,false,https://7a0.com.br/en/copas/2026/arg
2026,Canada/Mexico/United States,arg,Argentina,83,1,Defence,8,Valentín Barco,Left-back,76,false,https://7a0.com.br/en/copas/2026/arg
2026,Canada/Mexico/United States,arg,Argentina,83,1,Midfield,5,Leandro Paredes,Defensive midfielder,85,false,https://7a0.com.br/en/copas/2026/arg
2026,Canada/Mexico/United States,arg,Argentina,83,1,Midfield,7,Rodrigo De Paul,Defensive midfielder,85,false,https://7a0.com.br/en/copas/2026/arg
2026,Canada/Mexico/United States,arg,Argentina,83,1,Midfield,14,Exequiel Palacios,Defensive midfielder,82,false,https://7a0.com.br/en/copas/2026/arg
2026,Canada/Mexico/United States,arg,Argentina,83,1,Midfield,20,Alexis Mac Allister,Defensive midfielder,88,false,https://7a0.com.br/en/copas/2026/arg
2026,Canada/Mexico/United States,arg,Argentina,83,1,Midfield,24,Enzo Fernández,Defensive midfielder,89,false,https://7a0.com.br/en/copas/2026/arg
2026,Canada/Mexico/United States,arg,Argentina,83,1,Midfield,11,Giovani Lo Celso,Midfielder,81,false,https://7a0.com.br/en/copas/2026/arg
2026,Canada/Mexico/United States,arg,Argentina,83,1,Midfield,10,Lionel Messi,Attacking midfielder,92,true,https://7a0.com.br/en/copas/2026/arg
2026,Canada/Mexico/United States,arg,Argentina,83,1,Midfield,16,Thiago Almada,Attacking midfielder,80,false,https://7a0.com.br/en/copas/2026/arg
2026,Canada/Mexico/United States,arg,Argentina,83,1,Midfield,18,Nico Paz,Attacking midfielder,80,false,https://7a0.com.br/en/copas/2026/arg
2026,Canada/Mexico/United States,arg,Argentina,83,1,Attack,17,Giuliano Simeone,Right winger,78,false,https://7a0.com.br/en/copas/2026/arg
2026,Canada/Mexico/United States,arg,Argentina,83,1,Attack,9,Julián Álvarez,Centre-forward,91,false,https://7a0.com.br/en/copas/2026/arg
2026,Canada/Mexico/United States,arg,Argentina,83,1,Attack,21,José Manuel López,Centre-forward,75,false,https://7a0.com.br/en/copas/2026/arg
2026,Canada/Mexico/United States,arg,Argentina,83,1,Attack,22,Lautaro Martínez,Centre-forward,88,false,https://7a0.com.br/en/copas/2026/arg
2026,Canada/Mexico/United States,arg,Argentina,83,1,Attack,15,Nicolás González,Left winger,81,false,https://7a0.com.br/en/copas/2026/arg
2026,Canada/Mexico/United States,bel,Belgium,77,1,Goalkeepers,1,Thibaut Courtois,Goalkeeper,89,false,https://7a0.com.br/en/copas/2026/bel
2026,Canada/Mexico/United States,bel,Belgium,77,1,Goalkeepers,12,Senne Lammens,Goalkeeper,72,false,https://7a0.com.br/en/copas/2026/bel
2026,Canada/Mexico/United States,bel,Belgium,77,1,Goalkeepers,13,Mike Penders,Goalkeeper,68,false,https://7a0.com.br/en/copas/2026/bel
2026,Canada/Mexico/United States,bel,Belgium,77,1,Defence,15,Thomas Meunier,Right-back,74,false,https://7a0.com.br/en/copas/2026/bel
2026,Canada/Mexico/United States,bel,Belgium,77,1,Defence,18,Joaquin Seys,Right-back,69,false,https://7a0.com.br/en/copas/2026/bel
2026,Canada/Mexico/United States,bel,Belgium,77,1,Defence,21,Timothy Castagne,Right-back,76,false,https://7a0.com.br/en/copas/2026/bel
2026,Canada/Mexico/United States,bel,Belgium,77,1,Defence,3,Arthur Theate,Centre-back,77,false,https://7a0.com.br/en/copas/2026/bel
2026,Canada/Mexico/United States,bel,Belgium,77,1,Defence,4,Brandon Mechele,Centre-back,73,false,https://7a0.com.br/en/copas/2026/bel
2026,Canada/Mexico/United States,bel,Belgium,77,1,Defence,16,Koni De Winter,Centre-back,74,false,https://7a0.com.br/en/copas/2026/bel
2026,Canada/Mexico/United States,bel,Belgium,77,1,Defence,25,Nathan Ngoy,Centre-back,73,false,https://7a0.com.br/en/copas/2026/bel
2026,Canada/Mexico/United States,bel,Belgium,77,1,Defence,5,Maxim De Cuyper,Left-back,76,false,https://7a0.com.br/en/copas/2026/bel
2026,Canada/Mexico/United States,bel,Belgium,77,1,Midfield,2,Zeno Debast,Defensive midfielder,76,false,https://7a0.com.br/en/copas/2026/bel
2026,Canada/Mexico/United States,bel,Belgium,77,1,Midfield,6,Axel Witsel,Defensive midfielder,76,false,https://7a0.com.br/en/copas/2026/bel
2026,Canada/Mexico/United States,bel,Belgium,77,1,Midfield,7,Kevin De Bruyne,Defensive midfielder,86,true,https://7a0.com.br/en/copas/2026/bel
2026,Canada/Mexico/United States,bel,Belgium,77,1,Midfield,8,Youri Tielemans,Defensive midfielder,84,false,https://7a0.com.br/en/copas/2026/bel
2026,Canada/Mexico/United States,bel,Belgium,77,1,Midfield,20,Hans Vanaken,Defensive midfielder,74,false,https://7a0.com.br/en/copas/2026/bel
2026,Canada/Mexico/United States,bel,Belgium,77,1,Midfield,23,Nicolas Raskin,Defensive midfielder,73,false,https://7a0.com.br/en/copas/2026/bel
2026,Canada/Mexico/United States,bel,Belgium,77,1,Midfield,24,Amadou Onana,Defensive midfielder,78,false,https://7a0.com.br/en/copas/2026/bel
2026,Canada/Mexico/United States,bel,Belgium,77,1,Midfield,17,Charles De Ketelaere,Attacking midfielder,80,false,https://7a0.com.br/en/copas/2026/bel
2026,Canada/Mexico/United States,bel,Belgium,77,1,Attack,11,Jérémy Doku,Right winger,85,false,https://7a0.com.br/en/copas/2026/bel
2026,Canada/Mexico/United States,bel,Belgium,77,1,Attack,14,Dodi Lukébakio,Right winger,76,false,https://7a0.com.br/en/copas/2026/bel
2026,Canada/Mexico/United States,bel,Belgium,77,1,Attack,22,Alexis Saelemaekers,Right winger,76,false,https://7a0.com.br/en/copas/2026/bel
2026,Canada/Mexico/United States,bel,Belgium,77,1,Attack,9,Romelu Lukaku,Centre-forward,84,false,https://7a0.com.br/en/copas/2026/bel
2026,Canada/Mexico/United States,bel,Belgium,77,1,Attack,10,Leandro Trossard,Left winger,80,false,https://7a0.com.br/en/copas/2026/bel
2026,Canada/Mexico/United States,bel,Belgium,77,1,Attack,26,Matias Fernandez-Pardo,Left winger,68,false,https://7a0.com.br/en/copas/2026/bel
2026,Canada/Mexico/United States,bra,Brazil,81,1,Goalkeepers,1,Alisson,Goalkeeper,89,false,https://7a0.com.br/en/copas/2026/bra
2026,Canada/Mexico/United States,bra,Brazil,81,1,Goalkeepers,12,Weverton,Goalkeeper,73,false,https://7a0.com.br/en/copas/2026/bra
2026,Canada/Mexico/United States,bra,Brazil,81,1,Goalkeepers,23,Ederson,Goalkeeper,82,false,https://7a0.com.br/en/copas/2026/bra
2026,Canada/Mexico/United States,bra,Brazil,81,1,Defence,13,Danilo,Right-back,79,false,https://7a0.com.br/en/copas/2026/bra
2026,Canada/Mexico/United States,bra,Brazil,81,1,Defence,3,Gabriel,Centre-back,90,false,https://7a0.com.br/en/copas/2026/bra
2026,Canada/Mexico/United States,bra,Brazil,81,1,Defence,4,Marquinhos,Centre-back,87,false,https://7a0.com.br/en/copas/2026/bra
2026,Canada/Mexico/United States,bra,Brazil,81,1,Defence,14,Gleison Bremer,Centre-back,84,false,https://7a0.com.br/en/copas/2026/bra
2026,Canada/Mexico/United States,bra,Brazil,81,1,Defence,15,Léo Pereira,Centre-back,77,false,https://7a0.com.br/en/copas/2026/bra
2026,Canada/Mexico/United States,bra,Brazil,81,1,Defence,24,Roger Ibañez,Centre-back,77,false,https://7a0.com.br/en/copas/2026/bra
2026,Canada/Mexico/United States,bra,Brazil,81,1,Defence,6,Alex Sandro,Left-back,78,false,https://7a0.com.br/en/copas/2026/bra
2026,Canada/Mexico/United States,bra,Brazil,81,1,Defence,16,Douglas Santos,Left-back,78,false,https://7a0.com.br/en/copas/2026/bra
2026,Canada/Mexico/United States,bra,Brazil,81,1,Midfield,2,Éderson,Defensive midfielder,77,false,https://7a0.com.br/en/copas/2026/bra
2026,Canada/Mexico/United States,bra,Brazil,81,1,Midfield,5,Casemiro,Defensive midfielder,84,false,https://7a0.com.br/en/copas/2026/bra
2026,Canada/Mexico/United States,bra,Brazil,81,1,Midfield,8,Bruno Guimarães,Defensive midfielder,87,false,https://7a0.com.br/en/copas/2026/bra
2026,Canada/Mexico/United States,bra,Brazil,81,1,Midfield,17,Fabinho,Defensive midfielder,79,false,https://7a0.com.br/en/copas/2026/bra
2026,Canada/Mexico/United States,bra,Brazil,81,1,Midfield,18,Danilo,Defensive midfielder,78,false,https://7a0.com.br/en/copas/2026/bra
2026,Canada/Mexico/United States,bra,Brazil,81,1,Midfield,10,Neymar,Attacking midfielder,82,true,https://7a0.com.br/en/copas/2026/bra
2026,Canada/Mexico/United States,bra,Brazil,81,1,Midfield,20,Lucas Paquetá,Attacking midfielder,82,false,https://7a0.com.br/en/copas/2026/bra
2026,Canada/Mexico/United States,bra,Brazil,81,1,Attack,11,Raphinha,Right winger,85,false,https://7a0.com.br/en/copas/2026/bra
2026,Canada/Mexico/United States,bra,Brazil,81,1,Attack,21,Luiz Henrique,Right winger,79,false,https://7a0.com.br/en/copas/2026/bra
2026,Canada/Mexico/United States,bra,Brazil,81,1,Attack,26,Rayan,Right winger,77,false,https://7a0.com.br/en/copas/2026/bra
2026,Canada/Mexico/United States,bra,Brazil,81,1,Attack,9,Matheus Cunha,Centre-forward,83,false,https://7a0.com.br/en/copas/2026/bra
2026,Canada/Mexico/United States,bra,Brazil,81,1,Attack,19,Endrick,Centre-forward,80,false,https://7a0.com.br/en/copas/2026/bra
2026,Canada/Mexico/United States,bra,Brazil,81,1,Attack,25,Igor Thiago,Centre-forward,76,false,https://7a0.com.br/en/copas/2026/bra
2026,Canada/Mexico/United States,bra,Brazil,81,1,Attack,7,Vinícius Júnior,Left winger,93,false,https://7a0.com.br/en/copas/2026/bra
2026,Canada/Mexico/United States,bra,Brazil,81,1,Attack,22,Gabriel Martinelli,Left winger,81,false,https://7a0.com.br/en/copas/2026/bra
2026,Canada/Mexico/United States,can,Canada,74,0,Goalkeepers,1,Dayne St. Clair,Goalkeeper,74,false,https://7a0.com.br/en/copas/2026/can
2026,Canada/Mexico/United States,can,Canada,74,0,Goalkeepers,16,Maxime Crépeau,Goalkeeper,72,false,https://7a0.com.br/en/copas/2026/can
2026,Canada/Mexico/United States,can,Canada,74,0,Goalkeepers,18,Owen Goodman,Goalkeeper,71,false,https://7a0.com.br/en/copas/2026/can
2026,Canada/Mexico/United States,can,Canada,74,0,Defence,2,Alistair Johnston,Right-back,74,false,https://7a0.com.br/en/copas/2026/can
2026,Canada/Mexico/United States,can,Canada,74,0,Defence,22,Richie Laryea,Right-back,72,false,https://7a0.com.br/en/copas/2026/can
2026,Canada/Mexico/United States,can,Canada,74,0,Defence,23,Niko Sigur,Right-back,72,false,https://7a0.com.br/en/copas/2026/can
2026,Canada/Mexico/United States,can,Canada,74,0,Defence,3,Alfie Jones,Centre-back,72,false,https://7a0.com.br/en/copas/2026/can
2026,Canada/Mexico/United States,can,Canada,74,0,Defence,4,Luc de Fougerolles,Centre-back,71,false,https://7a0.com.br/en/copas/2026/can
2026,Canada/Mexico/United States,can,Canada,74,0,Defence,5,Joel Waterman,Centre-back,72,false,https://7a0.com.br/en/copas/2026/can
2026,Canada/Mexico/United States,can,Canada,74,0,Defence,13,Derek Cornelius,Centre-back,75,false,https://7a0.com.br/en/copas/2026/can
2026,Canada/Mexico/United States,can,Canada,74,0,Defence,15,Moïse Bombito,Centre-back,77,false,https://7a0.com.br/en/copas/2026/can
2026,Canada/Mexico/United States,can,Canada,74,0,Defence,19,Alphonso Davies,Left-back,80,false,https://7a0.com.br/en/copas/2026/can
2026,Canada/Mexico/United States,can,Canada,74,0,Midfield,8,Ismaël Koné,Defensive midfielder,75,false,https://7a0.com.br/en/copas/2026/can
2026,Canada/Mexico/United States,can,Canada,74,0,Midfield,6,Mathieu Choinière,Midfielder,73,false,https://7a0.com.br/en/copas/2026/can
2026,Canada/Mexico/United States,can,Canada,74,0,Midfield,7,Stephen Eustáquio,Midfielder,78,false,https://7a0.com.br/en/copas/2026/can
2026,Canada/Mexico/United States,can,Canada,74,0,Midfield,21,Jonathan Osorio,Midfielder,73,false,https://7a0.com.br/en/copas/2026/can
2026,Canada/Mexico/United States,can,Canada,74,0,Midfield,25,Nathan Saliba,Midfielder,72,false,https://7a0.com.br/en/copas/2026/can
2026,Canada/Mexico/United States,can,Canada,74,0,Midfield,20,Ali Ahmed,Left midfielder,71,false,https://7a0.com.br/en/copas/2026/can
2026,Canada/Mexico/United States,can,Canada,74,0,Attack,17,Tajon Buchanan,Right winger,78,false,https://7a0.com.br/en/copas/2026/can
2026,Canada/Mexico/United States,can,Canada,74,0,Attack,9,Cyle Larin,Centre-forward,76,false,https://7a0.com.br/en/copas/2026/can
2026,Canada/Mexico/United States,can,Canada,74,0,Attack,10,Jonathan David,Centre-forward,84,false,https://7a0.com.br/en/copas/2026/can
2026,Canada/Mexico/United States,can,Canada,74,0,Attack,12,Tani Oluwaseyi,Centre-forward,72,false,https://7a0.com.br/en/copas/2026/can
2026,Canada/Mexico/United States,can,Canada,74,0,Attack,24,Promise David,Centre-forward,72,false,https://7a0.com.br/en/copas/2026/can
2026,Canada/Mexico/United States,can,Canada,74,0,Attack,11,Liam Millar,Left winger,73,false,https://7a0.com.br/en/copas/2026/can
2026,Canada/Mexico/United States,can,Canada,74,0,Attack,14,Jacob Shaffelburg,Left winger,73,false,https://7a0.com.br/en/copas/2026/can
2026,Canada/Mexico/United States,can,Canada,74,0,Attack,26,Jayden Nelson,Left winger,72,false,https://7a0.com.br/en/copas/2026/can
2026,Canada/Mexico/United States,cpv,Cape Verde,71,1,Goalkeepers,1,Vozinha,Goalkeeper,89,true,https://7a0.com.br/en/copas/2026/cpv
2026,Canada/Mexico/United States,cpv,Cape Verde,71,1,Goalkeepers,12,Márcio Rosa,Goalkeeper,66,false,https://7a0.com.br/en/copas/2026/cpv
2026,Canada/Mexico/United States,cpv,Cape Verde,71,1,Goalkeepers,23,CJ Dos Santos,Goalkeeper,67,false,https://7a0.com.br/en/copas/2026/cpv
2026,Canada/Mexico/United States,cpv,Cape Verde,71,1,Defence,13,Sidny Lopes Cabral,Right-back,81,false,https://7a0.com.br/en/copas/2026/cpv
2026,Canada/Mexico/United States,cpv,Cape Verde,71,1,Defence,22,Steven Moreira,Right-back,70,false,https://7a0.com.br/en/copas/2026/cpv
2026,Canada/Mexico/United States,cpv,Cape Verde,71,1,Defence,24,Wagner Pina,Right-back,68,false,https://7a0.com.br/en/copas/2026/cpv
2026,Canada/Mexico/United States,cpv,Cape Verde,71,1,Defence,3,Diney,Centre-back,69,false,https://7a0.com.br/en/copas/2026/cpv
2026,Canada/Mexico/United States,cpv,Cape Verde,71,1,Defence,4,Pico,Centre-back,71,false,https://7a0.com.br/en/copas/2026/cpv
2026,Canada/Mexico/United States,cpv,Cape Verde,71,1,Defence,5,Logan Costa,Centre-back,78,false,https://7a0.com.br/en/copas/2026/cpv
2026,Canada/Mexico/United States,cpv,Cape Verde,71,1,Defence,25,Kelvin Pires,Centre-back,68,false,https://7a0.com.br/en/copas/2026/cpv
2026,Canada/Mexico/United States,cpv,Cape Verde,71,1,Defence,2,Stopira,Left-back,70,false,https://7a0.com.br/en/copas/2026/cpv
2026,Canada/Mexico/United States,cpv,Cape Verde,71,1,Midfield,6,Kevin Pina,Defensive midfielder,70,false,https://7a0.com.br/en/copas/2026/cpv
2026,Canada/Mexico/United States,cpv,Cape Verde,71,1,Midfield,8,João Paulo,Midfielder,69,false,https://7a0.com.br/en/copas/2026/cpv
2026,Canada/Mexico/United States,cpv,Cape Verde,71,1,Midfield,10,Jamiro,Midfielder,74,false,https://7a0.com.br/en/copas/2026/cpv
2026,Canada/Mexico/United States,cpv,Cape Verde,71,1,Midfield,14,Deroy Duarte,Midfielder,72,false,https://7a0.com.br/en/copas/2026/cpv
2026,Canada/Mexico/United States,cpv,Cape Verde,71,1,Midfield,15,Laros Duarte,Midfielder,68,false,https://7a0.com.br/en/copas/2026/cpv
2026,Canada/Mexico/United States,cpv,Cape Verde,71,1,Midfield,16,Yannick Semedo,Midfielder,68,false,https://7a0.com.br/en/copas/2026/cpv
2026,Canada/Mexico/United States,cpv,Cape Verde,71,1,Midfield,18,Telmo Arcanjo,Midfielder,69,false,https://7a0.com.br/en/copas/2026/cpv
2026,Canada/Mexico/United States,cpv,Cape Verde,71,1,Midfield,7,Jovane Cabral,Left midfielder,72,false,https://7a0.com.br/en/copas/2026/cpv
2026,Canada/Mexico/United States,cpv,Cape Verde,71,1,Midfield,11,Garry Rodrigues,Left midfielder,75,false,https://7a0.com.br/en/copas/2026/cpv
2026,Canada/Mexico/United States,cpv,Cape Verde,71,1,Midfield,17,Willy Semedo,Left midfielder,67,false,https://7a0.com.br/en/copas/2026/cpv
2026,Canada/Mexico/United States,cpv,Cape Verde,71,1,Midfield,20,Ryan Mendes,Left midfielder,70,false,https://7a0.com.br/en/copas/2026/cpv
2026,Canada/Mexico/United States,cpv,Cape Verde,71,1,Midfield,26,Hélio Varela,Left midfielder,69,false,https://7a0.com.br/en/copas/2026/cpv
2026,Canada/Mexico/United States,cpv,Cape Verde,71,1,Attack,9,Gilson Benchimol,Centre-forward,68,false,https://7a0.com.br/en/copas/2026/cpv
2026,Canada/Mexico/United States,cpv,Cape Verde,71,1,Attack,19,Dailon Livramento,Centre-forward,68,false,https://7a0.com.br/en/copas/2026/cpv
2026,Canada/Mexico/United States,cpv,Cape Verde,71,1,Attack,21,Nuno Da Costa,Centre-forward,71,false,https://7a0.com.br/en/copas/2026/cpv
2026,Canada/Mexico/United States,col,Colombia,77,0,Goalkeepers,1,David Ospina,Goalkeeper,77,false,https://7a0.com.br/en/copas/2026/col
2026,Canada/Mexico/United States,col,Colombia,77,0,Goalkeepers,12,Camilo Vargas,Goalkeeper,77,false,https://7a0.com.br/en/copas/2026/col
2026,Canada/Mexico/United States,col,Colombia,77,0,Goalkeepers,24,Álvaro Montero,Goalkeeper,73,false,https://7a0.com.br/en/copas/2026/col
2026,Canada/Mexico/United States,col,Colombia,77,0,Defence,2,Daniel Muñoz,Right-back,80,false,https://7a0.com.br/en/copas/2026/col
2026,Canada/Mexico/United States,col,Colombia,77,0,Defence,4,Santiago Arias,Right-back,74,false,https://7a0.com.br/en/copas/2026/col
2026,Canada/Mexico/United States,col,Colombia,77,0,Defence,3,Jhon Lucumí,Centre-back,77,false,https://7a0.com.br/en/copas/2026/col
2026,Canada/Mexico/United States,col,Colombia,77,0,Defence,13,Yerry Mina,Centre-back,76,false,https://7a0.com.br/en/copas/2026/col
2026,Canada/Mexico/United States,col,Colombia,77,0,Defence,18,Willer Ditta,Centre-back,74,false,https://7a0.com.br/en/copas/2026/col
2026,Canada/Mexico/United States,col,Colombia,77,0,Defence,23,Davinson Sánchez,Centre-back,79,false,https://7a0.com.br/en/copas/2026/col
2026,Canada/Mexico/United States,col,Colombia,77,0,Defence,17,Johan Mojica,Left-back,75,false,https://7a0.com.br/en/copas/2026/col
2026,Canada/Mexico/United States,col,Colombia,77,0,Defence,22,Deiver Machado,Left-back,74,false,https://7a0.com.br/en/copas/2026/col
2026,Canada/Mexico/United States,col,Colombia,77,0,Midfield,5,Kevin Castaño,Defensive midfielder,76,false,https://7a0.com.br/en/copas/2026/col
2026,Canada/Mexico/United States,col,Colombia,77,0,Midfield,6,Richard Ríos,Defensive midfielder,77,false,https://7a0.com.br/en/copas/2026/col
2026,Canada/Mexico/United States,col,Colombia,77,0,Midfield,14,Gustavo Puerta,Defensive midfielder,74,false,https://7a0.com.br/en/copas/2026/col
2026,Canada/Mexico/United States,col,Colombia,77,0,Midfield,15,Juan Portilla,Defensive midfielder,73,false,https://7a0.com.br/en/copas/2026/col
2026,Canada/Mexico/United States,col,Colombia,77,0,Midfield,16,Jefferson Lerma,Defensive midfielder,79,false,https://7a0.com.br/en/copas/2026/col
2026,Canada/Mexico/United States,col,Colombia,77,0,Midfield,8,Jorge Carrascal,Attacking midfielder,76,false,https://7a0.com.br/en/copas/2026/col
2026,Canada/Mexico/United States,col,Colombia,77,0,Midfield,10,James Rodríguez,Attacking midfielder,82,false,https://7a0.com.br/en/copas/2026/col
2026,Canada/Mexico/United States,col,Colombia,77,0,Midfield,20,Juan Fernando Quintero,Attacking midfielder,77,false,https://7a0.com.br/en/copas/2026/col
2026,Canada/Mexico/United States,col,Colombia,77,0,Attack,11,Jhon Arias,Right winger,81,false,https://7a0.com.br/en/copas/2026/col
2026,Canada/Mexico/United States,col,Colombia,77,0,Attack,26,Andrés Gómez,Right winger,73,false,https://7a0.com.br/en/copas/2026/col
2026,Canada/Mexico/United States,col,Colombia,77,0,Attack,9,Jhon Córdoba,Centre-forward,77,false,https://7a0.com.br/en/copas/2026/col
2026,Canada/Mexico/United States,col,Colombia,77,0,Attack,19,Cucho,Centre-forward,76,false,https://7a0.com.br/en/copas/2026/col
2026,Canada/Mexico/United States,col,Colombia,77,0,Attack,25,Luis Suárez,Centre-forward,76,false,https://7a0.com.br/en/copas/2026/col
2026,Canada/Mexico/United States,col,Colombia,77,0,Attack,7,Luis Díaz,Left winger,86,false,https://7a0.com.br/en/copas/2026/col
2026,Canada/Mexico/United States,col,Colombia,77,0,Attack,21,Jaminton Campaz,Left winger,73,false,https://7a0.com.br/en/copas/2026/col
2026,Canada/Mexico/United States,ecu,Ecuador,77,1,Goalkeepers,1,Hernán Galíndez,Goalkeeper,76,false,https://7a0.com.br/en/copas/2026/ecu
2026,Canada/Mexico/United States,ecu,Ecuador,77,1,Goalkeepers,12,Moisés Ramírez,Goalkeeper,74,false,https://7a0.com.br/en/copas/2026/ecu
2026,Canada/Mexico/United States,ecu,Ecuador,77,1,Goalkeepers,22,Gonzalo Valle,Goalkeeper,73,false,https://7a0.com.br/en/copas/2026/ecu
2026,Canada/Mexico/United States,ecu,Ecuador,77,1,Defence,17,Ángelo Preciado,Right-back,79,false,https://7a0.com.br/en/copas/2026/ecu
2026,Canada/Mexico/United States,ecu,Ecuador,77,1,Defence,2,Félix Torres,Centre-back,77,false,https://7a0.com.br/en/copas/2026/ecu
2026,Canada/Mexico/United States,ecu,Ecuador,77,1,Defence,3,Piero Hincapié,Centre-back,84,false,https://7a0.com.br/en/copas/2026/ecu
2026,Canada/Mexico/United States,ecu,Ecuador,77,1,Defence,4,Joel Ordóñez,Centre-back,78,false,https://7a0.com.br/en/copas/2026/ecu
2026,Canada/Mexico/United States,ecu,Ecuador,77,1,Defence,6,Willian Pacho,Centre-back,89,false,https://7a0.com.br/en/copas/2026/ecu
2026,Canada/Mexico/United States,ecu,Ecuador,77,1,Defence,25,Jackson Porozo,Centre-back,74,false,https://7a0.com.br/en/copas/2026/ecu
2026,Canada/Mexico/United States,ecu,Ecuador,77,1,Defence,7,Pervis Estupiñán,Left-back,82,false,https://7a0.com.br/en/copas/2026/ecu
2026,Canada/Mexico/United States,ecu,Ecuador,77,1,Defence,18,Yaimar Medina,Left-back,74,false,https://7a0.com.br/en/copas/2026/ecu
2026,Canada/Mexico/United States,ecu,Ecuador,77,1,Midfield,5,Jordy Alcívar,Defensive midfielder,74,false,https://7a0.com.br/en/copas/2026/ecu
2026,Canada/Mexico/United States,ecu,Ecuador,77,1,Midfield,20,Denil Castillo,Defensive midfielder,74,false,https://7a0.com.br/en/copas/2026/ecu
2026,Canada/Mexico/United States,ecu,Ecuador,77,1,Midfield,21,Alan Franco,Defensive midfielder,76,false,https://7a0.com.br/en/copas/2026/ecu
2026,Canada/Mexico/United States,ecu,Ecuador,77,1,Midfield,23,Moisés Caicedo,Defensive midfielder,88,false,https://7a0.com.br/en/copas/2026/ecu
2026,Canada/Mexico/United States,ecu,Ecuador,77,1,Midfield,10,Kendry Páez,Attacking midfielder,78,false,https://7a0.com.br/en/copas/2026/ecu
2026,Canada/Mexico/United States,ecu,Ecuador,77,1,Midfield,15,Pedro Vite,Attacking midfielder,74,false,https://7a0.com.br/en/copas/2026/ecu
2026,Canada/Mexico/United States,ecu,Ecuador,77,1,Attack,8,Anthony Valencia,Right winger,75,false,https://7a0.com.br/en/copas/2026/ecu
2026,Canada/Mexico/United States,ecu,Ecuador,77,1,Attack,9,John Yeboah,Right winger,75,false,https://7a0.com.br/en/copas/2026/ecu
2026,Canada/Mexico/United States,ecu,Ecuador,77,1,Attack,19,Gonzalo Plata,Right winger,81,false,https://7a0.com.br/en/copas/2026/ecu
2026,Canada/Mexico/United States,ecu,Ecuador,77,1,Attack,11,Kevin Rodríguez,Centre-forward,76,false,https://7a0.com.br/en/copas/2026/ecu
2026,Canada/Mexico/United States,ecu,Ecuador,77,1,Attack,13,Enner Valencia,Centre-forward,77,true,https://7a0.com.br/en/copas/2026/ecu
2026,Canada/Mexico/United States,ecu,Ecuador,77,1,Attack,24,Jordy Caicedo,Centre-forward,73,false,https://7a0.com.br/en/copas/2026/ecu
2026,Canada/Mexico/United States,ecu,Ecuador,77,1,Attack,26,Jeremy Arévalo,Centre-forward,74,false,https://7a0.com.br/en/copas/2026/ecu
2026,Canada/Mexico/United States,ecu,Ecuador,77,1,Attack,14,Alan Minda,Left winger,74,false,https://7a0.com.br/en/copas/2026/ecu
2026,Canada/Mexico/United States,ecu,Ecuador,77,1,Attack,16,Nilson Angulo,Left winger,82,false,https://7a0.com.br/en/copas/2026/ecu
2026,Canada/Mexico/United States,egy,Egypt,78,1,Goalkeepers,1,Mohamed El-Shenawy,Goalkeeper,84,false,https://7a0.com.br/en/copas/2026/egy
2026,Canada/Mexico/United States,egy,Egypt,78,1,Goalkeepers,16,El Mahdy Soliman,Goalkeeper,76,false,https://7a0.com.br/en/copas/2026/egy
2026,Canada/Mexico/United States,egy,Egypt,78,1,Goalkeepers,23,Mostafa Shobeir,Goalkeeper,80,false,https://7a0.com.br/en/copas/2026/egy
2026,Canada/Mexico/United States,egy,Egypt,78,1,Goalkeepers,26,Mohamed Alaa,Goalkeeper,73,false,https://7a0.com.br/en/copas/2026/egy
2026,Canada/Mexico/United States,egy,Egypt,78,1,Defence,3,Mohamed Hany,Right-back,78,false,https://7a0.com.br/en/copas/2026/egy
2026,Canada/Mexico/United States,egy,Egypt,78,1,Defence,24,Tarek Alaa,Right-back,75,false,https://7a0.com.br/en/copas/2026/egy
2026,Canada/Mexico/United States,egy,Egypt,78,1,Defence,2,Yasser Ibrahim,Centre-back,79,false,https://7a0.com.br/en/copas/2026/egy
2026,Canada/Mexico/United States,egy,Egypt,78,1,Defence,4,Hossam Abdelmaguid,Centre-back,77,false,https://7a0.com.br/en/copas/2026/egy
2026,Canada/Mexico/United States,egy,Egypt,78,1,Defence,5,Ramy Rabia,Centre-back,78,false,https://7a0.com.br/en/copas/2026/egy
2026,Canada/Mexico/United States,egy,Egypt,78,1,Defence,6,Mohamed Abdelmonem,Centre-back,79,false,https://7a0.com.br/en/copas/2026/egy
2026,Canada/Mexico/United States,egy,Egypt,78,1,Defence,14,Hamdy Fathy,Centre-back,77,false,https://7a0.com.br/en/copas/2026/egy
2026,Canada/Mexico/United States,egy,Egypt,78,1,Defence,13,Ahmed Fatouh,Left-back,78,false,https://7a0.com.br/en/copas/2026/egy
2026,Canada/Mexico/United States,egy,Egypt,78,1,Defence,15,Karim Hafez,Left-back,78,false,https://7a0.com.br/en/copas/2026/egy
2026,Canada/Mexico/United States,egy,Egypt,78,1,Midfield,8,Emam Ashour,Defensive midfielder,80,false,https://7a0.com.br/en/copas/2026/egy
2026,Canada/Mexico/United States,egy,Egypt,78,1,Midfield,12,Haissem Hassan,Midfielder,75,false,https://7a0.com.br/en/copas/2026/egy
2026,Canada/Mexico/United States,egy,Egypt,78,1,Midfield,17,Mohanad Lasheen,Midfielder,76,false,https://7a0.com.br/en/copas/2026/egy
2026,Canada/Mexico/United States,egy,Egypt,78,1,Midfield,18,Nabil Emad,Midfielder,74,false,https://7a0.com.br/en/copas/2026/egy
2026,Canada/Mexico/United States,egy,Egypt,78,1,Midfield,19,Marwan Attia,Midfielder,75,false,https://7a0.com.br/en/copas/2026/egy
2026,Canada/Mexico/United States,egy,Egypt,78,1,Midfield,21,Mahmoud Saber,Midfielder,75,false,https://7a0.com.br/en/copas/2026/egy
2026,Canada/Mexico/United States,egy,Egypt,78,1,Midfield,7,Mahmoud Trézéguet,Left midfielder,81,false,https://7a0.com.br/en/copas/2026/egy
2026,Canada/Mexico/United States,egy,Egypt,78,1,Midfield,25,Zizo,Left midfielder,78,false,https://7a0.com.br/en/copas/2026/egy
2026,Canada/Mexico/United States,egy,Egypt,78,1,Midfield,11,Mostafa Ziko,Attacking midfielder,77,false,https://7a0.com.br/en/copas/2026/egy
2026,Canada/Mexico/United States,egy,Egypt,78,1,Midfield,20,Ibrahim Adel,Attacking midfielder,77,false,https://7a0.com.br/en/copas/2026/egy
2026,Canada/Mexico/United States,egy,Egypt,78,1,Attack,10,Mohamed Salah,Right winger,90,true,https://7a0.com.br/en/copas/2026/egy
2026,Canada/Mexico/United States,egy,Egypt,78,1,Attack,9,Hamza Abdelkarim,Centre-forward,76,false,https://7a0.com.br/en/copas/2026/egy
2026,Canada/Mexico/United States,egy,Egypt,78,1,Attack,22,Omar Marmoush,Centre-forward,84,false,https://7a0.com.br/en/copas/2026/egy
2026,Canada/Mexico/United States,eng,England,80,0,Goalkeepers,1,Jordan Pickford,Goalkeeper,82,false,https://7a0.com.br/en/copas/2026/eng
2026,Canada/Mexico/United States,eng,England,80,0,Goalkeepers,13,Dean Henderson,Goalkeeper,76,false,https://7a0.com.br/en/copas/2026/eng
2026,Canada/Mexico/United States,eng,England,80,0,Goalkeepers,23,James Trafford,Goalkeeper,73,false,https://7a0.com.br/en/copas/2026/eng
2026,Canada/Mexico/United States,eng,England,80,0,Defence,2,Ezri Konsa,Right-back,78,false,https://7a0.com.br/en/copas/2026/eng
2026,Canada/Mexico/United States,eng,England,80,0,Defence,24,Reece James,Right-back,80,false,https://7a0.com.br/en/copas/2026/eng
2026,Canada/Mexico/United States,eng,England,80,0,Defence,5,John Stones,Centre-back,79,false,https://7a0.com.br/en/copas/2026/eng
2026,Canada/Mexico/United States,eng,England,80,0,Defence,6,Marc Guéhi,Centre-back,84,false,https://7a0.com.br/en/copas/2026/eng
2026,Canada/Mexico/United States,eng,England,80,0,Defence,12,Trevoh Chalobah,Centre-back,77,false,https://7a0.com.br/en/copas/2026/eng
2026,Canada/Mexico/United States,eng,England,80,0,Defence,15,Dan Burn,Centre-back,75,false,https://7a0.com.br/en/copas/2026/eng
2026,Canada/Mexico/United States,eng,England,80,0,Defence,26,Jarell Quansah,Centre-back,74,false,https://7a0.com.br/en/copas/2026/eng
2026,Canada/Mexico/United States,eng,England,80,0,Defence,3,Nico O'Reilly,Left-back,78,false,https://7a0.com.br/en/copas/2026/eng
2026,Canada/Mexico/United States,eng,England,80,0,Defence,25,Djed Spence,Left-back,74,false,https://7a0.com.br/en/copas/2026/eng
2026,Canada/Mexico/United States,eng,England,80,0,Midfield,4,Declan Rice,Defensive midfielder,89,false,https://7a0.com.br/en/copas/2026/eng
2026,Canada/Mexico/United States,eng,England,80,0,Midfield,8,Elliot Anderson,Defensive midfielder,78,false,https://7a0.com.br/en/copas/2026/eng
2026,Canada/Mexico/United States,eng,England,80,0,Midfield,14,Jordan Henderson,Defensive midfielder,74,false,https://7a0.com.br/en/copas/2026/eng
2026,Canada/Mexico/United States,eng,England,80,0,Midfield,10,Jude Bellingham,Midfielder,92,false,https://7a0.com.br/en/copas/2026/eng
2026,Canada/Mexico/United States,eng,England,80,0,Midfield,16,Kobbie Mainoo,Midfielder,79,false,https://7a0.com.br/en/copas/2026/eng
2026,Canada/Mexico/United States,eng,England,80,0,Midfield,17,Morgan Rogers,Attacking midfielder,82,false,https://7a0.com.br/en/copas/2026/eng
2026,Canada/Mexico/United States,eng,England,80,0,Midfield,21,Eberechi Eze,Attacking midfielder,81,false,https://7a0.com.br/en/copas/2026/eng
2026,Canada/Mexico/United States,eng,England,80,0,Attack,7,Bukayo Saka,Right winger,89,false,https://7a0.com.br/en/copas/2026/eng
2026,Canada/Mexico/United States,eng,England,80,0,Attack,20,Noni Madueke,Right winger,77,false,https://7a0.com.br/en/copas/2026/eng
2026,Canada/Mexico/United States,eng,England,80,0,Attack,9,Harry Kane,Centre-forward,91,false,https://7a0.com.br/en/copas/2026/eng
2026,Canada/Mexico/United States,eng,England,80,0,Attack,19,Ollie Watkins,Centre-forward,80,false,https://7a0.com.br/en/copas/2026/eng
2026,Canada/Mexico/United States,eng,England,80,0,Attack,22,Ivan Toney,Centre-forward,77,false,https://7a0.com.br/en/copas/2026/eng
2026,Canada/Mexico/United States,eng,England,80,0,Attack,11,Marcus Rashford,Left winger,81,false,https://7a0.com.br/en/copas/2026/eng
2026,Canada/Mexico/United States,eng,England,80,0,Attack,18,Anthony Gordon,Left winger,81,false,https://7a0.com.br/en/copas/2026/eng
2026,Canada/Mexico/United States,fra,France,83,1,Goalkeepers,1,Brice Samba,Goalkeeper,79,false,https://7a0.com.br/en/copas/2026/fra
2026,Canada/Mexico/United States,fra,France,83,1,Goalkeepers,16,Mike Maignan,Goalkeeper,86,false,https://7a0.com.br/en/copas/2026/fra
2026,Canada/Mexico/United States,fra,France,83,1,Goalkeepers,23,Robin Risser,Goalkeeper,71,false,https://7a0.com.br/en/copas/2026/fra
2026,Canada/Mexico/United States,fra,France,83,1,Defence,2,Malo Gusto,Right-back,80,false,https://7a0.com.br/en/copas/2026/fra
2026,Canada/Mexico/United States,fra,France,83,1,Defence,5,Jules Koundé,Right-back,85,false,https://7a0.com.br/en/copas/2026/fra
2026,Canada/Mexico/United States,fra,France,83,1,Defence,4,Dayot Upamecano,Centre-back,87,false,https://7a0.com.br/en/copas/2026/fra
2026,Canada/Mexico/United States,fra,France,83,1,Defence,15,Ibrahima Konaté,Centre-back,84,false,https://7a0.com.br/en/copas/2026/fra
2026,Canada/Mexico/United States,fra,France,83,1,Defence,17,William Saliba,Centre-back,87,false,https://7a0.com.br/en/copas/2026/fra
2026,Canada/Mexico/United States,fra,France,83,1,Defence,26,Maxence Lacroix,Centre-back,77,false,https://7a0.com.br/en/copas/2026/fra
2026,Canada/Mexico/United States,fra,France,83,1,Defence,3,Lucas Digne,Left-back,80,false,https://7a0.com.br/en/copas/2026/fra
2026,Canada/Mexico/United States,fra,France,83,1,Defence,19,Theo Hernandez,Left-back,83,false,https://7a0.com.br/en/copas/2026/fra
2026,Canada/Mexico/United States,fra,France,83,1,Defence,21,Lucas Hernandez,Left-back,79,false,https://7a0.com.br/en/copas/2026/fra
2026,Canada/Mexico/United States,fra,France,83,1,Midfield,6,Manu Koné,Defensive midfielder,81,false,https://7a0.com.br/en/copas/2026/fra
2026,Canada/Mexico/United States,fra,France,83,1,Midfield,8,Aurélien Tchouaméni,Defensive midfielder,86,false,https://7a0.com.br/en/copas/2026/fra
2026,Canada/Mexico/United States,fra,France,83,1,Midfield,13,N'Golo Kanté,Defensive midfielder,85,false,https://7a0.com.br/en/copas/2026/fra
2026,Canada/Mexico/United States,fra,France,83,1,Midfield,18,Warren Zaïre-Emery,Defensive midfielder,81,false,https://7a0.com.br/en/copas/2026/fra
2026,Canada/Mexico/United States,fra,France,83,1,Midfield,14,Adrien Rabiot,Left midfielder,83,false,https://7a0.com.br/en/copas/2026/fra
2026,Canada/Mexico/United States,fra,France,83,1,Midfield,24,Rayan Cherki,Attacking midfielder,85,false,https://7a0.com.br/en/copas/2026/fra
2026,Canada/Mexico/United States,fra,France,83,1,Midfield,25,Maghnes Akliouche,Attacking midfielder,79,false,https://7a0.com.br/en/copas/2026/fra
2026,Canada/Mexico/United States,fra,France,83,1,Attack,7,Ousmane Dembélé,Right winger,91,false,https://7a0.com.br/en/copas/2026/fra
2026,Canada/Mexico/United States,fra,France,83,1,Attack,11,Michael Olise,Right winger,90,false,https://7a0.com.br/en/copas/2026/fra
2026,Canada/Mexico/United States,fra,France,83,1,Attack,20,Désiré Doué,Right winger,85,false,https://7a0.com.br/en/copas/2026/fra
2026,Canada/Mexico/United States,fra,France,83,1,Attack,9,Marcus Thuram,Centre-forward,82,false,https://7a0.com.br/en/copas/2026/fra
2026,Canada/Mexico/United States,fra,France,83,1,Attack,10,Kylian Mbappé,Centre-forward,95,true,https://7a0.com.br/en/copas/2026/fra
2026,Canada/Mexico/United States,fra,France,83,1,Attack,22,Jean-Philippe Mateta,Centre-forward,78,false,https://7a0.com.br/en/copas/2026/fra
2026,Canada/Mexico/United States,fra,France,83,1,Attack,12,Bradley Barcola,Left winger,82,false,https://7a0.com.br/en/copas/2026/fra
2026,Canada/Mexico/United States,ger,Germany,81,1,Goalkeepers,1,Manuel Neuer,Goalkeeper,86,true,https://7a0.com.br/en/copas/2026/ger
2026,Canada/Mexico/United States,ger,Germany,81,1,Goalkeepers,12,Oliver Baumann,Goalkeeper,74,false,https://7a0.com.br/en/copas/2026/ger
2026,Canada/Mexico/United States,ger,Germany,81,1,Goalkeepers,21,Alexander Nübel,Goalkeeper,75,false,https://7a0.com.br/en/copas/2026/ger
2026,Canada/Mexico/United States,ger,Germany,81,1,Defence,2,Antonio Rüdiger,Centre-back,86,false,https://7a0.com.br/en/copas/2026/ger
2026,Canada/Mexico/United States,ger,Germany,81,1,Defence,3,Waldemar Anton,Centre-back,78,false,https://7a0.com.br/en/copas/2026/ger
2026,Canada/Mexico/United States,ger,Germany,81,1,Defence,4,Jonathan Tah,Centre-back,83,false,https://7a0.com.br/en/copas/2026/ger
2026,Canada/Mexico/United States,ger,Germany,81,1,Defence,15,Nico Schlotterbeck,Centre-back,86,false,https://7a0.com.br/en/copas/2026/ger
2026,Canada/Mexico/United States,ger,Germany,81,1,Defence,24,Malick Thiaw,Centre-back,78,false,https://7a0.com.br/en/copas/2026/ger
2026,Canada/Mexico/United States,ger,Germany,81,1,Defence,18,Nathaniel Brown,Left-back,74,false,https://7a0.com.br/en/copas/2026/ger
2026,Canada/Mexico/United States,ger,Germany,81,1,Defence,22,David Raum,Left-back,80,false,https://7a0.com.br/en/copas/2026/ger
2026,Canada/Mexico/United States,ger,Germany,81,1,Midfield,5,Aleksandar Pavlović,Defensive midfielder,81,false,https://7a0.com.br/en/copas/2026/ger
2026,Canada/Mexico/United States,ger,Germany,81,1,Midfield,6,Joshua Kimmich,Defensive midfielder,87,false,https://7a0.com.br/en/copas/2026/ger
2026,Canada/Mexico/United States,ger,Germany,81,1,Midfield,8,Leon Goretzka,Defensive midfielder,81,false,https://7a0.com.br/en/copas/2026/ger
2026,Canada/Mexico/United States,ger,Germany,81,1,Midfield,13,Pascal Groß,Defensive midfielder,78,false,https://7a0.com.br/en/copas/2026/ger
2026,Canada/Mexico/United States,ger,Germany,81,1,Midfield,16,Angelo Stiller,Defensive midfielder,80,false,https://7a0.com.br/en/copas/2026/ger
2026,Canada/Mexico/United States,ger,Germany,81,1,Midfield,23,Felix Nmecha,Defensive midfielder,75,false,https://7a0.com.br/en/copas/2026/ger
2026,Canada/Mexico/United States,ger,Germany,81,1,Midfield,25,Assan Ouédraogo,Midfielder,74,false,https://7a0.com.br/en/copas/2026/ger
2026,Canada/Mexico/United States,ger,Germany,81,1,Midfield,10,Jamal Musiala,Attacking midfielder,86,false,https://7a0.com.br/en/copas/2026/ger
2026,Canada/Mexico/United States,ger,Germany,81,1,Midfield,17,Florian Wirtz,Attacking midfielder,89,false,https://7a0.com.br/en/copas/2026/ger
2026,Canada/Mexico/United States,ger,Germany,81,1,Midfield,20,Nadiem Amiri,Attacking midfielder,74,false,https://7a0.com.br/en/copas/2026/ger
2026,Canada/Mexico/United States,ger,Germany,81,1,Attack,9,Jamie Leweling,Right winger,76,false,https://7a0.com.br/en/copas/2026/ger
2026,Canada/Mexico/United States,ger,Germany,81,1,Attack,19,Leroy Sané,Right winger,84,false,https://7a0.com.br/en/copas/2026/ger
2026,Canada/Mexico/United States,ger,Germany,81,1,Attack,7,Kai Havertz,Centre-forward,84,false,https://7a0.com.br/en/copas/2026/ger
2026,Canada/Mexico/United States,ger,Germany,81,1,Attack,11,Nick Woltemade,Centre-forward,80,false,https://7a0.com.br/en/copas/2026/ger
2026,Canada/Mexico/United States,ger,Germany,81,1,Attack,14,Maximilian Beier,Centre-forward,77,false,https://7a0.com.br/en/copas/2026/ger
2026,Canada/Mexico/United States,ger,Germany,81,1,Attack,26,Deniz Undav,Centre-forward,87,false,https://7a0.com.br/en/copas/2026/ger
2026,Canada/Mexico/United States,mex,Mexico,75,0,Goalkeepers,1,Raúl Rangel,Goalkeeper,78,false,https://7a0.com.br/en/copas/2026/mex
2026,Canada/Mexico/United States,mex,Mexico,75,0,Goalkeepers,12,Carlos Acevedo,Goalkeeper,72,false,https://7a0.com.br/en/copas/2026/mex
2026,Canada/Mexico/United States,mex,Mexico,75,0,Goalkeepers,13,Guillermo Ochoa,Goalkeeper,76,false,https://7a0.com.br/en/copas/2026/mex
2026,Canada/Mexico/United States,mex,Mexico,75,0,Defence,2,Jorge Sánchez,Right-back,77,false,https://7a0.com.br/en/copas/2026/mex
2026,Canada/Mexico/United States,mex,Mexico,75,0,Defence,3,César Montes,Centre-back,76,false,https://7a0.com.br/en/copas/2026/mex
2026,Canada/Mexico/United States,mex,Mexico,75,0,Defence,5,Johan Vásquez,Centre-back,76,false,https://7a0.com.br/en/copas/2026/mex
2026,Canada/Mexico/United States,mex,Mexico,75,0,Defence,15,Israel Reyes,Centre-back,73,false,https://7a0.com.br/en/copas/2026/mex
2026,Canada/Mexico/United States,mex,Mexico,75,0,Defence,20,Mateo Chávez,Left-back,71,false,https://7a0.com.br/en/copas/2026/mex
2026,Canada/Mexico/United States,mex,Mexico,75,0,Defence,23,Jesús Gallardo,Left-back,74,false,https://7a0.com.br/en/copas/2026/mex
2026,Canada/Mexico/United States,mex,Mexico,75,0,Midfield,4,Edson Álvarez,Defensive midfielder,80,false,https://7a0.com.br/en/copas/2026/mex
2026,Canada/Mexico/United States,mex,Mexico,75,0,Midfield,6,Érik Lira,Defensive midfielder,73,false,https://7a0.com.br/en/copas/2026/mex
2026,Canada/Mexico/United States,mex,Mexico,75,0,Midfield,7,Luis Romo,Defensive midfielder,74,false,https://7a0.com.br/en/copas/2026/mex
2026,Canada/Mexico/United States,mex,Mexico,75,0,Midfield,18,Obed Vargas,Defensive midfielder,72,false,https://7a0.com.br/en/copas/2026/mex
2026,Canada/Mexico/United States,mex,Mexico,75,0,Midfield,24,Luis Chávez,Defensive midfielder,74,false,https://7a0.com.br/en/copas/2026/mex
2026,Canada/Mexico/United States,mex,Mexico,75,0,Midfield,8,Álvaro Fidalgo,Midfielder,75,false,https://7a0.com.br/en/copas/2026/mex
2026,Canada/Mexico/United States,mex,Mexico,75,0,Midfield,17,Orbelín Pineda,Attacking midfielder,75,false,https://7a0.com.br/en/copas/2026/mex
2026,Canada/Mexico/United States,mex,Mexico,75,0,Midfield,19,Gilberto Mora,Attacking midfielder,73,false,https://7a0.com.br/en/copas/2026/mex
2026,Canada/Mexico/United States,mex,Mexico,75,0,Midfield,26,Brian Gutiérrez,Attacking midfielder,72,false,https://7a0.com.br/en/copas/2026/mex
2026,Canada/Mexico/United States,mex,Mexico,75,0,Attack,25,Roberto Alvarado,Right winger,74,false,https://7a0.com.br/en/copas/2026/mex
2026,Canada/Mexico/United States,mex,Mexico,75,0,Attack,9,Raúl Jiménez,Centre-forward,80,false,https://7a0.com.br/en/copas/2026/mex
2026,Canada/Mexico/United States,mex,Mexico,75,0,Attack,11,Santiago Giménez,Centre-forward,81,false,https://7a0.com.br/en/copas/2026/mex
2026,Canada/Mexico/United States,mex,Mexico,75,0,Attack,14,Armando González,Centre-forward,72,false,https://7a0.com.br/en/copas/2026/mex
2026,Canada/Mexico/United States,mex,Mexico,75,0,Attack,16,Julián Quiñones,Centre-forward,78,false,https://7a0.com.br/en/copas/2026/mex
2026,Canada/Mexico/United States,mex,Mexico,75,0,Attack,22,Guillermo Martínez,Centre-forward,71,false,https://7a0.com.br/en/copas/2026/mex
2026,Canada/Mexico/United States,mex,Mexico,75,0,Attack,10,Alexis Vega,Left winger,75,false,https://7a0.com.br/en/copas/2026/mex
2026,Canada/Mexico/United States,mex,Mexico,75,0,Attack,21,César Huerta,Left winger,74,false,https://7a0.com.br/en/copas/2026/mex
2026,Canada/Mexico/United States,mar,Morocco,78,0,Goalkeepers,1,Yassine Bono,Goalkeeper,89,false,https://7a0.com.br/en/copas/2026/mar
2026,Canada/Mexico/United States,mar,Morocco,78,0,Goalkeepers,12,Munir Mohamedi,Goalkeeper,74,false,https://7a0.com.br/en/copas/2026/mar
2026,Canada/Mexico/United States,mar,Morocco,78,0,Goalkeepers,22,Ahmed Reda Tagnaouti,Goalkeeper,73,false,https://7a0.com.br/en/copas/2026/mar
2026,Canada/Mexico/United States,mar,Morocco,78,0,Defence,2,Achraf Hakimi,Right-back,89,false,https://7a0.com.br/en/copas/2026/mar
2026,Canada/Mexico/United States,mar,Morocco,78,0,Defence,3,Noussair Mazraoui,Right-back,80,false,https://7a0.com.br/en/copas/2026/mar
2026,Canada/Mexico/United States,mar,Morocco,78,0,Defence,13,Zakaria El Ouahdi,Right-back,76,false,https://7a0.com.br/en/copas/2026/mar
2026,Canada/Mexico/United States,mar,Morocco,78,0,Defence,5,Marwane Saâdane,Centre-back,75,false,https://7a0.com.br/en/copas/2026/mar
2026,Canada/Mexico/United States,mar,Morocco,78,0,Defence,14,Issa Diop,Centre-back,79,false,https://7a0.com.br/en/copas/2026/mar
2026,Canada/Mexico/United States,mar,Morocco,78,0,Defence,18,Chadi Riad,Centre-back,78,false,https://7a0.com.br/en/copas/2026/mar
2026,Canada/Mexico/United States,mar,Morocco,78,0,Defence,19,Youssef Belammari,Centre-back,74,false,https://7a0.com.br/en/copas/2026/mar
2026,Canada/Mexico/United States,mar,Morocco,78,0,Defence,25,Redouane Halhal,Centre-back,73,false,https://7a0.com.br/en/copas/2026/mar
2026,Canada/Mexico/United States,mar,Morocco,78,0,Defence,26,Anass Salah-Eddine,Left-back,76,false,https://7a0.com.br/en/copas/2026/mar
2026,Canada/Mexico/United States,mar,Morocco,78,0,Midfield,4,Sofyan Amrabat,Defensive midfielder,82,false,https://7a0.com.br/en/copas/2026/mar
2026,Canada/Mexico/United States,mar,Morocco,78,0,Midfield,6,Ayyoub Bouaddi,Defensive midfielder,76,false,https://7a0.com.br/en/copas/2026/mar
2026,Canada/Mexico/United States,mar,Morocco,78,0,Midfield,8,Azzedine Ounahi,Midfielder,82,false,https://7a0.com.br/en/copas/2026/mar
2026,Canada/Mexico/United States,mar,Morocco,78,0,Midfield,15,Samir El Mourabet,Midfielder,74,false,https://7a0.com.br/en/copas/2026/mar
2026,Canada/Mexico/United States,mar,Morocco,78,0,Midfield,24,Neil El Aynaoui,Midfielder,76,false,https://7a0.com.br/en/copas/2026/mar
2026,Canada/Mexico/United States,mar,Morocco,78,0,Midfield,10,Brahim Díaz,Attacking midfielder,82,false,https://7a0.com.br/en/copas/2026/mar
2026,Canada/Mexico/United States,mar,Morocco,78,0,Midfield,11,Ismael Saïbari,Attacking midfielder,79,false,https://7a0.com.br/en/copas/2026/mar
2026,Canada/Mexico/United States,mar,Morocco,78,0,Midfield,23,Bilal El Khannouss,Attacking midfielder,79,false,https://7a0.com.br/en/copas/2026/mar
2026,Canada/Mexico/United States,mar,Morocco,78,0,Attack,7,Chemsdine Talbi,Right winger,77,false,https://7a0.com.br/en/copas/2026/mar
2026,Canada/Mexico/United States,mar,Morocco,78,0,Attack,9,Soufiane Rahimi,Centre-forward,80,false,https://7a0.com.br/en/copas/2026/mar
2026,Canada/Mexico/United States,mar,Morocco,78,0,Attack,20,Ayoub El Kaabi,Centre-forward,80,false,https://7a0.com.br/en/copas/2026/mar
2026,Canada/Mexico/United States,mar,Morocco,78,0,Attack,21,Ayoube Amaimouni,Centre-forward,74,false,https://7a0.com.br/en/copas/2026/mar
2026,Canada/Mexico/United States,mar,Morocco,78,0,Attack,16,Gessime Yassine,Left winger,74,false,https://7a0.com.br/en/copas/2026/mar
2026,Canada/Mexico/United States,mar,Morocco,78,0,Attack,17,Amine Sbaï,Left winger,75,false,https://7a0.com.br/en/copas/2026/mar
2026,Canada/Mexico/United States,ned,Netherlands,80,1,Goalkeepers,1,Bart Verbruggen,Goalkeeper,80,false,https://7a0.com.br/en/copas/2026/ned
2026,Canada/Mexico/United States,ned,Netherlands,80,1,Goalkeepers,13,Robin Roefs,Goalkeeper,71,false,https://7a0.com.br/en/copas/2026/ned
2026,Canada/Mexico/United States,ned,Netherlands,80,1,Goalkeepers,23,Mark Flekken,Goalkeeper,76,false,https://7a0.com.br/en/copas/2026/ned
2026,Canada/Mexico/United States,ned,Netherlands,80,1,Defence,2,Lutsharel Geertruida,Right-back,80,false,https://7a0.com.br/en/copas/2026/ned
2026,Canada/Mexico/United States,ned,Netherlands,80,1,Defence,22,Denzel Dumfries,Right-back,87,false,https://7a0.com.br/en/copas/2026/ned
2026,Canada/Mexico/United States,ned,Netherlands,80,1,Defence,4,Virgil Van Dijk,Centre-back,89,true,https://7a0.com.br/en/copas/2026/ned
2026,Canada/Mexico/United States,ned,Netherlands,80,1,Defence,5,Nathan Aké,Centre-back,83,false,https://7a0.com.br/en/copas/2026/ned
2026,Canada/Mexico/United States,ned,Netherlands,80,1,Defence,6,Jan Paul Van Hecke,Centre-back,80,false,https://7a0.com.br/en/copas/2026/ned
2026,Canada/Mexico/United States,ned,Netherlands,80,1,Defence,15,Micky Van de Ven,Centre-back,83,false,https://7a0.com.br/en/copas/2026/ned
2026,Canada/Mexico/United States,ned,Netherlands,80,1,Defence,25,Jorrel Hato,Left-back,78,false,https://7a0.com.br/en/copas/2026/ned
2026,Canada/Mexico/United States,ned,Netherlands,80,1,Midfield,3,Marten De Roon,Defensive midfielder,76,false,https://7a0.com.br/en/copas/2026/ned
2026,Canada/Mexico/United States,ned,Netherlands,80,1,Midfield,8,Ryan Gravenberch,Defensive midfielder,85,false,https://7a0.com.br/en/copas/2026/ned
2026,Canada/Mexico/United States,ned,Netherlands,80,1,Midfield,12,Mats Wieffer,Defensive midfielder,75,false,https://7a0.com.br/en/copas/2026/ned
2026,Canada/Mexico/United States,ned,Netherlands,80,1,Midfield,16,Guus Til,Defensive midfielder,73,false,https://7a0.com.br/en/copas/2026/ned
2026,Canada/Mexico/United States,ned,Netherlands,80,1,Midfield,20,Teun Koopmeiners,Defensive midfielder,80,false,https://7a0.com.br/en/copas/2026/ned
2026,Canada/Mexico/United States,ned,Netherlands,80,1,Midfield,26,Quinten Timber,Defensive midfielder,76,false,https://7a0.com.br/en/copas/2026/ned
2026,Canada/Mexico/United States,ned,Netherlands,80,1,Midfield,14,Tijjani Reijnders,Midfielder,85,false,https://7a0.com.br/en/copas/2026/ned
2026,Canada/Mexico/United States,ned,Netherlands,80,1,Midfield,21,Frenkie de Jong,Midfielder,87,false,https://7a0.com.br/en/copas/2026/ned
2026,Canada/Mexico/United States,ned,Netherlands,80,1,Attack,7,Justin Kluivert,Right winger,78,false,https://7a0.com.br/en/copas/2026/ned
2026,Canada/Mexico/United States,ned,Netherlands,80,1,Attack,18,Donyell Malen,Right winger,80,false,https://7a0.com.br/en/copas/2026/ned
2026,Canada/Mexico/United States,ned,Netherlands,80,1,Attack,9,Wout Weghorst,Centre-forward,78,false,https://7a0.com.br/en/copas/2026/ned
2026,Canada/Mexico/United States,ned,Netherlands,80,1,Attack,10,Memphis Depay,Centre-forward,80,false,https://7a0.com.br/en/copas/2026/ned
2026,Canada/Mexico/United States,ned,Netherlands,80,1,Attack,19,Brian Brobbey,Centre-forward,81,false,https://7a0.com.br/en/copas/2026/ned
2026,Canada/Mexico/United States,ned,Netherlands,80,1,Attack,11,Cody Gakpo,Left winger,86,false,https://7a0.com.br/en/copas/2026/ned
2026,Canada/Mexico/United States,ned,Netherlands,80,1,Attack,17,Noa Lang,Left winger,77,false,https://7a0.com.br/en/copas/2026/ned
2026,Canada/Mexico/United States,ned,Netherlands,80,1,Attack,24,Crysencio Summerville,Left winger,80,false,https://7a0.com.br/en/copas/2026/ned
2026,Canada/Mexico/United States,nor,Norway,79,2,Goalkeepers,1,Ørjan Nyland,Goalkeeper,78,false,https://7a0.com.br/en/copas/2026/nor
2026,Canada/Mexico/United States,nor,Norway,79,2,Goalkeepers,12,Klaesson,Goalkeeper,74,false,https://7a0.com.br/en/copas/2026/nor
2026,Canada/Mexico/United States,nor,Norway,79,2,Goalkeepers,23,Egil Selvik,Goalkeeper,73,false,https://7a0.com.br/en/copas/2026/nor
2026,Canada/Mexico/United States,nor,Norway,79,2,Defence,2,Julian Ryerson,Right-back,80,false,https://7a0.com.br/en/copas/2026/nor
2026,Canada/Mexico/United States,nor,Norway,79,2,Defence,21,Marcus Holmgren Pedersen,Right-back,76,false,https://7a0.com.br/en/copas/2026/nor
2026,Canada/Mexico/United States,nor,Norway,79,2,Defence,3,Kristoffer Ajer,Centre-back,81,false,https://7a0.com.br/en/copas/2026/nor
2026,Canada/Mexico/United States,nor,Norway,79,2,Defence,4,Hanche-Olsen,Centre-back,78,false,https://7a0.com.br/en/copas/2026/nor
2026,Canada/Mexico/United States,nor,Norway,79,2,Defence,5,Leo Østigård,Centre-back,80,false,https://7a0.com.br/en/copas/2026/nor
2026,Canada/Mexico/United States,nor,Norway,79,2,Defence,15,Torbjørn Heggem,Centre-back,77,false,https://7a0.com.br/en/copas/2026/nor
2026,Canada/Mexico/United States,nor,Norway,79,2,Defence,18,Fredrik André Bjørkan,Left-back,76,false,https://7a0.com.br/en/copas/2026/nor
2026,Canada/Mexico/United States,nor,Norway,79,2,Defence,20,David Møller Wolfe,Left-back,78,false,https://7a0.com.br/en/copas/2026/nor
2026,Canada/Mexico/United States,nor,Norway,79,2,Midfield,6,Sander Berge,Defensive midfielder,82,false,https://7a0.com.br/en/copas/2026/nor
2026,Canada/Mexico/United States,nor,Norway,79,2,Midfield,16,Patrick Berg,Defensive midfielder,79,false,https://7a0.com.br/en/copas/2026/nor
2026,Canada/Mexico/United States,nor,Norway,79,2,Midfield,8,Fredrik Aursnes,Midfielder,81,false,https://7a0.com.br/en/copas/2026/nor
2026,Canada/Mexico/United States,nor,Norway,79,2,Midfield,14,Morten Thorsby,Midfielder,76,false,https://7a0.com.br/en/copas/2026/nor
2026,Canada/Mexico/United States,nor,Norway,79,2,Midfield,17,Kristian Thorstvedt,Midfielder,78,false,https://7a0.com.br/en/copas/2026/nor
2026,Canada/Mexico/United States,nor,Norway,79,2,Midfield,24,Jens Petter Hauge,Left midfielder,77,false,https://7a0.com.br/en/copas/2026/nor
2026,Canada/Mexico/United States,nor,Norway,79,2,Midfield,10,Martin Ødegaard,Attacking midfielder,89,true,https://7a0.com.br/en/copas/2026/nor
2026,Canada/Mexico/United States,nor,Norway,79,2,Attack,19,O. Solbakken,Right winger,74,false,https://7a0.com.br/en/copas/2026/nor
2026,Canada/Mexico/United States,nor,Norway,79,2,Attack,25,Oscar Bobb,Right winger,82,false,https://7a0.com.br/en/copas/2026/nor
2026,Canada/Mexico/United States,nor,Norway,79,2,Attack,9,Erling Haaland,Centre-forward,93,true,https://7a0.com.br/en/copas/2026/nor
2026,Canada/Mexico/United States,nor,Norway,79,2,Attack,11,Alexander Sørloth,Centre-forward,83,false,https://7a0.com.br/en/copas/2026/nor
2026,Canada/Mexico/United States,nor,Norway,79,2,Attack,13,Botheim,Centre-forward,74,false,https://7a0.com.br/en/copas/2026/nor
2026,Canada/Mexico/United States,nor,Norway,79,2,Attack,22,Jørgen Strand Larsen,Centre-forward,80,false,https://7a0.com.br/en/copas/2026/nor
2026,Canada/Mexico/United States,nor,Norway,79,2,Attack,7,Antonio Nusa,Left winger,84,false,https://7a0.com.br/en/copas/2026/nor
2026,Canada/Mexico/United States,nor,Norway,79,2,Attack,26,Andreas Schjelderup,Left winger,78,false,https://7a0.com.br/en/copas/2026/nor
2026,Canada/Mexico/United States,par,Paraguay,74,0,Goalkeepers,1,Gatito,Goalkeeper,74,false,https://7a0.com.br/en/copas/2026/par
2026,Canada/Mexico/United States,par,Paraguay,74,0,Goalkeepers,12,Orlando Gill,Goalkeeper,75,false,https://7a0.com.br/en/copas/2026/par
2026,Canada/Mexico/United States,par,Paraguay,74,0,Goalkeepers,22,Gastón Olivera,Goalkeeper,71,false,https://7a0.com.br/en/copas/2026/par
2026,Canada/Mexico/United States,par,Paraguay,74,0,Defence,2,Gustavo Velázquez,Centre-back,74,false,https://7a0.com.br/en/copas/2026/par
2026,Canada/Mexico/United States,par,Paraguay,74,0,Defence,3,Omar Alderete,Centre-back,77,false,https://7a0.com.br/en/copas/2026/par
2026,Canada/Mexico/United States,par,Paraguay,74,0,Defence,4,Juan José Cáceres,Centre-back,74,false,https://7a0.com.br/en/copas/2026/par
2026,Canada/Mexico/United States,par,Paraguay,74,0,Defence,5,Fabián Balbuena,Centre-back,75,false,https://7a0.com.br/en/copas/2026/par
2026,Canada/Mexico/United States,par,Paraguay,74,0,Defence,6,Júnior Alonso,Centre-back,75,false,https://7a0.com.br/en/copas/2026/par
2026,Canada/Mexico/United States,par,Paraguay,74,0,Defence,13,José Canale,Centre-back,74,false,https://7a0.com.br/en/copas/2026/par
2026,Canada/Mexico/United States,par,Paraguay,74,0,Defence,15,Gustavo Gómez,Centre-back,75,false,https://7a0.com.br/en/copas/2026/par
2026,Canada/Mexico/United States,par,Paraguay,74,0,Defence,26,Alexandro Maidana,Centre-back,72,false,https://7a0.com.br/en/copas/2026/par
2026,Canada/Mexico/United States,par,Paraguay,74,0,Midfield,8,Diego Gómez,Defensive midfielder,76,false,https://7a0.com.br/en/copas/2026/par
2026,Canada/Mexico/United States,par,Paraguay,74,0,Midfield,14,Andrés Cubas,Defensive midfielder,76,false,https://7a0.com.br/en/copas/2026/par
2026,Canada/Mexico/United States,par,Paraguay,74,0,Midfield,16,Damián Bobadilla,Defensive midfielder,74,false,https://7a0.com.br/en/copas/2026/par
2026,Canada/Mexico/United States,par,Paraguay,74,0,Midfield,20,Braian Ojeda,Defensive midfielder,73,false,https://7a0.com.br/en/copas/2026/par
2026,Canada/Mexico/United States,par,Paraguay,74,0,Midfield,23,Matías Galarza,Midfielder,73,false,https://7a0.com.br/en/copas/2026/par
2026,Canada/Mexico/United States,par,Paraguay,74,0,Midfield,17,Kaku,Attacking midfielder,74,false,https://7a0.com.br/en/copas/2026/par
2026,Canada/Mexico/United States,par,Paraguay,74,0,Midfield,19,Julio Enciso,Attacking midfielder,77,false,https://7a0.com.br/en/copas/2026/par
2026,Canada/Mexico/United States,par,Paraguay,74,0,Attack,10,Miguel Almirón,Right winger,78,false,https://7a0.com.br/en/copas/2026/par
2026,Canada/Mexico/United States,par,Paraguay,74,0,Attack,11,Mauricio,Right winger,76,false,https://7a0.com.br/en/copas/2026/par
2026,Canada/Mexico/United States,par,Paraguay,74,0,Attack,9,Antonio Sanabria,Centre-forward,77,false,https://7a0.com.br/en/copas/2026/par
2026,Canada/Mexico/United States,par,Paraguay,74,0,Attack,18,Álex Arce,Centre-forward,73,false,https://7a0.com.br/en/copas/2026/par
2026,Canada/Mexico/United States,par,Paraguay,74,0,Attack,21,Gabriel Ávalos,Centre-forward,73,false,https://7a0.com.br/en/copas/2026/par
2026,Canada/Mexico/United States,par,Paraguay,74,0,Attack,24,Gustavo Caballero,Centre-forward,72,false,https://7a0.com.br/en/copas/2026/par
2026,Canada/Mexico/United States,par,Paraguay,74,0,Attack,25,Isidro Pitta,Centre-forward,73,false,https://7a0.com.br/en/copas/2026/par
2026,Canada/Mexico/United States,par,Paraguay,74,0,Attack,7,Ramón Sosa,Left winger,75,false,https://7a0.com.br/en/copas/2026/par
2026,Canada/Mexico/United States,por,Portugal,82,1,Goalkeepers,1,Diogo Costa,Goalkeeper,85,false,https://7a0.com.br/en/copas/2026/por
2026,Canada/Mexico/United States,por,Portugal,82,1,Goalkeepers,12,José Sá,Goalkeeper,76,false,https://7a0.com.br/en/copas/2026/por
2026,Canada/Mexico/United States,por,Portugal,82,1,Goalkeepers,22,Rui Silva,Goalkeeper,75,false,https://7a0.com.br/en/copas/2026/por
2026,Canada/Mexico/United States,por,Portugal,82,1,Defence,2,Nélson Semedo,Right-back,80,false,https://7a0.com.br/en/copas/2026/por
2026,Canada/Mexico/United States,por,Portugal,82,1,Defence,5,Diogo Dalot,Right-back,82,false,https://7a0.com.br/en/copas/2026/por
2026,Canada/Mexico/United States,por,Portugal,82,1,Defence,20,João Cancelo,Right-back,83,false,https://7a0.com.br/en/copas/2026/por
2026,Canada/Mexico/United States,por,Portugal,82,1,Defence,3,Rúben Dias,Centre-back,88,false,https://7a0.com.br/en/copas/2026/por
2026,Canada/Mexico/United States,por,Portugal,82,1,Defence,4,Tomás Araújo,Centre-back,78,false,https://7a0.com.br/en/copas/2026/por
2026,Canada/Mexico/United States,por,Portugal,82,1,Defence,13,Renato Veiga,Centre-back,77,false,https://7a0.com.br/en/copas/2026/por
2026,Canada/Mexico/United States,por,Portugal,82,1,Defence,14,Gonçalo Inácio,Centre-back,82,false,https://7a0.com.br/en/copas/2026/por
2026,Canada/Mexico/United States,por,Portugal,82,1,Defence,25,Nuno Mendes,Left-back,88,false,https://7a0.com.br/en/copas/2026/por
2026,Canada/Mexico/United States,por,Portugal,82,1,Midfield,6,Matheus Nunes,Defensive midfielder,80,false,https://7a0.com.br/en/copas/2026/por
2026,Canada/Mexico/United States,por,Portugal,82,1,Midfield,8,Bruno Fernandes,Defensive midfielder,89,false,https://7a0.com.br/en/copas/2026/por
2026,Canada/Mexico/United States,por,Portugal,82,1,Midfield,15,João Neves,Defensive midfielder,86,false,https://7a0.com.br/en/copas/2026/por
2026,Canada/Mexico/United States,por,Portugal,82,1,Midfield,23,Vitinha,Defensive midfielder,90,false,https://7a0.com.br/en/copas/2026/por
2026,Canada/Mexico/United States,por,Portugal,82,1,Midfield,24,Samú Costa,Defensive midfielder,75,false,https://7a0.com.br/en/copas/2026/por
2026,Canada/Mexico/United States,por,Portugal,82,1,Midfield,21,Rúben Neves,Midfielder,79,false,https://7a0.com.br/en/copas/2026/por
2026,Canada/Mexico/United States,por,Portugal,82,1,Midfield,10,Bernardo Silva,Attacking midfielder,88,false,https://7a0.com.br/en/copas/2026/por
2026,Canada/Mexico/United States,por,Portugal,82,1,Attack,16,Francisco Trincão,Right winger,79,false,https://7a0.com.br/en/copas/2026/por
2026,Canada/Mexico/United States,por,Portugal,82,1,Attack,18,Pedro Neto,Right winger,80,false,https://7a0.com.br/en/copas/2026/por
2026,Canada/Mexico/United States,por,Portugal,82,1,Attack,26,Francisco Conceição,Right winger,78,false,https://7a0.com.br/en/copas/2026/por
2026,Canada/Mexico/United States,por,Portugal,82,1,Attack,7,Cristiano Ronaldo,Centre-forward,83,true,https://7a0.com.br/en/copas/2026/por
2026,Canada/Mexico/United States,por,Portugal,82,1,Attack,9,Gonçalo Ramos,Centre-forward,81,false,https://7a0.com.br/en/copas/2026/por
2026,Canada/Mexico/United States,por,Portugal,82,1,Attack,11,João Félix,Centre-forward,80,false,https://7a0.com.br/en/copas/2026/por
2026,Canada/Mexico/United States,por,Portugal,82,1,Attack,17,Rafael Leão,Left winger,85,false,https://7a0.com.br/en/copas/2026/por
2026,Canada/Mexico/United States,por,Portugal,82,1,Attack,19,Gonçalo Guedes,Left winger,77,false,https://7a0.com.br/en/copas/2026/por
2026,Canada/Mexico/United States,esp,Spain,83,2,Goalkeepers,1,David Raya,Goalkeeper,83,false,https://7a0.com.br/en/copas/2026/esp
2026,Canada/Mexico/United States,esp,Spain,83,2,Goalkeepers,13,Joan García,Goalkeeper,78,false,https://7a0.com.br/en/copas/2026/esp
2026,Canada/Mexico/United States,esp,Spain,83,2,Goalkeepers,23,Unai Simón,Goalkeeper,89,false,https://7a0.com.br/en/copas/2026/esp
2026,Canada/Mexico/United States,esp,Spain,83,2,Defence,5,Marcos Llorente,Right-back,82,false,https://7a0.com.br/en/copas/2026/esp
2026,Canada/Mexico/United States,esp,Spain,83,2,Defence,12,Pedro Porro,Right-back,84,false,https://7a0.com.br/en/copas/2026/esp
2026,Canada/Mexico/United States,esp,Spain,83,2,Defence,2,Marc Pubill,Centre-back,74,false,https://7a0.com.br/en/copas/2026/esp
2026,Canada/Mexico/United States,esp,Spain,83,2,Defence,4,Eric García,Centre-back,79,false,https://7a0.com.br/en/copas/2026/esp
2026,Canada/Mexico/United States,esp,Spain,83,2,Defence,14,Aymeric Laporte,Centre-back,83,false,https://7a0.com.br/en/copas/2026/esp
2026,Canada/Mexico/United States,esp,Spain,83,2,Defence,22,Pau Cubarsí,Centre-back,89,false,https://7a0.com.br/en/copas/2026/esp
2026,Canada/Mexico/United States,esp,Spain,83,2,Defence,3,Álex Grimaldo,Left-back,82,false,https://7a0.com.br/en/copas/2026/esp
2026,Canada/Mexico/United States,esp,Spain,83,2,Defence,24,Marc Cucurella,Left-back,85,false,https://7a0.com.br/en/copas/2026/esp
2026,Canada/Mexico/United States,esp,Spain,83,2,Midfield,6,Mikel Merino,Defensive midfielder,87,false,https://7a0.com.br/en/copas/2026/esp
2026,Canada/Mexico/United States,esp,Spain,83,2,Midfield,9,Gavi,Defensive midfielder,83,false,https://7a0.com.br/en/copas/2026/esp
2026,Canada/Mexico/United States,esp,Spain,83,2,Midfield,16,Rodri,Defensive midfielder,93,true,https://7a0.com.br/en/copas/2026/esp
2026,Canada/Mexico/United States,esp,Spain,83,2,Midfield,18,Martín Zubimendi,Defensive midfielder,84,false,https://7a0.com.br/en/copas/2026/esp
2026,Canada/Mexico/United States,esp,Spain,83,2,Midfield,8,Fabián,Midfielder,90,false,https://7a0.com.br/en/copas/2026/esp
2026,Canada/Mexico/United States,esp,Spain,83,2,Midfield,20,Pedri,Midfielder,88,false,https://7a0.com.br/en/copas/2026/esp
2026,Canada/Mexico/United States,esp,Spain,83,2,Midfield,15,Álex Baena,Attacking midfielder,81,false,https://7a0.com.br/en/copas/2026/esp
2026,Canada/Mexico/United States,esp,Spain,83,2,Attack,11,Yeremy Pino,Right winger,79,false,https://7a0.com.br/en/copas/2026/esp
2026,Canada/Mexico/United States,esp,Spain,83,2,Attack,19,Lamine Yamal,Right winger,90,true,https://7a0.com.br/en/copas/2026/esp
2026,Canada/Mexico/United States,esp,Spain,83,2,Attack,7,Ferran Torres,Centre-forward,84,false,https://7a0.com.br/en/copas/2026/esp
2026,Canada/Mexico/United States,esp,Spain,83,2,Attack,21,Mikel Oyarzabal,Centre-forward,86,false,https://7a0.com.br/en/copas/2026/esp
2026,Canada/Mexico/United States,esp,Spain,83,2,Attack,25,Víctor Muñoz,Centre-forward,72,false,https://7a0.com.br/en/copas/2026/esp
2026,Canada/Mexico/United States,esp,Spain,83,2,Attack,26,Borja Iglesias,Centre-forward,74,false,https://7a0.com.br/en/copas/2026/esp
2026,Canada/Mexico/United States,esp,Spain,83,2,Attack,10,Dani Olmo,Left winger,85,false,https://7a0.com.br/en/copas/2026/esp
2026,Canada/Mexico/United States,esp,Spain,83,2,Attack,17,Nico Williams,Left winger,86,false,https://7a0.com.br/en/copas/2026/esp
2026,Canada/Mexico/United States,sui,Switzerland,78,0,Goalkeepers,1,Gregor Kobel,Goalkeeper,85,false,https://7a0.com.br/en/copas/2026/sui
2026,Canada/Mexico/United States,sui,Switzerland,78,0,Goalkeepers,12,Yvon Mvogo,Goalkeeper,74,false,https://7a0.com.br/en/copas/2026/sui
2026,Canada/Mexico/United States,sui,Switzerland,78,0,Goalkeepers,21,Marvin Keller,Goalkeeper,73,false,https://7a0.com.br/en/copas/2026/sui
2026,Canada/Mexico/United States,sui,Switzerland,78,0,Defence,3,Silvan Widmer,Right-back,77,false,https://7a0.com.br/en/copas/2026/sui
2026,Canada/Mexico/United States,sui,Switzerland,78,0,Defence,4,Nico Elvedi,Centre-back,78,false,https://7a0.com.br/en/copas/2026/sui
2026,Canada/Mexico/United States,sui,Switzerland,78,0,Defence,5,Manuel Akanji,Centre-back,84,false,https://7a0.com.br/en/copas/2026/sui
2026,Canada/Mexico/United States,sui,Switzerland,78,0,Defence,18,Eray Cömert,Centre-back,74,false,https://7a0.com.br/en/copas/2026/sui
2026,Canada/Mexico/United States,sui,Switzerland,78,0,Defence,24,Aurèle Amenda,Centre-back,74,false,https://7a0.com.br/en/copas/2026/sui
2026,Canada/Mexico/United States,sui,Switzerland,78,0,Defence,25,Luca Jaquez,Centre-back,73,false,https://7a0.com.br/en/copas/2026/sui
2026,Canada/Mexico/United States,sui,Switzerland,78,0,Defence,2,Miro Muheim,Left-back,76,false,https://7a0.com.br/en/copas/2026/sui
2026,Canada/Mexico/United States,sui,Switzerland,78,0,Defence,13,Ricardo Rodríguez,Left-back,79,false,https://7a0.com.br/en/copas/2026/sui
2026,Canada/Mexico/United States,sui,Switzerland,78,0,Midfield,6,Denis Zakaria,Defensive midfielder,81,false,https://7a0.com.br/en/copas/2026/sui
2026,Canada/Mexico/United States,sui,Switzerland,78,0,Midfield,8,Remo Freuler,Defensive midfielder,79,false,https://7a0.com.br/en/copas/2026/sui
2026,Canada/Mexico/United States,sui,Switzerland,78,0,Midfield,10,Granit Xhaka,Defensive midfielder,84,false,https://7a0.com.br/en/copas/2026/sui
2026,Canada/Mexico/United States,sui,Switzerland,78,0,Midfield,9,Johan Manzambi,Midfielder,84,false,https://7a0.com.br/en/copas/2026/sui
2026,Canada/Mexico/United States,sui,Switzerland,78,0,Midfield,14,Ardon Jashari,Midfielder,78,false,https://7a0.com.br/en/copas/2026/sui
2026,Canada/Mexico/United States,sui,Switzerland,78,0,Midfield,15,Djibril Sow,Midfielder,77,false,https://7a0.com.br/en/copas/2026/sui
2026,Canada/Mexico/United States,sui,Switzerland,78,0,Midfield,20,Michel Aebischer,Midfielder,76,false,https://7a0.com.br/en/copas/2026/sui
2026,Canada/Mexico/United States,sui,Switzerland,78,0,Midfield,22,Fabian Rieder,Attacking midfielder,76,false,https://7a0.com.br/en/copas/2026/sui
2026,Canada/Mexico/United States,sui,Switzerland,78,0,Attack,16,Christian Fassnacht,Right winger,74,false,https://7a0.com.br/en/copas/2026/sui
2026,Canada/Mexico/United States,sui,Switzerland,78,0,Attack,7,Breel Embolo,Centre-forward,81,false,https://7a0.com.br/en/copas/2026/sui
2026,Canada/Mexico/United States,sui,Switzerland,78,0,Attack,19,Noah Okafor,Centre-forward,77,false,https://7a0.com.br/en/copas/2026/sui
2026,Canada/Mexico/United States,sui,Switzerland,78,0,Attack,23,Zeki Amdouni,Centre-forward,77,false,https://7a0.com.br/en/copas/2026/sui
2026,Canada/Mexico/United States,sui,Switzerland,78,0,Attack,26,Cedric Itten,Centre-forward,75,false,https://7a0.com.br/en/copas/2026/sui
2026,Canada/Mexico/United States,sui,Switzerland,78,0,Attack,11,Dan Ndoye,Left winger,80,false,https://7a0.com.br/en/copas/2026/sui
2026,Canada/Mexico/United States,sui,Switzerland,78,0,Attack,17,Rubén Vargas,Left winger,81,false,https://7a0.com.br/en/copas/2026/sui
2026,Canada/Mexico/United States,usa,United States,75,0,Goalkeepers,1,Matt Turner,Goalkeeper,77,false,https://7a0.com.br/en/copas/2026/usa
2026,Canada/Mexico/United States,usa,United States,75,0,Goalkeepers,24,Matt Freese,Goalkeeper,72,false,https://7a0.com.br/en/copas/2026/usa
2026,Canada/Mexico/United States,usa,United States,75,0,Goalkeepers,25,Chris Brady,Goalkeeper,71,false,https://7a0.com.br/en/copas/2026/usa
2026,Canada/Mexico/United States,usa,United States,75,0,Defence,2,Sergiño Dest,Right-back,76,false,https://7a0.com.br/en/copas/2026/usa
2026,Canada/Mexico/United States,usa,United States,75,0,Defence,16,Alex Freeman,Right-back,71,false,https://7a0.com.br/en/copas/2026/usa
2026,Canada/Mexico/United States,usa,United States,75,0,Defence,23,Joe Scally,Right-back,72,false,https://7a0.com.br/en/copas/2026/usa
2026,Canada/Mexico/United States,usa,United States,75,0,Defence,3,Chris Richards,Centre-back,75,false,https://7a0.com.br/en/copas/2026/usa
2026,Canada/Mexico/United States,usa,United States,75,0,Defence,6,Auston Trusty,Centre-back,73,false,https://7a0.com.br/en/copas/2026/usa
2026,Canada/Mexico/United States,usa,United States,75,0,Defence,12,Miles Robinson,Centre-back,73,false,https://7a0.com.br/en/copas/2026/usa
2026,Canada/Mexico/United States,usa,United States,75,0,Defence,13,Tim Ream,Centre-back,73,false,https://7a0.com.br/en/copas/2026/usa
2026,Canada/Mexico/United States,usa,United States,75,0,Defence,22,Mark McKenzie,Centre-back,72,false,https://7a0.com.br/en/copas/2026/usa
2026,Canada/Mexico/United States,usa,United States,75,0,Defence,5,Antonee Robinson,Left-back,77,false,https://7a0.com.br/en/copas/2026/usa
2026,Canada/Mexico/United States,usa,United States,75,0,Defence,18,Max Arfsten,Left-back,71,false,https://7a0.com.br/en/copas/2026/usa
2026,Canada/Mexico/United States,usa,United States,75,0,Midfield,4,Tyler Adams,Defensive midfielder,78,false,https://7a0.com.br/en/copas/2026/usa
2026,Canada/Mexico/United States,usa,United States,75,0,Midfield,14,Sebastian Berhalter,Defensive midfielder,72,false,https://7a0.com.br/en/copas/2026/usa
2026,Canada/Mexico/United States,usa,United States,75,0,Midfield,8,Weston McKennie,Midfielder,78,false,https://7a0.com.br/en/copas/2026/usa
2026,Canada/Mexico/United States,usa,United States,75,0,Midfield,15,Cristian Roldan,Midfielder,72,false,https://7a0.com.br/en/copas/2026/usa
2026,Canada/Mexico/United States,usa,United States,75,0,Midfield,7,Giovanni Reyna,Attacking midfielder,76,false,https://7a0.com.br/en/copas/2026/usa
2026,Canada/Mexico/United States,usa,United States,75,0,Midfield,11,Brenden Aaronson,Attacking midfielder,74,false,https://7a0.com.br/en/copas/2026/usa
2026,Canada/Mexico/United States,usa,United States,75,0,Midfield,17,Malik Tillman,Attacking midfielder,78,false,https://7a0.com.br/en/copas/2026/usa
2026,Canada/Mexico/United States,usa,United States,75,0,Attack,21,Timothy Weah,Right winger,78,false,https://7a0.com.br/en/copas/2026/usa
2026,Canada/Mexico/United States,usa,United States,75,0,Attack,26,Alejandro Zendejas,Right winger,73,false,https://7a0.com.br/en/copas/2026/usa
2026,Canada/Mexico/United States,usa,United States,75,0,Attack,9,Ricardo Pepi,Centre-forward,75,false,https://7a0.com.br/en/copas/2026/usa
2026,Canada/Mexico/United States,usa,United States,75,0,Attack,19,Haji Wright,Centre-forward,73,false,https://7a0.com.br/en/copas/2026/usa
2026,Canada/Mexico/United States,usa,United States,75,0,Attack,20,Folarin Balogun,Centre-forward,82,false,https://7a0.com.br/en/copas/2026/usa
2026,Canada/Mexico/United States,usa,United States,75,0,Attack,10,Christian Pulisic,Left winger,77,false,https://7a0.com.br/en/copas/2026/usa
